# Nasal cavity (modified) - from Nasal_cavity_mod.STL
# 1 Unity unit = 100 mm (scale 0.01, matches worldScale=0.01)
# origin = lumen axis at the entry end; canal axis = +Y
# lumen: r~11.2mm for first 14mm, widening to r~18.6mm beyond z=19mm
# import with Scale Factor = 1, Normals = Calculate
o NasalCavityMod
v 0.193015 0.200000 0.027582
v 0.191008 0.200000 0.039084
v 0.190089 0.180887 0.038895
v 0.127698 0.200000 0.147202
v 0.119361 0.200000 0.154032
v 0.118786 0.180887 0.153290
v 0.000000 0.200000 0.194831
v -0.009877 0.200000 0.194580
v -0.009829 0.180887 0.193643
v -0.105425 0.200000 0.163875
v -0.119361 0.200000 0.154032
v -0.118786 0.180887 0.153290
v -0.127698 0.200000 0.147202
v -0.134349 0.200000 0.141165
v -0.133702 0.180887 0.140485
v -0.127698 0.200000 -0.147540
v -0.119361 0.200000 -0.154371
v -0.118786 0.180887 -0.153628
v 0.054938 0.200000 -0.187270
v 0.067725 0.200000 -0.183031
v 0.067398 0.180887 -0.182150
v 0.127698 0.200000 -0.147540
v 0.134349 0.200000 -0.141504
v 0.133702 0.180887 -0.140823
v 0.000968 0.005939 0.018920
v 0.002894 0.005939 0.018724
v 0.005761 0.008747 0.037435
v -0.016712 0.005939 -0.009445
v -0.017564 0.005939 -0.007707
v -0.034960 0.008747 -0.015172
v 0.002894 0.005939 -0.019062
v 0.000968 0.005939 -0.019258
v 0.001927 0.008747 -0.038163
v 0.018722 0.005939 -0.004017
v 0.018237 0.005939 -0.005891
v 0.036298 0.008747 -0.011558
v 0.000000 0.005000 -0.000169
v 0.019015 0.005939 -0.002103
v 0.019113 0.005939 -0.000169
v -0.021710 0.043551 -0.114526
v -0.014930 0.041745 -0.113118
v -0.016405 0.037863 -0.107256
v 0.024373 0.044461 -0.115228
v 0.030819 0.047172 -0.117297
v 0.027155 0.037863 -0.105047
v 0.040986 0.053128 -0.121717
v 0.046744 0.057634 -0.124957
v 0.042964 0.049263 -0.116175
v 0.070819 0.103434 -0.154067
v 0.071267 0.110844 -0.158275
v 0.075737 0.108078 -0.154569
v 0.070335 0.122935 -0.164908
v 0.068798 0.130038 -0.168684
v 0.079340 0.125377 -0.161915
v 0.066539 0.136963 -0.172285
v 0.063921 0.142950 -0.175339
v 0.064808 0.143394 -0.175157
v 0.060433 0.149210 -0.178476
v 0.021207 0.179474 -0.192923
v 0.014343 0.181244 -0.193734
v 0.029386 0.180887 -0.191992
v -0.042525 0.168625 -0.187872
v -0.048098 0.164024 -0.185688
v -0.048642 0.180887 -0.188035
v -0.069242 0.094555 -0.148870
v -0.068418 0.091475 -0.147024
v -0.071404 0.091664 -0.145736
v -0.065969 0.084463 -0.142733
v -0.062834 0.077799 -0.138531
v -0.066384 0.076293 -0.135502
v -0.046117 0.057096 -0.124574
v -0.040604 0.052862 -0.121523
v -0.042964 0.049263 -0.116175
v -0.034653 0.049156 -0.118787
v -0.037626 0.037863 -0.101762
v -0.059029 0.071498 -0.134437
v -0.055804 0.067102 -0.131505
v -0.060724 0.062114 -0.123964
v -0.051188 0.061844 -0.127910
v -0.075737 0.108078 -0.154569
v -0.071239 0.109362 -0.157442
v -0.070629 0.101904 -0.153185
v -0.067927 0.133002 -0.170234
v -0.069801 0.125825 -0.166455
v -0.079340 0.125377 -0.161915
v -0.070918 0.118496 -0.162504
v -0.071059 0.116902 -0.161632
v -0.065294 0.139997 -0.173839
v -0.082179 0.143394 -0.167703
v -0.050208 0.162013 -0.184726
v -0.053168 0.158893 -0.183222
v -0.066423 0.161957 -0.179517
v -0.057790 0.153142 -0.180418
v -0.061763 0.146994 -0.177371
v -0.067398 0.180887 -0.182150
v -0.016530 0.180758 -0.193512
v -0.023451 0.178733 -0.192582
v -0.029386 0.180887 -0.191992
v -0.030080 0.176043 -0.191340
v -0.036465 0.172667 -0.189769
v -0.009877 0.200000 -0.194919
v -0.009843 0.182019 -0.194089
v -0.015714 0.180948 -0.193599
v -0.027751 0.200000 -0.193184
v 0.009847 0.182018 -0.194089
v 0.007319 0.182325 -0.194229
v 0.009877 0.200000 -0.194919
v 0.005559 0.182485 -0.194301
v 0.000000 0.200000 -0.195169
v -0.001610 0.182684 -0.194392
v -0.008704 0.182168 -0.194157
v 0.027893 0.177017 -0.191791
v 0.050220 0.162002 -0.184720
v 0.048073 0.164047 -0.185699
v 0.048642 0.180887 -0.188035
v 0.046872 0.165120 -0.186211
v 0.041285 0.169526 -0.188297
v 0.035297 0.173347 -0.190087
v 0.028922 0.176570 -0.191584
v 0.056352 0.155064 -0.181360
v 0.066423 0.161957 -0.179517
v 0.082179 0.143394 -0.167703
v 0.071143 0.115673 -0.160957
v 0.069602 0.096108 -0.149792
v 0.071404 0.091664 -0.145736
v 0.067610 0.088890 -0.145457
v 0.066384 0.076293 -0.135502
v 0.060484 0.073738 -0.135906
v 0.064097 0.080274 -0.140106
v 0.067008 0.087158 -0.144397
v 0.056180 0.067581 -0.131827
v 0.060724 0.062114 -0.123964
v 0.052001 0.062697 -0.128500
v 0.019271 0.042819 -0.113957
v 0.006081 0.040424 -0.112078
v 0.012744 0.041313 -0.112779
v 0.016405 0.037863 -0.107256
v -0.001837 0.040188 -0.111890
v 0.004745 0.040322 -0.111997
v 0.005487 0.037863 -0.108366
v -0.033953 0.048771 -0.118500
v -0.031393 0.047450 -0.117507
v -0.027155 0.037863 -0.105047
v -0.027950 0.045873 -0.116310
v 0.037847 0.008747 -0.004018
v 0.038043 0.008747 -0.000169
v 0.052018 0.013397 -0.022492
v 0.034960 0.008747 -0.015172
v 0.017564 0.005939 -0.007707
v -0.002867 0.013397 -0.056702
v -0.001927 0.008747 -0.038163
v -0.000968 0.005939 -0.019258
v -0.054010 0.013397 -0.017115
v -0.036298 0.008747 -0.011558
v -0.018237 0.005939 -0.005891
v 0.014188 0.013397 0.054629
v 0.009535 0.008747 0.036659
v 0.004791 0.005939 0.018334
v 0.056315 0.013397 -0.005896
v 0.056606 0.013397 -0.000169
v 0.065247 0.019843 -0.036384
v 0.049493 0.013397 -0.027640
v 0.033262 0.008747 -0.018631
v 0.016712 0.005939 -0.009445
v -0.011300 0.019843 -0.073932
v -0.008572 0.013397 -0.056122
v -0.005761 0.008747 -0.037773
v -0.002894 0.005939 -0.019062
v -0.029942 0.013397 -0.048207
v -0.024929 0.013397 -0.050990
v -0.016754 0.008747 -0.034324
v -0.073096 0.019843 -0.015191
v -0.055447 0.013397 -0.011564
v -0.037264 0.008747 -0.007827
v -0.018722 0.005939 -0.004017
v -0.024929 0.013397 0.050651
v -0.029942 0.013397 0.047869
v -0.020123 0.008747 0.032115
v 0.025917 0.019843 0.069809
v 0.019659 0.013397 0.052913
v 0.013212 0.008747 0.035505
v 0.006638 0.005939 0.017754
v 0.075447 0.028025 -0.052682
v 0.061248 0.019843 -0.042799
v 0.046460 0.013397 -0.032506
v 0.031224 0.008747 -0.021902
v 0.015688 0.005939 -0.011088
v -0.023041 0.028025 -0.089157
v -0.018705 0.019843 -0.072410
v -0.014188 0.013397 -0.054968
v -0.009535 0.008747 -0.036997
v -0.004791 0.005939 -0.018672
v -0.091451 0.028025 -0.009469
v -0.074240 0.019843 -0.007719
v -0.056315 0.013397 -0.005896
v -0.037847 0.008747 -0.004018
v -0.019015 0.005939 -0.002103
v 0.040482 0.028025 0.082359
v 0.032864 0.019843 0.066828
v 0.024929 0.013397 0.050651
v 0.016754 0.008747 0.033986
v 0.008417 0.005939 0.016991
v 0.082201 0.037863 -0.070736
v 0.069747 0.028025 -0.060045
v 0.056621 0.019843 -0.048777
v 0.042950 0.013397 -0.037041
v 0.028865 0.008747 -0.024949
v 0.014502 0.005939 -0.012619
v -0.031925 0.028025 -0.086370
v -0.025917 0.019843 -0.070147
v -0.019659 0.013397 -0.053251
v -0.013212 0.008747 -0.035844
v -0.006638 0.005939 -0.018093
v -0.108336 0.037863 -0.000169
v -0.091922 0.028025 -0.000169
v -0.074623 0.019843 -0.000169
v -0.056606 0.013397 -0.000169
v -0.038043 0.008747 -0.000169
v -0.019113 0.005939 -0.000169
v 0.057306 0.037863 0.091770
v 0.048624 0.028025 0.077840
v 0.039473 0.019843 0.063159
v 0.029942 0.013397 0.047869
v 0.020123 0.008747 0.032115
v 0.010110 0.005939 0.016051
v 0.085230 0.049263 -0.089831
v 0.074640 0.037863 -0.078691
v 0.063331 0.028025 -0.066794
v 0.051413 0.019843 -0.054256
v 0.038999 0.013397 -0.041197
v 0.026210 0.008747 -0.027742
v 0.013168 0.005939 -0.014022
v 0.031925 0.028025 -0.086370
v 0.037626 0.037863 -0.101762
v 0.036970 0.050503 -0.119789
v 0.023041 0.028025 -0.089157
v 0.025917 0.019843 -0.070147
v 0.013920 0.028025 -0.091032
v 0.018705 0.019843 -0.072410
v 0.019659 0.013397 -0.053251
v -0.008401 0.040661 -0.112265
v -0.005487 0.037863 -0.108366
v 0.004656 0.028025 -0.091974
v 0.011300 0.019843 -0.073932
v 0.014188 0.013397 -0.054968
v 0.013212 0.008747 -0.035844
v -0.004656 0.028025 -0.091974
v 0.003780 0.019843 -0.074697
v 0.008572 0.013397 -0.056122
v 0.009535 0.008747 -0.036997
v 0.006638 0.005939 -0.018093
v -0.013920 0.028025 -0.091032
v -0.003780 0.019843 -0.074697
v 0.002867 0.013397 -0.056702
v 0.005761 0.008747 -0.037773
v 0.004791 0.005939 -0.018672
v -0.123072 0.049263 0.012346
v -0.107780 0.037863 0.010791
v -0.091451 0.028025 0.009130
v -0.074240 0.019843 0.007380
v -0.056315 0.013397 0.005557
v -0.037847 0.008747 0.003679
v -0.019015 0.005939 0.001764
v 0.075722 0.049263 0.097655
v 0.066313 0.037863 0.085500
v 0.056266 0.028025 0.072521
v 0.045677 0.019843 0.058841
v 0.034649 0.013397 0.044593
v 0.023286 0.008747 0.029914
v 0.011699 0.005939 0.014945
v 0.123072 0.049263 -0.012684
v 0.123707 0.049263 -0.000169
v 0.108336 0.037863 -0.000169
v 0.084401 0.062114 -0.109206
v 0.075722 0.049263 -0.097994
v 0.066313 0.037863 -0.085839
v 0.056266 0.028025 -0.072859
v 0.045677 0.019843 -0.059180
v 0.034649 0.013397 -0.044932
v 0.023286 0.008747 -0.030252
v 0.011699 0.005939 -0.015284
v 0.054480 0.049263 -0.111234
v 0.047711 0.037863 -0.097434
v 0.040482 0.028025 -0.082698
v 0.032864 0.019843 -0.067166
v 0.024929 0.013397 -0.050990
v 0.016754 0.008747 -0.034324
v 0.008417 0.005939 -0.017329
v -0.065436 0.049263 -0.105152
v -0.054480 0.049263 -0.111234
v -0.047711 0.037863 -0.097434
v -0.135063 0.062114 0.027587
v -0.121174 0.049263 0.024733
v -0.106119 0.037863 0.021639
v -0.090041 0.028025 0.018335
v -0.073096 0.019843 0.014852
v -0.055447 0.013397 0.011225
v -0.037264 0.008747 0.007489
v -0.018722 0.005939 0.003678
v -0.054480 0.049263 0.110895
v -0.065436 0.049263 0.104814
v -0.057306 0.037863 0.091770
v 0.094999 0.062114 0.099769
v 0.085230 0.049263 0.089492
v 0.074640 0.037863 0.078352
v 0.063331 0.028025 0.066455
v 0.051413 0.019843 0.053917
v 0.038999 0.013397 0.040858
v 0.026210 0.008747 0.027404
v 0.013168 0.005939 0.013684
v 0.079734 0.076293 -0.128091
v 0.072937 0.062114 -0.117185
v 0.065436 0.049263 -0.105152
v 0.057306 0.037863 -0.092108
v 0.048624 0.028025 -0.078179
v 0.039473 0.019843 -0.063498
v 0.029942 0.013397 -0.048207
v 0.020123 0.008747 -0.032454
v 0.010110 0.005939 -0.016390
v -0.143824 0.076293 0.044956
v -0.131562 0.062114 0.041109
v -0.118033 0.049263 0.036864
v -0.103368 0.037863 0.032263
v -0.087707 0.028025 0.027349
v -0.071201 0.019843 0.022170
v -0.054010 0.013397 0.016776
v -0.036298 0.008747 0.011219
v -0.018237 0.005939 0.005553
v 0.114373 0.076293 0.098017
v 0.104622 0.062114 0.089646
v 0.093863 0.049263 0.080410
v 0.082201 0.037863 0.070398
v 0.069747 0.028025 0.059706
v 0.056621 0.019843 0.048438
v 0.042950 0.013397 0.036702
v 0.028865 0.008747 0.024611
v 0.014502 0.005939 0.012281
v -0.148997 0.091664 0.063770
v -0.138521 0.076293 0.059275
v -0.126711 0.062114 0.054207
v -0.113681 0.049263 0.048615
v -0.099556 0.037863 0.042554
v -0.084473 0.028025 0.036081
v -0.068576 0.019843 0.029259
v -0.052018 0.013397 0.022153
v -0.034960 0.008747 0.014833
v -0.017564 0.005939 0.007368
v 0.133076 0.091664 0.092454
v 0.123719 0.076293 0.085942
v 0.113172 0.062114 0.078601
v 0.101534 0.049263 0.070500
v 0.088918 0.037863 0.061720
v 0.075447 0.028025 0.052343
v 0.061248 0.019843 0.042461
v 0.046460 0.013397 0.032168
v 0.031224 0.008747 0.021563
v 0.015688 0.005939 0.010750
v -0.150365 0.108078 0.083290
v -0.141764 0.091664 0.078516
v -0.131796 0.076293 0.072984
v -0.120560 0.062114 0.066747
v -0.108163 0.049263 0.059866
v -0.094723 0.037863 0.052407
v -0.080372 0.028025 0.044441
v -0.065247 0.019843 0.036046
v -0.049493 0.013397 0.027302
v -0.033262 0.008747 0.018293
v -0.016712 0.005939 0.009106
v -0.071404 0.091664 0.145398
v -0.085764 0.091664 0.137427
v -0.079734 0.076293 0.127753
v 0.150365 0.108078 0.083290
v 0.141764 0.091664 0.078516
v 0.131796 0.076293 0.072984
v 0.120560 0.062114 0.066747
v 0.108163 0.049263 0.059866
v 0.094723 0.037863 0.052407
v 0.080372 0.028025 0.044441
v 0.065247 0.019843 0.036046
v 0.049493 0.013397 0.027302
v 0.033262 0.008747 0.018293
v 0.016712 0.005939 0.009106
v 0.171092 0.108078 -0.017568
v 0.171975 0.108078 -0.000169
v 0.162137 0.091664 -0.000169
v 0.037264 0.008747 -0.007827
v 0.055447 0.013397 -0.011564
v 0.054010 0.013397 -0.017115
v 0.071201 0.019843 -0.022509
v 0.068576 0.019843 -0.029597
v 0.084473 0.028025 -0.036419
v 0.080372 0.028025 -0.044779
v 0.094723 0.037863 -0.052745
v 0.088918 0.037863 -0.062058
v 0.101534 0.049263 -0.070839
v 0.093863 0.049263 -0.080748
v 0.104622 0.062114 -0.089984
v 0.094999 0.062114 -0.100108
v 0.103853 0.076293 -0.109422
v 0.092267 0.076293 -0.119368
v 0.099245 0.091664 -0.128383
v 0.085764 0.091664 -0.137766
v 0.090968 0.108078 -0.146115
v -0.147866 0.125377 0.102748
v -0.141151 0.108078 0.098074
v -0.133076 0.091664 0.092454
v -0.123719 0.076293 0.085942
v -0.113172 0.062114 0.078601
v -0.101534 0.049263 0.070500
v -0.088918 0.037863 0.061720
v -0.075447 0.028025 0.052343
v -0.061248 0.019843 0.042461
v -0.046460 0.013397 0.032168
v -0.031224 0.008747 0.021563
v -0.015688 0.005939 0.010750
v 0.165556 0.125377 0.070877
v 0.158037 0.108078 0.067650
v 0.148997 0.091664 0.063770
v 0.138521 0.076293 0.059275
v 0.126711 0.062114 0.054207
v 0.113681 0.049263 0.048615
v 0.099556 0.037863 0.042554
v 0.084473 0.028025 0.036081
v 0.068576 0.019843 0.029259
v 0.052018 0.013397 0.022153
v 0.034960 0.008747 0.014833
v 0.017564 0.005939 0.007368
v 0.073096 0.019843 -0.015191
v 0.087707 0.028025 -0.027687
v 0.099556 0.037863 -0.042892
v 0.108163 0.049263 -0.060204
v 0.113172 0.062114 -0.078939
v 0.114373 0.076293 -0.098355
v 0.111707 0.091664 -0.117685
v 0.105267 0.108078 -0.136163
v 0.095296 0.125377 -0.153058
v -0.141587 0.143394 0.121379
v -0.136695 0.125377 0.117180
v -0.130487 0.108078 0.111850
v -0.123022 0.091664 0.105442
v -0.114373 0.076293 0.098017
v -0.104622 0.062114 0.089646
v -0.093863 0.049263 0.080410
v -0.082201 0.037863 0.070398
v -0.069747 0.028025 0.059706
v -0.056621 0.019843 0.048438
v -0.042950 0.013397 0.036702
v -0.028865 0.008747 0.024611
v -0.014502 0.005939 0.012281
v 0.178046 0.143394 0.055693
v 0.171894 0.125377 0.053763
v 0.164088 0.108078 0.051314
v 0.154701 0.091664 0.048368
v 0.143824 0.076293 0.044956
v 0.131562 0.062114 0.041109
v 0.118033 0.049263 0.036864
v 0.103368 0.037863 0.032263
v 0.087707 0.028025 0.027349
v 0.071201 0.019843 0.022170
v 0.054010 0.013397 0.016776
v 0.036298 0.008747 0.011219
v 0.018237 0.005939 0.005553
v -0.131767 0.161957 0.138450
v -0.128564 0.143394 0.135080
v -0.124122 0.125377 0.130407
v -0.118485 0.108078 0.124477
v -0.111707 0.091664 0.117346
v -0.103853 0.076293 0.109084
v -0.094999 0.062114 0.099769
v -0.085230 0.049263 0.089492
v -0.074640 0.037863 0.078352
v -0.063331 0.028025 0.066455
v -0.051413 0.019843 0.053917
v -0.038999 0.013397 0.040858
v -0.026210 0.008747 0.027404
v -0.013168 0.005939 0.013684
v 0.187338 0.161957 0.038330
v 0.182784 0.143394 0.037394
v 0.176469 0.125377 0.036096
v 0.168454 0.108078 0.034449
v 0.158818 0.091664 0.032469
v 0.147651 0.076293 0.030174
v 0.135063 0.062114 0.027587
v 0.121174 0.049263 0.024733
v 0.106119 0.037863 0.021639
v 0.090041 0.028025 0.018335
v 0.073096 0.019843 0.014852
v 0.055447 0.013397 0.011225
v 0.037264 0.008747 0.007489
v 0.018722 0.005939 0.003678
v 0.074240 0.019843 -0.007719
v 0.090041 0.028025 -0.018673
v 0.103368 0.037863 -0.032601
v 0.113681 0.049263 -0.048954
v 0.120560 0.062114 -0.067086
v 0.123719 0.076293 -0.086281
v 0.123022 0.091664 -0.105781
v 0.118485 0.108078 -0.124815
v 0.110275 0.125377 -0.142633
v 0.098706 0.143394 -0.158529
v 0.084227 0.161957 -0.171877
v -0.117067 0.161957 0.151069
v -0.114221 0.143394 0.147392
v -0.110275 0.125377 0.142294
v -0.105267 0.108078 0.135824
v -0.099245 0.091664 0.128044
v -0.092267 0.076293 0.119030
v -0.084401 0.062114 0.108868
v -0.075722 0.049263 0.097655
v -0.066313 0.037863 0.085500
v -0.056266 0.028025 0.072521
v -0.045677 0.019843 0.058841
v -0.034649 0.013397 0.044593
v -0.023286 0.008747 0.029914
v -0.011699 0.005939 0.014945
v 0.193065 0.180887 0.019464
v 0.190272 0.161957 0.019180
v 0.185646 0.143394 0.018709
v 0.179232 0.125377 0.018057
v 0.171092 0.108078 0.017229
v 0.161305 0.091664 0.016234
v 0.149964 0.076293 0.015081
v 0.137178 0.062114 0.013780
v 0.123072 0.049263 0.012346
v 0.107780 0.037863 0.010791
v 0.091451 0.028025 0.009130
v 0.074240 0.019843 0.007380
v 0.056315 0.013397 0.005557
v 0.037847 0.008747 0.003679
v 0.019015 0.005939 0.001764
v 0.185161 0.180887 -0.058264
v 0.190089 0.180887 -0.039233
v 0.187338 0.161957 -0.038668
v 0.177378 0.200000 -0.081175
v 0.179197 0.200000 -0.077069
v 0.178334 0.180887 -0.076698
v 0.182482 0.161957 -0.057423
v 0.182784 0.143394 -0.037732
v 0.159278 0.180887 -0.111030
v 0.169677 0.180887 -0.094347
v 0.167222 0.161957 -0.092985
v 0.175754 0.161957 -0.075591
v 0.171481 0.143394 -0.073757
v 0.178046 0.143394 -0.056031
v 0.171894 0.125377 -0.054101
v 0.176469 0.125377 -0.036434
v 0.168454 0.108078 -0.034787
v 0.161305 0.091664 -0.016572
v 0.150737 0.076293 -0.000169
v 0.147371 0.200000 -0.127867
v 0.147958 0.200000 -0.127187
v 0.147245 0.180887 -0.126575
v 0.156974 0.161957 -0.109426
v 0.163156 0.143394 -0.090728
v 0.165556 0.125377 -0.071215
v 0.164088 0.108078 -0.051652
v 0.158818 0.091664 -0.032807
v 0.149964 0.076293 -0.015419
v 0.137886 0.062114 -0.000169
v 0.102651 0.180887 -0.164858
v 0.118786 0.180887 -0.153628
v 0.117067 0.161957 -0.151408
v 0.131767 0.161957 -0.138788
v 0.128564 0.143394 -0.135418
v 0.141587 0.143394 -0.121718
v 0.136695 0.125377 -0.117518
v 0.147866 0.125377 -0.103087
v 0.141151 0.108078 -0.098413
v 0.150365 0.108078 -0.083629
v 0.141764 0.091664 -0.078854
v 0.148997 0.091664 -0.064109
v 0.138521 0.076293 -0.059613
v 0.143824 0.076293 -0.045294
v 0.131562 0.062114 -0.041447
v 0.135063 0.062114 -0.027925
v 0.121174 0.049263 -0.025071
v 0.107780 0.037863 -0.011129
v 0.091922 0.028025 -0.000169
v 0.081006 0.200000 -0.177547
v 0.085877 0.200000 -0.175241
v 0.085463 0.180887 -0.174398
v 0.101166 0.161957 -0.162475
v 0.114221 0.143394 -0.147731
v 0.124122 0.125377 -0.130745
v 0.130487 0.108078 -0.112189
v 0.133076 0.091664 -0.092793
v 0.131796 0.076293 -0.073322
v 0.126711 0.062114 -0.054545
v 0.118033 0.049263 -0.037202
v 0.106119 0.037863 -0.021977
v 0.091451 0.028025 -0.009469
v 0.074623 0.019843 -0.000169
v -0.085463 0.180887 -0.174398
v -0.064808 0.143394 -0.175157
v -0.084227 0.161957 -0.171877
v -0.102651 0.180887 -0.164858
v -0.103148 0.200000 -0.165655
v -0.105425 0.200000 -0.164214
v -0.147245 0.180887 -0.126575
v -0.133702 0.180887 -0.140823
v -0.131767 0.161957 -0.138788
v -0.117067 0.161957 -0.151408
v -0.114221 0.143394 -0.147731
v -0.098706 0.143394 -0.158529
v -0.095296 0.125377 -0.153058
v -0.164044 0.200000 -0.105594
v -0.160049 0.200000 -0.111567
v -0.159278 0.180887 -0.111030
v -0.145115 0.161957 -0.124746
v -0.128564 0.143394 -0.135418
v -0.110275 0.125377 -0.142633
v -0.090968 0.108078 -0.146115
v -0.178334 0.180887 -0.076698
v -0.169677 0.180887 -0.094347
v -0.167222 0.161957 -0.092985
v -0.156974 0.161957 -0.109426
v -0.153157 0.143394 -0.106770
v -0.141587 0.143394 -0.121718
v -0.136695 0.125377 -0.117518
v -0.124122 0.125377 -0.130745
v -0.118485 0.108078 -0.124815
v -0.105267 0.108078 -0.136163
v -0.099245 0.091664 -0.128383
v -0.085764 0.091664 -0.137766
v -0.079734 0.076293 -0.128091
v -0.072937 0.062114 -0.117185
v -0.092267 0.076293 -0.119368
v -0.111707 0.091664 -0.117685
v -0.130487 0.108078 -0.112189
v -0.147866 0.125377 -0.103087
v -0.163156 0.143394 -0.090728
v -0.175754 0.161957 -0.075591
v -0.185161 0.180887 -0.058264
v -0.186057 0.200000 -0.058545
v -0.187101 0.200000 -0.055107
v -0.193065 0.180887 -0.019802
v -0.190089 0.180887 -0.039233
v -0.187338 0.161957 -0.038668
v -0.182482 0.161957 -0.057423
v -0.178046 0.143394 -0.056031
v -0.171481 0.143394 -0.073757
v -0.165556 0.125377 -0.071215
v -0.157519 0.125377 -0.087600
v -0.150365 0.108078 -0.083629
v -0.141151 0.108078 -0.098413
v -0.133076 0.091664 -0.092793
v -0.123022 0.091664 -0.105781
v -0.114373 0.076293 -0.098355
v -0.103853 0.076293 -0.109422
v -0.094999 0.062114 -0.100108
v -0.084401 0.062114 -0.109206
v -0.075722 0.049263 -0.097994
v -0.057306 0.037863 -0.092108
v -0.040482 0.028025 -0.082698
v -0.193015 0.200000 0.027582
v -0.194000 0.200000 0.019559
v -0.193065 0.180887 0.019464
v -0.194061 0.180887 -0.000169
v -0.191253 0.161957 -0.000169
v -0.190272 0.161957 -0.019518
v -0.185646 0.143394 -0.019048
v -0.182784 0.143394 -0.037732
v -0.176469 0.125377 -0.036434
v -0.171894 0.125377 -0.054101
v -0.164088 0.108078 -0.051652
v -0.158037 0.108078 -0.067988
v -0.148997 0.091664 -0.064109
v -0.141764 0.091664 -0.078854
v -0.131796 0.076293 -0.073322
v -0.123719 0.076293 -0.086281
v -0.113172 0.062114 -0.078939
v -0.104622 0.062114 -0.089984
v -0.093863 0.049263 -0.080748
v -0.085230 0.049263 -0.089831
v -0.074640 0.037863 -0.078691
v -0.066313 0.037863 -0.085839
v -0.056266 0.028025 -0.072859
v -0.048624 0.028025 -0.078179
v -0.039473 0.019843 -0.063498
v -0.032864 0.019843 -0.067166
v -0.185161 0.180887 0.057925
v -0.190089 0.180887 0.038895
v -0.187338 0.161957 0.038330
v -0.190272 0.161957 0.019180
v -0.185646 0.143394 0.018709
v -0.186603 0.143394 -0.000169
v -0.180157 0.125377 -0.000169
v -0.179232 0.125377 -0.018395
v -0.171092 0.108078 -0.017568
v -0.168454 0.108078 -0.034787
v -0.158818 0.091664 -0.032807
v -0.154701 0.091664 -0.048707
v -0.143824 0.076293 -0.045294
v -0.138521 0.076293 -0.059613
v -0.126711 0.062114 -0.054545
v -0.120560 0.062114 -0.067086
v -0.108163 0.049263 -0.060204
v -0.101534 0.049263 -0.070839
v -0.088918 0.037863 -0.062058
v -0.082201 0.037863 -0.070736
v -0.069747 0.028025 -0.060045
v -0.063331 0.028025 -0.066794
v -0.051413 0.019843 -0.054256
v -0.045677 0.019843 -0.059180
v -0.034649 0.013397 -0.044932
v -0.020123 0.008747 -0.032454
v -0.008417 0.005939 -0.017329
v -0.010110 0.005939 -0.016390
v -0.023286 0.008747 -0.030252
v -0.038999 0.013397 -0.041197
v -0.056621 0.019843 -0.048777
v -0.075447 0.028025 -0.052682
v -0.094723 0.037863 -0.052745
v -0.113681 0.049263 -0.048954
v -0.131562 0.062114 -0.041447
v -0.147651 0.076293 -0.030512
v -0.161305 0.091664 -0.016572
v -0.171975 0.108078 -0.000169
v -0.179232 0.125377 0.018057
v -0.182784 0.143394 0.037394
v -0.182482 0.161957 0.057085
v -0.178334 0.180887 0.076360
v -0.179197 0.200000 0.076730
v -0.177378 0.200000 0.080837
v -0.159278 0.180887 0.110692
v -0.169677 0.180887 0.094009
v -0.167222 0.161957 0.092646
v -0.175754 0.161957 0.075253
v -0.171481 0.143394 0.073419
v -0.178046 0.143394 0.055693
v -0.171894 0.125377 0.053763
v -0.176469 0.125377 0.036096
v -0.168454 0.108078 0.034449
v -0.171092 0.108078 0.017229
v -0.161305 0.091664 0.016234
v -0.162137 0.091664 -0.000169
v -0.150737 0.076293 -0.000169
v -0.149964 0.076293 -0.015419
v -0.137178 0.062114 -0.014119
v -0.135063 0.062114 -0.027925
v -0.121174 0.049263 -0.025071
v -0.118033 0.049263 -0.037202
v -0.103368 0.037863 -0.032601
v -0.099556 0.037863 -0.042892
v -0.084473 0.028025 -0.036419
v -0.080372 0.028025 -0.044779
v -0.065247 0.019843 -0.036384
v -0.061248 0.019843 -0.042799
v -0.046460 0.013397 -0.032506
v -0.042950 0.013397 -0.037041
v -0.028865 0.008747 -0.024949
v -0.026210 0.008747 -0.027742
v -0.013168 0.005939 -0.014022
v -0.011699 0.005939 -0.015284
v -0.147371 0.200000 0.127529
v -0.147958 0.200000 0.126848
v -0.147245 0.180887 0.126237
v -0.156974 0.161957 0.109088
v -0.163156 0.143394 0.090390
v -0.165556 0.125377 0.070877
v -0.164088 0.108078 0.051314
v -0.158818 0.091664 0.032469
v -0.149964 0.076293 0.015081
v -0.137886 0.062114 -0.000169
v -0.123072 0.049263 -0.012684
v -0.106119 0.037863 -0.021977
v -0.087707 0.028025 -0.027687
v -0.068576 0.019843 -0.029597
v -0.049493 0.013397 -0.027640
v -0.031224 0.008747 -0.021902
v -0.014502 0.005939 -0.012619
v -0.048642 0.180887 0.187697
v -0.067398 0.180887 0.181812
v -0.066423 0.161957 0.179179
v -0.027751 0.200000 0.192846
v -0.029528 0.200000 0.192582
v -0.029386 0.180887 0.191654
v -0.047938 0.161957 0.184979
v -0.064808 0.143394 0.174818
v 0.029386 0.180887 0.191654
v 0.009829 0.180887 0.193643
v 0.009687 0.161957 0.190838
v -0.009687 0.161957 0.190838
v -0.009451 0.143394 0.186195
v -0.028257 0.143394 0.184282
v -0.027281 0.125377 0.177910
v -0.045157 0.125377 0.174236
v -0.043106 0.108078 0.166315
v -0.059728 0.108078 0.161100
v -0.056311 0.091664 0.151875
v -0.066384 0.076293 0.135163
v -0.072937 0.062114 0.116847
v 0.054938 0.200000 0.186932
v 0.048877 0.200000 0.188606
v 0.048642 0.180887 0.187697
v 0.028961 0.161957 0.188878
v 0.009451 0.143394 0.186195
v -0.009125 0.125377 0.179756
v -0.026042 0.108078 0.169822
v -0.040640 0.091664 0.156791
v -0.052352 0.076293 0.141185
v -0.060724 0.062114 0.123625
v 0.085463 0.180887 0.174060
v 0.067398 0.180887 0.181812
v 0.066423 0.161957 0.179179
v 0.047938 0.161957 0.184979
v 0.046773 0.143394 0.180477
v 0.028257 0.143394 0.184282
v 0.027281 0.125377 0.177910
v 0.009125 0.125377 0.179756
v 0.008710 0.108078 0.171585
v -0.008710 0.108078 0.171585
v -0.008212 0.091664 0.161759
v -0.024552 0.091664 0.160098
v -0.022826 0.076293 0.148830
v -0.037783 0.076293 0.145756
v -0.034561 0.062114 0.133315
v -0.047888 0.062114 0.129133
v -0.042964 0.049263 0.115837
v -0.047711 0.037863 0.097095
v -0.048624 0.028025 0.077840
v 0.105425 0.200000 0.163875
v 0.103148 0.200000 0.165316
v 0.102651 0.180887 0.164520
v 0.084227 0.161957 0.171539
v 0.064808 0.143394 0.174818
v 0.045157 0.125377 0.174236
v 0.026042 0.108078 0.169822
v 0.008212 0.091664 0.161759
v -0.007635 0.076293 0.150374
v -0.020880 0.062114 0.136127
v -0.031007 0.049263 0.119588
v -0.037626 0.037863 0.101423
v -0.040482 0.028025 0.082359
v -0.039473 0.019843 0.063159
v 0.147245 0.180887 0.126237
v 0.133702 0.180887 0.140485
v 0.131767 0.161957 0.138450
v 0.117067 0.161957 0.151069
v 0.114221 0.143394 0.147392
v 0.098706 0.143394 0.158191
v 0.095296 0.125377 0.152720
v 0.079340 0.125377 0.161576
v 0.075737 0.108078 0.154230
v 0.059728 0.108078 0.161100
v 0.056311 0.091664 0.151875
v 0.040640 0.091664 0.156791
v 0.037783 0.076293 0.145756
v 0.022826 0.076293 0.148830
v 0.020880 0.062114 0.136127
v 0.006984 0.062114 0.137540
v 0.006266 0.049263 0.123379
v -0.006266 0.049263 0.123379
v -0.005487 0.037863 0.108028
v -0.016405 0.037863 0.106918
v -0.013920 0.028025 0.090693
v -0.023041 0.028025 0.088819
v -0.018705 0.019843 0.072072
v -0.025917 0.019843 0.069809
v -0.019659 0.013397 0.052913
v -0.016754 0.008747 0.033986
v -0.010110 0.005939 0.016051
v -0.008417 0.005939 0.016991
v -0.013212 0.008747 0.035505
v -0.014188 0.013397 0.054629
v -0.011300 0.019843 0.073593
v -0.004656 0.028025 0.091635
v 0.005487 0.037863 0.108028
v 0.018733 0.049263 0.122111
v 0.034561 0.062114 0.133315
v 0.052352 0.076293 0.141185
v 0.071404 0.091664 0.145398
v 0.090968 0.108078 0.145776
v 0.110275 0.125377 0.142294
v 0.128564 0.143394 0.135080
v 0.145115 0.161957 0.124408
v 0.159278 0.180887 0.110692
v 0.160049 0.200000 0.111228
v 0.164044 0.200000 0.105256
v 0.178334 0.180887 0.076360
v 0.169677 0.180887 0.094009
v 0.167222 0.161957 0.092646
v 0.156974 0.161957 0.109088
v 0.153157 0.143394 0.106431
v 0.141587 0.143394 0.121379
v 0.136695 0.125377 0.117180
v 0.124122 0.125377 0.130407
v 0.118485 0.108078 0.124477
v 0.105267 0.108078 0.135824
v 0.099245 0.091664 0.128044
v 0.085764 0.091664 0.137427
v 0.079734 0.076293 0.127753
v 0.066384 0.076293 0.135163
v 0.060724 0.062114 0.123625
v 0.047888 0.062114 0.129133
v 0.042964 0.049263 0.115837
v 0.031007 0.049263 0.119588
v 0.027155 0.037863 0.104709
v 0.016405 0.037863 0.106918
v 0.013920 0.028025 0.090693
v 0.004656 0.028025 0.091635
v 0.003780 0.019843 0.074358
v -0.003780 0.019843 0.074358
v -0.002867 0.013397 0.056364
v -0.008572 0.013397 0.055784
v -0.005761 0.008747 0.037435
v -0.009535 0.008747 0.036659
v -0.004791 0.005939 0.018334
v -0.006638 0.005939 0.017754
v 0.187101 0.200000 0.054769
v 0.186057 0.200000 0.058207
v 0.185161 0.180887 0.057925
v 0.175754 0.161957 0.075253
v 0.163156 0.143394 0.090390
v 0.147866 0.125377 0.102748
v 0.130487 0.108078 0.111850
v 0.111707 0.091664 0.117346
v 0.092267 0.076293 0.119030
v 0.072937 0.062114 0.116847
v 0.054480 0.049263 0.110895
v 0.037626 0.037863 0.101423
v 0.023041 0.028025 0.088819
v 0.011300 0.019843 0.073593
v 0.002867 0.013397 0.056364
v -0.001927 0.008747 0.037825
v -0.002894 0.005939 0.018724
v 0.179232 0.125377 -0.018395
v 0.180157 0.125377 -0.000169
v 0.185646 0.143394 -0.019048
v 0.186603 0.143394 -0.000169
v 0.190272 0.161957 -0.019518
v 0.191253 0.161957 -0.000169
v 0.193065 0.180887 -0.019802
v 0.194061 0.180887 -0.000169
v 0.194000 0.200000 -0.019897
v 0.195000 0.200000 -0.000169
v 0.193015 0.200000 -0.027921
v 0.186057 0.200000 -0.058545
v 0.187101 0.200000 -0.055107
v 0.191008 0.200000 -0.039422
v 0.160049 0.200000 -0.111567
v 0.164044 0.200000 -0.105594
v 0.170498 0.200000 -0.094803
v 0.145115 0.161957 -0.124746
v 0.153157 0.143394 -0.106770
v 0.157519 0.125377 -0.087600
v 0.158037 0.108078 -0.067988
v 0.154701 0.091664 -0.048707
v 0.147651 0.076293 -0.030512
v 0.137178 0.062114 -0.014119
v 0.103148 0.200000 -0.165655
v 0.105425 0.200000 -0.164214
v 0.119361 0.200000 -0.154371
v 0.051691 0.160498 -0.183997
v 0.027751 0.200000 -0.193184
v 0.029528 0.200000 -0.192921
v 0.048877 0.200000 -0.188944
v -0.054938 0.200000 -0.187270
v -0.048877 0.200000 -0.188944
v -0.029528 0.200000 -0.192921
v -0.085877 0.200000 -0.175241
v -0.081006 0.200000 -0.177547
v -0.067725 0.200000 -0.183031
v -0.101166 0.161957 -0.162475
v -0.147958 0.200000 -0.127187
v -0.147371 0.200000 -0.127867
v -0.134349 0.200000 -0.141504
v -0.179197 0.200000 -0.077069
v -0.177378 0.200000 -0.081175
v -0.170498 0.200000 -0.094803
v -0.195000 0.200000 -0.000169
v -0.194000 0.200000 -0.019897
v -0.193015 0.200000 -0.027921
v -0.191008 0.200000 -0.039422
v -0.186057 0.200000 0.058207
v -0.187101 0.200000 0.054769
v -0.191008 0.200000 0.039084
v -0.160049 0.200000 0.111228
v -0.164044 0.200000 0.105256
v -0.170498 0.200000 0.094465
v -0.145115 0.161957 0.124408
v -0.153157 0.143394 0.106431
v -0.157519 0.125377 0.087261
v -0.158037 0.108078 0.067650
v -0.154701 0.091664 0.048368
v -0.147651 0.076293 0.030174
v -0.137178 0.062114 0.013780
v -0.123707 0.049263 -0.000169
v -0.107780 0.037863 -0.011129
v -0.090041 0.028025 -0.018673
v -0.071201 0.019843 -0.022509
v -0.052018 0.013397 -0.022492
v -0.033262 0.008747 -0.018631
v -0.015688 0.005939 -0.011088
v -0.102651 0.180887 0.164520
v -0.103148 0.200000 0.165316
v -0.090968 0.108078 0.145776
v -0.079340 0.125377 0.161576
v -0.095296 0.125377 0.152720
v -0.082179 0.143394 0.167364
v -0.098706 0.143394 0.158191
v -0.084227 0.161957 0.171539
v -0.101166 0.161957 0.162137
v -0.085463 0.180887 0.174060
v -0.085877 0.200000 0.174903
v -0.081006 0.200000 0.177209
v -0.048877 0.200000 0.188606
v -0.054938 0.200000 0.186932
v -0.067725 0.200000 0.182692
v -0.028961 0.161957 0.188878
v -0.046773 0.143394 0.180477
v -0.062569 0.125377 0.168773
v -0.075737 0.108078 0.154230
v 0.029528 0.200000 0.192582
v 0.027751 0.200000 0.192846
v 0.009877 0.200000 0.194580
v 0.085877 0.200000 0.174903
v 0.081006 0.200000 0.177209
v 0.067725 0.200000 0.182692
v 0.101166 0.161957 0.162137
v 0.082179 0.143394 0.167364
v 0.062569 0.125377 0.168773
v 0.043106 0.108078 0.166315
v 0.024552 0.091664 0.160098
v 0.007635 0.076293 0.150374
v -0.006984 0.062114 0.137540
v -0.018733 0.049263 0.122111
v -0.027155 0.037863 0.104709
v -0.031925 0.028025 0.086031
v -0.032864 0.019843 0.066828
v 0.147958 0.200000 0.126848
v 0.147371 0.200000 0.127529
v 0.134349 0.200000 0.141165
v 0.179197 0.200000 0.076730
v 0.177378 0.200000 0.080837
v 0.170498 0.200000 0.094465
v 0.182482 0.161957 0.057085
v 0.171481 0.143394 0.073419
v 0.157519 0.125377 0.087261
v 0.141151 0.108078 0.098074
v 0.123022 0.091664 0.105442
v 0.103853 0.076293 0.109084
v 0.084401 0.062114 0.108868
v 0.065436 0.049263 0.104814
v 0.047711 0.037863 0.097095
v 0.031925 0.028025 0.086031
v 0.018705 0.019843 0.072072
v 0.008572 0.013397 0.055784
v 0.001927 0.008747 0.037825
v -0.000968 0.005939 0.018920
v 0.194000 0.200000 0.019559
v 0.000000 0.717700 0.269051
v 0.000987 0.714906 0.269016
v 0.001445 0.715113 0.269016
v 0.000501 0.714779 0.269016
v 0.000000 0.714737 0.269016
v 0.002225 0.715742 0.269016
v 0.002523 0.716146 0.269016
v 0.001862 0.715394 0.269016
v 0.002897 0.717076 0.269016
v 0.002961 0.717574 0.269016
v 0.002750 0.716595 0.269016
v 0.002833 0.718568 0.269016
v 0.002646 0.719034 0.269016
v 0.002939 0.718076 0.269016
v 0.002050 0.719839 0.269016
v 0.001659 0.720155 0.269016
v 0.002383 0.719462 0.269016
v 0.000747 0.720568 0.269016
v 0.000251 0.720653 0.269016
v 0.001221 0.720400 0.269016
v -0.000747 0.720568 0.269016
v -0.001221 0.720400 0.269016
v -0.000251 0.720653 0.269016
v -0.002050 0.719839 0.269016
v -0.002383 0.719462 0.269016
v -0.001659 0.720155 0.269016
v -0.002833 0.718568 0.269016
v -0.002939 0.718076 0.269016
v -0.002646 0.719034 0.269016
v -0.002897 0.717076 0.269016
v -0.002750 0.716595 0.269016
v -0.002961 0.717574 0.269016
v -0.002225 0.715742 0.269016
v -0.001862 0.715394 0.269016
v -0.002523 0.716146 0.269016
v -0.000987 0.714906 0.269016
v -0.000501 0.714779 0.269016
v -0.001445 0.715113 0.269016
v -0.009882 0.660067 0.215176
v -0.019480 0.662566 0.215176
v -0.018278 0.665967 0.212296
v -0.028517 0.666651 0.215176
v -0.026758 0.669800 0.212296
v -0.018766 0.666142 0.212296
v -0.036735 0.672205 0.215176
v -0.043895 0.679068 0.215176
v -0.041187 0.681451 0.212296
v -0.035268 0.675670 0.212296
v -0.034468 0.675012 0.212296
v -0.027433 0.670184 0.212296
v -0.049792 0.687042 0.215176
v -0.054257 0.695898 0.215176
v -0.050910 0.697243 0.212296
v -0.047516 0.690267 0.212296
v -0.046721 0.688933 0.212296
v -0.042030 0.682432 0.212296
v -0.057162 0.705381 0.215176
v -0.058421 0.715218 0.215176
v -0.054817 0.715371 0.212296
v -0.054033 0.708172 0.212296
v -0.053635 0.706141 0.212296
v -0.051558 0.698934 0.212296
v -0.058000 0.725127 0.215176
v -0.055911 0.734823 0.215176
v -0.052462 0.733766 0.212296
v -0.054033 0.727228 0.212296
v -0.054422 0.724669 0.212296
v -0.054867 0.717700 0.212296
v -0.052213 0.744025 0.215176
v -0.047013 0.752471 0.215176
v -0.044113 0.750326 0.212296
v -0.047516 0.745133 0.212296
v -0.048992 0.742401 0.212296
v -0.051558 0.736466 0.212296
v -0.040460 0.759916 0.215176
v -0.032744 0.766146 0.215176
v -0.030724 0.763158 0.212296
v -0.035268 0.759730 0.212296
v -0.037964 0.757311 0.212296
v -0.042030 0.752968 0.212296
v -0.024086 0.770983 0.215176
v -0.014734 0.774287 0.215176
v -0.013825 0.770796 0.212296
v -0.018766 0.769258 0.212296
v -0.022600 0.767696 0.212296
v -0.027433 0.765216 0.212296
v 0.004959 0.775963 0.215176
v 0.000000 0.772567 0.212296
v -0.004959 0.775963 0.215176
v -0.004653 0.772369 0.212296
v -0.009528 0.771733 0.212296
v 0.014734 0.774287 0.215176
v 0.009528 0.771733 0.212296
v 0.004653 0.772369 0.212296
v 0.024086 0.770983 0.215176
v 0.018766 0.769258 0.212296
v 0.013825 0.770796 0.212296
v 0.032744 0.766146 0.215176
v 0.027433 0.765216 0.212296
v 0.022600 0.767696 0.212296
v 0.040460 0.759916 0.215176
v 0.035268 0.759730 0.212296
v 0.030724 0.763158 0.212296
v 0.047013 0.752471 0.215176
v 0.042030 0.752968 0.212296
v 0.037964 0.757311 0.212296
v 0.052213 0.744025 0.215176
v 0.047516 0.745133 0.212296
v 0.044113 0.750326 0.212296
v 0.055911 0.734823 0.215176
v 0.051558 0.736466 0.212296
v 0.048992 0.742401 0.212296
v 0.058000 0.725127 0.215176
v 0.054033 0.727228 0.212296
v 0.052462 0.733766 0.212296
v 0.058421 0.715218 0.215176
v 0.054867 0.717700 0.212296
v 0.054422 0.724669 0.212296
v 0.057162 0.705381 0.215176
v 0.054033 0.708172 0.212296
v 0.054817 0.715371 0.212296
v 0.054257 0.695898 0.215176
v 0.051558 0.698934 0.212296
v 0.053635 0.706141 0.212296
v 0.049792 0.687042 0.215176
v 0.047516 0.690267 0.212296
v 0.050910 0.697243 0.212296
v 0.043895 0.679068 0.215176
v 0.042030 0.682432 0.212296
v 0.046721 0.688933 0.212296
v 0.036735 0.672205 0.215176
v 0.035268 0.675670 0.212296
v 0.041187 0.681451 0.212296
v 0.028517 0.666651 0.215176
v 0.027433 0.670184 0.212296
v 0.034468 0.675012 0.212296
v 0.019480 0.662566 0.215176
v 0.018766 0.666142 0.212296
v 0.026758 0.669800 0.212296
v 0.009882 0.660067 0.215176
v 0.009528 0.663667 0.212296
v 0.018278 0.665967 0.212296
v -0.009528 0.663667 0.212296
v -0.009273 0.663622 0.212296
v 0.000000 0.659226 0.215176
v 0.000000 0.662833 0.212296
v 0.009273 0.663622 0.212296
v 0.000000 0.656202 0.218159
v -0.010393 0.657086 0.218159
v -0.020488 0.659715 0.218159
v -0.029992 0.664011 0.218159
v -0.038634 0.669852 0.218159
v -0.046165 0.677070 0.218159
v -0.052368 0.685456 0.218159
v -0.057064 0.694770 0.218159
v -0.060118 0.704744 0.218159
v -0.061443 0.715090 0.218159
v -0.061000 0.725511 0.218159
v -0.058803 0.735708 0.218159
v -0.054913 0.745387 0.218159
v -0.049444 0.754269 0.218159
v -0.042553 0.762099 0.218159
v -0.034438 0.768652 0.218159
v -0.025331 0.773739 0.218159
v -0.015496 0.777214 0.218159
v -0.005215 0.778977 0.218159
v 0.005215 0.778977 0.218159
v 0.015496 0.777214 0.218159
v 0.025331 0.773739 0.218159
v 0.034438 0.768652 0.218159
v 0.042553 0.762099 0.218159
v 0.049444 0.754269 0.218159
v 0.054913 0.745387 0.218159
v 0.058803 0.735708 0.218159
v 0.061000 0.725511 0.218159
v 0.061443 0.715090 0.218159
v 0.060118 0.704744 0.218159
v 0.057064 0.694770 0.218159
v 0.052368 0.685456 0.218159
v 0.046165 0.677070 0.218159
v 0.038634 0.669852 0.218159
v 0.029992 0.664011 0.218159
v 0.020488 0.659715 0.218159
v 0.010393 0.657086 0.218159
v 0.000000 0.653798 0.221154
v -0.010799 0.654717 0.221154
v -0.021288 0.657449 0.221154
v -0.031165 0.661913 0.221154
v -0.040144 0.667982 0.221154
v -0.047969 0.675482 0.221154
v -0.054414 0.684196 0.221154
v -0.059294 0.693874 0.221154
v -0.062467 0.704237 0.221154
v -0.063844 0.714988 0.221154
v -0.063384 0.725817 0.221154
v -0.061101 0.736412 0.221154
v -0.057059 0.746469 0.221154
v -0.051377 0.755698 0.221154
v -0.044216 0.763834 0.221154
v -0.035783 0.770643 0.221154
v -0.026321 0.775929 0.221154
v -0.016102 0.779540 0.221154
v -0.005419 0.781371 0.221154
v 0.005419 0.781371 0.221154
v 0.016102 0.779540 0.221154
v 0.026321 0.775929 0.221154
v 0.035783 0.770643 0.221154
v 0.044216 0.763834 0.221154
v 0.051377 0.755698 0.221154
v 0.057059 0.746469 0.221154
v 0.061101 0.736412 0.221154
v 0.063384 0.725817 0.221154
v 0.063844 0.714988 0.221154
v 0.062467 0.704237 0.221154
v 0.059294 0.693874 0.221154
v 0.054414 0.684196 0.221154
v 0.047969 0.675482 0.221154
v 0.040144 0.667982 0.221154
v 0.031165 0.661913 0.221154
v 0.021288 0.657449 0.221154
v 0.010799 0.654717 0.221154
v 0.000000 0.651982 0.224127
v -0.011106 0.652927 0.224127
v -0.021893 0.655736 0.224127
v -0.032050 0.660327 0.224127
v -0.041286 0.666569 0.224127
v -0.049333 0.674282 0.224127
v -0.055961 0.683243 0.224127
v -0.060979 0.693196 0.224127
v -0.064243 0.703855 0.224127
v -0.065659 0.714911 0.224127
v -0.065186 0.726047 0.224127
v -0.062838 0.736944 0.224127
v -0.058682 0.747287 0.224127
v -0.052837 0.756778 0.224127
v -0.045473 0.765146 0.224127
v -0.036801 0.772148 0.224127
v -0.027069 0.777584 0.224127
v -0.016560 0.781298 0.224127
v -0.005573 0.783182 0.224127
v 0.005573 0.783182 0.224127
v 0.016560 0.781298 0.224127
v 0.027069 0.777584 0.224127
v 0.036801 0.772148 0.224127
v 0.045473 0.765146 0.224127
v 0.052837 0.756778 0.224127
v 0.058682 0.747287 0.224127
v 0.062838 0.736944 0.224127
v 0.065186 0.726047 0.224127
v 0.065659 0.714911 0.224127
v 0.064243 0.703855 0.224127
v 0.060979 0.693196 0.224127
v 0.055961 0.683243 0.224127
v 0.049333 0.674282 0.224127
v 0.041286 0.666569 0.224127
v 0.032050 0.660327 0.224127
v 0.021893 0.655736 0.224127
v 0.011106 0.652927 0.224127
v 0.000000 0.650710 0.227058
v -0.011321 0.651673 0.227058
v -0.022317 0.654537 0.227058
v -0.032671 0.659217 0.227058
v -0.042085 0.665579 0.227058
v -0.050288 0.673441 0.227058
v -0.057044 0.682577 0.227058
v -0.062159 0.692722 0.227058
v -0.065487 0.703587 0.227058
v -0.066930 0.714857 0.227058
v -0.066448 0.726209 0.227058
v -0.064054 0.737316 0.227058
v -0.059817 0.747859 0.227058
v -0.053860 0.757535 0.227058
v -0.046353 0.766064 0.227058
v -0.037513 0.773202 0.227058
v -0.027593 0.778743 0.227058
v -0.016880 0.782529 0.227058
v -0.005681 0.784449 0.227058
v 0.005681 0.784449 0.227058
v 0.016880 0.782529 0.227058
v 0.027593 0.778743 0.227058
v 0.037513 0.773202 0.227058
v 0.046353 0.766064 0.227058
v 0.053860 0.757535 0.227058
v 0.059817 0.747859 0.227058
v 0.064054 0.737316 0.227058
v 0.066448 0.726209 0.227058
v 0.066930 0.714857 0.227058
v 0.065487 0.703587 0.227058
v 0.062159 0.692722 0.227058
v 0.057044 0.682577 0.227058
v 0.050288 0.673441 0.227058
v 0.042085 0.665579 0.227058
v 0.032671 0.659217 0.227058
v 0.022317 0.654537 0.227058
v 0.011321 0.651673 0.227058
v 0.000000 0.649942 0.229944
v -0.011451 0.650916 0.229944
v -0.022573 0.653812 0.229944
v -0.033045 0.658546 0.229944
v -0.042567 0.664982 0.229944
v -0.050864 0.672934 0.229944
v -0.057698 0.682174 0.229944
v -0.062872 0.692436 0.229944
v -0.066238 0.703425 0.229944
v -0.067697 0.714824 0.229944
v -0.067210 0.726307 0.229944
v -0.064788 0.737541 0.229944
v -0.060503 0.748205 0.229944
v -0.054478 0.757991 0.229944
v -0.046885 0.766619 0.229944
v -0.037943 0.773839 0.229944
v -0.027910 0.779443 0.229944
v -0.017074 0.783272 0.229944
v -0.005746 0.785214 0.229944
v 0.005746 0.785214 0.229944
v 0.017074 0.783272 0.229944
v 0.027910 0.779443 0.229944
v 0.037943 0.773839 0.229944
v 0.046885 0.766619 0.229944
v 0.054478 0.757991 0.229944
v 0.060503 0.748205 0.229944
v 0.064788 0.737541 0.229944
v 0.067210 0.726307 0.229944
v 0.067697 0.714824 0.229944
v 0.066238 0.703425 0.229944
v 0.062872 0.692436 0.229944
v 0.057698 0.682174 0.229944
v 0.050864 0.672934 0.229944
v 0.042567 0.664982 0.229944
v 0.033045 0.658546 0.229944
v 0.022573 0.653812 0.229944
v 0.011451 0.650916 0.229944
v 0.000000 0.649645 0.232799
v -0.011501 0.650624 0.232799
v -0.022672 0.653532 0.232799
v -0.033190 0.658287 0.232799
v -0.042754 0.664751 0.232799
v -0.051087 0.672738 0.232799
v -0.057951 0.682018 0.232799
v -0.063148 0.692325 0.232799
v -0.066528 0.703362 0.232799
v -0.067994 0.714812 0.232799
v -0.067504 0.726344 0.232799
v -0.065072 0.737628 0.232799
v -0.060768 0.748339 0.232799
v -0.054716 0.758168 0.232799
v -0.047090 0.766833 0.232799
v -0.038109 0.774084 0.232799
v -0.028032 0.779714 0.232799
v -0.017148 0.783559 0.232799
v -0.005771 0.785510 0.232799
v 0.005771 0.785510 0.232799
v 0.017148 0.783559 0.232799
v 0.028032 0.779714 0.232799
v 0.038109 0.774084 0.232799
v 0.047090 0.766833 0.232799
v 0.054716 0.758168 0.232799
v 0.060768 0.748339 0.232799
v 0.065072 0.737628 0.232799
v 0.067504 0.726344 0.232799
v 0.067994 0.714812 0.232799
v 0.066528 0.703362 0.232799
v 0.063148 0.692325 0.232799
v 0.057951 0.682018 0.232799
v 0.051087 0.672738 0.232799
v 0.042754 0.664751 0.232799
v 0.033190 0.658287 0.232799
v 0.022672 0.653532 0.232799
v 0.011501 0.650624 0.232799
v 0.000000 0.649805 0.235646
v -0.011474 0.650782 0.235646
v -0.022618 0.653683 0.235646
v -0.033112 0.658427 0.235646
v -0.042653 0.664875 0.235646
v -0.050967 0.672844 0.235646
v -0.057814 0.682102 0.235646
v -0.062999 0.692385 0.235646
v -0.066371 0.703396 0.235646
v -0.067834 0.714818 0.235646
v -0.067345 0.726324 0.235646
v -0.064919 0.737581 0.235646
v -0.060625 0.748267 0.235646
v -0.054587 0.758073 0.235646
v -0.046979 0.766717 0.235646
v -0.038019 0.773952 0.235646
v -0.027966 0.779568 0.235646
v -0.017108 0.783404 0.235646
v -0.005758 0.785350 0.235646
v 0.005758 0.785350 0.235646
v 0.017108 0.783404 0.235646
v 0.027966 0.779568 0.235646
v 0.038019 0.773952 0.235646
v 0.046979 0.766717 0.235646
v 0.054587 0.758073 0.235646
v 0.060625 0.748267 0.235646
v 0.064919 0.737581 0.235646
v 0.067345 0.726324 0.235646
v 0.067834 0.714818 0.235646
v 0.066371 0.703396 0.235646
v 0.062999 0.692385 0.235646
v 0.057814 0.682102 0.235646
v 0.050967 0.672844 0.235646
v 0.042653 0.664875 0.235646
v 0.033112 0.658427 0.235646
v 0.022618 0.653683 0.235646
v 0.011474 0.650782 0.235646
v 0.000000 0.650426 0.238507
v -0.011369 0.651394 0.238507
v -0.022412 0.654269 0.238507
v -0.032809 0.658969 0.238507
v -0.042263 0.665359 0.238507
v -0.050501 0.673254 0.238507
v -0.057286 0.682428 0.238507
v -0.062423 0.692617 0.238507
v -0.065764 0.703527 0.238507
v -0.067213 0.714845 0.238507
v -0.066729 0.726245 0.238507
v -0.064325 0.737399 0.238507
v -0.060070 0.747987 0.238507
v -0.054088 0.757703 0.238507
v -0.046549 0.766269 0.238507
v -0.037672 0.773437 0.238507
v -0.027710 0.779002 0.238507
v -0.016952 0.782803 0.238507
v -0.005705 0.784731 0.238507
v 0.005705 0.784731 0.238507
v 0.016952 0.782803 0.238507
v 0.027710 0.779002 0.238507
v 0.037672 0.773437 0.238507
v 0.046549 0.766269 0.238507
v 0.054088 0.757703 0.238507
v 0.060070 0.747987 0.238507
v 0.064325 0.737399 0.238507
v 0.066729 0.726245 0.238507
v 0.067213 0.714845 0.238507
v 0.065764 0.703527 0.238507
v 0.062423 0.692617 0.238507
v 0.057286 0.682428 0.238507
v 0.050501 0.673254 0.238507
v 0.042263 0.665359 0.238507
v 0.032809 0.658969 0.238507
v 0.022412 0.654269 0.238507
v 0.011369 0.651394 0.238507
v 0.000000 0.651527 0.241392
v -0.011183 0.652479 0.241392
v -0.022045 0.655307 0.241392
v -0.032272 0.659930 0.241392
v -0.041571 0.666215 0.241392
v -0.049674 0.673981 0.241392
v -0.056348 0.683005 0.241392
v -0.061401 0.693027 0.241392
v -0.064688 0.703759 0.241392
v -0.066113 0.714892 0.241392
v -0.065637 0.726105 0.241392
v -0.063272 0.737077 0.241392
v -0.059087 0.747491 0.241392
v -0.053203 0.757049 0.241392
v -0.045788 0.765474 0.241392
v -0.037055 0.772525 0.241392
v -0.027257 0.777999 0.241392
v -0.016674 0.781738 0.241392
v -0.005612 0.783634 0.241392
v 0.005612 0.783634 0.241392
v 0.016674 0.781738 0.241392
v 0.027257 0.777999 0.241392
v 0.037055 0.772525 0.241392
v 0.045788 0.765474 0.241392
v 0.053203 0.757049 0.241392
v 0.059087 0.747491 0.241392
v 0.063272 0.737077 0.241392
v 0.065637 0.726105 0.241392
v 0.066113 0.714892 0.241392
v 0.064688 0.703759 0.241392
v 0.061401 0.693027 0.241392
v 0.056348 0.683005 0.241392
v 0.049674 0.673981 0.241392
v 0.041571 0.666215 0.241392
v 0.032272 0.659930 0.241392
v 0.022045 0.655307 0.241392
v 0.011183 0.652479 0.241392
v 0.000000 0.653134 0.244300
v -0.010912 0.654063 0.244300
v -0.021509 0.656822 0.244300
v -0.031488 0.661333 0.244300
v -0.040562 0.667465 0.244300
v -0.048468 0.675043 0.244300
v -0.054980 0.683848 0.244300
v -0.059910 0.693626 0.244300
v -0.063117 0.704097 0.244300
v -0.064508 0.714960 0.244300
v -0.064043 0.725901 0.244300
v -0.061736 0.736606 0.244300
v -0.057653 0.746768 0.244300
v -0.051911 0.756093 0.244300
v -0.044676 0.764314 0.244300
v -0.036155 0.771193 0.244300
v -0.026595 0.776534 0.244300
v -0.016269 0.780182 0.244300
v -0.005476 0.782033 0.244300
v 0.005476 0.782033 0.244300
v 0.016269 0.780182 0.244300
v 0.026595 0.776534 0.244300
v 0.036155 0.771193 0.244300
v 0.044676 0.764314 0.244300
v 0.051911 0.756093 0.244300
v 0.057653 0.746768 0.244300
v 0.061736 0.736606 0.244300
v 0.064043 0.725901 0.244300
v 0.064508 0.714960 0.244300
v 0.063117 0.704097 0.244300
v 0.059910 0.693626 0.244300
v 0.054980 0.683848 0.244300
v 0.048468 0.675043 0.244300
v 0.040562 0.667465 0.244300
v 0.031488 0.661333 0.244300
v 0.021509 0.656822 0.244300
v 0.010912 0.654063 0.244300
v 0.000000 0.655275 0.247214
v -0.010550 0.656173 0.247214
v -0.020796 0.658841 0.247214
v -0.030444 0.663202 0.247214
v -0.039217 0.669131 0.247214
v -0.046861 0.676457 0.247214
v -0.053157 0.684970 0.247214
v -0.057923 0.694424 0.247214
v -0.061024 0.704548 0.247214
v -0.062369 0.715051 0.247214
v -0.061919 0.725629 0.247214
v -0.059689 0.735979 0.247214
v -0.055741 0.745804 0.247214
v -0.050189 0.754820 0.247214
v -0.043194 0.762768 0.247214
v -0.034956 0.769420 0.247214
v -0.025713 0.774583 0.247214
v -0.015730 0.778111 0.247214
v -0.005294 0.779900 0.247214
v 0.005294 0.779900 0.247214
v 0.015730 0.778111 0.247214
v 0.025713 0.774583 0.247214
v 0.034956 0.769420 0.247214
v 0.043194 0.762768 0.247214
v 0.050189 0.754820 0.247214
v 0.055741 0.745804 0.247214
v 0.059689 0.735979 0.247214
v 0.061919 0.725629 0.247214
v 0.062369 0.715051 0.247214
v 0.061024 0.704548 0.247214
v 0.057923 0.694424 0.247214
v 0.053157 0.684970 0.247214
v 0.046861 0.676457 0.247214
v 0.039217 0.669131 0.247214
v 0.030444 0.663202 0.247214
v 0.020796 0.658841 0.247214
v 0.010550 0.656173 0.247214
v 0.000000 0.657976 0.250111
v -0.010093 0.658835 0.250111
v -0.019896 0.661387 0.250111
v -0.029127 0.665560 0.250111
v -0.037520 0.671233 0.250111
v -0.044833 0.678242 0.250111
v -0.050857 0.686386 0.250111
v -0.055417 0.695432 0.250111
v -0.058384 0.705117 0.250111
v -0.059670 0.715165 0.250111
v -0.059240 0.725286 0.250111
v -0.057106 0.735189 0.250111
v -0.053329 0.744588 0.250111
v -0.048018 0.753214 0.250111
v -0.041325 0.760818 0.250111
v -0.033444 0.767182 0.250111
v -0.024600 0.772122 0.250111
v -0.015049 0.775497 0.250111
v -0.005065 0.777209 0.250111
v 0.005065 0.777209 0.250111
v 0.015049 0.775497 0.250111
v 0.024600 0.772122 0.250111
v 0.033444 0.767182 0.250111
v 0.041325 0.760818 0.250111
v 0.048018 0.753214 0.250111
v 0.053329 0.744588 0.250111
v 0.057106 0.735189 0.250111
v 0.059240 0.725286 0.250111
v 0.059670 0.715165 0.250111
v 0.058384 0.705117 0.250111
v 0.055417 0.695432 0.250111
v 0.050857 0.686386 0.250111
v 0.044833 0.678242 0.250111
v 0.037520 0.671233 0.250111
v 0.029127 0.665560 0.250111
v 0.019896 0.661387 0.250111
v 0.010093 0.658835 0.250111
v 0.000000 0.661257 0.252958
v -0.009539 0.662069 0.252958
v -0.018803 0.664482 0.252958
v -0.027527 0.668425 0.252958
v -0.035458 0.673786 0.252958
v -0.042370 0.680410 0.252958
v -0.048062 0.688107 0.252958
v -0.052372 0.696655 0.252958
v -0.055176 0.705809 0.252958
v -0.056392 0.715304 0.252958
v -0.055985 0.724869 0.252958
v -0.053968 0.734228 0.252958
v -0.050399 0.743111 0.252958
v -0.045380 0.751263 0.252958
v -0.039055 0.758449 0.252958
v -0.031606 0.764463 0.252958
v -0.023249 0.769132 0.252958
v -0.014222 0.772321 0.252958
v -0.004787 0.773939 0.252958
v 0.004787 0.773939 0.252958
v 0.014222 0.772321 0.252958
v 0.023249 0.769132 0.252958
v 0.031606 0.764463 0.252958
v 0.039055 0.758449 0.252958
v 0.045380 0.751263 0.252958
v 0.050399 0.743111 0.252958
v 0.053968 0.734228 0.252958
v 0.055985 0.724869 0.252958
v 0.056392 0.715304 0.252958
v 0.055176 0.705809 0.252958
v 0.052372 0.696655 0.252958
v 0.048062 0.688107 0.252958
v 0.042370 0.680410 0.252958
v 0.035458 0.673786 0.252958
v 0.027527 0.668425 0.252958
v 0.018803 0.664482 0.252958
v 0.009539 0.662069 0.252958
v 0.000000 0.665133 0.255717
v -0.008884 0.665889 0.255717
v -0.017512 0.668136 0.255717
v -0.025637 0.671808 0.255717
v -0.033024 0.676801 0.255717
v -0.039461 0.682970 0.255717
v -0.044762 0.690139 0.255717
v -0.048776 0.698100 0.255717
v -0.051387 0.706625 0.255717
v -0.052520 0.715469 0.255717
v -0.052141 0.724377 0.255717
v -0.050263 0.733093 0.255717
v -0.046939 0.741366 0.255717
v -0.042264 0.748958 0.255717
v -0.036373 0.755651 0.255717
v -0.029436 0.761252 0.255717
v -0.021652 0.765601 0.255717
v -0.013246 0.768571 0.255717
v -0.004458 0.770078 0.255717
v 0.004458 0.770078 0.255717
v 0.013246 0.768571 0.255717
v 0.021652 0.765601 0.255717
v 0.029436 0.761252 0.255717
v 0.036373 0.755651 0.255717
v 0.042264 0.748958 0.255717
v 0.046939 0.741366 0.255717
v 0.050263 0.733093 0.255717
v 0.052141 0.724377 0.255717
v 0.052520 0.715469 0.255717
v 0.051387 0.706625 0.255717
v 0.048776 0.698100 0.255717
v 0.044762 0.690139 0.255717
v 0.039461 0.682970 0.255717
v 0.033024 0.676801 0.255717
v 0.025637 0.671808 0.255717
v 0.017512 0.668136 0.255717
v 0.008884 0.665889 0.255717
v 0.000000 0.669605 0.258343
v -0.008128 0.670297 0.258343
v -0.016022 0.672352 0.258343
v -0.023456 0.675712 0.258343
v -0.030214 0.680280 0.258343
v -0.036104 0.685925 0.258343
v -0.040954 0.692484 0.258343
v -0.044627 0.699768 0.258343
v -0.047015 0.707567 0.258343
v -0.048052 0.715659 0.258343
v -0.047705 0.723809 0.258343
v -0.045987 0.731783 0.258343
v -0.042945 0.739352 0.258343
v -0.038668 0.746299 0.258343
v -0.033279 0.752422 0.258343
v -0.026932 0.757547 0.258343
v -0.019810 0.761525 0.258343
v -0.012119 0.764243 0.258343
v -0.004079 0.765622 0.258343
v 0.004079 0.765622 0.258343
v 0.012119 0.764243 0.258343
v 0.019810 0.761525 0.258343
v 0.026932 0.757547 0.258343
v 0.033279 0.752422 0.258343
v 0.038668 0.746299 0.258343
v 0.042945 0.739352 0.258343
v 0.045987 0.731783 0.258343
v 0.047705 0.723809 0.258343
v 0.048052 0.715659 0.258343
v 0.047015 0.707567 0.258343
v 0.044627 0.699768 0.258343
v 0.040954 0.692484 0.258343
v 0.036104 0.685925 0.258343
v 0.030214 0.680280 0.258343
v 0.023456 0.675712 0.258343
v 0.016022 0.672352 0.258343
v 0.008128 0.670297 0.258343
v 0.000000 0.674664 0.260789
v -0.007273 0.675283 0.260789
v -0.014337 0.677122 0.260789
v -0.020989 0.680129 0.260789
v -0.027036 0.684216 0.260789
v -0.032306 0.689267 0.260789
v -0.036647 0.695136 0.260789
v -0.039933 0.701654 0.260789
v -0.042070 0.708633 0.260789
v -0.042997 0.715873 0.260789
v -0.042688 0.723166 0.260789
v -0.041150 0.730302 0.260789
v -0.038428 0.737075 0.260789
v -0.034601 0.743291 0.260789
v -0.029778 0.748770 0.260789
v -0.024099 0.753356 0.260789
v -0.017727 0.756916 0.260789
v -0.010844 0.759348 0.260789
v -0.003650 0.760581 0.260789
v 0.003650 0.760581 0.260789
v 0.010844 0.759348 0.260789
v 0.017727 0.756916 0.260789
v 0.024099 0.753356 0.260789
v 0.029778 0.748770 0.260789
v 0.034601 0.743291 0.260789
v 0.038428 0.737075 0.260789
v 0.041150 0.730302 0.260789
v 0.042688 0.723166 0.260789
v 0.042997 0.715873 0.260789
v 0.042070 0.708633 0.260789
v 0.039933 0.701654 0.260789
v 0.036647 0.695136 0.260789
v 0.032306 0.689267 0.260789
v 0.027036 0.684216 0.260789
v 0.020989 0.680129 0.260789
v 0.014337 0.677122 0.260789
v 0.007273 0.675283 0.260789
v 0.000000 0.680284 0.263004
v -0.006323 0.680822 0.263004
v -0.012465 0.682421 0.263004
v -0.018248 0.685035 0.263004
v -0.023506 0.688589 0.263004
v -0.028087 0.692980 0.263004
v -0.031861 0.698082 0.263004
v -0.034718 0.703749 0.263004
v -0.036577 0.709817 0.263004
v -0.037383 0.716112 0.263004
v -0.037113 0.722453 0.263004
v -0.035776 0.728656 0.263004
v -0.033410 0.734545 0.263004
v -0.030083 0.739949 0.263004
v -0.025890 0.744713 0.263004
v -0.020952 0.748700 0.263004
v -0.015412 0.751795 0.263004
v -0.009428 0.753909 0.263004
v -0.003173 0.754982 0.263004
v 0.003173 0.754982 0.263004
v 0.009428 0.753909 0.263004
v 0.015412 0.751795 0.263004
v 0.020952 0.748700 0.263004
v 0.025890 0.744713 0.263004
v 0.030083 0.739949 0.263004
v 0.033410 0.734545 0.263004
v 0.035776 0.728656 0.263004
v 0.037113 0.722453 0.263004
v 0.037383 0.716112 0.263004
v 0.036577 0.709817 0.263004
v 0.034718 0.703749 0.263004
v 0.031861 0.698082 0.263004
v 0.028087 0.692980 0.263004
v 0.023506 0.688589 0.263004
v 0.018248 0.685035 0.263004
v 0.012465 0.682421 0.263004
v 0.006323 0.680822 0.263004
v 0.000000 0.686423 0.264939
v -0.005286 0.686872 0.264939
v -0.010420 0.688209 0.264939
v -0.015254 0.690394 0.264939
v -0.019649 0.693365 0.264939
v -0.023479 0.697036 0.264939
v -0.026634 0.701301 0.264939
v -0.029022 0.706038 0.264939
v -0.030576 0.711110 0.264939
v -0.031249 0.716373 0.264939
v -0.031024 0.721673 0.264939
v -0.029907 0.726859 0.264939
v -0.027929 0.731781 0.264939
v -0.025147 0.736299 0.264939
v -0.021642 0.740281 0.264939
v -0.017515 0.743614 0.264939
v -0.012883 0.746201 0.264939
v -0.007881 0.747968 0.264939
v -0.002653 0.748865 0.264939
v 0.002653 0.748865 0.264939
v 0.007881 0.747968 0.264939
v 0.012883 0.746201 0.264939
v 0.017515 0.743614 0.264939
v 0.021642 0.740281 0.264939
v 0.025147 0.736299 0.264939
v 0.027929 0.731781 0.264939
v 0.029907 0.726859 0.264939
v 0.031024 0.721673 0.264939
v 0.031249 0.716373 0.264939
v 0.030576 0.711110 0.264939
v 0.029022 0.706038 0.264939
v 0.026634 0.701301 0.264939
v 0.023479 0.697036 0.264939
v 0.019649 0.693365 0.264939
v 0.015254 0.690394 0.264939
v 0.010420 0.688209 0.264939
v 0.005286 0.686872 0.264939
v 0.000000 0.693021 0.266547
v -0.004171 0.693376 0.266547
v -0.008222 0.694431 0.266547
v -0.012036 0.696155 0.266547
v -0.015504 0.698499 0.266547
v -0.018526 0.701395 0.266547
v -0.021015 0.704761 0.266547
v -0.022899 0.708498 0.266547
v -0.024125 0.712501 0.266547
v -0.024657 0.716653 0.266547
v -0.024479 0.720835 0.266547
v -0.023597 0.724927 0.266547
v -0.022036 0.728811 0.266547
v -0.019842 0.732375 0.266547
v -0.017076 0.735517 0.266547
v -0.013820 0.738147 0.266547
v -0.010165 0.740188 0.266547
v -0.006219 0.741583 0.266547
v -0.002093 0.742290 0.266547
v 0.002093 0.742290 0.266547
v 0.006219 0.741583 0.266547
v 0.010165 0.740188 0.266547
v 0.013820 0.738147 0.266547
v 0.017076 0.735517 0.266547
v 0.019842 0.732375 0.266547
v 0.022036 0.728811 0.266547
v 0.023597 0.724927 0.266547
v 0.024479 0.720835 0.266547
v 0.024657 0.716653 0.266547
v 0.024125 0.712501 0.266547
v 0.022899 0.708498 0.266547
v 0.021015 0.704761 0.266547
v 0.018526 0.701395 0.266547
v 0.015504 0.698499 0.266547
v 0.012036 0.696155 0.266547
v 0.008222 0.694431 0.266547
v 0.004171 0.693376 0.266547
v 0.000000 0.700003 0.267785
v -0.002991 0.700258 0.267785
v -0.005896 0.701014 0.267785
v -0.008631 0.702250 0.267785
v -0.011118 0.703931 0.267785
v -0.013285 0.706008 0.267785
v -0.015069 0.708421 0.267785
v -0.016421 0.711102 0.267785
v -0.017300 0.713972 0.267785
v -0.017681 0.716949 0.267785
v -0.017554 0.719948 0.267785
v -0.016921 0.722882 0.267785
v -0.015802 0.725667 0.267785
v -0.014228 0.728223 0.267785
v -0.012245 0.730476 0.267785
v -0.009910 0.732362 0.267785
v -0.007289 0.733826 0.267785
v -0.004459 0.734826 0.267785
v -0.001501 0.735333 0.267785
v 0.001501 0.735333 0.267785
v 0.004459 0.734826 0.267785
v 0.007289 0.733826 0.267785
v 0.009910 0.732362 0.267785
v 0.012245 0.730476 0.267785
v 0.014228 0.728223 0.267785
v 0.015802 0.725667 0.267785
v 0.016921 0.722882 0.267785
v 0.017554 0.719948 0.267785
v 0.017681 0.716949 0.267785
v 0.017300 0.713972 0.267785
v 0.016421 0.711102 0.267785
v 0.015069 0.708421 0.267785
v 0.013285 0.706008 0.267785
v 0.011118 0.703931 0.267785
v 0.008631 0.702250 0.267785
v 0.005896 0.701014 0.267785
v 0.002991 0.700258 0.267785
v 0.000000 0.707277 0.268617
v -0.001762 0.707427 0.268617
v -0.003472 0.707872 0.268617
v -0.005083 0.708600 0.268617
v -0.006548 0.709590 0.268617
v -0.007825 0.710814 0.268617
v -0.008876 0.712235 0.268617
v -0.009672 0.713814 0.268617
v -0.010189 0.715504 0.268617
v -0.010414 0.717258 0.268617
v -0.010339 0.719024 0.268617
v -0.009967 0.720752 0.268617
v -0.009307 0.722393 0.268617
v -0.008380 0.723898 0.268617
v -0.007212 0.725225 0.268617
v -0.005837 0.726336 0.268617
v -0.004293 0.727198 0.268617
v -0.002626 0.727787 0.268617
v -0.000884 0.728086 0.268617
v 0.000884 0.728086 0.268617
v 0.002626 0.727787 0.268617
v 0.004293 0.727198 0.268617
v 0.005837 0.726336 0.268617
v 0.007212 0.725225 0.268617
v 0.008380 0.723898 0.268617
v 0.009307 0.722393 0.268617
v 0.009967 0.720752 0.268617
v 0.010339 0.719024 0.268617
v 0.010414 0.717258 0.268617
v 0.010189 0.715504 0.268617
v 0.009672 0.713814 0.268617
v 0.008876 0.712235 0.268617
v 0.007825 0.710814 0.268617
v 0.006548 0.709590 0.268617
v 0.005083 0.708600 0.268617
v 0.003472 0.707872 0.268617
v 0.001762 0.707427 0.268617
v 0.193000 0.895000 -0.000169
v 0.192010 0.895000 -0.019695
v 0.000000 0.895000 -0.000169
v 0.192010 0.895000 0.019356
v 0.177359 0.895000 0.075941
v 0.184149 0.895000 0.057608
v 0.189049 0.895000 0.038681
v 0.146440 0.895000 0.125546
v 0.158407 0.895000 0.110086
v 0.168749 0.895000 0.093494
v 0.102090 0.895000 0.163619
v 0.118136 0.895000 0.152450
v 0.132971 0.895000 0.139716
v 0.048376 0.895000 0.186670
v 0.067030 0.895000 0.180817
v 0.084996 0.895000 0.173107
v -0.009775 0.895000 0.192583
v 0.009775 0.895000 0.192583
v 0.029226 0.895000 0.190605
v -0.067030 0.895000 0.180817
v -0.048376 0.895000 0.186670
v -0.029226 0.895000 0.190605
v -0.118136 0.895000 0.152450
v -0.102090 0.895000 0.163619
v -0.084996 0.895000 0.173107
v -0.158407 0.895000 0.110086
v -0.146440 0.895000 0.125546
v -0.132971 0.895000 0.139716
v -0.184149 0.895000 0.057608
v -0.177359 0.895000 0.075941
v -0.168749 0.895000 0.093494
v -0.193000 0.895000 -0.000169
v -0.192010 0.895000 0.019356
v -0.189049 0.895000 0.038681
v -0.184149 0.895000 -0.057946
v -0.189049 0.895000 -0.039020
v -0.192010 0.895000 -0.019695
v -0.158407 0.895000 -0.110424
v -0.168749 0.895000 -0.093833
v -0.177359 0.895000 -0.076280
v -0.118136 0.895000 -0.152789
v -0.132971 0.895000 -0.140054
v -0.146440 0.895000 -0.125884
v -0.067030 0.895000 -0.181155
v -0.084996 0.895000 -0.173446
v -0.102090 0.895000 -0.163958
v -0.009775 0.895000 -0.192922
v -0.029226 0.895000 -0.190944
v -0.048376 0.895000 -0.187008
v 0.048376 0.895000 -0.187008
v 0.029226 0.895000 -0.190944
v 0.009775 0.895000 -0.192922
v 0.102090 0.895000 -0.163958
v 0.084996 0.895000 -0.173446
v 0.067030 0.895000 -0.181155
v 0.146440 0.895000 -0.125884
v 0.132971 0.895000 -0.140054
v 0.118136 0.895000 -0.152789
v 0.177359 0.895000 -0.076280
v 0.168749 0.895000 -0.093833
v 0.158407 0.895000 -0.110424
v 0.189049 0.895000 -0.039020
v 0.184149 0.895000 -0.057946
v -0.032892 0.761780 0.193859
v -0.035354 0.759832 0.193394
v -0.035353 0.759832 0.211579
v 0.008065 0.663294 0.196653
v 0.009551 0.663536 0.211579
v 0.003929 0.662840 0.196789
v 0.000000 0.662700 0.211579
v 0.000000 0.662700 0.196831
v -0.009551 0.663536 0.211579
v -0.008722 0.663396 0.196623
v -0.002386 0.662752 0.196815
v -0.020657 0.666727 0.195664
v -0.018813 0.666018 0.195864
v -0.018811 0.666017 0.211579
v -0.014662 0.664690 0.196244
v -0.009551 0.663536 0.196582
v -0.026425 0.669464 0.194918
v -0.027500 0.670069 0.211579
v -0.027501 0.670069 0.194758
v -0.031240 0.672434 0.194152
v -0.035353 0.675568 0.211579
v -0.035354 0.675568 0.193394
v -0.042132 0.682347 0.211579
v -0.040900 0.680928 0.192217
v -0.036299 0.676379 0.193206
v -0.047631 0.690200 0.190546
v -0.047596 0.690138 0.190555
v -0.047631 0.690200 0.211579
v -0.044054 0.684772 0.191467
v -0.042132 0.682346 0.191931
v -0.050499 0.695910 0.189752
v -0.051683 0.698889 0.211579
v -0.051683 0.698888 0.189410
v -0.054164 0.708149 0.211579
v -0.053904 0.706773 0.188744
v -0.052287 0.700639 0.189231
v -0.054987 0.718876 0.188408
v -0.055000 0.717700 0.188404
v -0.055000 0.717700 0.211579
v -0.054806 0.713086 0.188465
v -0.054164 0.708148 0.188664
v -0.054492 0.725160 0.188563
v -0.054164 0.727251 0.211579
v -0.054164 0.727252 0.188664
v -0.053268 0.731394 0.188938
v -0.051683 0.736511 0.211579
v -0.051683 0.736512 0.189409
v -0.047631 0.745200 0.211579
v -0.048850 0.742971 0.190214
v -0.051437 0.737174 0.189481
v -0.042132 0.753053 0.191931
v -0.042260 0.752901 0.191901
v -0.042132 0.753053 0.211579
v -0.045582 0.748478 0.191083
v -0.047631 0.745201 0.190546
v -0.037857 0.757598 0.192884
v -0.028152 0.764949 0.194658
v -0.027500 0.765331 0.211579
v -0.027501 0.765331 0.194758
v -0.013843 0.770929 0.196308
v -0.018811 0.769383 0.211579
v -0.009552 0.771864 0.196582
v -0.009551 0.771864 0.211579
v -0.007631 0.772168 0.196672
v -0.016447 0.770183 0.196092
v -0.018813 0.769382 0.195864
v -0.022469 0.767901 0.195450
v -0.001294 0.772685 0.196826
v 0.000000 0.772700 0.211579
v 0.000000 0.772700 0.196831
v 0.004580 0.772509 0.196774
v 0.009551 0.771864 0.211579
v 0.009551 0.771864 0.196582
v 0.018811 0.769383 0.211579
v 0.016986 0.770011 0.196043
v 0.010831 0.771623 0.196511
v 0.028231 0.764902 0.194646
v 0.027501 0.765331 0.194758
v 0.027500 0.765331 0.211579
v 0.022587 0.767848 0.195435
v 0.018813 0.769383 0.195864
v 0.033540 0.761289 0.193740
v 0.035353 0.759832 0.211579
v 0.035354 0.759832 0.193394
v 0.037571 0.757868 0.192945
v 0.042132 0.753053 0.211579
v 0.042010 0.753198 0.191959
v 0.048411 0.743803 0.190335
v 0.047631 0.745201 0.190546
v 0.047631 0.745200 0.211579
v 0.045900 0.748002 0.191001
v 0.042132 0.753053 0.191931
v 0.051113 0.738009 0.189575
v 0.051683 0.736511 0.211579
v 0.051683 0.736513 0.189410
v 0.053132 0.731913 0.188979
v 0.054164 0.727251 0.211579
v 0.054164 0.727251 0.188664
v 0.055000 0.717700 0.211579
v 0.054934 0.720395 0.188425
v 0.054263 0.726671 0.188633
v 0.054143 0.708026 0.188671
v 0.054164 0.708149 0.188664
v 0.054164 0.708149 0.211579
v 0.054878 0.714036 0.188443
v 0.055000 0.717700 0.188404
v 0.052678 0.701889 0.189115
v 0.051683 0.698889 0.211579
v 0.051682 0.698887 0.189410
v 0.050500 0.695912 0.189751
v 0.047631 0.690200 0.211579
v 0.047913 0.690693 0.190470
v 0.042132 0.682347 0.211579
v 0.044454 0.685314 0.191368
v 0.047631 0.690200 0.190546
v 0.035354 0.675568 0.193394
v 0.036710 0.676744 0.193122
v 0.035353 0.675568 0.211579
v 0.040357 0.680333 0.192340
v 0.042132 0.682346 0.191931
v 0.018811 0.666017 0.211579
v 0.018813 0.666018 0.195864
v 0.027500 0.670069 0.211579
v 0.021667 0.667148 0.195547
v 0.026164 0.669322 0.194956
v 0.027501 0.670069 0.194758
v 0.031670 0.672733 0.194077
v 0.009445 0.663517 0.196587
v 0.009551 0.663536 0.196582
v 0.015677 0.664982 0.196160
v 0.026841 0.667563 0.192975
v 0.022227 0.665309 0.193560
v 0.016083 0.663065 0.194166
v 0.009689 0.661547 0.194590
v 0.008273 0.661316 0.194655
v 0.004031 0.660846 0.194789
v 0.000001 0.660700 0.194831
v 0.054040 0.701314 0.187193
v 0.051805 0.695120 0.187823
v 0.049151 0.689711 0.188535
v 0.045603 0.684137 0.189423
v 0.041400 0.678974 0.190385
v 0.032489 0.671098 0.192105
v 0.027779 0.668087 0.192842
v 0.037658 0.675255 0.191160
v 0.056296 0.713903 0.186528
v 0.055542 0.707674 0.186753
v 0.055024 0.705093 0.186907
v 0.028961 0.766618 0.192668
v 0.034407 0.762874 0.191771
v 0.054938 0.893000 0.186932
v 0.038541 0.759328 0.190984
v 0.043096 0.754489 0.190009
v 0.047086 0.749104 0.189061
v 0.049662 0.744752 0.188401
v 0.052434 0.738747 0.187649
v 0.056354 0.720493 0.186510
v 0.081006 0.893000 0.177209
v 0.055666 0.726998 0.186717
v 0.067725 0.893000 0.182692
v 0.054999 0.730419 0.186914
v 0.054505 0.732429 0.187058
v 0.048877 0.893000 0.188606
v 0.029528 0.893000 0.192582
v 0.027780 0.767312 0.192842
v 0.027751 0.893000 0.192846
v 0.023171 0.769671 0.193449
v 0.017425 0.771914 0.194051
v -0.027751 0.893000 0.192846
v -0.023050 0.769726 0.193464
v -0.016872 0.772092 0.194099
v -0.014201 0.772865 0.194313
v -0.007828 0.774149 0.194674
v -0.009877 0.893000 0.194580
v -0.001327 0.774684 0.194826
v 0.000000 0.893000 0.194831
v 0.000002 0.774700 0.194831
v 0.009877 0.893000 0.194580
v 0.004698 0.774502 0.194774
v 0.011110 0.773584 0.194514
v -0.052766 0.737882 0.187556
v -0.050113 0.743890 0.188282
v -0.054938 0.893000 0.186932
v -0.046760 0.749597 0.189141
v -0.043352 0.754181 0.189951
v -0.038836 0.759049 0.190924
v -0.029528 0.893000 0.192582
v -0.028880 0.766667 0.192680
v -0.027779 0.767313 0.192842
v -0.033742 0.763383 0.191889
v -0.048877 0.893000 0.188606
v -0.056222 0.712918 0.186550
v -0.056408 0.718919 0.186494
v -0.081006 0.893000 0.177209
v -0.055900 0.725431 0.186647
v -0.067725 0.893000 0.182692
v -0.055004 0.730397 0.186913
v -0.054645 0.731892 0.187018
v -0.027769 0.668082 0.192843
v -0.032047 0.670788 0.192179
v -0.037237 0.674877 0.191242
v -0.041957 0.679591 0.190263
v -0.045193 0.683575 0.189522
v -0.048826 0.689136 0.188619
v -0.051805 0.695118 0.187824
v -0.053638 0.700019 0.187309
v -0.054999 0.704982 0.186914
v -0.055297 0.706375 0.186826
v -0.015041 0.662763 0.194250
v -0.021191 0.664873 0.193676
v -0.002447 0.660754 0.194815
v -0.008947 0.661421 0.194625
v -0.027108 0.667710 0.192937
v 0.085877 0.893000 0.174903
v 0.103148 0.893000 0.165316
v 0.105425 0.893000 0.163875
v 0.119361 0.893000 0.154032
v 0.127698 0.893000 0.147202
v 0.134349 0.893000 0.141165
v 0.147371 0.893000 0.127529
v 0.147958 0.893000 0.126848
v 0.160049 0.893000 0.111228
v 0.164044 0.893000 0.105256
v 0.170498 0.893000 0.094465
v 0.177378 0.893000 0.080837
v 0.179197 0.893000 0.076730
v 0.186057 0.893000 0.058207
v 0.187101 0.893000 0.054769
v 0.191008 0.893000 0.039084
v 0.193015 0.893000 0.027582
v 0.194000 0.893000 0.019559
v 0.195000 0.893000 -0.000169
v 0.194000 0.893000 -0.019897
v 0.193015 0.893000 -0.027921
v 0.191008 0.893000 -0.039422
v 0.187101 0.893000 -0.055107
v 0.186057 0.893000 -0.058545
v 0.179197 0.893000 -0.077069
v 0.177378 0.893000 -0.081175
v 0.170498 0.893000 -0.094803
v 0.164044 0.893000 -0.105594
v 0.160049 0.893000 -0.111567
v 0.147958 0.893000 -0.127187
v 0.147371 0.893000 -0.127867
v 0.134349 0.893000 -0.141504
v 0.127698 0.893000 -0.147540
v 0.119361 0.893000 -0.154371
v 0.105425 0.893000 -0.164214
v 0.103148 0.893000 -0.165655
v 0.085877 0.893000 -0.175241
v 0.081006 0.893000 -0.177547
v 0.067725 0.893000 -0.183031
v 0.054938 0.893000 -0.187270
v 0.048877 0.893000 -0.188944
v 0.029528 0.893000 -0.192921
v 0.027751 0.893000 -0.193184
v 0.009877 0.893000 -0.194919
v 0.000000 0.893000 -0.195169
v -0.009877 0.893000 -0.194919
v -0.027751 0.893000 -0.193184
v -0.029528 0.893000 -0.192921
v -0.048877 0.893000 -0.188944
v -0.054938 0.893000 -0.187270
v -0.067725 0.893000 -0.183031
v -0.081006 0.893000 -0.177547
v -0.085877 0.893000 -0.175241
v -0.103148 0.893000 -0.165655
v -0.105425 0.893000 -0.164214
v -0.119361 0.893000 -0.154371
v -0.127698 0.893000 -0.147540
v -0.134349 0.893000 -0.141504
v -0.147371 0.893000 -0.127867
v -0.147958 0.893000 -0.127187
v -0.160049 0.893000 -0.111567
v -0.164044 0.893000 -0.105594
v -0.170498 0.893000 -0.094803
v -0.177378 0.893000 -0.081175
v -0.179197 0.893000 -0.077069
v -0.186057 0.893000 -0.058545
v -0.187101 0.893000 -0.055107
v -0.191008 0.893000 -0.039422
v -0.193015 0.893000 -0.027921
v -0.194000 0.893000 -0.019897
v -0.195000 0.893000 -0.000169
v -0.194000 0.893000 0.019559
v -0.193015 0.893000 0.027582
v -0.191008 0.893000 0.039084
v -0.187101 0.893000 0.054769
v -0.186057 0.893000 0.058207
v -0.179197 0.893000 0.076730
v -0.177378 0.893000 0.080837
v -0.170498 0.893000 0.094465
v -0.164044 0.893000 0.105256
v -0.160049 0.893000 0.111228
v -0.147958 0.893000 0.126848
v -0.147371 0.893000 0.127529
v -0.134349 0.893000 0.141165
v -0.127698 0.893000 0.147202
v -0.119361 0.893000 0.154032
v -0.105425 0.893000 0.163875
v -0.103148 0.893000 0.165316
v -0.085877 0.893000 0.174903
v 0.010487 0.041315 -0.115387
v 0.012162 0.041589 -0.115606
v 0.012157 0.041588 -0.113881
v -0.035008 0.049907 -0.120426
v -0.035001 0.049903 -0.122054
v -0.034920 0.049857 -0.122019
v -0.030782 0.047656 -0.120346
v -0.033348 0.048979 -0.119713
v -0.034036 0.049356 -0.120004
v 0.004047 0.040642 -0.114848
v 0.005973 0.040780 -0.113225
v 0.004661 0.040680 -0.113144
v 0.001031 0.040532 -0.114760
v 0.000001 0.040525 -0.113017
v -0.000001 0.040525 -0.114754
v -0.001804 0.040548 -0.113036
v -0.005537 0.040744 -0.114930
v -0.008251 0.041013 -0.113415
v -0.012015 0.041563 -0.115585
v -0.012163 0.041589 -0.113882
v -0.012156 0.041588 -0.115605
v -0.014664 0.042078 -0.114277
v -0.018110 0.042908 -0.116652
v -0.021324 0.043851 -0.115699
v -0.023946 0.044748 -0.118097
v -0.023954 0.044751 -0.116413
v -0.024562 0.044975 -0.118275
v -0.027453 0.046132 -0.117502
v -0.030834 0.047681 -0.118710
v 0.023046 0.044427 -0.117847
v 0.023939 0.044745 -0.116408
v 0.016824 0.042576 -0.116390
v 0.018928 0.043132 -0.115124
v 0.012517 0.041653 -0.113934
v 0.023942 0.044746 -0.118096
v 0.024191 0.044837 -0.118167
v 0.030270 0.047408 -0.118498
v 0.030365 0.047453 -0.120190
v 0.035010 0.049908 -0.120427
v 0.035009 0.049908 -0.122058
v 0.036312 0.050679 -0.121015
v 0.036227 0.050628 -0.122600
v 0.040256 0.053258 -0.122963
v 0.041771 0.054353 -0.125369
v 0.045002 0.056907 -0.125669
v 0.045006 0.056910 -0.127235
v 0.045911 0.057684 -0.126237
v 0.047105 0.058745 -0.128557
v 0.051075 0.062656 -0.129816
v 0.052041 0.063708 -0.132067
v 0.053629 0.065536 -0.131845
v 0.053629 0.065537 -0.133336
v 0.055180 0.067453 -0.133178
v 0.056455 0.069138 -0.135802
v 0.059407 0.073501 -0.137299
v 0.060331 0.075026 -0.139740
v 0.060625 0.075529 -0.138653
v 0.060622 0.075525 -0.140070
v 0.062956 0.079921 -0.141541
v 0.062467 0.078935 -0.142295
v 0.065779 0.086583 -0.145814
v 0.065417 0.085613 -0.146555
v 0.065779 0.086584 -0.147164
v 0.065814 0.086682 -0.145877
v 0.066406 0.088383 -0.146947
v 0.068363 0.095472 -0.151327
v 0.067658 0.092570 -0.150866
v 0.068936 0.098367 -0.153079
v 0.068936 0.098368 -0.154366
v 0.069172 0.099790 -0.155212
v 0.069558 0.102668 -0.155646
v 0.069533 0.102450 -0.156783
v 0.069998 0.109946 -0.159896
v 0.069996 0.109766 -0.161025
v 0.070000 0.110523 -0.160228
v 0.070000 0.110522 -0.161457
v 0.069876 0.114689 -0.162606
v 0.069691 0.117094 -0.165164
v 0.069082 0.121821 -0.166598
v 0.068938 0.122674 -0.168248
v 0.068937 0.122676 -0.167070
v 0.068610 0.124407 -0.169194
v 0.067573 0.128799 -0.170412
v 0.067758 0.128097 -0.171192
v 0.065780 0.134461 -0.173446
v 0.065779 0.134463 -0.174584
v 0.065355 0.135600 -0.174050
v 0.065580 0.135005 -0.174869
v 0.062783 0.141481 -0.177136
v 0.062692 0.141665 -0.178343
v 0.060627 0.145516 -0.179222
v 0.060627 0.145515 -0.180321
v 0.059357 0.147629 -0.180304
v 0.059092 0.148050 -0.181611
v 0.058308 0.149257 -0.182223
v 0.055349 0.153379 -0.183219
v 0.054055 0.155000 -0.185103
v 0.053630 0.155512 -0.184288
v 0.053626 0.155517 -0.185360
v 0.050770 0.158716 -0.185882
v 0.049221 0.160297 -0.187720
v 0.046037 0.163256 -0.188119
v 0.045000 0.164143 -0.189599
v 0.045000 0.164144 -0.188553
v 0.043966 0.164995 -0.190012
v 0.040550 0.167583 -0.190226
v 0.038235 0.169160 -0.192020
v 0.035002 0.171145 -0.191943
v 0.035008 0.171142 -0.192969
v 0.034669 0.171337 -0.192035
v 0.032063 0.172750 -0.193735
v 0.028407 0.174502 -0.193547
v 0.025505 0.175713 -0.195138
v 0.027397 0.174941 -0.193756
v 0.023947 0.176301 -0.194402
v 0.023945 0.176302 -0.195416
v 0.020829 0.177354 -0.194900
v 0.018849 0.177939 -0.196186
v 0.014087 0.179092 -0.195720
v 0.012156 0.179461 -0.196900
v 0.012158 0.179461 -0.195893
v 0.011948 0.179497 -0.196917
v 0.010866 0.179676 -0.197000
v 0.007189 0.180154 -0.196219
v 0.003918 0.180415 -0.197345
v 0.005460 0.180311 -0.196293
v -0.056761 0.151491 -0.182267
v -0.060564 0.145625 -0.180377
v -0.060622 0.145524 -0.179226
v -0.060622 0.145524 -0.180325
v -0.060664 0.145452 -0.179189
v 0.000000 0.180525 -0.196393
v 0.000000 0.180525 -0.197397
v -0.001581 0.180507 -0.196384
v -0.003069 0.180457 -0.197365
v -0.008549 0.180001 -0.196147
v -0.010081 0.179795 -0.197056
v -0.012159 0.179461 -0.195893
v -0.012156 0.179461 -0.196900
v -0.015434 0.178802 -0.195583
v -0.012878 0.179330 -0.196838
v -0.016236 0.178616 -0.195495
v -0.019664 0.177706 -0.196077
v -0.023034 0.176626 -0.194556
v -0.023946 0.176301 -0.195416
v -0.023944 0.176302 -0.194402
v -0.026239 0.175421 -0.195000
v -0.029544 0.173984 -0.193301
v -0.032585 0.172478 -0.193605
v -0.035003 0.171144 -0.191943
v -0.035004 0.171144 -0.192970
v -0.035815 0.170668 -0.191714
v -0.036851 0.170039 -0.192441
v -0.041768 0.166698 -0.189797
v -0.042609 0.166062 -0.190529
v -0.045003 0.164141 -0.188552
v -0.045003 0.164141 -0.189597
v -0.047242 0.162179 -0.187591
v -0.047924 0.161547 -0.188333
v -0.052221 0.157140 -0.185100
v -0.052780 0.156506 -0.185851
v -0.053630 0.155512 -0.184288
v -0.053627 0.155515 -0.185359
v -0.056711 0.151559 -0.183383
v -0.064132 0.138580 -0.175621
v -0.063788 0.139353 -0.177145
v -0.065782 0.134456 -0.173444
v -0.065781 0.134459 -0.174581
v -0.066717 0.131709 -0.171979
v -0.066375 0.132760 -0.173683
v -0.068558 0.124661 -0.168161
v -0.068033 0.127002 -0.170601
v -0.068938 0.122672 -0.168247
v -0.068938 0.122673 -0.167068
v -0.069366 0.119922 -0.166734
v -0.069655 0.117462 -0.164169
v -0.069965 0.112752 -0.162724
v -0.040875 0.053698 -0.124887
v -0.039881 0.052996 -0.122767
v -0.045004 0.056909 -0.127234
v -0.044998 0.056903 -0.125666
v -0.046406 0.058118 -0.128107
v -0.045296 0.057155 -0.125850
v -0.050477 0.062026 -0.130888
v -0.050277 0.061819 -0.129220
v -0.053630 0.065538 -0.133337
v -0.053629 0.065536 -0.131845
v -0.055274 0.067573 -0.134737
v -0.054810 0.066983 -0.132852
v -0.058550 0.072159 -0.137837
v -0.057978 0.071300 -0.135814
v -0.059445 0.073561 -0.138771
v -0.060625 0.075530 -0.138653
v -0.060625 0.075530 -0.140073
v -0.061715 0.077490 -0.139950
v -0.063320 0.080682 -0.143422
v -0.064794 0.084035 -0.144195
v -0.065779 0.086584 -0.147165
v -0.065779 0.086585 -0.145815
v -0.066119 0.087539 -0.147761
v -0.067199 0.090922 -0.148531
v -0.068161 0.094586 -0.152092
v -0.068009 0.093947 -0.150395
v -0.068936 0.098367 -0.154365
v -0.068936 0.098367 -0.153079
v -0.069454 0.101799 -0.156400
v -0.069371 0.101165 -0.154754
v -0.069820 0.105513 -0.158573
v -0.069970 0.108491 -0.159055
v -0.070000 0.110520 -0.161456
v -0.070000 0.110519 -0.160226
v -0.069794 0.115896 -0.163288
v 0.019215 0.000963 0.003715
v 0.019506 0.000963 0.001783
v 0.000000 0.000000 -0.000169
v 0.018732 0.000963 0.005609
v 0.018064 0.000963 0.007445
v 0.017216 0.000963 0.009206
v 0.016197 0.000963 0.010874
v 0.015017 0.000963 0.012432
v 0.013688 0.000963 0.013864
v 0.012223 0.000963 0.015157
v 0.010636 0.000963 0.016298
v 0.008943 0.000963 0.017275
v 0.007162 0.000963 0.018079
v 0.005309 0.000963 0.018701
v 0.003404 0.000963 0.019136
v 0.001465 0.000963 0.019379
v -0.000489 0.000963 0.019428
v -0.002438 0.000963 0.019282
v -0.004362 0.000963 0.018943
v -0.006243 0.000963 0.018413
v -0.008063 0.000963 0.017699
v -0.009802 0.000963 0.016808
v -0.011443 0.000963 0.015748
v -0.012971 0.000963 0.014529
v -0.014370 0.000963 0.013164
v -0.015627 0.000963 0.011667
v -0.016727 0.000963 0.010053
v -0.017662 0.000963 0.008336
v -0.018421 0.000963 0.006536
v -0.018997 0.000963 0.004668
v -0.019384 0.000963 0.002752
v -0.019579 0.000963 0.000808
v -0.019579 0.000963 -0.001146
v -0.019384 0.000963 -0.003091
v -0.018997 0.000963 -0.005007
v -0.018421 0.000963 -0.006874
v -0.017662 0.000963 -0.008675
v -0.016727 0.000963 -0.010391
v -0.015627 0.000963 -0.012006
v -0.014370 0.000963 -0.013503
v -0.012971 0.000963 -0.014868
v -0.011443 0.000963 -0.016086
v -0.009802 0.000963 -0.017146
v -0.008063 0.000963 -0.018038
v -0.006243 0.000963 -0.018752
v -0.004362 0.000963 -0.019281
v -0.002438 0.000963 -0.019621
v -0.000489 0.000963 -0.019767
v 0.001465 0.000963 -0.019718
v 0.003404 0.000963 -0.019475
v 0.005309 0.000963 -0.019040
v 0.007162 0.000963 -0.018418
v 0.008943 0.000963 -0.017614
v 0.010636 0.000963 -0.016637
v 0.012223 0.000963 -0.015496
v 0.013688 0.000963 -0.014203
v 0.015017 0.000963 -0.012770
v 0.016197 0.000963 -0.011212
v 0.017216 0.000963 -0.009545
v 0.018064 0.000963 -0.007784
v 0.018732 0.000963 -0.005947
v 0.019215 0.000963 -0.004054
v 0.019506 0.000963 -0.002121
v 0.019603 0.000963 -0.000169
v -0.072160 0.100556 -0.157978
v -0.072541 0.104414 -0.160173
v -0.088192 0.105721 -0.152922
v -0.072069 0.119384 -0.168417
v -0.070684 0.126741 -0.172323
v -0.075996 0.123463 -0.168594
v -0.062923 0.146089 -0.182197
v -0.062473 0.160982 -0.186112
v -0.080677 0.160982 -0.178968
v 0.064901 0.076801 -0.143731
v 0.062682 0.072739 -0.141150
v 0.070531 0.073121 -0.137745
v 0.058654 0.066621 -0.137172
v 0.054068 0.060980 -0.133399
v 0.064518 0.058579 -0.126016
v -0.052443 0.059233 -0.132208
v -0.057427 0.064996 -0.136096
v -0.058165 0.058579 -0.129076
v -0.060831 0.069760 -0.139227
v -0.061761 0.071217 -0.140171
v -0.048214 0.055172 -0.129399
v -0.052184 0.045398 -0.115820
v -0.042468 0.050580 -0.126147
v -0.040409 0.045398 -0.120441
v -0.036281 0.046589 -0.123250
v -0.031982 0.044303 -0.121559
v -0.035388 0.033706 -0.105497
v -0.025519 0.041518 -0.119468
v -0.024725 0.033706 -0.108497
v -0.018815 0.039369 -0.117829
v -0.012483 0.037973 -0.116751
v 0.001072 0.036901 -0.115918
v -0.005752 0.037121 -0.116089
v -0.002770 0.033706 -0.111249
v -0.013816 0.033706 -0.110421
v 0.004205 0.037015 -0.116006
v 0.008304 0.033706 -0.110973
v 0.010896 0.037714 -0.116551
v 0.017480 0.039025 -0.117564
v 0.019295 0.033706 -0.109595
v 0.023944 0.040948 -0.119036
v 0.025134 0.041374 -0.119359
v 0.030094 0.033706 -0.107130
v 0.031548 0.044092 -0.121403
v 0.048940 0.055823 -0.129854
v 0.043398 0.051261 -0.126634
v 0.046354 0.045398 -0.118277
v 0.037639 0.047391 -0.123837
v 0.034364 0.045398 -0.122306
v 0.071867 0.098468 -0.156778
v 0.070294 0.090967 -0.152388
v 0.075865 0.088886 -0.148150
v 0.067966 0.083739 -0.148034
v 0.072406 0.116447 -0.166831
v 0.072723 0.108833 -0.162650
v 0.080468 0.105721 -0.157129
v 0.072242 0.101232 -0.158365
v 0.070398 0.127878 -0.172919
v 0.071283 0.124044 -0.170901
v 0.084297 0.123463 -0.164596
v 0.061394 0.148608 -0.183444
v 0.065135 0.141974 -0.180143
v 0.069922 0.141943 -0.178327
v 0.068135 0.135055 -0.176634
v 0.087313 0.141943 -0.170480
v 0.045679 0.166213 -0.191929
v 0.051139 0.161332 -0.189615
v 0.053127 0.160982 -0.188995
v 0.056161 0.155829 -0.186971
v 0.071664 0.160982 -0.182767
v 0.060579 0.149863 -0.184062
v 0.026498 0.177349 -0.197108
v 0.034562 0.180397 -0.196182
v 0.019584 0.179662 -0.198166
v 0.016354 0.180486 -0.198542
v 0.053907 0.180397 -0.191767
v 0.039725 0.170540 -0.193958
v 0.033312 0.174270 -0.195690
v -0.004986 0.200000 -0.200107
v -0.004973 0.182178 -0.199312
v -0.003188 0.182278 -0.199357
v 0.014946 0.200000 -0.199610
v 0.004070 0.182234 -0.199337
v 0.011290 0.181466 -0.198988
v -0.013380 0.181107 -0.198825
v -0.024749 0.180397 -0.197662
v -0.020430 0.179420 -0.198056
v -0.027261 0.177046 -0.196968
v -0.033854 0.173988 -0.195559
v -0.044290 0.180397 -0.194216
v -0.038287 0.171454 -0.194384
v -0.058921 0.152254 -0.185233
v -0.054836 0.157394 -0.187726
v -0.049791 0.162631 -0.190234
v -0.065132 0.141979 -0.180145
v -0.078715 0.141943 -0.174621
v -0.066273 0.139572 -0.178932
v -0.068961 0.132723 -0.175435
v -0.068695 0.085740 -0.149252
v -0.069709 0.088885 -0.151147
v -0.083147 0.088886 -0.144184
v -0.070817 0.093061 -0.153626
v -0.077301 0.073121 -0.134059
v -0.063586 0.073121 -0.141090
v -0.065787 0.078616 -0.144869
v 0.199513 0.200000 -0.014121
v 0.198048 0.180397 -0.019987
v 0.199037 0.180397 -0.000169
v 0.199006 0.200000 -0.020083
v 0.196035 0.200000 -0.039798
v 0.195091 0.180397 -0.039608
v 0.195630 0.200000 -0.041752
v 0.190194 0.180397 -0.058836
v 0.191115 0.200000 -0.059120
v 0.187939 0.200000 -0.068573
v 0.183408 0.180397 -0.077482
v 0.184295 0.200000 -0.077856
v 0.176590 0.200000 -0.094064
v 0.174799 0.180397 -0.095359
v 0.175644 0.200000 -0.095820
v 0.165248 0.200000 -0.112833
v 0.164452 0.180397 -0.112291
v 0.161803 0.200000 -0.117726
v 0.152471 0.180397 -0.128108
v 0.153209 0.200000 -0.128727
v 0.143868 0.200000 -0.139101
v 0.138975 0.180397 -0.142653
v 0.139647 0.200000 -0.143343
v 0.124698 0.200000 -0.156536
v 0.124097 0.180397 -0.155783
v 0.123132 0.200000 -0.157771
v 0.107987 0.180397 -0.167365
v 0.108509 0.200000 -0.168174
v 0.100000 0.200000 -0.173374
v 0.090803 0.180397 -0.177287
v 0.091242 0.200000 -0.178144
v 0.074921 0.200000 -0.185606
v 0.072716 0.180397 -0.185448
v 0.012414 0.181281 -0.198904
v 0.014895 0.180806 -0.198688
v 0.020906 0.200000 -0.199074
v 0.034730 0.200000 -0.197131
v 0.048384 0.200000 -0.194228
v 0.054168 0.200000 -0.192694
v 0.073068 0.200000 -0.186344
v -0.010474 0.181590 -0.199045
v -0.006980 0.200000 -0.200047
v -0.024869 0.200000 -0.198617
v -0.034730 0.200000 -0.197131
v -0.044504 0.200000 -0.195155
v -0.061803 0.200000 -0.190381
v -0.063391 0.180397 -0.188842
v -0.063697 0.200000 -0.189755
v -0.082257 0.200000 -0.182470
v -0.081861 0.180397 -0.181593
v -0.087674 0.200000 -0.179928
v -0.099518 0.180397 -0.172540
v -0.100000 0.200000 -0.173374
v -0.111839 0.200000 -0.165977
v -0.116187 0.180397 -0.161775
v -0.116749 0.200000 -0.162557
v -0.132337 0.200000 -0.150125
v -0.131700 0.180397 -0.149403
v -0.133826 0.200000 -0.148798
v -0.145904 0.180397 -0.135549
v -0.146610 0.200000 -0.136204
v -0.153209 0.200000 -0.128727
v -0.158659 0.180397 -0.120349
v -0.159427 0.200000 -0.120930
v -0.169610 0.200000 -0.106153
v -0.169836 0.180397 -0.103954
v -0.170658 0.200000 -0.104456
v -0.180194 0.200000 -0.086946
v -0.179326 0.180397 -0.086528
v -0.182709 0.200000 -0.081517
v -0.187034 0.180397 -0.068244
v -0.187939 0.200000 -0.068573
v -0.192252 0.200000 -0.055297
v -0.192882 0.180397 -0.049283
v -0.193815 0.200000 -0.049521
v -0.197766 0.200000 -0.029978
v -0.196814 0.180397 -0.029834
v -0.198054 0.200000 -0.028004
v -0.198790 0.180397 -0.010090
v -0.199751 0.200000 -0.010138
v -0.200000 0.200000 -0.000169
v -0.198790 0.180397 0.009752
v -0.199751 0.200000 0.009800
v -0.198054 0.200000 0.027665
v -0.196814 0.180397 0.029496
v -0.197766 0.200000 0.029639
v -0.193815 0.200000 0.049182
v -0.192882 0.180397 0.048945
v -0.192252 0.200000 0.054958
v -0.187034 0.180397 0.067905
v -0.187939 0.200000 0.068235
v -0.182709 0.200000 0.081178
v -0.179326 0.180397 0.086190
v -0.180194 0.200000 0.086607
v -0.170658 0.200000 0.104118
v -0.169836 0.180397 0.103616
v -0.169610 0.200000 0.105815
v -0.158659 0.180397 0.120010
v -0.159427 0.200000 0.120592
v -0.153209 0.200000 0.128388
v -0.145904 0.180397 0.135210
v -0.146610 0.200000 0.135865
v -0.133826 0.200000 0.148460
v -0.131700 0.180397 0.149065
v -0.132337 0.200000 0.149787
v -0.116749 0.200000 0.162218
v -0.116187 0.180397 0.161436
v -0.111839 0.200000 0.165638
v -0.099518 0.180397 0.172202
v -0.100000 0.200000 0.173036
v -0.087674 0.200000 0.179590
v -0.081861 0.180397 0.181254
v -0.082257 0.200000 0.182132
v -0.063697 0.200000 0.189416
v -0.063391 0.180397 0.188503
v -0.061803 0.200000 0.190042
v -0.044290 0.180397 0.193877
v -0.044504 0.200000 0.194816
v -0.034730 0.200000 0.196792
v -0.024749 0.180397 0.197323
v -0.024869 0.200000 0.198279
v -0.006980 0.200000 0.199709
v -0.004962 0.180397 0.198806
v -0.004986 0.200000 0.199769
v 0.014946 0.200000 0.199271
v 0.014874 0.180397 0.198311
v 0.020906 0.200000 0.198735
v 0.034562 0.180397 0.195844
v 0.034730 0.200000 0.196792
v 0.048384 0.200000 0.193890
v 0.053907 0.180397 0.191429
v 0.054168 0.200000 0.192356
v 0.073068 0.200000 0.186006
v 0.072716 0.180397 0.185109
v 0.074921 0.200000 0.185268
v 0.090803 0.180397 0.176948
v 0.091242 0.200000 0.177805
v 0.100000 0.200000 0.173036
v 0.107987 0.180397 0.167027
v 0.108509 0.200000 0.167836
v 0.123132 0.200000 0.157433
v 0.124097 0.180397 0.155444
v 0.124698 0.200000 0.156197
v 0.139647 0.200000 0.143004
v 0.138975 0.180397 0.142315
v 0.143868 0.200000 0.138762
v 0.152471 0.180397 0.127769
v 0.153209 0.200000 0.128388
v 0.161803 0.200000 0.117388
v 0.164452 0.180397 0.111952
v 0.165248 0.200000 0.112495
v 0.175644 0.200000 0.095482
v 0.174799 0.180397 0.095021
v 0.176590 0.200000 0.093725
v 0.183408 0.180397 0.077144
v 0.184295 0.200000 0.077518
v 0.187939 0.200000 0.068235
v 0.190194 0.180397 0.058498
v 0.191115 0.200000 0.058782
v 0.195630 0.200000 0.041413
v 0.195091 0.180397 0.039269
v 0.196035 0.200000 0.039460
v 0.199006 0.200000 0.019744
v 0.198048 0.180397 0.019648
v 0.199513 0.200000 0.013782
v 0.200000 0.200000 -0.000169
v 0.089489 0.160982 -0.174724
v 0.106424 0.160982 -0.164946
v 0.122302 0.160982 -0.153531
v 0.136964 0.160982 -0.140592
v 0.150265 0.160982 -0.126257
v 0.162073 0.160982 -0.110668
v 0.172269 0.160982 -0.093982
v 0.180754 0.160982 -0.076363
v 0.187442 0.160982 -0.057988
v 0.192268 0.160982 -0.039037
v 0.195182 0.160982 -0.019700
v 0.196157 0.160982 -0.000169
v 0.195182 0.160982 0.019362
v 0.192268 0.160982 0.038699
v 0.187442 0.160982 0.057649
v 0.180754 0.160982 0.076025
v 0.172269 0.160982 0.093644
v 0.162073 0.160982 0.110330
v 0.150265 0.160982 0.125918
v 0.136964 0.160982 0.140253
v 0.122302 0.160982 0.153193
v 0.106424 0.160982 0.164608
v 0.089489 0.160982 0.174385
v 0.071664 0.160982 0.182428
v 0.053127 0.160982 0.188656
v 0.034062 0.160982 0.193008
v 0.014659 0.160982 0.195439
v -0.004890 0.160982 0.195927
v -0.024391 0.160982 0.194465
v -0.043649 0.160982 0.191070
v -0.062473 0.160982 0.185773
v -0.080677 0.160982 0.178629
v -0.098079 0.160982 0.169708
v -0.114505 0.160982 0.159098
v -0.129794 0.160982 0.146906
v -0.143793 0.160982 0.133251
v -0.156363 0.160982 0.118271
v -0.167379 0.160982 0.102114
v -0.176731 0.160982 0.084940
v -0.184327 0.160982 0.066920
v -0.190091 0.160982 0.048234
v -0.193966 0.160982 0.029066
v -0.195913 0.160982 0.009608
v -0.195913 0.160982 -0.009947
v -0.193966 0.160982 -0.029405
v -0.190091 0.160982 -0.048572
v -0.184327 0.160982 -0.067259
v -0.176731 0.160982 -0.085279
v -0.167379 0.160982 -0.102452
v -0.156363 0.160982 -0.118610
v -0.143793 0.160982 -0.133590
v -0.129794 0.160982 -0.147244
v -0.114505 0.160982 -0.159437
v -0.098079 0.160982 -0.170046
v -0.044269 0.167322 -0.192451
v 0.103837 0.141943 -0.160940
v 0.119328 0.141943 -0.149802
v 0.133634 0.141943 -0.137178
v 0.146612 0.141943 -0.123191
v 0.158132 0.141943 -0.107982
v 0.168081 0.141943 -0.091701
v 0.176360 0.141943 -0.074511
v 0.182885 0.141943 -0.056582
v 0.187593 0.141943 -0.038092
v 0.190437 0.141943 -0.019225
v 0.191388 0.141943 -0.000169
v 0.190437 0.141943 0.018887
v 0.187593 0.141943 0.037754
v 0.182885 0.141943 0.056243
v 0.176360 0.141943 0.074173
v 0.168081 0.141943 0.091363
v 0.158132 0.141943 0.107643
v 0.146612 0.141943 0.122853
v 0.133634 0.141943 0.136839
v 0.119328 0.141943 0.149464
v 0.103837 0.141943 0.160602
v 0.087313 0.141943 0.170142
v 0.069922 0.141943 0.177989
v 0.051836 0.141943 0.184066
v 0.033234 0.141943 0.188311
v 0.014302 0.141943 0.190684
v -0.004771 0.141943 0.191159
v -0.023798 0.141943 0.189733
v -0.042588 0.141943 0.186420
v -0.060955 0.141943 0.181253
v -0.078715 0.141943 0.174282
v -0.095694 0.141943 0.165578
v -0.111722 0.141943 0.155226
v -0.126639 0.141943 0.143330
v -0.140297 0.141943 0.130008
v -0.152562 0.141943 0.115392
v -0.163310 0.141943 0.099627
v -0.172435 0.141943 0.082871
v -0.179846 0.141943 0.065289
v -0.185470 0.141943 0.047057
v -0.189250 0.141943 0.028356
v -0.191150 0.141943 0.009371
v -0.191150 0.141943 -0.009709
v -0.189250 0.141943 -0.028694
v -0.185470 0.141943 -0.047396
v -0.179846 0.141943 -0.065628
v -0.172435 0.141943 -0.083209
v -0.163310 0.141943 -0.099966
v -0.152562 0.141943 -0.115730
v -0.140297 0.141943 -0.130346
v -0.126639 0.141943 -0.143668
v -0.111722 0.141943 -0.155564
v -0.095694 0.141943 -0.165916
v 0.100249 0.123463 -0.155386
v 0.115206 0.123463 -0.144633
v 0.129017 0.123463 -0.132444
v 0.141547 0.123463 -0.118941
v 0.152669 0.123463 -0.104257
v 0.162274 0.123463 -0.088539
v 0.170267 0.123463 -0.071943
v 0.176567 0.123463 -0.054633
v 0.181112 0.123463 -0.036782
v 0.183858 0.123463 -0.018567
v 0.184776 0.123463 -0.000169
v 0.183858 0.123463 0.018228
v 0.181112 0.123463 0.036443
v 0.176567 0.123463 0.054294
v 0.170267 0.123463 0.071604
v 0.162274 0.123463 0.088201
v 0.152669 0.123463 0.103919
v 0.141547 0.123463 0.118602
v 0.129017 0.123463 0.132106
v 0.115206 0.123463 0.144294
v 0.100249 0.123463 0.155047
v 0.084297 0.123463 0.164258
v 0.067506 0.123463 0.171834
v 0.050045 0.123463 0.177700
v 0.032086 0.123463 0.181799
v 0.013808 0.123463 0.184090
v -0.004607 0.123463 0.184549
v -0.022976 0.123463 0.183173
v -0.041117 0.123463 0.179974
v -0.058849 0.123463 0.174985
v -0.075996 0.123463 0.168255
v -0.092388 0.123463 0.159851
v -0.107862 0.123463 0.149857
v -0.122264 0.123463 0.138372
v -0.135450 0.123463 0.125510
v -0.147291 0.123463 0.111399
v -0.157668 0.123463 0.096179
v -0.166477 0.123463 0.080002
v -0.173633 0.123463 0.063028
v -0.179062 0.123463 0.045426
v -0.182712 0.123463 0.027370
v -0.184546 0.123463 0.009041
v -0.184546 0.123463 -0.009380
v -0.182712 0.123463 -0.027709
v -0.179062 0.123463 -0.045764
v -0.173633 0.123463 -0.063366
v -0.166477 0.123463 -0.080341
v -0.157668 0.123463 -0.096518
v -0.147291 0.123463 -0.111738
v -0.135450 0.123463 -0.125849
v -0.122264 0.123463 -0.138711
v -0.107862 0.123463 -0.150196
v -0.092388 0.123463 -0.160190
v 0.095697 0.105721 -0.148337
v 0.109974 0.105721 -0.138072
v 0.123158 0.105721 -0.126437
v 0.135118 0.105721 -0.113547
v 0.145736 0.105721 -0.099530
v 0.154904 0.105721 -0.084526
v 0.162534 0.105721 -0.068683
v 0.168548 0.105721 -0.052159
v 0.172887 0.105721 -0.035119
v 0.175508 0.105721 -0.017731
v 0.176384 0.105721 -0.000169
v 0.175508 0.105721 0.017393
v 0.172887 0.105721 0.034781
v 0.168548 0.105721 0.051821
v 0.162534 0.105721 0.068345
v 0.154904 0.105721 0.084187
v 0.145736 0.105721 0.099192
v 0.135118 0.105721 0.113208
v 0.123158 0.105721 0.126098
v 0.109974 0.105721 0.137734
v 0.095697 0.105721 0.147998
v 0.080468 0.105721 0.156790
v 0.064440 0.105721 0.164022
v 0.047772 0.105721 0.169623
v 0.030629 0.105721 0.173535
v 0.013181 0.105721 0.175722
v -0.004397 0.105721 0.176160
v -0.021932 0.105721 0.174846
v -0.039249 0.105721 0.171793
v -0.056176 0.105721 0.167030
v -0.072545 0.105721 0.160606
v -0.088192 0.105721 0.152584
v -0.102963 0.105721 0.143044
v -0.116711 0.105721 0.132080
v -0.129299 0.105721 0.119803
v -0.140602 0.105721 0.106332
v -0.150507 0.105721 0.091804
v -0.158917 0.105721 0.076361
v -0.165747 0.105721 0.060158
v -0.170930 0.105721 0.043355
v -0.174414 0.105721 0.026119
v -0.176165 0.105721 0.008623
v -0.176165 0.105721 -0.008961
v -0.174414 0.105721 -0.026458
v -0.170930 0.105721 -0.043693
v -0.165747 0.105721 -0.060496
v -0.158917 0.105721 -0.076700
v -0.150507 0.105721 -0.092142
v -0.140602 0.105721 -0.106671
v -0.129299 0.105721 -0.120141
v -0.116711 0.105721 -0.132419
v -0.102963 0.105721 -0.143382
v -0.072690 0.111934 -0.164366
v 0.090222 0.088886 -0.139860
v 0.103683 0.088886 -0.130183
v 0.116113 0.088886 -0.119214
v 0.127389 0.088886 -0.107061
v 0.137398 0.088886 -0.093846
v 0.146043 0.088886 -0.079700
v 0.153236 0.088886 -0.064764
v 0.158906 0.088886 -0.049185
v 0.162997 0.088886 -0.033120
v 0.165468 0.088886 -0.016727
v 0.166294 0.088886 -0.000169
v 0.165468 0.088886 0.016388
v 0.162997 0.088886 0.032781
v 0.158906 0.088886 0.048847
v 0.153236 0.088886 0.064425
v 0.146043 0.088886 0.079361
v 0.137398 0.088886 0.093507
v 0.127389 0.088886 0.106722
v 0.116113 0.088886 0.118875
v 0.103683 0.088886 0.129845
v 0.090222 0.088886 0.139522
v 0.075865 0.088886 0.147811
v 0.060754 0.088886 0.154629
v 0.045039 0.088886 0.159909
v 0.028877 0.088886 0.163598
v 0.012427 0.088886 0.165660
v -0.004146 0.088886 0.166073
v -0.020678 0.088886 0.164834
v -0.037004 0.088886 0.161955
v -0.052962 0.088886 0.157465
v -0.068395 0.088886 0.151409
v -0.083147 0.088886 0.143846
v -0.097073 0.088886 0.134851
v -0.110034 0.088886 0.124515
v -0.121902 0.088886 0.112939
v -0.132558 0.088886 0.100240
v -0.141897 0.088886 0.086542
v -0.149826 0.088886 0.071983
v -0.156265 0.088886 0.056707
v -0.161152 0.088886 0.040865
v -0.164437 0.088886 0.024616
v -0.166087 0.088886 0.008120
v -0.166087 0.088886 -0.008458
v -0.164437 0.088886 -0.024954
v -0.161152 0.088886 -0.041204
v -0.156265 0.088886 -0.057045
v -0.149826 0.088886 -0.072321
v -0.141897 0.088886 -0.086881
v -0.132558 0.088886 -0.100578
v -0.121902 0.088886 -0.113278
v -0.110034 0.088886 -0.124853
v -0.097073 0.088886 -0.135190
v 0.083879 0.073121 -0.130039
v 0.096393 0.073121 -0.121042
v 0.107949 0.073121 -0.110844
v 0.118432 0.073121 -0.099546
v 0.127738 0.073121 -0.087260
v 0.135775 0.073121 -0.074108
v 0.142462 0.073121 -0.060222
v 0.147734 0.073121 -0.045739
v 0.151537 0.073121 -0.030803
v 0.153834 0.073121 -0.015563
v 0.154602 0.073121 -0.000169
v 0.153834 0.073121 0.015224
v 0.151537 0.073121 0.030465
v 0.147734 0.073121 0.045401
v 0.142462 0.073121 0.059884
v 0.135775 0.073121 0.073770
v 0.127738 0.073121 0.086921
v 0.118432 0.073121 0.099207
v 0.107949 0.073121 0.110505
v 0.096393 0.073121 0.120704
v 0.083879 0.073121 0.129701
v 0.070531 0.073121 0.137407
v 0.056482 0.073121 0.143746
v 0.041873 0.073121 0.148654
v 0.026846 0.073121 0.152084
v 0.011553 0.073121 0.154001
v -0.003854 0.073121 0.154385
v -0.019224 0.073121 0.153233
v -0.034402 0.073121 0.150557
v -0.049239 0.073121 0.146382
v -0.063586 0.073121 0.140751
v -0.077301 0.073121 0.133720
v -0.090248 0.073121 0.125358
v -0.102298 0.073121 0.115748
v -0.113331 0.073121 0.104987
v -0.123238 0.073121 0.093180
v -0.131921 0.073121 0.080446
v -0.139292 0.073121 0.066910
v -0.145278 0.073121 0.052708
v -0.149821 0.073121 0.037980
v -0.152875 0.073121 0.022873
v -0.154410 0.073121 0.007537
v -0.154410 0.073121 -0.007876
v -0.152875 0.073121 -0.023211
v -0.149821 0.073121 -0.038318
v -0.145278 0.073121 -0.053046
v -0.139292 0.073121 -0.067249
v -0.131921 0.073121 -0.080784
v -0.123238 0.073121 -0.093519
v -0.113331 0.073121 -0.105325
v -0.102298 0.073121 -0.116087
v -0.090248 0.073121 -0.125697
v 0.076728 0.058579 -0.118967
v 0.088175 0.058579 -0.110737
v 0.098746 0.058579 -0.101408
v 0.108335 0.058579 -0.091073
v 0.116848 0.058579 -0.079835
v 0.124199 0.058579 -0.067805
v 0.130316 0.058579 -0.055102
v 0.135138 0.058579 -0.041854
v 0.138617 0.058579 -0.028191
v 0.140719 0.058579 -0.014250
v 0.141421 0.058579 -0.000169
v 0.140719 0.058579 0.013912
v 0.138617 0.058579 0.027853
v 0.135138 0.058579 0.041515
v 0.130316 0.058579 0.054764
v 0.124199 0.058579 0.067466
v 0.116848 0.058579 0.079496
v 0.108335 0.058579 0.090735
v 0.098746 0.058579 0.101070
v 0.088175 0.058579 0.110398
v 0.076728 0.058579 0.118628
v 0.064518 0.058579 0.125678
v 0.051667 0.058579 0.131476
v 0.038303 0.058579 0.135966
v 0.024558 0.058579 0.139104
v 0.010568 0.058579 0.140857
v -0.003526 0.058579 0.141208
v -0.017585 0.058579 0.140155
v -0.031469 0.058579 0.137706
v -0.045041 0.058579 0.133888
v -0.058165 0.058579 0.128737
v -0.070711 0.058579 0.122305
v -0.082554 0.058579 0.114656
v -0.093577 0.058579 0.105866
v -0.103669 0.058579 0.096022
v -0.112732 0.058579 0.085222
v -0.120674 0.058579 0.073573
v -0.127416 0.058579 0.061191
v -0.132893 0.058579 0.048200
v -0.137048 0.058579 0.034728
v -0.139842 0.058579 0.020909
v -0.141246 0.058579 0.006880
v -0.141246 0.058579 -0.007219
v -0.139842 0.058579 -0.021247
v -0.137048 0.058579 -0.035066
v -0.132893 0.058579 -0.048538
v -0.127416 0.058579 -0.061530
v -0.120674 0.058579 -0.073911
v -0.112732 0.058579 -0.085560
v -0.103669 0.058579 -0.096360
v -0.093577 0.058579 -0.106204
v -0.082554 0.058579 -0.114995
v -0.070711 0.058579 -0.122644
v 0.057883 0.045398 -0.113075
v 0.068838 0.045398 -0.106751
v 0.079108 0.045398 -0.099367
v 0.088591 0.045398 -0.090997
v 0.097195 0.045398 -0.081725
v 0.104832 0.045398 -0.071643
v 0.111428 0.045398 -0.060849
v 0.116916 0.045398 -0.049453
v 0.121242 0.045398 -0.037567
v 0.124363 0.045398 -0.025310
v 0.126248 0.045398 -0.012802
v 0.126879 0.045398 -0.000169
v 0.126248 0.045398 0.012464
v 0.124363 0.045398 0.024971
v 0.121242 0.045398 0.037229
v 0.116916 0.045398 0.049115
v 0.111428 0.045398 0.060511
v 0.104832 0.045398 0.071304
v 0.097195 0.045398 0.081387
v 0.088591 0.045398 0.090659
v 0.079108 0.045398 0.099028
v 0.068838 0.045398 0.106412
v 0.057883 0.045398 0.112737
v 0.046354 0.045398 0.117939
v 0.034364 0.045398 0.121967
v 0.022032 0.045398 0.124782
v 0.009482 0.045398 0.126355
v -0.003163 0.045398 0.126670
v -0.015777 0.045398 0.125725
v -0.028233 0.045398 0.123528
v -0.040409 0.045398 0.120102
v -0.052184 0.045398 0.115481
v -0.063439 0.045398 0.109711
v -0.074065 0.045398 0.102848
v -0.083954 0.045398 0.094962
v -0.093009 0.045398 0.086130
v -0.101139 0.045398 0.076441
v -0.108264 0.045398 0.065990
v -0.114314 0.045398 0.054881
v -0.119227 0.045398 0.043226
v -0.122955 0.045398 0.031139
v -0.125462 0.045398 0.018741
v -0.126721 0.045398 0.006155
v -0.126721 0.045398 -0.006494
v -0.125462 0.045398 -0.019080
v -0.122955 0.045398 -0.031477
v -0.119227 0.045398 -0.043564
v -0.114314 0.045398 -0.055220
v -0.108264 0.045398 -0.066328
v -0.101139 0.045398 -0.076779
v -0.093009 0.045398 -0.086469
v -0.083954 0.045398 -0.095300
v -0.074065 0.045398 -0.103187
v -0.063439 0.045398 -0.110049
v 0.040595 0.033706 -0.103602
v 0.050691 0.033706 -0.099047
v 0.060285 0.033706 -0.093508
v 0.069278 0.033706 -0.087042
v 0.077584 0.033706 -0.079712
v 0.085118 0.033706 -0.071592
v 0.091807 0.033706 -0.062762
v 0.097583 0.033706 -0.053310
v 0.102389 0.033706 -0.043330
v 0.106178 0.033706 -0.032921
v 0.108911 0.033706 -0.022186
v 0.110562 0.033706 -0.011233
v 0.111114 0.033706 -0.000169
v 0.110562 0.033706 0.010894
v 0.108911 0.033706 0.021848
v 0.106178 0.033706 0.032582
v 0.102389 0.033706 0.042991
v 0.097583 0.033706 0.052971
v 0.091807 0.033706 0.062424
v 0.085118 0.033706 0.071253
v 0.077584 0.033706 0.079374
v 0.069278 0.033706 0.086703
v 0.060285 0.033706 0.093169
v 0.050691 0.033706 0.098708
v 0.040595 0.033706 0.103264
v 0.030094 0.033706 0.106792
v 0.019295 0.033706 0.109257
v 0.008304 0.033706 0.110634
v -0.002770 0.033706 0.110910
v -0.013816 0.033706 0.110082
v -0.024725 0.033706 0.108159
v -0.035388 0.033706 0.105159
v -0.045700 0.033706 0.101112
v -0.055557 0.033706 0.096058
v -0.064862 0.033706 0.090048
v -0.073523 0.033706 0.083142
v -0.081452 0.033706 0.075407
v -0.088573 0.033706 0.066922
v -0.094813 0.033706 0.057770
v -0.100110 0.033706 0.048041
v -0.104413 0.033706 0.037834
v -0.107678 0.033706 0.027249
v -0.109873 0.033706 0.016391
v -0.110976 0.033706 0.005369
v -0.110976 0.033706 -0.005708
v -0.109873 0.033706 -0.016730
v -0.107678 0.033706 -0.027587
v -0.104413 0.033706 -0.038173
v -0.100110 0.033706 -0.048380
v -0.094813 0.033706 -0.058108
v -0.088573 0.033706 -0.067260
v -0.081452 0.033706 -0.075746
v -0.073523 0.033706 -0.083480
v -0.064862 0.033706 -0.090387
v -0.055557 0.033706 -0.096397
v -0.045700 0.033706 -0.101450
v 0.093811 0.023616 0.009218
v 0.092410 0.023616 0.018512
v 0.090091 0.023616 0.027620
v 0.086876 0.023616 0.036452
v 0.082798 0.023616 0.044920
v 0.077897 0.023616 0.052940
v 0.072222 0.023616 0.060432
v 0.065829 0.023616 0.067322
v 0.058782 0.023616 0.073541
v 0.051151 0.023616 0.079028
v 0.043011 0.023616 0.083727
v 0.034444 0.023616 0.087593
v 0.025535 0.023616 0.090586
v 0.016371 0.023616 0.092678
v 0.007045 0.023616 0.093846
v -0.002350 0.023616 0.094081
v -0.011723 0.023616 0.093378
v -0.020979 0.023616 0.091746
v -0.030027 0.023616 0.089201
v -0.038776 0.023616 0.085767
v -0.047140 0.023616 0.081479
v -0.055035 0.023616 0.076380
v -0.062383 0.023616 0.070520
v -0.069112 0.023616 0.063957
v -0.075153 0.023616 0.056757
v -0.080448 0.023616 0.048991
v -0.084943 0.023616 0.040737
v -0.088594 0.023616 0.032076
v -0.091364 0.023616 0.023095
v -0.093226 0.023616 0.013882
v -0.094162 0.023616 0.004530
v -0.094162 0.023616 -0.004869
v -0.093226 0.023616 -0.014221
v -0.091364 0.023616 -0.023433
v -0.088594 0.023616 -0.032415
v -0.084943 0.023616 -0.041076
v -0.080448 0.023616 -0.049330
v -0.075153 0.023616 -0.057096
v -0.069112 0.023616 -0.064295
v -0.062383 0.023616 -0.070858
v -0.055035 0.023616 -0.076718
v -0.047140 0.023616 -0.081818
v -0.038776 0.023616 -0.086105
v -0.030027 0.023616 -0.089539
v -0.020979 0.023616 -0.092085
v -0.011723 0.023616 -0.093717
v -0.002350 0.023616 -0.094419
v 0.007045 0.023616 -0.094185
v 0.016371 0.023616 -0.093016
v 0.025535 0.023616 -0.090925
v 0.034444 0.023616 -0.087931
v 0.043011 0.023616 -0.084066
v 0.051151 0.023616 -0.079366
v 0.058782 0.023616 -0.073880
v 0.065829 0.023616 -0.067661
v 0.072222 0.023616 -0.060771
v 0.077897 0.023616 -0.053279
v 0.082798 0.023616 -0.045259
v 0.086876 0.023616 -0.036791
v 0.090091 0.023616 -0.027959
v 0.092410 0.023616 -0.018850
v 0.093811 0.023616 -0.009556
v 0.094279 0.023616 -0.000169
v 0.076156 0.015224 0.007451
v 0.075019 0.015224 0.014996
v 0.073136 0.015224 0.022390
v 0.070527 0.015224 0.029560
v 0.067216 0.015224 0.036435
v 0.063238 0.015224 0.042945
v 0.058631 0.015224 0.049028
v 0.053441 0.015224 0.054621
v 0.047720 0.015224 0.059670
v 0.041525 0.015224 0.064124
v 0.034917 0.015224 0.067939
v 0.027962 0.015224 0.071077
v 0.020729 0.015224 0.073507
v 0.013290 0.015224 0.075205
v 0.005720 0.015224 0.076153
v -0.001908 0.015224 0.076344
v -0.009517 0.015224 0.075773
v -0.017031 0.015224 0.074449
v -0.024376 0.015224 0.072382
v -0.031479 0.015224 0.069594
v -0.038268 0.015224 0.066113
v -0.044678 0.015224 0.061974
v -0.050643 0.015224 0.057217
v -0.056105 0.015224 0.051889
v -0.061010 0.015224 0.046044
v -0.065308 0.015224 0.039740
v -0.068957 0.015224 0.033039
v -0.071921 0.015224 0.026008
v -0.074170 0.015224 0.018717
v -0.075682 0.015224 0.011238
v -0.076442 0.015224 0.003646
v -0.076442 0.015224 -0.003984
v -0.075682 0.015224 -0.011576
v -0.074170 0.015224 -0.019055
v -0.071921 0.015224 -0.026346
v -0.068957 0.015224 -0.033377
v -0.065308 0.015224 -0.040078
v -0.061010 0.015224 -0.046382
v -0.056105 0.015224 -0.052227
v -0.050643 0.015224 -0.057555
v -0.044678 0.015224 -0.062312
v -0.038268 0.015224 -0.066452
v -0.031479 0.015224 -0.069933
v -0.024376 0.015224 -0.072720
v -0.017031 0.015224 -0.074787
v -0.009517 0.015224 -0.076112
v -0.001908 0.015224 -0.076682
v 0.005720 0.015224 -0.076492
v 0.013290 0.015224 -0.075543
v 0.020729 0.015224 -0.073845
v 0.027962 0.015224 -0.071415
v 0.034917 0.015224 -0.068277
v 0.041525 0.015224 -0.064462
v 0.047720 0.015224 -0.060008
v 0.053441 0.015224 -0.054959
v 0.058631 0.015224 -0.049366
v 0.063238 0.015224 -0.043284
v 0.067216 0.015224 -0.036773
v 0.070527 0.015224 -0.029899
v 0.073136 0.015224 -0.022729
v 0.075019 0.015224 -0.015335
v 0.076156 0.015224 -0.007790
v 0.076537 0.015224 -0.000169
v 0.057768 0.008612 0.005611
v 0.056906 0.008612 0.011335
v 0.055478 0.008612 0.016943
v 0.053498 0.008612 0.022382
v 0.050987 0.008612 0.027597
v 0.047969 0.008612 0.032535
v 0.044474 0.008612 0.037149
v 0.040537 0.008612 0.041392
v 0.036198 0.008612 0.045221
v 0.031499 0.008612 0.048600
v 0.026486 0.008612 0.051494
v 0.021211 0.008612 0.053874
v 0.015724 0.008612 0.055718
v 0.010081 0.008612 0.057006
v 0.004339 0.008612 0.057725
v -0.001447 0.008612 0.057870
v -0.007219 0.008612 0.057437
v -0.012919 0.008612 0.056432
v -0.018490 0.008612 0.054865
v -0.023878 0.008612 0.052750
v -0.029028 0.008612 0.050110
v -0.033890 0.008612 0.046969
v -0.038415 0.008612 0.043361
v -0.042559 0.008612 0.039319
v -0.046279 0.008612 0.034886
v -0.049539 0.008612 0.030104
v -0.052307 0.008612 0.025021
v -0.054556 0.008612 0.019687
v -0.056262 0.008612 0.014157
v -0.057408 0.008612 0.008484
v -0.057985 0.008612 0.002725
v -0.057985 0.008612 -0.003063
v -0.057408 0.008612 -0.008822
v -0.056262 0.008612 -0.014495
v -0.054556 0.008612 -0.020026
v -0.052307 0.008612 -0.025359
v -0.049539 0.008612 -0.030442
v -0.046279 0.008612 -0.035224
v -0.042559 0.008612 -0.039658
v -0.038415 0.008612 -0.043699
v -0.033890 0.008612 -0.047308
v -0.029028 0.008612 -0.050448
v -0.023878 0.008612 -0.053088
v -0.018490 0.008612 -0.055203
v -0.012919 0.008612 -0.056771
v -0.007219 0.008612 -0.057776
v -0.001447 0.008612 -0.058208
v 0.004339 0.008612 -0.058064
v 0.010081 0.008612 -0.057344
v 0.015724 0.008612 -0.056056
v 0.021211 0.008612 -0.054213
v 0.026486 0.008612 -0.051832
v 0.031499 0.008612 -0.048939
v 0.036198 0.008612 -0.045560
v 0.040537 0.008612 -0.041730
v 0.044474 0.008612 -0.037488
v 0.047969 0.008612 -0.032874
v 0.050987 0.008612 -0.027935
v 0.053498 0.008612 -0.022721
v 0.055478 0.008612 -0.017282
v 0.056906 0.008612 -0.011673
v 0.057768 0.008612 -0.005950
v 0.058057 0.008612 -0.000169
v 0.038824 0.003843 0.003716
v 0.038244 0.003843 0.007562
v 0.037285 0.003843 0.011332
v 0.035954 0.003843 0.014987
v 0.034267 0.003843 0.018491
v 0.032238 0.003843 0.021810
v 0.029890 0.003843 0.024911
v 0.027244 0.003843 0.027762
v 0.024327 0.003843 0.030336
v 0.021169 0.003843 0.032607
v 0.017800 0.003843 0.034552
v 0.014255 0.003843 0.036152
v 0.010568 0.003843 0.037390
v 0.006775 0.003843 0.038256
v 0.002916 0.003843 0.038740
v -0.000973 0.003843 0.038837
v -0.004852 0.003843 0.038546
v -0.008682 0.003843 0.037871
v -0.012427 0.003843 0.036817
v -0.016048 0.003843 0.035396
v -0.019509 0.003843 0.033621
v -0.022777 0.003843 0.031511
v -0.025818 0.003843 0.029086
v -0.028602 0.003843 0.026370
v -0.031103 0.003843 0.023390
v -0.033294 0.003843 0.020176
v -0.035154 0.003843 0.016760
v -0.036665 0.003843 0.013176
v -0.037812 0.003843 0.009459
v -0.038582 0.003843 0.005646
v -0.038970 0.003843 0.001776
v -0.038970 0.003843 -0.002114
v -0.038582 0.003843 -0.005985
v -0.037812 0.003843 -0.009797
v -0.036665 0.003843 -0.013514
v -0.035154 0.003843 -0.017099
v -0.033294 0.003843 -0.020515
v -0.031103 0.003843 -0.023729
v -0.028602 0.003843 -0.026708
v -0.025818 0.003843 -0.029424
v -0.022777 0.003843 -0.031850
v -0.019509 0.003843 -0.033960
v -0.016048 0.003843 -0.035734
v -0.012427 0.003843 -0.037156
v -0.008682 0.003843 -0.038209
v -0.004852 0.003843 -0.038884
v -0.000973 0.003843 -0.039175
v 0.002916 0.003843 -0.039078
v 0.006775 0.003843 -0.038595
v 0.010568 0.003843 -0.037729
v 0.014255 0.003843 -0.036490
v 0.017800 0.003843 -0.034890
v 0.021169 0.003843 -0.032945
v 0.024327 0.003843 -0.030675
v 0.027244 0.003843 -0.028101
v 0.029890 0.003843 -0.025250
v 0.032238 0.003843 -0.022149
v 0.034267 0.003843 -0.018830
v 0.035954 0.003843 -0.015325
v 0.037285 0.003843 -0.011670
v 0.038244 0.003843 -0.007901
v 0.038824 0.003843 -0.004054
v 0.039018 0.003843 -0.000169
v 0.000000 0.777700 0.199831
v -0.006980 0.900000 0.199709
v 0.005250 0.777470 0.199762
v 0.020906 0.900000 0.198735
v 0.010419 0.776788 0.199559
v 0.015512 0.775660 0.199228
v 0.045963 0.756267 0.194478
v 0.038567 0.763663 0.196077
v 0.048384 0.900000 0.193890
v 0.030000 0.769661 0.197568
v 0.025373 0.772071 0.198215
v 0.020521 0.774082 0.198775
v 0.051962 0.687700 0.192963
v 0.048557 0.682455 0.193847
v 0.059088 0.707281 0.190903
v 0.059772 0.712475 0.190690
v 0.057955 0.702168 0.191250
v 0.054372 0.692329 0.192298
v 0.056382 0.697179 0.191719
v 0.074921 0.900000 0.185268
v 0.060000 0.717700 0.190619
v 0.059772 0.722927 0.190690
v 0.059088 0.728119 0.190903
v 0.057951 0.733246 0.191251
v 0.056382 0.738221 0.191719
v 0.054379 0.743056 0.192296
v 0.051962 0.747700 0.192963
v 0.048557 0.752945 0.193847
v 0.045963 0.679133 0.194478
v 0.038567 0.671737 0.196077
v -0.006987 0.658108 0.199709
v -0.005214 0.657927 0.199763
v 0.000000 0.657700 0.199831
v 0.005209 0.657927 0.199763
v 0.010419 0.658612 0.199559
v 0.015547 0.659749 0.199226
v 0.020521 0.661318 0.198775
v 0.025342 0.663314 0.198219
v 0.030000 0.665738 0.197568
v -0.034854 0.668861 0.196770
v -0.030000 0.665738 0.197568
v -0.025343 0.663315 0.198219
v -0.020521 0.661318 0.198775
v -0.015552 0.659751 0.199225
v -0.010419 0.658612 0.199559
v -0.061803 0.900000 0.190042
v -0.034730 0.900000 0.196792
v -0.034854 0.766538 0.196770
v -0.038567 0.763663 0.196077
v -0.045963 0.756267 0.194478
v -0.051962 0.747700 0.192963
v -0.059088 0.728119 0.190903
v -0.059771 0.722936 0.190690
v -0.057956 0.733229 0.191249
v -0.054377 0.743060 0.192297
v -0.056382 0.738221 0.191719
v -0.059770 0.712452 0.190691
v -0.059088 0.707281 0.190903
v -0.060000 0.717700 0.190619
v -0.057956 0.702174 0.191249
v -0.056382 0.697179 0.191719
v -0.054369 0.692322 0.192299
v -0.051962 0.687700 0.192963
v -0.045963 0.679133 0.194478
v -0.038567 0.671737 0.196077
v -0.005247 0.777470 0.199762
v -0.006986 0.777292 0.199709
v -0.010419 0.776788 0.199559
v -0.015517 0.775659 0.199228
v -0.020521 0.774082 0.198775
v -0.025371 0.772072 0.198215
v -0.030000 0.769661 0.197568
v -0.200000 0.900000 -0.000169
v -0.198054 0.900000 -0.028004
v -0.192252 0.900000 -0.055297
v -0.182709 0.900000 -0.081517
v -0.169610 0.900000 -0.106153
v -0.153209 0.900000 -0.128727
v -0.133826 0.900000 -0.148798
v -0.111839 0.900000 -0.165977
v -0.087674 0.900000 -0.179928
v -0.061803 0.900000 -0.190381
v -0.034730 0.900000 -0.197131
v -0.006980 0.900000 -0.200047
v 0.020906 0.900000 -0.199074
v 0.048384 0.900000 -0.194228
v 0.074921 0.900000 -0.185606
v 0.100000 0.900000 -0.173374
v 0.123132 0.900000 -0.157771
v 0.143868 0.900000 -0.139101
v 0.161803 0.900000 -0.117726
v 0.176590 0.900000 -0.094064
v 0.187939 0.900000 -0.068573
v 0.195630 0.900000 -0.041752
v 0.199513 0.900000 -0.014121
v 0.200000 0.900000 -0.000169
v 0.199513 0.900000 0.013782
v 0.195630 0.900000 0.041413
v 0.187939 0.900000 0.068235
v 0.176590 0.900000 0.093725
v 0.161803 0.900000 0.117388
v 0.143868 0.900000 0.138762
v 0.123132 0.900000 0.157433
v 0.100000 0.900000 0.173036
v -0.087674 0.900000 0.179590
v -0.111839 0.900000 0.165638
v -0.133826 0.900000 0.148460
v -0.153209 0.900000 0.128388
v -0.169610 0.900000 0.105815
v -0.182709 0.900000 0.081178
v -0.192252 0.900000 0.054958
v -0.198054 0.900000 0.027665
v 0.000000 0.900000 -0.000169
v 0.000000 0.657700 0.209831
v 0.009857 0.658633 0.209831
v 0.010419 0.658612 0.209831
v 0.019444 0.661061 0.209831
v 0.020521 0.661318 0.209831
v 0.000000 0.777700 0.209831
v -0.009857 0.776767 0.209831
v -0.010419 0.776788 0.209831
v -0.019444 0.774339 0.209831
v -0.059772 0.712471 0.209831
v -0.060000 0.717700 0.209831
v -0.059884 0.717700 0.209831
v 0.025357 0.663322 0.209831
v 0.028502 0.665033 0.209831
v 0.030000 0.665738 0.209831
v 0.032753 0.667567 0.209831
v 0.034415 0.668551 0.209831
v 0.036782 0.670443 0.209831
v 0.038567 0.671737 0.209831
v 0.040558 0.673642 0.209831
v 0.042426 0.675274 0.209831
v 0.044058 0.677142 0.209831
v 0.045963 0.679133 0.209831
v 0.047257 0.680918 0.209831
v 0.049149 0.683285 0.209831
v 0.050133 0.684947 0.209831
v 0.051962 0.687700 0.209831
v 0.052666 0.689198 0.209831
v 0.054378 0.692343 0.209831
v 0.054840 0.693645 0.209831
v 0.056382 0.697179 0.209831
v 0.056639 0.698256 0.209831
v 0.057956 0.702171 0.209831
v 0.058052 0.702999 0.209831
v 0.059088 0.707281 0.209831
v 0.059067 0.707843 0.209831
v 0.059772 0.712471 0.209831
v 0.059680 0.712755 0.209831
v 0.060000 0.717700 0.209831
v 0.059884 0.717700 0.209831
v 0.059772 0.722929 0.209831
v -0.059680 0.722645 0.209831
v -0.059772 0.722929 0.209831
v -0.059067 0.727557 0.209831
v -0.059088 0.728119 0.209831
v -0.058052 0.732401 0.209831
v -0.057956 0.733229 0.209831
v -0.056639 0.737144 0.209831
v -0.056382 0.738221 0.209831
v -0.054840 0.741755 0.209831
v -0.054378 0.743057 0.209831
v -0.052666 0.746202 0.209831
v -0.051962 0.747700 0.209831
v -0.050133 0.750453 0.209831
v -0.049149 0.752115 0.209831
v -0.047257 0.754482 0.209831
v -0.045963 0.756267 0.209831
v -0.044058 0.758258 0.209831
v -0.042426 0.760126 0.209831
v -0.040558 0.761758 0.209831
v -0.038567 0.763663 0.209831
v -0.036782 0.764957 0.209831
v -0.034415 0.766849 0.209831
v -0.032754 0.767833 0.209831
v -0.030000 0.769661 0.209831
v -0.028502 0.770367 0.209831
v -0.025357 0.772078 0.209831
v -0.020521 0.774082 0.209831
v 0.059680 0.722645 0.209831
v 0.059067 0.727557 0.209831
v 0.059088 0.728119 0.209831
v 0.058052 0.732401 0.209831
v 0.057956 0.733229 0.209831
v 0.056639 0.737144 0.209831
v 0.056382 0.738221 0.209831
v 0.054840 0.741755 0.209831
v 0.054378 0.743057 0.209831
v 0.052666 0.746202 0.209831
v 0.051962 0.747700 0.209831
v 0.050133 0.750453 0.209831
v 0.049149 0.752115 0.209831
v 0.047257 0.754482 0.209831
v 0.045963 0.756267 0.209831
v 0.044058 0.758258 0.209831
v 0.042426 0.760126 0.209831
v 0.040558 0.761758 0.209831
v 0.038567 0.763663 0.209831
v 0.036782 0.764957 0.209831
v 0.034415 0.766849 0.209831
v 0.032753 0.767833 0.209831
v 0.030000 0.769661 0.209831
v 0.028502 0.770367 0.209831
v 0.025357 0.772078 0.209831
v 0.024055 0.772540 0.209831
v 0.020521 0.774082 0.209831
v 0.019444 0.774339 0.209831
v 0.010419 0.776788 0.209831
v 0.009857 0.776767 0.209831
v 0.000000 0.777584 0.209831
v -0.059680 0.712755 0.209831
v -0.059067 0.707843 0.209831
v -0.059088 0.707281 0.209831
v -0.058052 0.702999 0.209831
v -0.057956 0.702171 0.209831
v -0.056639 0.698256 0.209831
v -0.056382 0.697179 0.209831
v -0.054840 0.693645 0.209831
v -0.054378 0.692343 0.209831
v -0.052666 0.689198 0.209831
v -0.051962 0.687700 0.209831
v -0.050133 0.684947 0.209831
v -0.049149 0.683285 0.209831
v -0.047257 0.680918 0.209831
v -0.045963 0.679133 0.209831
v -0.044058 0.677142 0.209831
v -0.042426 0.675274 0.209831
v -0.040558 0.673642 0.209831
v -0.038567 0.671737 0.209831
v -0.036782 0.670443 0.209831
v -0.034415 0.668551 0.209831
v -0.032754 0.667567 0.209831
v -0.030000 0.665738 0.209831
v -0.028502 0.665033 0.209831
v -0.025357 0.663322 0.209831
v -0.024055 0.662860 0.209831
v -0.020521 0.661318 0.209831
v -0.019444 0.661061 0.209831
v -0.010419 0.658612 0.209831
v -0.009857 0.658633 0.209831
v 0.000000 0.657816 0.209831
v 0.054883 0.753557 0.215199
v -0.031202 0.775357 0.215199
v -0.040267 0.769435 0.215199
v -0.060036 0.744034 0.215199
v -0.063552 0.733794 0.215199
v -0.065334 0.723114 0.215199
v -0.065334 0.712286 0.215199
v -0.063552 0.701606 0.215199
v -0.060036 0.691366 0.215199
v -0.054883 0.681843 0.215199
v 0.000239 0.717002 0.274049
v 0.000121 0.716973 0.274049
v 0.000000 0.717700 0.274051
v 0.007854 0.707609 0.273421
v 0.000351 0.717051 0.274049
v 0.000453 0.717118 0.274049
v 0.018014 0.701117 0.271690
v 0.009408 0.709040 0.273421
v 0.000543 0.717201 0.274049
v 0.004152 0.705606 0.273421
v 0.006086 0.706454 0.273421
v 0.011654 0.696166 0.271690
v 0.000000 0.716963 0.274049
v 0.029729 0.698277 0.268903
v 0.020498 0.704308 0.271690
v 0.010705 0.710706 0.273421
v 0.000617 0.717297 0.274049
v 0.002105 0.705088 0.273421
v 0.007950 0.694541 0.271690
v 0.016902 0.686468 0.268903
v -0.000121 0.716973 0.274049
v 0.041727 0.699397 0.265138
v 0.032521 0.703435 0.268903
v 0.022423 0.707864 0.271690
v 0.011710 0.712564 0.273421
v 0.000675 0.717404 0.274049
v 0.000000 0.704913 0.273421
v 0.004030 0.693549 0.271690
v 0.011531 0.684112 0.268903
v 0.021686 0.677627 0.265138
v -0.000239 0.717002 0.274049
v 0.052703 0.704354 0.260497
v 0.044170 0.706515 0.265138
v 0.034425 0.708982 0.268903
v 0.023736 0.711689 0.271690
v 0.012396 0.714561 0.273421
v 0.000715 0.717519 0.274049
v -0.002105 0.705088 0.273421
v 0.000000 0.693215 0.271690
v 0.005845 0.682672 0.268903
v 0.014795 0.674604 0.265138
v 0.025876 0.669886 0.260497
v -0.000351 0.717051 0.274049
v 0.061467 0.712607 0.255107
v 0.054181 0.713210 0.260497
v 0.045409 0.713937 0.265138
v 0.035391 0.714767 0.268903
v 0.024402 0.715678 0.271690
v 0.012743 0.716644 0.273421
v 0.000735 0.717639 0.274049
v -0.004152 0.705606 0.273421
v -0.004030 0.693549 0.271690
v 0.000000 0.682188 0.268903
v 0.007500 0.672757 0.265138
v 0.017653 0.666279 0.260497
v 0.029355 0.663456 0.255107
v -0.000453 0.717118 0.274049
v 0.066475 0.723208 0.249879
v 0.061467 0.722793 0.255107
v 0.054181 0.722190 0.260497
v 0.045409 0.721463 0.265138
v 0.035391 0.720633 0.268903
v 0.024402 0.719722 0.271690
v 0.012743 0.718756 0.273421
v 0.000735 0.717761 0.274049
v -0.006086 0.706454 0.273421
v -0.007950 0.694541 0.271690
v -0.005845 0.682672 0.268903
v 0.000000 0.672136 0.265138
v 0.008948 0.664075 0.260497
v 0.020027 0.659364 0.255107
v 0.031747 0.659037 0.249879
v -0.000543 0.717201 0.274049
v 0.067738 0.734854 0.245143
v 0.064662 0.734075 0.249879
v 0.059790 0.732841 0.255107
v 0.052703 0.731046 0.260497
v 0.044170 0.728885 0.265138
v 0.034425 0.726418 0.268903
v 0.023736 0.723711 0.271690
v 0.012396 0.720839 0.273421
v 0.000715 0.717881 0.274049
v -0.007854 0.707609 0.273421
v -0.011654 0.696166 0.271690
v -0.011531 0.684112 0.268903
v -0.007500 0.672757 0.265138
v 0.000000 0.663333 0.260497
v 0.010152 0.656864 0.255107
v 0.021658 0.654612 0.249879
v 0.033257 0.656246 0.245143
v -0.000617 0.717297 0.274049
v 0.065747 0.746540 0.240787
v 0.063991 0.745769 0.245143
v 0.061084 0.744494 0.249879
v 0.056482 0.742476 0.255107
v 0.049788 0.739539 0.260497
v 0.041727 0.736003 0.265138
v 0.032521 0.731965 0.268903
v 0.022423 0.727536 0.271690
v 0.011710 0.722836 0.273421
v 0.000675 0.717996 0.274049
v -0.009408 0.709040 0.273421
v -0.015039 0.698378 0.271690
v -0.016902 0.686468 0.268903
v -0.014795 0.674604 0.265138
v -0.008948 0.664075 0.260497
v 0.000000 0.656023 0.255107
v 0.010979 0.651907 0.249879
v 0.022689 0.651610 0.245143
v 0.034170 0.654559 0.240787
v -0.000675 0.717404 0.274049
v 0.060944 0.757516 0.236678
v 0.060104 0.756968 0.240787
v 0.058498 0.755919 0.245143
v 0.055841 0.754183 0.249879
v 0.051634 0.751434 0.255107
v 0.045514 0.747436 0.260497
v 0.038145 0.742621 0.265138
v 0.029729 0.737123 0.268903
v 0.020498 0.731092 0.271690
v 0.010705 0.724694 0.273421
v 0.000617 0.718103 0.274049
v -0.010705 0.710706 0.273421
v -0.018014 0.701117 0.271690
v -0.021812 0.689676 0.268903
v -0.021686 0.677627 0.265138
v -0.017653 0.666279 0.260497
v -0.010152 0.656864 0.255107
v 0.000000 0.650997 0.249879
v 0.011501 0.648777 0.245143
v 0.023312 0.649796 0.240787
v 0.034648 0.653676 0.236678
v -0.000715 0.717519 0.274049
v 0.053747 0.767178 0.232682
v 0.053559 0.767004 0.236678
v 0.052821 0.766325 0.240787
v 0.051410 0.765026 0.245143
v 0.049075 0.762876 0.249879
v 0.045377 0.759473 0.255107
v 0.039999 0.754522 0.260497
v 0.033523 0.748560 0.265138
v 0.026127 0.741752 0.268903
v 0.018014 0.734283 0.271690
v 0.009408 0.726360 0.273421
v 0.000543 0.718199 0.274049
v -0.011710 0.712564 0.273421
v -0.020498 0.704308 0.271690
v -0.026127 0.693648 0.268903
v -0.027986 0.681743 0.265138
v -0.025876 0.669886 0.260497
v -0.020027 0.659364 0.255107
v -0.010979 0.651907 0.249879
v 0.000000 0.647824 0.245143
v 0.011817 0.646885 0.240787
v 0.023637 0.648847 0.236678
v 0.034770 0.653451 0.232682
v -0.000735 0.717639 0.274049
v 0.044595 0.774995 0.228668
v 0.044870 0.775350 0.232682
v 0.044713 0.775148 0.236678
v 0.044097 0.774356 0.240787
v 0.042919 0.772842 0.245143
v 0.040970 0.770338 0.249879
v 0.037883 0.766372 0.255107
v 0.033393 0.760603 0.260497
v 0.027986 0.753657 0.265138
v 0.021812 0.745724 0.268903
v 0.015039 0.737022 0.271690
v 0.007854 0.727791 0.273421
v 0.000453 0.718282 0.274049
v -0.012396 0.714561 0.273421
v -0.022423 0.707864 0.271690
v -0.029729 0.698277 0.268903
v -0.033523 0.686840 0.265138
v -0.033393 0.674797 0.260497
v -0.029355 0.663456 0.255107
v -0.021658 0.654612 0.249879
v -0.011501 0.648777 0.245143
v 0.000000 0.645906 0.240787
v 0.011982 0.645895 0.236678
v 0.023720 0.648605 0.232682
v 0.034556 0.653846 0.228668
v -0.000735 0.717761 0.274049
v 0.033971 0.780474 0.224505
v 0.034556 0.781554 0.228668
v 0.034770 0.781949 0.232682
v 0.034648 0.781724 0.236678
v 0.034170 0.780841 0.240787
v 0.033257 0.779154 0.245143
v 0.031747 0.776363 0.249879
v 0.029355 0.771944 0.255107
v 0.025876 0.765514 0.260497
v 0.021686 0.757773 0.265138
v 0.016902 0.748932 0.268903
v 0.011654 0.739234 0.271690
v 0.006086 0.728946 0.273421
v 0.000351 0.718349 0.274049
v -0.012743 0.716644 0.273421
v -0.023736 0.711689 0.271690
v -0.032521 0.703435 0.268903
v -0.038145 0.692779 0.265138
v -0.039999 0.680878 0.260497
v -0.037883 0.669028 0.255107
v -0.031747 0.659037 0.249879
v -0.022689 0.651610 0.245143
v -0.011817 0.646885 0.240787
v 0.000000 0.644902 0.236678
v 0.012024 0.645643 0.232682
v 0.023575 0.649029 0.228668
v 0.033971 0.654926 0.224505
v -0.000715 0.717881 0.274049
v 0.022456 0.783113 0.220060
v 0.023176 0.785209 0.224505
v 0.023575 0.786370 0.228668
v 0.023720 0.786795 0.232682
v 0.023637 0.786553 0.236678
v 0.023312 0.785604 0.240787
v 0.022689 0.783790 0.245143
v 0.021658 0.780788 0.249879
v 0.020027 0.776035 0.255107
v 0.017653 0.769121 0.260497
v 0.014795 0.760796 0.265138
v 0.011531 0.751288 0.268903
v 0.007950 0.740859 0.271690
v 0.004152 0.729794 0.273421
v 0.000239 0.718398 0.274049
v 0.043840 0.774026 0.224505
v 0.052513 0.766042 0.224505
v 0.053417 0.766874 0.228668
v -0.012743 0.718756 0.273421
v -0.024402 0.715678 0.271690
v -0.034425 0.708982 0.268903
v -0.041727 0.699397 0.265138
v -0.045514 0.687964 0.260497
v -0.045377 0.675927 0.255107
v -0.040970 0.665062 0.249879
v -0.033257 0.656246 0.245143
v -0.023312 0.649796 0.240787
v -0.011982 0.645895 0.236678
v 0.000000 0.644646 0.232682
v 0.011950 0.646086 0.228668
v 0.023176 0.650191 0.224505
v 0.032917 0.656875 0.220060
v -0.000675 0.717996 0.274049
v 0.010791 0.782364 0.215199
v 0.011383 0.785917 0.220060
v 0.011748 0.788103 0.224505
v 0.011950 0.789314 0.228668
v 0.012024 0.789757 0.232682
v 0.011982 0.789505 0.236678
v 0.011817 0.788515 0.240787
v 0.011501 0.786623 0.245143
v 0.010979 0.783493 0.249879
v 0.010152 0.778536 0.255107
v 0.008948 0.771325 0.260497
v 0.007500 0.762643 0.265138
v 0.005845 0.752728 0.268903
v 0.004030 0.741851 0.271690
v 0.002105 0.730312 0.273421
v 0.000121 0.718427 0.274049
v 0.050883 0.764541 0.220060
v 0.042479 0.772278 0.220060
v 0.032917 0.778525 0.220060
v -0.012396 0.720839 0.273421
v -0.024402 0.719722 0.271690
v -0.035391 0.714767 0.268903
v -0.044170 0.706515 0.265138
v -0.049788 0.695861 0.260497
v -0.051634 0.683966 0.255107
v -0.049075 0.672524 0.249879
v -0.042919 0.662558 0.245143
v -0.034170 0.654559 0.240787
v -0.023637 0.648847 0.236678
v -0.012024 0.645643 0.232682
v 0.000000 0.645096 0.228668
v 0.011748 0.647297 0.224505
v 0.022456 0.652287 0.220060
v 0.031202 0.660043 0.215199
v -0.040267 0.665965 0.215199
v -0.048233 0.673299 0.215199
v -0.050883 0.670859 0.220060
v 0.048233 0.762101 0.215199
v 0.040267 0.769435 0.215199
v 0.031202 0.775357 0.215199
v 0.021287 0.779706 0.215199
v 0.066475 0.712192 0.249879
v 0.069637 0.723470 0.245143
v 0.069637 0.711930 0.245143
v 0.071549 0.723629 0.240787
v 0.071549 0.711771 0.240787
v 0.072549 0.723712 0.236678
v 0.072549 0.711688 0.236678
v 0.072804 0.723733 0.232682
v 0.072804 0.711667 0.232682
v 0.072356 0.723696 0.228668
v 0.072356 0.711704 0.228668
v 0.071132 0.723594 0.224505
v 0.071132 0.711806 0.224505
v 0.068924 0.723411 0.220060
v 0.068924 0.711989 0.220060
v 0.065334 0.723114 0.215199
v 0.065334 0.712286 0.215199
v 0.026127 0.693648 0.268903
v 0.038145 0.692779 0.265138
v 0.033523 0.686840 0.265138
v 0.045514 0.687964 0.260497
v 0.039999 0.680878 0.260497
v 0.051634 0.683966 0.255107
v 0.045377 0.675927 0.255107
v 0.055841 0.681217 0.249879
v 0.049075 0.672524 0.249879
v 0.058498 0.679481 0.245143
v 0.051410 0.670374 0.245143
v 0.060104 0.678432 0.240787
v 0.052821 0.669075 0.240787
v 0.060944 0.677883 0.236678
v 0.053559 0.668396 0.236678
v 0.061158 0.677743 0.232682
v 0.053747 0.668222 0.232682
v 0.060782 0.677989 0.228668
v 0.053417 0.668526 0.228668
v 0.059754 0.678661 0.224505
v 0.052513 0.669358 0.224505
v 0.057899 0.679873 0.220060
v 0.050883 0.670859 0.220060
v 0.054883 0.681843 0.215199
v 0.048233 0.673299 0.215199
v 0.000000 0.652142 0.215199
v -0.010791 0.653036 0.215199
v -0.011383 0.649483 0.220060
v -0.022456 0.652287 0.220060
v -0.023176 0.650191 0.224505
v -0.033971 0.654926 0.224505
v -0.034556 0.653846 0.228668
v -0.044595 0.660405 0.228668
v -0.044871 0.660050 0.232682
v -0.053747 0.668222 0.232682
v -0.053559 0.668396 0.236678
v -0.060944 0.677883 0.236678
v -0.060104 0.678432 0.240787
v -0.065747 0.688860 0.240787
v -0.063991 0.689631 0.245143
v -0.067738 0.700546 0.245143
v -0.064662 0.701326 0.249879
v -0.066475 0.712192 0.249879
v -0.061467 0.712607 0.255107
v -0.061467 0.722793 0.255107
v -0.054181 0.722190 0.260497
v -0.052703 0.731046 0.260497
v -0.044170 0.728885 0.265138
v -0.041727 0.736003 0.265138
v -0.032521 0.731965 0.268903
v -0.029729 0.737123 0.268903
v -0.020498 0.731092 0.271690
v -0.018014 0.734283 0.271690
v -0.009408 0.726360 0.273421
v -0.007854 0.727791 0.273421
v -0.000453 0.718282 0.274049
v -0.000351 0.718349 0.274049
v -0.021287 0.655694 0.215199
v -0.032917 0.656875 0.220060
v -0.043840 0.661374 0.224505
v -0.053417 0.668526 0.228668
v -0.061158 0.677743 0.232682
v -0.066666 0.688457 0.236678
v -0.069598 0.700075 0.240787
v -0.069637 0.711930 0.245143
v -0.066475 0.723208 0.249879
v -0.059790 0.732841 0.255107
v -0.049788 0.739539 0.260497
v -0.038145 0.742621 0.265138
v -0.026127 0.741752 0.268903
v -0.015039 0.737022 0.271690
v -0.006086 0.728946 0.273421
v -0.000239 0.718398 0.274049
v -0.031202 0.660043 0.215199
v -0.042479 0.663123 0.220060
v -0.052513 0.669358 0.224505
v -0.060782 0.677989 0.228668
v -0.059754 0.678661 0.224505
v -0.057899 0.679873 0.220060
v -0.066901 0.688355 0.232682
v -0.066489 0.688535 0.228668
v -0.065364 0.689028 0.224505
v -0.063335 0.689918 0.220060
v -0.070570 0.699829 0.236678
v -0.070818 0.699766 0.232682
v -0.070383 0.699877 0.228668
v -0.069192 0.700178 0.224505
v -0.067044 0.700722 0.220060
v -0.071549 0.711771 0.240787
v -0.072549 0.711688 0.236678
v -0.072804 0.711667 0.232682
v -0.072356 0.711704 0.228668
v -0.071132 0.711806 0.224505
v -0.068924 0.711989 0.220060
v -0.069637 0.723470 0.245143
v -0.071549 0.723629 0.240787
v -0.072549 0.723712 0.236678
v -0.072804 0.723733 0.232682
v -0.072356 0.723696 0.228668
v -0.071132 0.723594 0.224505
v -0.068924 0.723411 0.220060
v -0.064662 0.734075 0.249879
v -0.067738 0.734854 0.245143
v -0.069598 0.735324 0.240787
v -0.070570 0.735571 0.236678
v -0.070818 0.735634 0.232682
v -0.070383 0.735523 0.228668
v -0.069192 0.735222 0.224505
v -0.067044 0.734678 0.220060
v -0.056482 0.742476 0.255107
v -0.061084 0.744494 0.249879
v -0.063991 0.745769 0.245143
v -0.065747 0.746540 0.240787
v -0.066666 0.746942 0.236678
v -0.066901 0.747045 0.232682
v -0.066489 0.746865 0.228668
v -0.065364 0.746372 0.224505
v -0.063335 0.745481 0.220060
v -0.045514 0.747436 0.260497
v -0.051634 0.751434 0.255107
v -0.055841 0.754183 0.249879
v -0.058498 0.755919 0.245143
v -0.060104 0.756968 0.240787
v -0.060944 0.757516 0.236678
v -0.061158 0.757657 0.232682
v -0.060782 0.757411 0.228668
v -0.059754 0.756739 0.224505
v -0.057899 0.755527 0.220060
v -0.054883 0.753557 0.215199
v -0.033523 0.748560 0.265138
v -0.039999 0.754522 0.260497
v -0.045377 0.759473 0.255107
v -0.049075 0.762876 0.249879
v -0.051410 0.765026 0.245143
v -0.052821 0.766325 0.240787
v -0.053559 0.767004 0.236678
v -0.053747 0.767178 0.232682
v -0.053417 0.766874 0.228668
v -0.052513 0.766042 0.224505
v -0.050883 0.764541 0.220060
v -0.048233 0.762101 0.215199
v -0.021812 0.745724 0.268903
v -0.027986 0.753657 0.265138
v -0.033393 0.760603 0.260497
v -0.037883 0.766372 0.255107
v -0.040970 0.770338 0.249879
v -0.042919 0.772842 0.245143
v -0.044097 0.774356 0.240787
v -0.044713 0.775148 0.236678
v -0.044871 0.775350 0.232682
v -0.044595 0.774995 0.228668
v -0.043840 0.774026 0.224505
v -0.042479 0.772278 0.220060
v -0.011654 0.739234 0.271690
v -0.016902 0.748932 0.268903
v -0.021686 0.757773 0.265138
v -0.025876 0.765514 0.260497
v -0.029355 0.771944 0.255107
v -0.031747 0.776363 0.249879
v -0.033257 0.779154 0.245143
v -0.034170 0.780841 0.240787
v -0.034648 0.781724 0.236678
v -0.034770 0.781949 0.232682
v -0.034556 0.781554 0.228668
v -0.033971 0.780474 0.224505
v -0.032917 0.778525 0.220060
v -0.004152 0.729794 0.273421
v -0.007950 0.740859 0.271690
v -0.011531 0.751288 0.268903
v -0.014795 0.760796 0.265138
v -0.017653 0.769121 0.260497
v -0.020027 0.776035 0.255107
v -0.021658 0.780788 0.249879
v -0.022689 0.783790 0.245143
v -0.023312 0.785604 0.240787
v -0.023637 0.786553 0.236678
v -0.023720 0.786795 0.232682
v -0.023575 0.786370 0.228668
v -0.023176 0.785209 0.224505
v -0.022456 0.783113 0.220060
v -0.021287 0.779706 0.215199
v -0.000121 0.718427 0.274049
v -0.002105 0.730312 0.273421
v -0.004030 0.741851 0.271690
v -0.005845 0.752728 0.268903
v -0.007500 0.762643 0.265138
v -0.008948 0.771325 0.260497
v -0.010152 0.778536 0.255107
v -0.010979 0.783493 0.249879
v -0.011501 0.786623 0.245143
v -0.011817 0.788515 0.240787
v -0.011982 0.789505 0.236678
v -0.012024 0.789757 0.232682
v -0.011950 0.789314 0.228668
v -0.011748 0.788103 0.224505
v -0.011383 0.785917 0.220060
v -0.010791 0.782364 0.215199
v 0.000000 0.718438 0.274049
v 0.000000 0.730487 0.273421
v 0.000000 0.742185 0.271690
v 0.000000 0.753212 0.268903
v 0.000000 0.763264 0.265138
v 0.000000 0.772067 0.260497
v 0.000000 0.779377 0.255107
v 0.000000 0.784403 0.249879
v 0.000000 0.787576 0.245143
v 0.000000 0.789494 0.240787
v 0.000000 0.790498 0.236678
v 0.000000 0.790754 0.232682
v 0.000000 0.790304 0.228668
v 0.000000 0.789076 0.224505
v 0.000000 0.786861 0.220060
v 0.000000 0.783258 0.215199
v 0.061158 0.757657 0.232682
v 0.060782 0.757411 0.228668
v 0.059754 0.756739 0.224505
v 0.057899 0.755527 0.220060
v 0.066666 0.746942 0.236678
v 0.066901 0.747045 0.232682
v 0.066489 0.746865 0.228668
v 0.065364 0.746372 0.224505
v 0.063335 0.745481 0.220060
v 0.060036 0.744034 0.215199
v 0.069598 0.735324 0.240787
v 0.070570 0.735571 0.236678
v 0.070818 0.735634 0.232682
v 0.070383 0.735523 0.228668
v 0.069192 0.735222 0.224505
v 0.067044 0.734678 0.220060
v 0.063552 0.733794 0.215199
v 0.059790 0.702559 0.255107
v 0.064662 0.701326 0.249879
v 0.067738 0.700546 0.245143
v 0.069598 0.700075 0.240787
v 0.070570 0.699829 0.236678
v 0.070818 0.699766 0.232682
v 0.070383 0.699877 0.228668
v 0.069192 0.700178 0.224505
v 0.067044 0.700722 0.220060
v 0.063552 0.701606 0.215199
v 0.049788 0.695861 0.260497
v 0.056482 0.692924 0.255107
v 0.061084 0.690906 0.249879
v 0.063991 0.689631 0.245143
v 0.065747 0.688860 0.240787
v 0.066666 0.688457 0.236678
v 0.066901 0.688355 0.232682
v 0.066489 0.688535 0.228668
v 0.065364 0.689028 0.224505
v 0.063335 0.689918 0.220060
v 0.060036 0.691366 0.215199
v 0.015039 0.698378 0.271690
v 0.021812 0.689676 0.268903
v 0.027986 0.681743 0.265138
v 0.033393 0.674797 0.260497
v 0.037883 0.669028 0.255107
v 0.040970 0.665062 0.249879
v 0.042919 0.662558 0.245143
v 0.044097 0.661044 0.240787
v 0.044713 0.660252 0.236678
v 0.044870 0.660050 0.232682
v 0.044595 0.660405 0.228668
v 0.043840 0.661374 0.224505
v 0.042479 0.663123 0.220060
v 0.040267 0.665965 0.215199
v 0.021287 0.655694 0.215199
v 0.011383 0.649483 0.220060
v 0.000000 0.646324 0.224505
v -0.011950 0.646086 0.228668
v -0.023720 0.648605 0.232682
v -0.034648 0.653676 0.236678
v -0.044097 0.661044 0.240787
v -0.051410 0.670374 0.245143
v -0.055841 0.681217 0.249879
v -0.056482 0.692924 0.255107
v -0.052703 0.704354 0.260497
v -0.045409 0.713937 0.265138
v -0.035391 0.720633 0.268903
v -0.023736 0.723711 0.271690
v -0.011710 0.722836 0.273421
v -0.000617 0.718103 0.274049
v 0.010791 0.653036 0.215199
v 0.000000 0.648539 0.220060
v -0.011748 0.647297 0.224505
v -0.023575 0.649029 0.228668
v -0.034770 0.653451 0.232682
v -0.044713 0.660252 0.236678
v -0.052821 0.669075 0.240787
v -0.058498 0.679481 0.245143
v -0.061084 0.690906 0.249879
v -0.059790 0.702559 0.255107
v -0.054181 0.713210 0.260497
v -0.045409 0.721463 0.265138
v -0.034425 0.726418 0.268903
v -0.022423 0.727536 0.271690
v -0.010705 0.724694 0.273421
v -0.000543 0.718199 0.274049
v -0.009540 0.663594 0.212063
v -0.018791 0.666073 0.212063
v -0.027470 0.670120 0.212063
v -0.035315 0.675613 0.212063
v -0.042087 0.682385 0.212063
v -0.047580 0.690230 0.212063
v -0.051627 0.698909 0.212063
v -0.054106 0.708160 0.212063
v -0.054940 0.717700 0.212063
v -0.054106 0.727240 0.212063
v -0.051627 0.736491 0.212063
v -0.047580 0.745170 0.212063
v -0.042087 0.753015 0.212063
v -0.035315 0.759787 0.212063
v -0.027470 0.765280 0.212063
v -0.018791 0.769327 0.212063
v -0.027493 0.670082 0.211823
v -0.018806 0.666031 0.211823
v 0.009548 0.771850 0.211823
v 0.018806 0.769369 0.211823
v 0.027493 0.765318 0.211823
v 0.035344 0.759821 0.211823
v 0.042121 0.753044 0.211823
v 0.047618 0.745192 0.211823
v 0.051669 0.736506 0.211823
v 0.054150 0.727248 0.211823
v 0.054985 0.717700 0.211823
v 0.054150 0.708152 0.211823
v 0.051669 0.698894 0.211823
v 0.047618 0.690208 0.211823
v 0.042121 0.682356 0.211823
v 0.035344 0.675579 0.211823
v 0.027493 0.670082 0.211823
v 0.018806 0.666031 0.211823
v 0.009548 0.663550 0.211823
v 0.000000 0.662715 0.211823
v -0.009548 0.663550 0.211823
v -0.009540 0.771806 0.212063
v 0.000000 0.772640 0.212063
v 0.000000 0.772685 0.211823
v 0.009540 0.663594 0.212063
v 0.000000 0.662760 0.212063
v -0.009548 0.771850 0.211823
v -0.018806 0.769369 0.211823
v -0.027493 0.765318 0.211823
v -0.035344 0.759821 0.211823
v -0.042121 0.753044 0.211823
v -0.047618 0.745192 0.211823
v -0.051669 0.736506 0.211823
v -0.054150 0.727248 0.211823
v -0.054985 0.717700 0.211823
v -0.054150 0.708152 0.211823
v -0.051669 0.698894 0.211823
v -0.047618 0.690208 0.211823
v -0.042121 0.682356 0.211823
v -0.035344 0.675579 0.211823
v 0.018791 0.666073 0.212063
v 0.027470 0.670120 0.212063
v 0.035315 0.675613 0.212063
v 0.042087 0.682385 0.212063
v 0.047580 0.690230 0.212063
v 0.051627 0.698909 0.212063
v 0.054106 0.708160 0.212063
v 0.054940 0.717700 0.212063
v 0.054106 0.727240 0.212063
v 0.051627 0.736491 0.212063
v 0.047580 0.745170 0.212063
v 0.042087 0.753015 0.212063
v 0.035315 0.759787 0.212063
v 0.027470 0.765280 0.212063
v 0.018791 0.769327 0.212063
v 0.009540 0.771806 0.212063
v 0.015660 0.664946 0.195819
v 0.032310 0.671366 0.192163
v 0.026142 0.669278 0.194625
v 0.031649 0.672686 0.193754
v 0.040344 0.680283 0.192030
v 0.044448 0.685266 0.191065
v 0.050508 0.695874 0.189460
v 0.055279 0.707727 0.186853
v 0.054160 0.708008 0.188386
v 0.054281 0.726688 0.188349
v 0.009631 0.661887 0.194623
v 0.009578 0.662217 0.194715
v 0.003985 0.661527 0.194910
v 0.009531 0.662527 0.194863
v 0.003965 0.661842 0.195058
v 0.009492 0.662807 0.195063
v 0.003949 0.662127 0.195258
v 0.009462 0.663050 0.195309
v 0.003936 0.662373 0.195504
v 0.009442 0.663247 0.195594
v 0.003928 0.662572 0.195790
v 0.009432 0.663394 0.195908
v 0.003924 0.662719 0.196105
v 0.009433 0.663484 0.196242
v 0.003924 0.662810 0.196442
v 0.004007 0.661192 0.194820
v -0.002383 0.662721 0.196468
v -0.020636 0.666687 0.195327
v -0.014645 0.664655 0.195902
v -0.008711 0.663364 0.196278
v -0.026954 0.668002 0.192987
v -0.021068 0.665187 0.193718
v -0.014952 0.663093 0.194286
v -0.008894 0.661763 0.194658
v -0.002433 0.661100 0.194846
v -0.036281 0.676330 0.192889
v -0.031219 0.672386 0.193828
v -0.026403 0.669420 0.194588
v -0.040888 0.680878 0.191908
v -0.044047 0.684724 0.191164
v -0.052299 0.700608 0.188943
v -0.050507 0.695872 0.189460
v -0.047596 0.690094 0.190258
v -0.031870 0.671058 0.192236
v -0.037037 0.675119 0.191307
v -0.041738 0.679802 0.190337
v -0.044962 0.683762 0.189601
v -0.048583 0.689290 0.188705
v -0.051552 0.695238 0.187915
v -0.053381 0.700112 0.187404
v -0.055007 0.718879 0.188125
v -0.054826 0.713077 0.188182
v -0.053920 0.706752 0.188459
v -0.055636 0.725391 0.186747
v -0.056143 0.718913 0.186595
v -0.055958 0.712943 0.186651
v -0.055034 0.706434 0.186925
v -0.054510 0.725174 0.188279
v -0.053283 0.731419 0.188651
v -0.051447 0.737208 0.189191
v -0.048854 0.743013 0.189920
v -0.045578 0.748526 0.190782
v -0.032872 0.761829 0.193538
v -0.037841 0.757648 0.192571
v -0.042250 0.752951 0.191594
v -0.028718 0.766382 0.192732
v -0.033558 0.763122 0.191949
v -0.038629 0.758816 0.190992
v -0.043128 0.753980 0.190027
v -0.046523 0.749424 0.189224
v -0.049866 0.743750 0.188370
v -0.052511 0.737775 0.187650
v -0.054384 0.731817 0.187115
v -0.016429 0.770220 0.195752
v -0.022448 0.767942 0.195115
v -0.028130 0.764994 0.194330
v -0.013827 0.770964 0.195965
v -0.007622 0.772200 0.196326
v -0.001319 0.774337 0.194857
v -0.007782 0.773806 0.194706
v -0.014117 0.772533 0.194349
v -0.016773 0.771766 0.194138
v -0.022917 0.769419 0.193508
v 0.010818 0.771656 0.196166
v 0.004574 0.772540 0.196427
v -0.001292 0.772715 0.196479
v 0.023038 0.769364 0.193494
v 0.017323 0.771589 0.194089
v 0.011044 0.773246 0.194548
v 0.004670 0.774156 0.194805
v 0.016968 0.770048 0.195703
v 0.022566 0.767889 0.195100
v 0.028209 0.764947 0.194318
v 0.033520 0.761338 0.193419
v 0.037554 0.757918 0.192630
v 0.048413 0.743846 0.190039
v 0.045897 0.748049 0.190701
v 0.042000 0.753248 0.191653
v 0.051122 0.738044 0.189285
v 0.053146 0.731939 0.188692
v -0.002382 0.662631 0.196131
v -0.008710 0.663273 0.195943
v -0.014645 0.664564 0.195570
v -0.020638 0.666595 0.195001
v -0.026408 0.669328 0.194267
v -0.031229 0.672296 0.193513
v -0.036298 0.676243 0.192581
v -0.040912 0.680796 0.191607
v -0.044078 0.684648 0.190868
v -0.047635 0.690028 0.189968
v -0.050554 0.695818 0.189175
v -0.052351 0.700565 0.188661
v -0.053977 0.706724 0.188180
v -0.054885 0.713065 0.187904
v -0.055067 0.718882 0.187848
v -0.054569 0.725194 0.188001
v -0.053338 0.731454 0.188371
v -0.051496 0.737257 0.188908
v -0.048896 0.743075 0.189632
v -0.045612 0.748598 0.190489
v -0.042277 0.753030 0.191295
v -0.037860 0.757734 0.192265
v -0.032884 0.761918 0.193225
v -0.028136 0.765085 0.194011
v -0.022450 0.768034 0.194790
v -0.016429 0.770311 0.195421
v -0.013827 0.771055 0.195633
v -0.007621 0.772290 0.195991
v -0.001292 0.772805 0.196142
v 0.004573 0.772630 0.196091
v 0.010817 0.771747 0.195832
v 0.016968 0.770140 0.195373
v 0.022568 0.767981 0.194775
v 0.028216 0.765038 0.193999
v 0.033533 0.761427 0.193107
v 0.037573 0.758004 0.192324
v 0.042027 0.753328 0.191353
v 0.045932 0.748120 0.190408
v 0.048454 0.743909 0.189751
v 0.051170 0.738095 0.189001
v 0.053201 0.731975 0.188412
v -0.002385 0.662484 0.195816
v -0.008720 0.663127 0.195629
v -0.014661 0.664419 0.195259
v -0.020661 0.666454 0.194693
v -0.026440 0.669192 0.193964
v -0.031269 0.672165 0.193215
v -0.036348 0.676120 0.192289
v -0.040973 0.680685 0.191320
v -0.044146 0.684546 0.190586
v -0.047713 0.689941 0.189691
v -0.050639 0.695749 0.188902
v -0.052441 0.700510 0.188391
v -0.054072 0.706689 0.187912
v -0.054983 0.713050 0.187638
v -0.055166 0.718886 0.187582
v -0.054666 0.725218 0.187734
v -0.053431 0.731498 0.188102
v -0.051584 0.737319 0.188637
v -0.048977 0.743155 0.189357
v -0.045684 0.748693 0.190209
v -0.042341 0.753137 0.191011
v -0.037914 0.757853 0.191975
v -0.032928 0.762047 0.192929
v -0.028172 0.765220 0.193710
v -0.022476 0.768174 0.194483
v -0.016447 0.770455 0.195110
v -0.013842 0.771200 0.195321
v -0.007629 0.772437 0.195676
v -0.001293 0.772953 0.195826
v 0.004578 0.772777 0.195775
v 0.010828 0.771893 0.195519
v 0.016987 0.770283 0.195062
v 0.022595 0.768121 0.194469
v 0.028251 0.765173 0.193698
v 0.033578 0.761555 0.192812
v 0.037626 0.758123 0.192034
v 0.042090 0.753436 0.191068
v 0.046005 0.748214 0.190129
v 0.048534 0.743991 0.189475
v 0.051257 0.738160 0.188729
v 0.053294 0.732021 0.188143
v -0.002390 0.662284 0.195530
v -0.008738 0.662929 0.195344
v -0.014692 0.664225 0.194976
v -0.020707 0.666267 0.194413
v -0.026499 0.669014 0.193688
v -0.031340 0.671997 0.192943
v -0.036432 0.675966 0.192021
v -0.041068 0.680547 0.191056
v -0.044250 0.684422 0.190325
v -0.047826 0.689837 0.189434
v -0.050761 0.695666 0.188648
v -0.052568 0.700445 0.188139
v -0.054204 0.706647 0.187662
v -0.055117 0.713033 0.187388
v -0.055301 0.718890 0.187333
v -0.054799 0.725246 0.187484
v -0.053561 0.731551 0.187851
v -0.051709 0.737393 0.188383
v -0.049094 0.743251 0.189100
v -0.045792 0.748809 0.189949
v -0.042440 0.753270 0.190748
v -0.038001 0.758002 0.191708
v -0.033002 0.762210 0.192657
v -0.028235 0.765395 0.193435
v -0.022526 0.768358 0.194205
v -0.016482 0.770647 0.194828
v -0.013872 0.771395 0.195038
v -0.007645 0.772635 0.195391
v -0.001296 0.773153 0.195541
v 0.004588 0.772977 0.195490
v 0.010851 0.772090 0.195235
v 0.017023 0.770475 0.194781
v 0.022644 0.768305 0.194190
v 0.028314 0.765347 0.193423
v 0.033654 0.761717 0.192541
v 0.037712 0.758274 0.191766
v 0.042188 0.753569 0.190805
v 0.046114 0.748329 0.189870
v 0.048650 0.744090 0.189218
v 0.051381 0.738237 0.188475
v 0.053423 0.732075 0.187891
v -0.002397 0.662038 0.195284
v -0.008766 0.662686 0.195098
v -0.014739 0.663988 0.194731
v -0.020772 0.666040 0.194169
v -0.026582 0.668799 0.193446
v -0.031438 0.671797 0.192702
v -0.036545 0.675784 0.191783
v -0.041196 0.680385 0.190820
v -0.044387 0.684278 0.190090
v -0.047974 0.689717 0.189201
v -0.050917 0.695571 0.188417
v -0.052730 0.700371 0.187909
v -0.054370 0.706600 0.187433
v -0.055286 0.713013 0.187161
v -0.055470 0.718895 0.187105
v -0.054967 0.725279 0.187256
v -0.053725 0.731610 0.187622
v -0.051868 0.737478 0.188153
v -0.049245 0.743361 0.188869
v -0.045934 0.748944 0.189716
v -0.042572 0.753424 0.190513
v -0.038120 0.758177 0.191470
v -0.033106 0.762405 0.192418
v -0.028323 0.765605 0.193194
v -0.022597 0.768582 0.193961
v -0.016534 0.770882 0.194584
v -0.013916 0.771633 0.194793
v -0.007670 0.772879 0.195145
v -0.001300 0.773399 0.195294
v 0.004602 0.773222 0.195243
v 0.010886 0.772331 0.194989
v 0.017077 0.770708 0.194536
v 0.022716 0.768529 0.193947
v 0.028403 0.765557 0.193182
v 0.033760 0.761909 0.192302
v 0.037830 0.758451 0.191529
v 0.042319 0.753725 0.190570
v 0.046256 0.748461 0.189636
v 0.048800 0.744204 0.188986
v 0.051539 0.738326 0.188245
v 0.053587 0.732137 0.187662
v -0.002407 0.661752 0.195084
v -0.008802 0.662404 0.194898
v -0.014799 0.663715 0.194530
v -0.020856 0.665779 0.193969
v -0.026688 0.668555 0.193245
v -0.031562 0.671569 0.192501
v -0.036687 0.675578 0.191581
v -0.041353 0.680204 0.190619
v -0.044554 0.684117 0.189889
v -0.048152 0.689583 0.189000
v -0.051104 0.695467 0.188216
v -0.052922 0.700290 0.187708
v -0.054566 0.706548 0.187232
v -0.055485 0.712991 0.186959
v -0.055669 0.718901 0.186904
v -0.055165 0.725314 0.187055
v -0.053920 0.731675 0.187421
v -0.052057 0.737571 0.187952
v -0.049427 0.743482 0.188667
v -0.046106 0.749094 0.189514
v -0.042733 0.753597 0.190311
v -0.038266 0.758375 0.191269
v -0.033235 0.762626 0.192216
v -0.028436 0.765844 0.192993
v -0.022688 0.768838 0.193761
v -0.016602 0.771152 0.194383
v -0.013972 0.771907 0.194592
v -0.007701 0.773161 0.194945
v -0.001306 0.773685 0.195094
v 0.004621 0.773507 0.195043
v 0.010930 0.772610 0.194789
v 0.017147 0.770977 0.194335
v 0.022807 0.768784 0.193746
v 0.028516 0.765795 0.192981
v 0.033891 0.762127 0.192101
v 0.037976 0.758650 0.191327
v 0.042480 0.753899 0.190368
v 0.046429 0.748608 0.189435
v 0.048980 0.744330 0.188785
v 0.051728 0.738423 0.188043
v 0.053781 0.732204 0.187461
v -0.002419 0.661437 0.194936
v -0.008845 0.662094 0.194750
v -0.014871 0.663414 0.194381
v -0.020955 0.665492 0.193817
v -0.026813 0.668286 0.193090
v -0.031707 0.671320 0.192344
v -0.036852 0.675355 0.191421
v -0.041535 0.680008 0.190456
v -0.044747 0.683944 0.189724
v -0.048356 0.689440 0.188833
v -0.051317 0.695355 0.188047
v -0.053140 0.700203 0.187538
v -0.054789 0.706492 0.187061
v -0.055710 0.712967 0.186788
v -0.055896 0.718907 0.186732
v -0.055390 0.725352 0.186884
v -0.054141 0.731745 0.187251
v -0.052273 0.737671 0.187783
v -0.049635 0.743613 0.188500
v -0.046304 0.749255 0.189349
v -0.042920 0.753783 0.190148
v -0.038438 0.758590 0.191108
v -0.033387 0.762867 0.192059
v -0.028568 0.766105 0.192838
v -0.022795 0.769120 0.193608
v -0.016682 0.771449 0.194233
v -0.014040 0.772210 0.194443
v -0.007739 0.773474 0.194797
v -0.001312 0.774000 0.194947
v 0.004644 0.773821 0.194896
v 0.010984 0.772918 0.194640
v 0.017229 0.771274 0.194185
v 0.022915 0.769066 0.193594
v 0.028649 0.766057 0.192826
v 0.034046 0.762365 0.191942
v 0.038146 0.758866 0.191167
v 0.042666 0.754088 0.190205
v 0.046628 0.748767 0.189269
v 0.049187 0.744465 0.188618
v 0.051943 0.738527 0.187875
v 0.054002 0.732277 0.187291
v 0.028799 0.766333 0.192720
v 0.034219 0.762617 0.191832
v 0.038336 0.759094 0.191051
v 0.042873 0.754286 0.190084
v 0.046849 0.748933 0.189143
v 0.049416 0.744607 0.188489
v 0.052180 0.738636 0.187742
v 0.054245 0.732352 0.187156
v 0.054339 0.726712 0.188071
v 0.054435 0.726741 0.187804
v 0.054568 0.726775 0.187553
v 0.054735 0.726814 0.187325
v 0.054933 0.726856 0.187124
v 0.055157 0.726902 0.186953
v 0.055403 0.726949 0.186816
v 0.056089 0.720478 0.186611
v 0.055841 0.720464 0.186749
v 0.055615 0.720450 0.186920
v 0.055416 0.720438 0.187121
v 0.055247 0.720426 0.187349
v 0.055112 0.720416 0.187599
v 0.055014 0.720407 0.187865
v 0.054954 0.720400 0.188142
v 0.056031 0.713923 0.186629
v 0.055784 0.713942 0.186766
v 0.055558 0.713960 0.186937
v 0.055359 0.713978 0.187139
v 0.055190 0.713994 0.187366
v 0.055055 0.714008 0.187616
v 0.054957 0.714020 0.187882
v 0.054898 0.714029 0.188159
v 0.055033 0.707778 0.186989
v 0.054810 0.707827 0.187160
v 0.054612 0.707873 0.187362
v 0.054446 0.707915 0.187590
v 0.054313 0.707952 0.187840
v 0.054217 0.707983 0.188107
v 0.052692 0.701861 0.188828
v 0.052745 0.701820 0.188546
v 0.052836 0.701769 0.188277
v 0.052964 0.701709 0.188025
v 0.053127 0.701641 0.187796
v 0.053320 0.701565 0.187594
v 0.053539 0.701485 0.187424
v 0.053781 0.701400 0.187290
v 0.051553 0.695240 0.187915
v 0.051318 0.695357 0.188047
v 0.051104 0.695469 0.188215
v 0.050918 0.695573 0.188417
v 0.050762 0.695668 0.188648
v 0.050640 0.695751 0.188902
v 0.050554 0.695820 0.189175
v 0.048907 0.689861 0.188622
v 0.048679 0.690008 0.188750
v 0.048474 0.690149 0.188917
v 0.048295 0.690279 0.189118
v 0.048146 0.690397 0.189350
v 0.048032 0.690499 0.189608
v 0.047954 0.690584 0.189884
v 0.047914 0.690649 0.190174
v 0.045371 0.684320 0.189503
v 0.045155 0.684499 0.189627
v 0.044960 0.684669 0.189792
v 0.044792 0.684827 0.189994
v 0.044654 0.684969 0.190228
v 0.044549 0.685091 0.190488
v 0.044480 0.685191 0.190770
v 0.041183 0.679189 0.190458
v 0.040982 0.679399 0.190576
v 0.040802 0.679599 0.190738
v 0.040647 0.679783 0.190940
v 0.040521 0.679947 0.191176
v 0.040427 0.680087 0.191441
v 0.040368 0.680200 0.191728
v 0.037457 0.675494 0.191226
v 0.037270 0.675728 0.191340
v 0.037103 0.675949 0.191500
v 0.036960 0.676152 0.191702
v 0.036845 0.676333 0.191939
v 0.036761 0.676486 0.192208
v 0.036710 0.676607 0.192499
v 0.036692 0.676694 0.192807
v 0.032144 0.671627 0.192271
v 0.031997 0.671874 0.192428
v 0.031872 0.672100 0.192630
v 0.031773 0.672299 0.192870
v 0.031701 0.672465 0.193142
v 0.031660 0.672596 0.193440
v 0.026689 0.667856 0.193024
v 0.026549 0.668142 0.193127
v 0.026425 0.668411 0.193281
v 0.026320 0.668656 0.193482
v 0.026237 0.668871 0.193724
v 0.026179 0.669050 0.194001
v 0.026147 0.669187 0.194304
v 0.022099 0.665620 0.193603
v 0.021981 0.665921 0.193703
v 0.021876 0.666205 0.193855
v 0.021789 0.666464 0.194056
v 0.021720 0.666689 0.194299
v 0.021673 0.666875 0.194578
v 0.021647 0.667015 0.194885
v 0.021645 0.667107 0.195211
v 0.015988 0.663393 0.194204
v 0.015901 0.663711 0.194299
v 0.015825 0.664010 0.194449
v 0.015761 0.664282 0.194649
v 0.015711 0.664517 0.194894
v 0.015677 0.664710 0.195176
v 0.015660 0.664854 0.195488
v 0.190979 0.893347 -0.039416
v 0.193969 0.893347 -0.019894
v 0.186028 0.893347 -0.058536
v 0.179169 0.893347 -0.077057
v 0.170471 0.893347 -0.094788
v 0.160024 0.893347 -0.111549
v 0.147935 0.893347 -0.127167
v 0.134328 0.893347 -0.141482
v 0.119342 0.893347 -0.154346
v 0.103132 0.893347 -0.165629
v 0.085863 0.893347 -0.175214
v 0.067714 0.893347 -0.183002
v 0.048870 0.893347 -0.188915
v 0.029524 0.893347 -0.192891
v 0.009875 0.893347 -0.194889
v -0.009875 0.893347 -0.194889
v -0.029524 0.893347 -0.192891
v -0.048870 0.893347 -0.188915
v -0.067714 0.893347 -0.183002
v -0.085863 0.893347 -0.175214
v -0.103132 0.893347 -0.165629
v -0.119342 0.893347 -0.154346
v -0.134328 0.893347 -0.141482
v -0.147935 0.893347 -0.127167
v -0.160024 0.893347 -0.111549
v -0.170471 0.893347 -0.094788
v -0.179169 0.893347 -0.077057
v -0.186028 0.893347 -0.058536
v -0.190979 0.893347 -0.039416
v -0.193969 0.893347 -0.019894
v -0.194970 0.893347 -0.000169
v -0.193969 0.893347 0.019556
v -0.190979 0.893347 0.039078
v -0.186028 0.893347 0.058197
v -0.179169 0.893347 0.076718
v -0.170471 0.893347 0.094450
v -0.160024 0.893347 0.111211
v -0.147935 0.893347 0.126829
v -0.134328 0.893347 0.141143
v -0.119342 0.893347 0.154008
v -0.103132 0.893347 0.165291
v -0.085863 0.893347 0.174875
v -0.067714 0.893347 0.182664
v -0.048870 0.893347 0.188576
v -0.029524 0.893347 0.192552
v -0.009875 0.893347 0.194550
v 0.009875 0.893347 0.194550
v 0.029524 0.893347 0.192552
v 0.048870 0.893347 0.188576
v 0.067714 0.893347 0.182664
v 0.085863 0.893347 0.174875
v 0.103132 0.893347 0.165291
v 0.119342 0.893347 0.154008
v 0.134328 0.893347 0.141143
v 0.147935 0.893347 0.126829
v 0.160024 0.893347 0.111211
v 0.170471 0.893347 0.094450
v 0.179169 0.893347 0.076718
v 0.186028 0.893347 0.058197
v 0.190979 0.893347 0.039078
v 0.193969 0.893347 0.019556
v 0.194970 0.893347 -0.000169
v 0.193880 0.893684 0.019546
v 0.190890 0.893684 0.039060
v 0.185942 0.893684 0.058170
v 0.179086 0.893684 0.076683
v 0.170392 0.893684 0.094406
v 0.159950 0.893684 0.111159
v 0.147866 0.893684 0.126770
v 0.134265 0.893684 0.141078
v 0.119287 0.893684 0.153937
v 0.103084 0.893684 0.165214
v 0.085824 0.893684 0.174794
v 0.067683 0.893684 0.182579
v 0.048847 0.893684 0.188489
v 0.029510 0.893684 0.192463
v 0.009870 0.893684 0.194460
v -0.009870 0.893684 0.194460
v -0.029510 0.893684 0.192463
v -0.048847 0.893684 0.188489
v -0.067683 0.893684 0.182579
v -0.085824 0.893684 0.174794
v -0.103084 0.893684 0.165214
v -0.119287 0.893684 0.153937
v -0.134265 0.893684 0.141078
v -0.147866 0.893684 0.126770
v -0.159950 0.893684 0.111159
v -0.170392 0.893684 0.094406
v -0.179086 0.893684 0.076683
v -0.185942 0.893684 0.058170
v -0.190890 0.893684 0.039060
v -0.193880 0.893684 0.019546
v -0.194879 0.893684 -0.000169
v -0.193880 0.893684 -0.019885
v -0.190890 0.893684 -0.039398
v -0.185942 0.893684 -0.058509
v -0.179086 0.893684 -0.077021
v -0.170392 0.893684 -0.094745
v -0.159950 0.893684 -0.111498
v -0.147866 0.893684 -0.127108
v -0.134265 0.893684 -0.141416
v -0.119287 0.893684 -0.154275
v -0.103084 0.893684 -0.165553
v -0.085824 0.893684 -0.175133
v -0.067683 0.893684 -0.182918
v -0.048847 0.893684 -0.188828
v -0.029510 0.893684 -0.192801
v -0.009870 0.893684 -0.194799
v 0.009870 0.893684 -0.194799
v 0.029510 0.893684 -0.192801
v 0.048847 0.893684 -0.188828
v 0.067683 0.893684 -0.182918
v 0.085824 0.893684 -0.175133
v 0.103084 0.893684 -0.165553
v 0.119287 0.893684 -0.154275
v 0.134265 0.893684 -0.141416
v 0.147866 0.893684 -0.127108
v 0.159950 0.893684 -0.111498
v 0.170392 0.893684 -0.094745
v 0.179086 0.893684 -0.077021
v 0.185942 0.893684 -0.058509
v 0.190890 0.893684 -0.039398
v 0.193880 0.893684 -0.019885
v 0.194879 0.893684 -0.000169
v 0.193733 0.894000 0.019531
v 0.190746 0.894000 0.039030
v 0.185802 0.894000 0.058126
v 0.178951 0.894000 0.076624
v 0.170263 0.894000 0.094335
v 0.159829 0.894000 0.111075
v 0.147755 0.894000 0.126674
v 0.134164 0.894000 0.140971
v 0.119197 0.894000 0.153820
v 0.103006 0.894000 0.165089
v 0.085759 0.894000 0.174662
v 0.067631 0.894000 0.182441
v 0.048810 0.894000 0.188346
v 0.029488 0.894000 0.192317
v 0.009863 0.894000 0.194313
v -0.009863 0.894000 0.194313
v -0.029488 0.894000 0.192317
v -0.048810 0.894000 0.188346
v -0.067631 0.894000 0.182441
v -0.085759 0.894000 0.174662
v -0.103006 0.894000 0.165089
v -0.119197 0.894000 0.153820
v -0.134164 0.894000 0.140971
v -0.147755 0.894000 0.126674
v -0.159829 0.894000 0.111075
v -0.170263 0.894000 0.094335
v -0.178951 0.894000 0.076624
v -0.185802 0.894000 0.058126
v -0.190746 0.894000 0.039030
v -0.193733 0.894000 0.019531
v -0.194732 0.894000 -0.000169
v -0.193733 0.894000 -0.019870
v -0.190746 0.894000 -0.039369
v -0.185802 0.894000 -0.058465
v -0.178951 0.894000 -0.076963
v -0.170263 0.894000 -0.094673
v -0.159829 0.894000 -0.111413
v -0.147755 0.894000 -0.127012
v -0.134164 0.894000 -0.141310
v -0.119197 0.894000 -0.154159
v -0.103006 0.894000 -0.165427
v -0.085759 0.894000 -0.175001
v -0.067631 0.894000 -0.182780
v -0.048810 0.894000 -0.188685
v -0.029488 0.894000 -0.192656
v -0.009863 0.894000 -0.194651
v 0.009863 0.894000 -0.194651
v 0.029488 0.894000 -0.192656
v 0.048810 0.894000 -0.188685
v 0.067631 0.894000 -0.182780
v 0.085759 0.894000 -0.175001
v 0.103006 0.894000 -0.165427
v 0.119197 0.894000 -0.154159
v 0.134164 0.894000 -0.141310
v 0.147755 0.894000 -0.127012
v 0.159829 0.894000 -0.111413
v 0.170263 0.894000 -0.094673
v 0.178951 0.894000 -0.076963
v 0.185802 0.894000 -0.058465
v 0.190746 0.894000 -0.039369
v 0.193733 0.894000 -0.019870
v 0.194732 0.894000 -0.000169
v 0.193534 0.894286 0.019511
v 0.190550 0.894286 0.038990
v 0.185611 0.894286 0.058066
v 0.178767 0.894286 0.076546
v 0.170088 0.894286 0.094238
v 0.159665 0.894286 0.110961
v 0.147603 0.894286 0.126544
v 0.134026 0.894286 0.140826
v 0.119074 0.894286 0.153662
v 0.102900 0.894286 0.164919
v 0.085671 0.894286 0.174483
v 0.067562 0.894286 0.182254
v 0.048760 0.894286 0.188153
v 0.029458 0.894286 0.192120
v 0.009853 0.894286 0.194113
v -0.009853 0.894286 0.194113
v -0.029458 0.894286 0.192120
v -0.048760 0.894286 0.188153
v -0.067562 0.894286 0.182254
v -0.085671 0.894286 0.174483
v -0.102900 0.894286 0.164919
v -0.119074 0.894286 0.153662
v -0.134026 0.894286 0.140826
v -0.147603 0.894286 0.126544
v -0.159665 0.894286 0.110961
v -0.170088 0.894286 0.094238
v -0.178767 0.894286 0.076546
v -0.185611 0.894286 0.058066
v -0.190550 0.894286 0.038990
v -0.193534 0.894286 0.019511
v -0.194532 0.894286 -0.000169
v -0.193534 0.894286 -0.019850
v -0.190550 0.894286 -0.039328
v -0.185611 0.894286 -0.058405
v -0.178767 0.894286 -0.076884
v -0.170088 0.894286 -0.094576
v -0.159665 0.894286 -0.111299
v -0.147603 0.894286 -0.126882
v -0.134026 0.894286 -0.141165
v -0.119074 0.894286 -0.154001
v -0.102900 0.894286 -0.165258
v -0.085671 0.894286 -0.174821
v -0.067562 0.894286 -0.182592
v -0.048760 0.894286 -0.188491
v -0.029458 0.894286 -0.192458
v -0.009853 0.894286 -0.194452
v 0.009853 0.894286 -0.194452
v 0.029458 0.894286 -0.192458
v 0.048760 0.894286 -0.188491
v 0.067562 0.894286 -0.182592
v 0.085671 0.894286 -0.174821
v 0.102900 0.894286 -0.165258
v 0.119074 0.894286 -0.154001
v 0.134026 0.894286 -0.141165
v 0.147603 0.894286 -0.126882
v 0.159665 0.894286 -0.111299
v 0.170088 0.894286 -0.094576
v 0.178767 0.894286 -0.076884
v 0.185611 0.894286 -0.058405
v 0.190550 0.894286 -0.039328
v 0.193534 0.894286 -0.019850
v 0.194532 0.894286 -0.000169
v 0.193289 0.894532 0.019486
v 0.190309 0.894532 0.038940
v 0.185375 0.894532 0.057993
v 0.178540 0.894532 0.076448
v 0.169873 0.894532 0.094118
v 0.159463 0.894532 0.110820
v 0.147416 0.894532 0.126383
v 0.133856 0.894532 0.140648
v 0.118923 0.894532 0.153467
v 0.102770 0.894532 0.164710
v 0.085562 0.894532 0.174261
v 0.067476 0.894532 0.182022
v 0.048698 0.894532 0.187914
v 0.029420 0.894532 0.191876
v 0.009840 0.894532 0.193867
v -0.009840 0.894532 0.193867
v -0.029420 0.894532 0.191876
v -0.048698 0.894532 0.187914
v -0.067476 0.894532 0.182022
v -0.085562 0.894532 0.174261
v -0.102770 0.894532 0.164710
v -0.118923 0.894532 0.153467
v -0.133856 0.894532 0.140648
v -0.147416 0.894532 0.126383
v -0.159463 0.894532 0.110820
v -0.169873 0.894532 0.094118
v -0.178540 0.894532 0.076448
v -0.185375 0.894532 0.057993
v -0.190309 0.894532 0.038940
v -0.193289 0.894532 0.019486
v -0.194286 0.894532 -0.000169
v -0.193289 0.894532 -0.019825
v -0.190309 0.894532 -0.039279
v -0.185375 0.894532 -0.058331
v -0.178540 0.894532 -0.076787
v -0.169873 0.894532 -0.094456
v -0.159463 0.894532 -0.111158
v -0.147416 0.894532 -0.126722
v -0.133856 0.894532 -0.140986
v -0.118923 0.894532 -0.153806
v -0.102770 0.894532 -0.165049
v -0.085562 0.894532 -0.174600
v -0.067476 0.894532 -0.182361
v -0.048698 0.894532 -0.188253
v -0.029420 0.894532 -0.192214
v -0.009840 0.894532 -0.194205
v 0.009840 0.894532 -0.194205
v 0.029420 0.894532 -0.192214
v 0.048698 0.894532 -0.188253
v 0.067476 0.894532 -0.182361
v 0.085562 0.894532 -0.174600
v 0.102770 0.894532 -0.165049
v 0.118923 0.894532 -0.153806
v 0.133856 0.894532 -0.140986
v 0.147416 0.894532 -0.126722
v 0.159463 0.894532 -0.111158
v 0.169873 0.894532 -0.094456
v 0.178540 0.894532 -0.076787
v 0.185375 0.894532 -0.058331
v 0.190309 0.894532 -0.039279
v 0.193289 0.894532 -0.019825
v 0.194286 0.894532 -0.000169
v 0.193005 0.894732 0.019457
v 0.190029 0.894732 0.038883
v 0.185103 0.894732 0.057907
v 0.178278 0.894732 0.076336
v 0.169623 0.894732 0.093979
v 0.159228 0.894732 0.110657
v 0.147199 0.894732 0.126197
v 0.133660 0.894732 0.140441
v 0.118749 0.894732 0.153241
v 0.102619 0.894732 0.164468
v 0.085436 0.894732 0.174005
v 0.067377 0.894732 0.181755
v 0.048627 0.894732 0.187638
v 0.029377 0.894732 0.191594
v 0.009826 0.894732 0.193582
v -0.009826 0.894732 0.193582
v -0.029377 0.894732 0.191594
v -0.048627 0.894732 0.187638
v -0.067377 0.894732 0.181755
v -0.085436 0.894732 0.174005
v -0.102619 0.894732 0.164468
v -0.118749 0.894732 0.153241
v -0.133660 0.894732 0.140441
v -0.147199 0.894732 0.126197
v -0.159228 0.894732 0.110657
v -0.169623 0.894732 0.093979
v -0.178278 0.894732 0.076336
v -0.185103 0.894732 0.057907
v -0.190029 0.894732 0.038883
v -0.193005 0.894732 0.019457
v -0.194000 0.894732 -0.000169
v -0.193005 0.894732 -0.019796
v -0.190029 0.894732 -0.039221
v -0.185103 0.894732 -0.058246
v -0.178278 0.894732 -0.076674
v -0.169623 0.894732 -0.094318
v -0.159228 0.894732 -0.110995
v -0.147199 0.894732 -0.126536
v -0.133660 0.894732 -0.140779
v -0.118749 0.894732 -0.153580
v -0.102619 0.894732 -0.164806
v -0.085436 0.894732 -0.174343
v -0.067377 0.894732 -0.182093
v -0.048627 0.894732 -0.187976
v -0.029377 0.894732 -0.191932
v -0.009826 0.894732 -0.193920
v 0.009826 0.894732 -0.193920
v 0.029377 0.894732 -0.191932
v 0.048627 0.894732 -0.187976
v 0.067377 0.894732 -0.182093
v 0.085436 0.894732 -0.174343
v 0.102619 0.894732 -0.164806
v 0.118749 0.894732 -0.153580
v 0.133660 0.894732 -0.140779
v 0.147199 0.894732 -0.126536
v 0.159228 0.894732 -0.110995
v 0.169623 0.894732 -0.094318
v 0.178278 0.894732 -0.076674
v 0.185103 0.894732 -0.058246
v 0.190029 0.894732 -0.039221
v 0.193005 0.894732 -0.019796
v 0.194000 0.894732 -0.000169
v 0.192690 0.894879 0.019425
v 0.189719 0.894879 0.038819
v 0.184802 0.894879 0.057813
v 0.177987 0.894879 0.076211
v 0.169347 0.894879 0.093826
v 0.158969 0.894879 0.110476
v 0.146959 0.894879 0.125991
v 0.133442 0.894879 0.140212
v 0.118555 0.894879 0.152991
v 0.102452 0.894879 0.164200
v 0.085297 0.894879 0.173721
v 0.067267 0.894879 0.181458
v 0.048547 0.894879 0.187332
v 0.029329 0.894879 0.191281
v 0.009810 0.894879 0.193266
v -0.009810 0.894879 0.193266
v -0.029329 0.894879 0.191281
v -0.048547 0.894879 0.187332
v -0.067267 0.894879 0.181458
v -0.085297 0.894879 0.173721
v -0.102452 0.894879 0.164200
v -0.118555 0.894879 0.152991
v -0.133442 0.894879 0.140212
v -0.146959 0.894879 0.125991
v -0.158969 0.894879 0.110476
v -0.169347 0.894879 0.093826
v -0.177987 0.894879 0.076211
v -0.184802 0.894879 0.057813
v -0.189719 0.894879 0.038819
v -0.192690 0.894879 0.019425
v -0.193684 0.894879 -0.000169
v -0.192690 0.894879 -0.019764
v -0.189719 0.894879 -0.039158
v -0.184802 0.894879 -0.058151
v -0.177987 0.894879 -0.076550
v -0.169347 0.894879 -0.094165
v -0.158969 0.894879 -0.110815
v -0.146959 0.894879 -0.126330
v -0.133442 0.894879 -0.140550
v -0.118555 0.894879 -0.153330
v -0.102452 0.894879 -0.164538
v -0.085297 0.894879 -0.174060
v -0.067267 0.894879 -0.181797
v -0.048547 0.894879 -0.187670
v -0.029329 0.894879 -0.191620
v -0.009810 0.894879 -0.193605
v 0.009810 0.894879 -0.193605
v 0.029329 0.894879 -0.191620
v 0.048547 0.894879 -0.187670
v 0.067267 0.894879 -0.181797
v 0.085297 0.894879 -0.174060
v 0.102452 0.894879 -0.164538
v 0.118555 0.894879 -0.153330
v 0.133442 0.894879 -0.140550
v 0.146959 0.894879 -0.126330
v 0.158969 0.894879 -0.110815
v 0.169347 0.894879 -0.094165
v 0.177987 0.894879 -0.076550
v 0.184802 0.894879 -0.058151
v 0.189719 0.894879 -0.039158
v 0.192690 0.894879 -0.019764
v 0.193684 0.894879 -0.000169
v 0.192355 0.894970 0.019391
v 0.189389 0.894970 0.038751
v 0.184480 0.894970 0.057712
v 0.177678 0.894970 0.076078
v 0.169053 0.894970 0.093663
v 0.158692 0.894970 0.110284
v 0.146704 0.894970 0.125772
v 0.133210 0.894970 0.139967
v 0.118349 0.894970 0.152725
v 0.102274 0.894970 0.163914
v 0.085149 0.894970 0.173419
v 0.067151 0.894970 0.181143
v 0.048463 0.894970 0.187006
v 0.029278 0.894970 0.190948
v 0.009793 0.894970 0.192930
v -0.009793 0.894970 0.192930
v -0.029278 0.894970 0.190948
v -0.048463 0.894970 0.187006
v -0.067151 0.894970 0.181143
v -0.085149 0.894970 0.173419
v -0.102274 0.894970 0.163914
v -0.118349 0.894970 0.152725
v -0.133210 0.894970 0.139967
v -0.146704 0.894970 0.125772
v -0.158692 0.894970 0.110284
v -0.169053 0.894970 0.093663
v -0.177678 0.894970 0.076078
v -0.184480 0.894970 0.057712
v -0.189389 0.894970 0.038751
v -0.192355 0.894970 0.019391
v -0.193347 0.894970 -0.000169
v -0.192355 0.894970 -0.019730
v -0.189389 0.894970 -0.039090
v -0.184480 0.894970 -0.058050
v -0.177678 0.894970 -0.076417
v -0.169053 0.894970 -0.094001
v -0.158692 0.894970 -0.110622
v -0.146704 0.894970 -0.126110
v -0.133210 0.894970 -0.140306
v -0.118349 0.894970 -0.153064
v -0.102274 0.894970 -0.164252
v -0.085149 0.894970 -0.173757
v -0.067151 0.894970 -0.181481
v -0.048463 0.894970 -0.187344
v -0.029278 0.894970 -0.191287
v -0.009793 0.894970 -0.193268
v 0.009793 0.894970 -0.193268
v 0.029278 0.894970 -0.191287
v 0.048463 0.894970 -0.187344
v 0.067151 0.894970 -0.181481
v 0.085149 0.894970 -0.173757
v 0.102274 0.894970 -0.164252
v 0.118349 0.894970 -0.153064
v 0.133210 0.894970 -0.140306
v 0.146704 0.894970 -0.126110
v 0.158692 0.894970 -0.110622
v 0.169053 0.894970 -0.094001
v 0.177678 0.894970 -0.076417
v 0.184480 0.894970 -0.058050
v 0.189389 0.894970 -0.039090
v 0.192355 0.894970 -0.019730
v 0.193347 0.894970 -0.000169
v -0.055206 0.067449 -0.135003
v -0.059389 0.073430 -0.139030
v -0.057183 0.065082 -0.136251
v -0.063279 0.080545 -0.143671
v -0.066091 0.087401 -0.148004
v -0.068437 0.085763 -0.149362
v -0.069455 0.101666 -0.156632
v -0.069985 0.112629 -0.162949
v -0.068073 0.126898 -0.170818
v -0.063841 0.139270 -0.177356
v 0.065386 0.085475 -0.146800
v -0.050400 0.061911 -0.131163
v -0.050359 0.061767 -0.131432
v -0.046276 0.057873 -0.128666
v -0.050355 0.061595 -0.131688
v -0.046265 0.057703 -0.128928
v -0.050388 0.061401 -0.131926
v -0.046289 0.057506 -0.129170
v -0.050457 0.061189 -0.132138
v -0.046348 0.057288 -0.129386
v -0.050562 0.060964 -0.132321
v -0.046441 0.057054 -0.129571
v -0.050698 0.060731 -0.132469
v -0.046566 0.056809 -0.129720
v -0.050864 0.060496 -0.132581
v -0.046719 0.056559 -0.129830
v -0.051054 0.060264 -0.132651
v -0.046897 0.056311 -0.129897
v -0.051265 0.060041 -0.132680
v -0.047096 0.056070 -0.129921
v -0.051492 0.059833 -0.132667
v -0.047310 0.055843 -0.129900
v -0.051729 0.059643 -0.132611
v -0.047534 0.055635 -0.129835
v -0.051970 0.059478 -0.132514
v -0.047763 0.055450 -0.129728
v -0.052210 0.059340 -0.132379
v -0.047992 0.055295 -0.129582
v -0.046324 0.058012 -0.128389
v -0.040790 0.053606 -0.125180
v -0.034837 0.049779 -0.122322
v -0.030703 0.047588 -0.120654
v -0.024493 0.044920 -0.118592
v -0.005518 0.040714 -0.115264
v -0.011977 0.041528 -0.115916
v -0.018054 0.042864 -0.116978
v 0.010453 0.041281 -0.115718
v 0.004034 0.040613 -0.115183
v 0.001028 0.040504 -0.115095
v 0.022980 0.044375 -0.118166
v 0.016772 0.042535 -0.116717
v 0.030286 0.047386 -0.120500
v 0.024122 0.044783 -0.118485
v 0.041686 0.054259 -0.125660
v 0.036143 0.050547 -0.122901
v 0.051966 0.063590 -0.132339
v 0.047023 0.058638 -0.128838
v 0.060278 0.074893 -0.139997
v 0.056390 0.069011 -0.136066
v 0.062422 0.078800 -0.142547
v 0.067641 0.092433 -0.151104
v 0.069170 0.099656 -0.155445
v 0.069535 0.102318 -0.157015
v 0.070011 0.109640 -0.161251
v 0.069718 0.116977 -0.165387
v 0.068647 0.124299 -0.169412
v 0.067800 0.127995 -0.171408
v 0.065629 0.134914 -0.175083
v 0.062746 0.141586 -0.178553
v 0.059149 0.147984 -0.181819
v 0.058365 0.149194 -0.182430
v 0.054113 0.154948 -0.185308
v 0.049278 0.160257 -0.187924
v 0.044019 0.164966 -0.190214
v 0.038284 0.169141 -0.192221
v 0.032105 0.172740 -0.193934
v 0.025539 0.175710 -0.195337
v 0.018875 0.177942 -0.196384
v 0.012378 0.181087 -0.198878
v 0.019527 0.179472 -0.198142
v 0.026422 0.177163 -0.197086
v 0.033216 0.174091 -0.195672
v 0.039609 0.170369 -0.193945
v 0.045545 0.166051 -0.191921
v 0.050987 0.161180 -0.189613
v 0.055992 0.155688 -0.186975
v 0.060395 0.149735 -0.184074
v 0.061207 0.148483 -0.183458
v 0.064933 0.141863 -0.180165
v 0.067920 0.134959 -0.176666
v 0.070173 0.127798 -0.172961
v 0.071052 0.123972 -0.170948
v 0.072166 0.116392 -0.166889
v 0.072476 0.108797 -0.162720
v 0.071989 0.101215 -0.158447
v 0.071613 0.098458 -0.156865
v 0.070037 0.090976 -0.152488
v 0.067709 0.083767 -0.148148
v 0.064645 0.076849 -0.143858
v 0.062429 0.072800 -0.141287
v 0.058408 0.066702 -0.137323
v 0.053831 0.061081 -0.133565
v 0.048716 0.055944 -0.130034
v 0.043191 0.051401 -0.126830
v 0.037451 0.047548 -0.124046
v 0.031385 0.044266 -0.121625
v 0.024998 0.041563 -0.119594
v 0.023815 0.041140 -0.119272
v 0.017382 0.039228 -0.117810
v 0.010834 0.037926 -0.116803
v 0.004181 0.037231 -0.116263
v 0.001065 0.037118 -0.116174
v -0.005719 0.037337 -0.116345
v -0.012413 0.038183 -0.117002
v -0.018711 0.039570 -0.118073
v -0.025383 0.041706 -0.119702
v -0.031816 0.044476 -0.121781
v -0.036098 0.046751 -0.123463
v -0.042263 0.050723 -0.126344
v 0.011965 0.179504 -0.197114
v 0.010882 0.179684 -0.197198
v 0.003923 0.180424 -0.197543
v 0.011257 0.181273 -0.198962
v 0.004059 0.182039 -0.199310
v -0.003179 0.182083 -0.199330
v -0.010444 0.181396 -0.199018
v -0.003073 0.180467 -0.197563
v -0.010095 0.179803 -0.197253
v -0.012896 0.179336 -0.197036
v -0.019691 0.177708 -0.196275
v -0.026274 0.175418 -0.195199
v -0.032628 0.172467 -0.193805
v -0.036899 0.170022 -0.192642
v -0.042662 0.166036 -0.190730
v -0.047980 0.161510 -0.188536
v -0.052838 0.156458 -0.186056
v -0.056769 0.151500 -0.183589
v -0.060620 0.145554 -0.180586
v -0.013342 0.180913 -0.198799
v -0.020371 0.179230 -0.198032
v -0.027182 0.176861 -0.196947
v -0.033756 0.173809 -0.195542
v -0.038176 0.171281 -0.194369
v -0.044139 0.167158 -0.192442
v -0.049644 0.162476 -0.190230
v -0.054672 0.157250 -0.187729
v -0.058743 0.152121 -0.185242
v -0.062730 0.145969 -0.182214
v -0.066067 0.139466 -0.178958
v -0.042053 0.050900 -0.126505
v -0.035911 0.046948 -0.123637
v -0.031647 0.044686 -0.121964
v -0.025243 0.041932 -0.119896
v -0.018605 0.039810 -0.118278
v -0.012341 0.038432 -0.117214
v -0.005686 0.037592 -0.116561
v 0.001059 0.037375 -0.116391
v 0.004156 0.037487 -0.116479
v 0.010771 0.038177 -0.117016
v 0.017283 0.039471 -0.118016
v 0.023683 0.041369 -0.119469
v 0.024860 0.041791 -0.119789
v 0.031217 0.044477 -0.121809
v 0.037258 0.047741 -0.124218
v 0.042977 0.051574 -0.126988
v 0.048485 0.056096 -0.130179
v 0.053587 0.061212 -0.133696
v 0.058154 0.066811 -0.137440
v 0.062168 0.072887 -0.141390
v 0.064382 0.076923 -0.143954
v 0.067443 0.083819 -0.148229
v 0.069772 0.091005 -0.152557
v 0.071350 0.098466 -0.156922
v 0.071728 0.101215 -0.158500
v 0.072220 0.108777 -0.162761
v 0.071918 0.116353 -0.166920
v 0.070813 0.123913 -0.170968
v 0.069940 0.127730 -0.172976
v 0.067700 0.134874 -0.176672
v 0.064726 0.141761 -0.180163
v 0.061015 0.148365 -0.183448
v 0.060206 0.149614 -0.184062
v 0.055819 0.155555 -0.186957
v 0.050831 0.161034 -0.189588
v 0.045407 0.165894 -0.191892
v 0.039490 0.170202 -0.193910
v 0.033117 0.173917 -0.195634
v 0.026344 0.176982 -0.197045
v 0.019470 0.179285 -0.198099
v 0.012342 0.180897 -0.198833
v 0.011224 0.181082 -0.198917
v 0.004047 0.181847 -0.199264
v -0.003170 0.181891 -0.199284
v -0.010413 0.181205 -0.198973
v -0.013302 0.180724 -0.198754
v -0.020311 0.179044 -0.197989
v -0.027102 0.176680 -0.196907
v -0.033656 0.173635 -0.195504
v -0.038061 0.171112 -0.194334
v -0.044006 0.166998 -0.192411
v -0.049492 0.162327 -0.190204
v -0.054504 0.157112 -0.187709
v -0.058559 0.151995 -0.185228
v -0.062532 0.145858 -0.182207
v -0.065855 0.139370 -0.178959
v -0.041842 0.051106 -0.126625
v -0.035724 0.047176 -0.123770
v -0.031478 0.044927 -0.122105
v -0.025103 0.042190 -0.120047
v -0.018499 0.040082 -0.118437
v -0.012269 0.038714 -0.117380
v -0.005653 0.037880 -0.116730
v 0.001053 0.037665 -0.116562
v 0.004132 0.037776 -0.116649
v 0.010708 0.038460 -0.117183
v 0.017185 0.039745 -0.118177
v 0.023551 0.041631 -0.119622
v 0.024723 0.042049 -0.119940
v 0.031050 0.044720 -0.121950
v 0.037066 0.047964 -0.124348
v 0.042764 0.051777 -0.127106
v 0.048254 0.056277 -0.130285
v 0.053342 0.061370 -0.133788
v 0.057898 0.066946 -0.137521
v 0.061905 0.072998 -0.141458
v 0.064116 0.077019 -0.144014
v 0.067174 0.083891 -0.148278
v 0.069503 0.091054 -0.152594
v 0.071084 0.098492 -0.156948
v 0.071463 0.101233 -0.158522
v 0.071961 0.108773 -0.162773
v 0.071667 0.116328 -0.166922
v 0.070572 0.123868 -0.170962
v 0.069704 0.127674 -0.172965
v 0.067475 0.134800 -0.176653
v 0.064515 0.141670 -0.180136
v 0.060819 0.148258 -0.183414
v 0.060014 0.149504 -0.184028
v 0.055643 0.155430 -0.186917
v 0.050673 0.160896 -0.189543
v 0.045267 0.165744 -0.191841
v 0.039369 0.170043 -0.193856
v 0.033016 0.173748 -0.195576
v 0.026264 0.176807 -0.196985
v 0.019411 0.179105 -0.198036
v 0.012305 0.180713 -0.198769
v 0.011191 0.180898 -0.198853
v 0.004035 0.181660 -0.199199
v -0.003160 0.181704 -0.199219
v -0.010382 0.181020 -0.198908
v -0.013263 0.180540 -0.198690
v -0.020250 0.178864 -0.197926
v -0.027020 0.176506 -0.196846
v -0.033553 0.173468 -0.195447
v -0.037945 0.170951 -0.194279
v -0.043871 0.166846 -0.192360
v -0.049339 0.162186 -0.190157
v -0.054333 0.156984 -0.187667
v -0.058374 0.151879 -0.185191
v -0.062331 0.145756 -0.182177
v -0.065640 0.139284 -0.178935
v -0.041637 0.051337 -0.126701
v -0.035542 0.047428 -0.123856
v -0.031313 0.045192 -0.122198
v -0.024968 0.042473 -0.120150
v -0.018397 0.040379 -0.118547
v -0.012200 0.039020 -0.117495
v -0.005620 0.038192 -0.116849
v 0.001047 0.037979 -0.116682
v 0.004109 0.038089 -0.116769
v 0.010648 0.038769 -0.117299
v 0.017089 0.040044 -0.118289
v 0.023423 0.041918 -0.119727
v 0.024589 0.042333 -0.120044
v 0.030887 0.044987 -0.122045
v 0.036878 0.048213 -0.124432
v 0.042555 0.052005 -0.127180
v 0.048027 0.056482 -0.130348
v 0.053100 0.061551 -0.133841
v 0.057646 0.067103 -0.137562
v 0.061645 0.073132 -0.141489
v 0.063852 0.077137 -0.144038
v 0.066907 0.083984 -0.148292
v 0.069236 0.091123 -0.152598
v 0.070818 0.098536 -0.156943
v 0.071199 0.101269 -0.158513
v 0.071702 0.108785 -0.162755
v 0.071415 0.116318 -0.166896
v 0.070330 0.123837 -0.170928
v 0.069467 0.127632 -0.172927
v 0.067251 0.134738 -0.176609
v 0.064304 0.141590 -0.180086
v 0.060624 0.148161 -0.183358
v 0.059821 0.149404 -0.183970
v 0.055467 0.155315 -0.186855
v 0.050514 0.160767 -0.189476
v 0.045126 0.165604 -0.191770
v 0.039248 0.169892 -0.193782
v 0.032915 0.173588 -0.195499
v 0.026185 0.176639 -0.196905
v 0.019352 0.178932 -0.197955
v 0.012268 0.180537 -0.198686
v 0.011157 0.180721 -0.198770
v 0.004022 0.181481 -0.199116
v -0.003151 0.181525 -0.199136
v -0.010351 0.180843 -0.198826
v -0.013223 0.180364 -0.198608
v -0.020189 0.178692 -0.197845
v -0.026938 0.176339 -0.196767
v -0.033451 0.173308 -0.195370
v -0.037829 0.170797 -0.194204
v -0.043735 0.166703 -0.192288
v -0.049184 0.162054 -0.190089
v -0.054161 0.156865 -0.187604
v -0.058187 0.151773 -0.185132
v -0.062129 0.145666 -0.182123
v -0.065424 0.139211 -0.178887
v -0.041442 0.051587 -0.126731
v -0.035370 0.047699 -0.123895
v -0.031158 0.045476 -0.122243
v -0.024841 0.042773 -0.120202
v -0.018301 0.040693 -0.118605
v -0.012136 0.039343 -0.117557
v -0.005590 0.038521 -0.116914
v 0.001041 0.038308 -0.116748
v 0.004087 0.038418 -0.116834
v 0.010591 0.039093 -0.117362
v 0.017000 0.040360 -0.118348
v 0.023303 0.042221 -0.119780
v 0.024464 0.042634 -0.120096
v 0.030734 0.045271 -0.122089
v 0.036701 0.048479 -0.124469
v 0.042357 0.052251 -0.127209
v 0.047811 0.056707 -0.130367
v 0.052869 0.061752 -0.133851
v 0.057403 0.067280 -0.137564
v 0.061394 0.073284 -0.141482
v 0.063597 0.077274 -0.144026
v 0.066648 0.084096 -0.148271
v 0.068975 0.091209 -0.152569
v 0.070559 0.098598 -0.156906
v 0.070941 0.101321 -0.158474
v 0.071448 0.108814 -0.162709
v 0.071168 0.116323 -0.166843
v 0.070091 0.123820 -0.170868
v 0.069234 0.127605 -0.172865
v 0.067029 0.134691 -0.176540
v 0.064096 0.141523 -0.180012
v 0.060430 0.148077 -0.183280
v 0.059630 0.149316 -0.183891
v 0.055292 0.155211 -0.186771
v 0.050357 0.160650 -0.189389
v 0.044987 0.165474 -0.191680
v 0.039128 0.169751 -0.193689
v 0.032815 0.173438 -0.195404
v 0.026105 0.176482 -0.196808
v 0.019294 0.178768 -0.197856
v 0.012231 0.180369 -0.198587
v 0.011124 0.180553 -0.198670
v 0.004010 0.181312 -0.199016
v -0.003141 0.181355 -0.199035
v -0.010319 0.180675 -0.198726
v -0.013183 0.180197 -0.198508
v -0.020128 0.178529 -0.197747
v -0.026856 0.176182 -0.196670
v -0.033349 0.173159 -0.195274
v -0.037713 0.170654 -0.194110
v -0.043600 0.166570 -0.192197
v -0.049031 0.161933 -0.190001
v -0.053991 0.156757 -0.187519
v -0.058002 0.151679 -0.185051
v -0.061929 0.145588 -0.182046
v -0.065210 0.139151 -0.178815
v -0.041262 0.051849 -0.126714
v -0.035212 0.047981 -0.123885
v -0.031017 0.045770 -0.122236
v -0.024725 0.043082 -0.120201
v -0.018214 0.041014 -0.118609
v -0.012077 0.039672 -0.117564
v -0.005563 0.038855 -0.116923
v 0.001036 0.038644 -0.116757
v 0.004067 0.038753 -0.116843
v 0.010540 0.039424 -0.117370
v 0.016919 0.040683 -0.118352
v 0.023194 0.042533 -0.119781
v 0.024350 0.042944 -0.120095
v 0.030594 0.045566 -0.122084
v 0.036538 0.048757 -0.124458
v 0.042174 0.052510 -0.127191
v 0.047610 0.056944 -0.130343
v 0.052654 0.061967 -0.133820
v 0.057175 0.067472 -0.137526
v 0.061157 0.073452 -0.141438
v 0.063356 0.077427 -0.143977
v 0.066402 0.084223 -0.148216
v 0.068726 0.091312 -0.152508
v 0.070311 0.098675 -0.156839
v 0.070693 0.101390 -0.158404
v 0.071204 0.108858 -0.162634
v 0.070929 0.116344 -0.166763
v 0.069860 0.123819 -0.170783
v 0.069008 0.127592 -0.172777
v 0.066813 0.134657 -0.176448
v 0.063892 0.141470 -0.179917
v 0.060240 0.148005 -0.183180
v 0.059444 0.149241 -0.183791
v 0.055121 0.155120 -0.186668
v 0.050202 0.160544 -0.189282
v 0.044850 0.165355 -0.191571
v 0.039010 0.169621 -0.193578
v 0.032717 0.173299 -0.195291
v 0.026027 0.176335 -0.196693
v 0.019237 0.178616 -0.197741
v 0.012194 0.180212 -0.198470
v 0.011090 0.180395 -0.198554
v 0.003998 0.181152 -0.198899
v -0.003132 0.181196 -0.198919
v -0.010289 0.180517 -0.198609
v -0.013144 0.180041 -0.198392
v -0.020068 0.178377 -0.197631
v -0.026776 0.176036 -0.196556
v -0.033249 0.173021 -0.195162
v -0.037599 0.170522 -0.193999
v -0.043468 0.166449 -0.192088
v -0.048882 0.161825 -0.189894
v -0.053824 0.156662 -0.187415
v -0.057822 0.151598 -0.184949
v -0.061734 0.145524 -0.181948
v -0.065002 0.139105 -0.178720
v -0.041102 0.052117 -0.126651
v -0.035072 0.048267 -0.123826
v -0.030892 0.046066 -0.122180
v -0.024624 0.043391 -0.120148
v -0.018139 0.041334 -0.118559
v -0.012027 0.039999 -0.117516
v -0.005540 0.039187 -0.116876
v 0.001032 0.038977 -0.116710
v 0.004050 0.039086 -0.116796
v 0.010496 0.039752 -0.117322
v 0.016849 0.041005 -0.118302
v 0.023099 0.042845 -0.119728
v 0.024251 0.043254 -0.120042
v 0.030471 0.045863 -0.122028
v 0.036394 0.049039 -0.124398
v 0.042011 0.052775 -0.127127
v 0.047430 0.057190 -0.130275
v 0.052458 0.062192 -0.133748
v 0.056968 0.067675 -0.137449
v 0.060939 0.073632 -0.141356
v 0.063133 0.077592 -0.143893
v 0.066173 0.084364 -0.148128
v 0.068494 0.091428 -0.152415
v 0.070077 0.098767 -0.156742
v 0.070460 0.101473 -0.158306
v 0.070973 0.108918 -0.162532
v 0.070702 0.116380 -0.166657
v 0.069640 0.123832 -0.170674
v 0.068792 0.127594 -0.172666
v 0.066607 0.134638 -0.176334
v 0.063697 0.141432 -0.179800
v 0.060058 0.147948 -0.183061
v 0.059264 0.149181 -0.183671
v 0.054956 0.155044 -0.186545
v 0.050053 0.160453 -0.189158
v 0.044718 0.165251 -0.191445
v 0.038895 0.169505 -0.193450
v 0.032621 0.173173 -0.195162
v 0.025951 0.176201 -0.196563
v 0.019181 0.178475 -0.197610
v 0.012159 0.180068 -0.198339
v 0.011058 0.180251 -0.198422
v 0.003987 0.181006 -0.198767
v -0.003123 0.181049 -0.198787
v -0.010259 0.180372 -0.198478
v -0.013105 0.179897 -0.198261
v -0.020009 0.178237 -0.197500
v -0.026698 0.175902 -0.196426
v -0.033152 0.172895 -0.195033
v -0.037489 0.170404 -0.193871
v -0.043340 0.166341 -0.191961
v -0.048736 0.161729 -0.189769
v -0.053663 0.156581 -0.187292
v -0.057648 0.151531 -0.184828
v -0.061546 0.145474 -0.181829
v -0.064802 0.139073 -0.178604
v -0.040966 0.052384 -0.126543
v -0.034955 0.048548 -0.123720
v -0.030788 0.046356 -0.122075
v -0.024541 0.043693 -0.120044
v -0.018077 0.041644 -0.118455
v -0.011986 0.040315 -0.117413
v -0.005521 0.039506 -0.116773
v 0.001028 0.039297 -0.116608
v 0.004036 0.039405 -0.116694
v 0.010460 0.040069 -0.117219
v 0.016791 0.041316 -0.118199
v 0.023021 0.043149 -0.119624
v 0.024168 0.043556 -0.119938
v 0.030369 0.046155 -0.121922
v 0.036273 0.049317 -0.124291
v 0.041872 0.053039 -0.127019
v 0.047274 0.057437 -0.130165
v 0.052288 0.062421 -0.133636
v 0.056785 0.067884 -0.137335
v 0.060746 0.073820 -0.141240
v 0.062934 0.077767 -0.143776
v 0.065967 0.084516 -0.148008
v 0.068283 0.091557 -0.152293
v 0.069863 0.098872 -0.156617
v 0.070245 0.101569 -0.158181
v 0.070759 0.108991 -0.162404
v 0.070491 0.116431 -0.166527
v 0.069434 0.123860 -0.170542
v 0.068589 0.127611 -0.172533
v 0.066412 0.134635 -0.176200
v 0.063511 0.141409 -0.179663
v 0.059884 0.147906 -0.182923
v 0.059093 0.149135 -0.183532
v 0.054798 0.154982 -0.186406
v 0.049910 0.160375 -0.189017
v 0.044591 0.165160 -0.191303
v 0.038785 0.169403 -0.193307
v 0.032529 0.173061 -0.195018
v 0.025878 0.176080 -0.196419
v 0.019127 0.178349 -0.197465
v 0.012125 0.179937 -0.198193
v 0.011027 0.180119 -0.198277
v 0.003976 0.180873 -0.198621
v -0.003114 0.180916 -0.198641
v -0.010230 0.180241 -0.198332
v -0.013069 0.179767 -0.198115
v -0.019953 0.178112 -0.197355
v -0.026623 0.175783 -0.196281
v -0.033058 0.172784 -0.194889
v -0.037383 0.170299 -0.193727
v -0.043217 0.166248 -0.191819
v -0.048597 0.161649 -0.189628
v -0.053510 0.156515 -0.187152
v -0.057482 0.151479 -0.184690
v -0.061368 0.145439 -0.181692
v -0.064614 0.139057 -0.178468
v -0.040857 0.052643 -0.126394
v -0.034863 0.048819 -0.123569
v -0.030708 0.046634 -0.121924
v -0.024477 0.043979 -0.119891
v -0.018030 0.041936 -0.118302
v -0.011955 0.040611 -0.117259
v -0.005507 0.039804 -0.116619
v 0.001026 0.039596 -0.116453
v 0.004025 0.039704 -0.116539
v 0.010433 0.040366 -0.117065
v 0.016748 0.041609 -0.118046
v 0.022961 0.043436 -0.119472
v 0.024106 0.043842 -0.119786
v 0.030289 0.046433 -0.121771
v 0.036177 0.049586 -0.124141
v 0.041760 0.053296 -0.126869
v 0.047147 0.057680 -0.130016
v 0.052147 0.062649 -0.133487
v 0.056631 0.068095 -0.137187
v 0.060581 0.074012 -0.141092
v 0.062763 0.077947 -0.143627
v 0.065787 0.084676 -0.147859
v 0.068096 0.091695 -0.152144
v 0.069672 0.098988 -0.156468
v 0.070053 0.101677 -0.158031
v 0.070566 0.109077 -0.162253
v 0.070299 0.116495 -0.166376
v 0.069245 0.123902 -0.170390
v 0.068402 0.127642 -0.172381
v 0.066231 0.134646 -0.176046
v 0.063339 0.141400 -0.179509
v 0.059722 0.147880 -0.182768
v 0.058933 0.149105 -0.183378
v 0.054651 0.154935 -0.186250
v 0.049776 0.160314 -0.188861
v 0.044471 0.165085 -0.191146
v 0.038681 0.169317 -0.193150
v 0.032442 0.172964 -0.194860
v 0.025809 0.175975 -0.196261
v 0.019076 0.178238 -0.197307
v 0.012093 0.179822 -0.198035
v 0.010998 0.180003 -0.198119
v 0.003965 0.180754 -0.198463
v -0.003106 0.180798 -0.198483
v -0.010203 0.180124 -0.198174
v -0.013034 0.179652 -0.197957
v -0.019900 0.178001 -0.197197
v -0.026551 0.175679 -0.196123
v -0.032969 0.172688 -0.194731
v -0.037283 0.170210 -0.193570
v -0.043100 0.166170 -0.191662
v -0.048467 0.161584 -0.189472
v -0.053365 0.156464 -0.186996
v -0.057326 0.151442 -0.184534
v -0.061202 0.145419 -0.181537
v -0.064438 0.139055 -0.178315
v -0.040778 0.052887 -0.126206
v -0.034798 0.049072 -0.123378
v -0.030652 0.046891 -0.121730
v -0.024435 0.044240 -0.119695
v -0.018000 0.042201 -0.118104
v -0.011936 0.040878 -0.117059
v -0.005498 0.040073 -0.116417
v 0.001024 0.039865 -0.116251
v 0.004019 0.039972 -0.116337
v 0.010416 0.040633 -0.116864
v 0.016720 0.041875 -0.117847
v 0.022922 0.043699 -0.119275
v 0.024064 0.044104 -0.119590
v 0.030235 0.046690 -0.121578
v 0.036109 0.049837 -0.123951
v 0.041679 0.053539 -0.126682
v 0.047052 0.057913 -0.129832
v 0.052039 0.062870 -0.133305
v 0.056510 0.068302 -0.137007
v 0.060447 0.074205 -0.140914
v 0.062622 0.078129 -0.143451
v 0.065637 0.084840 -0.147684
v 0.067938 0.091840 -0.151970
v 0.069508 0.099113 -0.156295
v 0.069888 0.101795 -0.157859
v 0.070397 0.109174 -0.162082
v 0.070129 0.116571 -0.166205
v 0.069076 0.123958 -0.170220
v 0.068235 0.127688 -0.172211
v 0.066068 0.134672 -0.175877
v 0.063182 0.141408 -0.179340
v 0.059574 0.147869 -0.182598
v 0.058787 0.149091 -0.183208
v 0.054514 0.154905 -0.186081
v 0.049651 0.160269 -0.188692
v 0.044359 0.165027 -0.190977
v 0.038584 0.169246 -0.192981
v 0.032360 0.172884 -0.194691
v 0.025744 0.175887 -0.196092
v 0.019028 0.178143 -0.197138
v 0.012062 0.179723 -0.197866
v 0.010970 0.179904 -0.197950
v 0.003955 0.180653 -0.198294
v -0.003098 0.180696 -0.198314
v -0.010177 0.180024 -0.198005
v -0.013001 0.179553 -0.197788
v -0.019850 0.177907 -0.197028
v -0.026484 0.175591 -0.195954
v -0.032886 0.172609 -0.194562
v -0.037189 0.170137 -0.193401
v -0.042992 0.166108 -0.191493
v -0.048345 0.161535 -0.189303
v -0.053232 0.156430 -0.186827
v -0.057184 0.151421 -0.184365
v -0.061050 0.145415 -0.181368
v -0.064279 0.139069 -0.178145
v -0.040731 0.053111 -0.125985
v -0.034763 0.049300 -0.123152
v -0.030624 0.047120 -0.121500
v -0.024415 0.044471 -0.119460
v -0.017987 0.042432 -0.117865
v -0.011928 0.041109 -0.116817
v -0.005495 0.040304 -0.116174
v 0.001023 0.040096 -0.116007
v 0.004017 0.040203 -0.116093
v 0.010410 0.040865 -0.116622
v 0.016709 0.042106 -0.117607
v 0.022904 0.043930 -0.119039
v 0.024045 0.044335 -0.119355
v 0.030207 0.046920 -0.121347
v 0.036071 0.050064 -0.123725
v 0.041630 0.053762 -0.126462
v 0.046991 0.058131 -0.129616
v 0.051965 0.063079 -0.133094
v 0.056423 0.068502 -0.136800
v 0.060348 0.074393 -0.140711
v 0.062516 0.078309 -0.143250
v 0.065520 0.085005 -0.147487
v 0.067812 0.091989 -0.151776
v 0.069374 0.099245 -0.156103
v 0.069751 0.101920 -0.157668
v 0.070255 0.109281 -0.161893
v 0.069984 0.116659 -0.166018
v 0.068929 0.124027 -0.170034
v 0.068089 0.127747 -0.172026
v 0.065924 0.134712 -0.175693
v 0.063043 0.141430 -0.179157
v 0.059441 0.147874 -0.182417
v 0.058655 0.149093 -0.183026
v 0.054391 0.154891 -0.185900
v 0.049538 0.160240 -0.188511
v 0.044257 0.164985 -0.190797
v 0.038495 0.169193 -0.192801
v 0.032285 0.172821 -0.194512
v 0.025684 0.175815 -0.195913
v 0.018983 0.178065 -0.196959
v 0.012034 0.179640 -0.197688
v 0.010944 0.179821 -0.197771
v 0.003946 0.180568 -0.198116
v -0.003091 0.180611 -0.198135
v -0.010153 0.179941 -0.197827
v -0.012970 0.179471 -0.197610
v -0.019803 0.177830 -0.196850
v -0.026423 0.175520 -0.195776
v -0.032810 0.172546 -0.194383
v -0.037103 0.170082 -0.193222
v -0.042893 0.166064 -0.191313
v -0.048235 0.161503 -0.189122
v -0.053111 0.156412 -0.186646
v -0.057055 0.151417 -0.184184
v -0.060914 0.145427 -0.181186
v -0.064138 0.139098 -0.177962
v -0.040717 0.053309 -0.125735
v -0.034758 0.049497 -0.122895
v -0.030623 0.047316 -0.121240
v -0.024418 0.044665 -0.119194
v -0.017992 0.042623 -0.117592
v -0.011932 0.041298 -0.116540
v -0.005497 0.040491 -0.115895
v 0.001024 0.040282 -0.115728
v 0.004018 0.040390 -0.115814
v 0.010414 0.041053 -0.116345
v 0.016714 0.042296 -0.117334
v 0.022908 0.044123 -0.118771
v 0.024048 0.044528 -0.119087
v 0.030206 0.047116 -0.121086
v 0.036064 0.050261 -0.123471
v 0.041615 0.053960 -0.126214
v 0.046966 0.058327 -0.129375
v 0.051928 0.063272 -0.132859
v 0.056374 0.068689 -0.136571
v 0.060287 0.074573 -0.140488
v 0.062447 0.078483 -0.143030
v 0.065438 0.085168 -0.147271
v 0.067719 0.092139 -0.151564
v 0.069271 0.099381 -0.155895
v 0.069645 0.102051 -0.157461
v 0.070142 0.109395 -0.161689
v 0.069866 0.116757 -0.165816
v 0.068808 0.124107 -0.169835
v 0.067967 0.127818 -0.171828
v 0.065802 0.134767 -0.175497
v 0.062923 0.141468 -0.178963
v 0.059325 0.147895 -0.182224
v 0.058540 0.149111 -0.182835
v 0.054282 0.154894 -0.185709
v 0.049437 0.160229 -0.188322
v 0.044166 0.164961 -0.190609
v 0.038414 0.169157 -0.192613
v 0.032217 0.172775 -0.194325
v 0.025629 0.175762 -0.195726
v 0.018943 0.178006 -0.196773
v 0.012008 0.179576 -0.197502
v 0.010921 0.179756 -0.197585
v 0.003937 0.180501 -0.197930
v -0.003084 0.180544 -0.197950
v -0.010132 0.179876 -0.197641
v -0.012943 0.179407 -0.197423
v -0.019761 0.177771 -0.196663
v -0.026367 0.175467 -0.195589
v -0.032741 0.172501 -0.194196
v -0.037025 0.170044 -0.193034
v -0.042805 0.166037 -0.191125
v -0.048136 0.161488 -0.188933
v -0.053004 0.156410 -0.186456
v -0.056942 0.151429 -0.183992
v -0.060796 0.145454 -0.180993
v -0.064017 0.139141 -0.177767
v -0.040737 0.053475 -0.125465
v -0.034783 0.049658 -0.122616
v -0.030650 0.047473 -0.120955
v -0.024444 0.044816 -0.118902
v -0.018015 0.042768 -0.117294
v -0.011949 0.041439 -0.116237
v -0.005505 0.040629 -0.115589
v 0.001025 0.040420 -0.115421
v 0.004024 0.040528 -0.115508
v 0.010429 0.041193 -0.116041
v 0.016735 0.042441 -0.117034
v 0.022933 0.044273 -0.118477
v 0.024074 0.044679 -0.118795
v 0.030233 0.047272 -0.120801
v 0.036089 0.050424 -0.123193
v 0.041634 0.054127 -0.125944
v 0.046977 0.058497 -0.129113
v 0.051928 0.063444 -0.132606
v 0.056362 0.068860 -0.136325
v 0.060263 0.074741 -0.140248
v 0.062415 0.078648 -0.142793
v 0.065393 0.085326 -0.147040
v 0.067662 0.092288 -0.151338
v 0.069203 0.099519 -0.155674
v 0.069573 0.102184 -0.157242
v 0.070060 0.109516 -0.161474
v 0.069777 0.116864 -0.165605
v 0.068713 0.124199 -0.169627
v 0.067870 0.127901 -0.171621
v 0.065703 0.134834 -0.175293
v 0.062823 0.141520 -0.178761
v 0.059227 0.147932 -0.182024
v 0.058443 0.149145 -0.182635
v 0.054189 0.154913 -0.185511
v 0.049350 0.160234 -0.188125
v 0.044086 0.164955 -0.190413
v 0.038344 0.169140 -0.192419
v 0.032157 0.172748 -0.194132
v 0.025581 0.175727 -0.195534
v 0.018907 0.177964 -0.196581
v 0.011985 0.179531 -0.197310
v 0.010900 0.179710 -0.197393
v 0.003930 0.180453 -0.197738
v -0.003078 0.180496 -0.197758
v -0.010112 0.179830 -0.197449
v -0.012918 0.179362 -0.197232
v -0.019723 0.177730 -0.196471
v -0.026317 0.175433 -0.195396
v -0.032680 0.172475 -0.194003
v -0.036957 0.170024 -0.192840
v -0.042727 0.166027 -0.190930
v -0.048051 0.161491 -0.188737
v -0.052913 0.156426 -0.186258
v -0.056846 0.151457 -0.183793
v -0.060698 0.145497 -0.180792
v -0.063917 0.139199 -0.177565
v -0.066421 0.132665 -0.173897
v -0.066495 0.132581 -0.174108
v -0.066593 0.132508 -0.174313
v -0.066716 0.132448 -0.174509
v -0.066860 0.132402 -0.174694
v -0.067025 0.132369 -0.174863
v -0.067208 0.132351 -0.175017
v -0.067405 0.132349 -0.175151
v -0.067615 0.132361 -0.175264
v -0.067835 0.132387 -0.175354
v -0.068060 0.132429 -0.175421
v -0.068289 0.132484 -0.175463
v -0.068518 0.132552 -0.175479
v -0.068742 0.132632 -0.175470
v -0.068142 0.126803 -0.171032
v -0.068238 0.126717 -0.171239
v -0.068360 0.126643 -0.171437
v -0.068507 0.126581 -0.171622
v -0.068674 0.126532 -0.171793
v -0.068862 0.126498 -0.171945
v -0.069066 0.126478 -0.172077
v -0.069283 0.126472 -0.172188
v -0.069511 0.126482 -0.172275
v -0.069746 0.126506 -0.172337
v -0.069984 0.126545 -0.172373
v -0.070222 0.126597 -0.172383
v -0.070456 0.126663 -0.172366
v -0.069398 0.119808 -0.166955
v -0.069459 0.119699 -0.167172
v -0.069551 0.119599 -0.167382
v -0.069670 0.119508 -0.167582
v -0.069816 0.119427 -0.167769
v -0.069986 0.119358 -0.167939
v -0.070177 0.119303 -0.168091
v -0.070387 0.119261 -0.168221
v -0.070612 0.119234 -0.168329
v -0.070848 0.119222 -0.168411
v -0.071092 0.119225 -0.168467
v -0.071340 0.119243 -0.168495
v -0.071588 0.119276 -0.168497
v -0.071832 0.119323 -0.168470
v -0.070038 0.112509 -0.163169
v -0.070123 0.112394 -0.163383
v -0.070238 0.112286 -0.163586
v -0.070382 0.112187 -0.163774
v -0.070551 0.112098 -0.163945
v -0.070744 0.112021 -0.164096
v -0.070957 0.111957 -0.164224
v -0.071187 0.111907 -0.164328
v -0.071430 0.111873 -0.164405
v -0.071681 0.111854 -0.164455
v -0.071937 0.111850 -0.164476
v -0.072193 0.111863 -0.164468
v -0.072446 0.111891 -0.164431
v -0.072290 0.104389 -0.160250
v -0.072031 0.104380 -0.160298
v -0.071768 0.104389 -0.160315
v -0.071506 0.104415 -0.160303
v -0.071249 0.104457 -0.160260
v -0.071003 0.104516 -0.160188
v -0.070770 0.104589 -0.160089
v -0.070556 0.104675 -0.159962
v -0.070363 0.104774 -0.159812
v -0.070195 0.104883 -0.159640
v -0.070056 0.105001 -0.159450
v -0.069947 0.105125 -0.159244
v -0.069871 0.105253 -0.159027
v -0.069828 0.105383 -0.158802
v -0.069492 0.101532 -0.156859
v -0.069563 0.101397 -0.157079
v -0.069668 0.101265 -0.157286
v -0.069804 0.101138 -0.157477
v -0.069970 0.101019 -0.157650
v -0.070161 0.100909 -0.157800
v -0.070376 0.100810 -0.157925
v -0.070609 0.100725 -0.158023
v -0.070857 0.100654 -0.158092
v -0.071116 0.100600 -0.158130
v -0.071380 0.100562 -0.158138
v -0.071645 0.100542 -0.158115
v -0.071907 0.100540 -0.158062
v -0.070560 0.093064 -0.153722
v -0.070295 0.093088 -0.153788
v -0.070027 0.093130 -0.153822
v -0.069760 0.093192 -0.153823
v -0.069500 0.093271 -0.153792
v -0.069251 0.093367 -0.153729
v -0.069018 0.093476 -0.153635
v -0.068806 0.093598 -0.153512
v -0.068618 0.093730 -0.153363
v -0.068458 0.093870 -0.153190
v -0.068329 0.094014 -0.152996
v -0.068233 0.094160 -0.152785
v -0.068173 0.094306 -0.152561
v -0.068149 0.094449 -0.152329
v -0.066102 0.087253 -0.148243
v -0.066150 0.087097 -0.148471
v -0.066235 0.086938 -0.148686
v -0.066355 0.086777 -0.148883
v -0.066508 0.086618 -0.149057
v -0.066690 0.086464 -0.149206
v -0.066898 0.086319 -0.149327
v -0.067128 0.086185 -0.149416
v -0.067375 0.086064 -0.149473
v -0.067635 0.085960 -0.149496
v -0.067902 0.085874 -0.149485
v -0.068171 0.085808 -0.149440
v -0.065531 0.078659 -0.144993
v -0.065266 0.078726 -0.145084
v -0.064999 0.078816 -0.145141
v -0.064735 0.078928 -0.145163
v -0.064478 0.079058 -0.145148
v -0.064235 0.079204 -0.145098
v -0.064011 0.079363 -0.145013
v -0.063810 0.079531 -0.144895
v -0.063636 0.079706 -0.144746
v -0.063493 0.079883 -0.144570
v -0.063384 0.080059 -0.144370
v -0.063311 0.080231 -0.144151
v -0.063275 0.080394 -0.143916
v -0.059371 0.073278 -0.139282
v -0.059392 0.073109 -0.139524
v -0.059450 0.072927 -0.139749
v -0.059546 0.072736 -0.139953
v -0.059677 0.072540 -0.140131
v -0.059840 0.072343 -0.140279
v -0.060031 0.072149 -0.140395
v -0.060246 0.071964 -0.140475
v -0.060481 0.071790 -0.140518
v -0.060730 0.071632 -0.140523
v -0.060989 0.071493 -0.140489
v -0.061250 0.071376 -0.140418
v -0.061510 0.071283 -0.140312
v -0.056932 0.065198 -0.136372
v -0.056678 0.065339 -0.136456
v -0.056429 0.065503 -0.136500
v -0.056189 0.065687 -0.136504
v -0.055965 0.065885 -0.136468
v -0.055760 0.066094 -0.136393
v -0.055581 0.066309 -0.136279
v -0.055430 0.066525 -0.136131
v -0.055312 0.066736 -0.135951
v -0.055229 0.066939 -0.135743
v -0.055183 0.067128 -0.135512
v -0.055176 0.067299 -0.135264
v -0.021353 0.043857 -0.115573
v -0.058033 0.071367 -0.135656
v -0.061767 0.077568 -0.139784
v -0.064841 0.084123 -0.144021
v -0.067240 0.091021 -0.148348
v -0.068046 0.094049 -0.150209
v -0.069399 0.101275 -0.154558
v -0.069988 0.108606 -0.158850
v -0.070836 0.116839 -0.161716
v -0.069800 0.116015 -0.163072
v -0.069659 0.117581 -0.163951
v -0.070694 0.118428 -0.162587
v -0.068550 0.124781 -0.167932
v -0.066698 0.131828 -0.171739
v -0.064103 0.138695 -0.175370
v -0.060625 0.145561 -0.178927
v -0.056715 0.151591 -0.181995
v -0.069570 0.125737 -0.166532
v -0.067693 0.132891 -0.170305
v -0.065061 0.139863 -0.173902
v -0.061533 0.146833 -0.177426
v -0.057566 0.152957 -0.180465
v -0.052954 0.158684 -0.183261
v -0.047899 0.163792 -0.185720
v -0.052170 0.157231 -0.184817
v -0.047188 0.162260 -0.187299
v -0.041714 0.166768 -0.189496
v -0.035765 0.170728 -0.191405
v -0.042344 0.168370 -0.187896
v -0.036305 0.172391 -0.189786
v -0.029945 0.175750 -0.191351
v -0.023345 0.178425 -0.192588
v -0.016454 0.180438 -0.193514
v -0.015408 0.178836 -0.195256
v -0.016208 0.178650 -0.195169
v -0.022996 0.176668 -0.194234
v -0.029499 0.174034 -0.192985
v -0.008663 0.181840 -0.194156
v -0.015641 0.180627 -0.193601
v -0.001578 0.180534 -0.196054
v -0.008534 0.180030 -0.195817
v 0.007176 0.180183 -0.195889
v 0.005450 0.180340 -0.195963
v -0.001602 0.182352 -0.194390
v 0.005533 0.182155 -0.194300
v 0.007285 0.181996 -0.194227
v 0.014276 0.180921 -0.193735
v 0.020795 0.177392 -0.194576
v 0.014063 0.179125 -0.195393
v 0.034619 0.171394 -0.191724
v 0.028363 0.174550 -0.193230
v 0.027354 0.174987 -0.193438
v 0.051481 0.160281 -0.184034
v 0.046677 0.164882 -0.186240
v 0.021110 0.179161 -0.192927
v 0.027768 0.176718 -0.191800
v 0.028792 0.176273 -0.191594
v 0.035142 0.173068 -0.190103
v 0.041108 0.169267 -0.188319
v 0.040497 0.167651 -0.189923
v 0.045984 0.163334 -0.187825
v 0.050718 0.158804 -0.185597
v 0.055301 0.153477 -0.182943
v 0.059316 0.147735 -0.180039
v 0.062750 0.141593 -0.176880
v 0.065330 0.135717 -0.173805
v 0.067558 0.128918 -0.170177
v 0.069079 0.121942 -0.166373
v 0.069884 0.114808 -0.162392
v 0.070013 0.110063 -0.159689
v 0.069583 0.102779 -0.155448
v 0.068397 0.095576 -0.151139
v 0.066449 0.088478 -0.146768
v 0.065859 0.086775 -0.145700
v 0.055236 0.067513 -0.133024
v 0.059462 0.073572 -0.137138
v 0.063006 0.080003 -0.141373
v 0.045965 0.057723 -0.126095
v 0.051130 0.062706 -0.129668
v 0.036358 0.050702 -0.120882
v 0.040306 0.053286 -0.122827
v 0.012535 0.041652 -0.113810
v 0.018954 0.043135 -0.114999
v 0.023972 0.044753 -0.116282
v 0.030311 0.047422 -0.118368
v 0.005981 0.040777 -0.113103
v -0.061835 0.077637 -0.139620
v -0.064907 0.084204 -0.143849
v -0.067301 0.091112 -0.148168
v -0.068105 0.094145 -0.150025
v -0.069452 0.101379 -0.154365
v -0.070033 0.108719 -0.158647
v -0.069836 0.116134 -0.162860
v -0.069693 0.117702 -0.163736
v -0.068575 0.124906 -0.167707
v -0.066714 0.131956 -0.171504
v -0.064109 0.138823 -0.175125
v -0.060622 0.145687 -0.178671
v -0.056705 0.151715 -0.181728
v -0.052154 0.157350 -0.184541
v -0.047168 0.162374 -0.187014
v -0.041692 0.166877 -0.189202
v -0.035742 0.170830 -0.191104
v -0.029477 0.174130 -0.192677
v -0.022978 0.176758 -0.193921
v -0.016194 0.178736 -0.194852
v -0.015394 0.178921 -0.194939
v -0.008526 0.180113 -0.195497
v -0.001577 0.180616 -0.195733
v 0.005445 0.180422 -0.195642
v 0.007170 0.180266 -0.195569
v 0.014051 0.179210 -0.195074
v 0.020778 0.177481 -0.194262
v 0.027333 0.175081 -0.193128
v 0.028342 0.174644 -0.192921
v 0.034596 0.171495 -0.191422
v 0.040474 0.167758 -0.189628
v 0.045963 0.163447 -0.187537
v 0.050701 0.158922 -0.185318
v 0.055289 0.153599 -0.182673
v 0.059310 0.147860 -0.179779
v 0.062752 0.141721 -0.176630
v 0.065340 0.135845 -0.173564
v 0.067578 0.129045 -0.169947
v 0.069108 0.122065 -0.166152
v 0.069922 0.114926 -0.162181
v 0.070056 0.110177 -0.159484
v 0.069634 0.102885 -0.155253
v 0.068455 0.095674 -0.150953
v 0.066512 0.088565 -0.146590
v 0.065923 0.086859 -0.145524
v 0.063073 0.080076 -0.141206
v 0.059530 0.073634 -0.136978
v 0.055304 0.067562 -0.132872
v 0.051196 0.062746 -0.129522
v 0.046027 0.057752 -0.125954
v 0.040362 0.053306 -0.122691
v 0.036410 0.050715 -0.120749
v 0.030355 0.047428 -0.118239
v 0.024008 0.044752 -0.116155
v 0.018983 0.043131 -0.114875
v 0.012554 0.041644 -0.113688
v 0.005990 0.040766 -0.112981
v 0.004675 0.040666 -0.112900
v -0.008276 0.041000 -0.113170
v -0.001809 0.040533 -0.112793
v -0.027490 0.046143 -0.117373
v 0.056131 0.154872 -0.181405
v 0.060205 0.149041 -0.178528
v 0.063688 0.142805 -0.175399
v 0.066305 0.136839 -0.172351
v 0.068565 0.129937 -0.168757
v 0.070106 0.122855 -0.164988
v 0.070921 0.115613 -0.161042
v 0.071050 0.110797 -0.158363
v 0.070612 0.103404 -0.154160
v 0.069407 0.096094 -0.149888
v 0.067428 0.088890 -0.145556
v 0.066829 0.087162 -0.144497
v 0.063932 0.080290 -0.140208
v 0.060334 0.073764 -0.136010
v 0.056046 0.067616 -0.131931
v 0.051879 0.062739 -0.128604
v 0.046637 0.057683 -0.125062
v 0.040895 0.053182 -0.121821
v 0.036889 0.050559 -0.119893
v 0.030753 0.047232 -0.117400
v 0.024321 0.044524 -0.115331
v 0.019231 0.042883 -0.114060
v 0.012718 0.041378 -0.112881
v 0.006068 0.040490 -0.112180
v 0.004736 0.040389 -0.112099
v -0.001833 0.040254 -0.111992
v -0.008384 0.040727 -0.112367
v -0.014898 0.041811 -0.113221
v -0.021664 0.043615 -0.114629
v -0.027891 0.045935 -0.116414
v -0.033879 0.048830 -0.118604
v -0.033392 0.048997 -0.119582
v -0.034080 0.049375 -0.119871
v -0.039931 0.053024 -0.122631
v -0.054934 0.067091 -0.132547
v -0.050333 0.061867 -0.129074
v -0.050398 0.061905 -0.128928
v -0.045349 0.057193 -0.125709
v -0.045410 0.057221 -0.125569
v -0.039987 0.053043 -0.122495
v -0.034129 0.049385 -0.119740
v -0.033440 0.049006 -0.119451
v -0.027530 0.046146 -0.117245
v -0.021385 0.043854 -0.115448
v -0.014707 0.042071 -0.114030
v -0.034577 0.049214 -0.118891
v -0.040514 0.052916 -0.121627
v -0.046012 0.057145 -0.124679
v -0.051069 0.061887 -0.128015
v -0.055670 0.067138 -0.131609
v -0.058885 0.071527 -0.134540
v -0.062674 0.077819 -0.138633
v -0.065796 0.084471 -0.142833
v -0.068231 0.091471 -0.147123
v -0.069050 0.094544 -0.148967
v -0.070425 0.101877 -0.153278
v -0.071025 0.109318 -0.157531
v -0.070233 0.101838 -0.153390
v -0.068868 0.094521 -0.149081
v -0.068054 0.091453 -0.147237
v -0.065631 0.084468 -0.142948
v -0.062522 0.077827 -0.138748
v -0.058746 0.071546 -0.134654
v -0.055542 0.067163 -0.131723
v -0.050954 0.061920 -0.128127
v -0.045911 0.057185 -0.124790
v -0.040427 0.052961 -0.121737
v -0.034504 0.049264 -0.119000
v -0.033808 0.048880 -0.118713
v -0.027832 0.045989 -0.116522
v -0.021620 0.043671 -0.114736
v -0.014868 0.041869 -0.113328
v -0.008366 0.040787 -0.112473
v -0.001829 0.040315 -0.112098
v 0.004726 0.040449 -0.112205
v 0.006056 0.040551 -0.112286
v 0.012692 0.041437 -0.112988
v 0.019191 0.042941 -0.114167
v 0.024271 0.044579 -0.115439
v 0.030688 0.047284 -0.117509
v 0.036810 0.050607 -0.120002
v 0.040806 0.053227 -0.121932
v 0.046535 0.057722 -0.125173
v 0.051762 0.062770 -0.128717
v 0.055916 0.067640 -0.132045
v 0.060191 0.073779 -0.136124
v 0.063775 0.080294 -0.140322
v 0.066659 0.087153 -0.144611
v 0.067255 0.088878 -0.145670
v 0.069223 0.096067 -0.150002
v 0.070418 0.103361 -0.154272
v 0.070847 0.110737 -0.158473
v 0.070713 0.115541 -0.161150
v 0.069893 0.122763 -0.165093
v 0.068349 0.129825 -0.168859
v 0.066088 0.136705 -0.172449
v 0.063473 0.142652 -0.175493
v 0.059994 0.148865 -0.178617
v 0.055928 0.154673 -0.181489
v 0.051289 0.160060 -0.184113
v 0.046498 0.164641 -0.186315
v 0.040946 0.169006 -0.188389
v 0.035000 0.172789 -0.190168
v 0.028674 0.175978 -0.191655
v 0.027653 0.176421 -0.191860
v 0.021022 0.178851 -0.192985
v 0.014216 0.180602 -0.193790
v 0.007254 0.181671 -0.194281
v 0.005509 0.181828 -0.194353
v -0.001595 0.182025 -0.194443
v -0.008627 0.181516 -0.194210
v -0.015575 0.180309 -0.193656
v -0.016385 0.180122 -0.193570
v -0.023247 0.178118 -0.192646
v -0.029823 0.175457 -0.191413
v -0.036160 0.172116 -0.189853
v -0.042178 0.168113 -0.187967
v -0.047716 0.163556 -0.185795
v -0.052758 0.158470 -0.183342
v -0.057360 0.152766 -0.180551
v -0.061320 0.146665 -0.177517
v -0.064844 0.139719 -0.173998
v -0.067476 0.132770 -0.170405
v -0.069356 0.125637 -0.166636
v -0.070484 0.118349 -0.162694
v -0.070627 0.116763 -0.161824
v -0.068699 0.094486 -0.149210
v -0.067889 0.091424 -0.147365
v -0.065476 0.084452 -0.143075
v -0.062379 0.077824 -0.138873
v -0.058615 0.071553 -0.134778
v -0.055420 0.067178 -0.131845
v -0.050845 0.061943 -0.128247
v -0.045814 0.057215 -0.124908
v -0.040343 0.052998 -0.121853
v -0.034434 0.049305 -0.119114
v -0.033739 0.048922 -0.118827
v -0.027776 0.046035 -0.116634
v -0.021576 0.043721 -0.114847
v -0.014838 0.041921 -0.113438
v -0.008350 0.040840 -0.112583
v -0.001825 0.040369 -0.112208
v 0.004717 0.040503 -0.112315
v 0.006044 0.040604 -0.112395
v 0.012666 0.041490 -0.113098
v 0.019153 0.042991 -0.114278
v 0.024222 0.044628 -0.115551
v 0.030626 0.047329 -0.117622
v 0.036735 0.050647 -0.120117
v 0.040721 0.053263 -0.122048
v 0.046436 0.057751 -0.125292
v 0.051650 0.062792 -0.128837
v 0.055793 0.067654 -0.132167
v 0.060055 0.073783 -0.136248
v 0.063628 0.080286 -0.140448
v 0.066501 0.087132 -0.144739
v 0.067094 0.088854 -0.145798
v 0.069052 0.096029 -0.150131
v 0.070239 0.103307 -0.154402
v 0.070661 0.110665 -0.158603
v 0.070523 0.115458 -0.161280
v 0.069699 0.122662 -0.165223
v 0.068153 0.129704 -0.168988
v 0.065892 0.136564 -0.172577
v 0.063279 0.142492 -0.175619
v 0.059805 0.148685 -0.178742
v 0.055747 0.154473 -0.181612
v 0.051118 0.159840 -0.184233
v 0.046339 0.164404 -0.186433
v 0.040803 0.168750 -0.188504
v 0.034875 0.172518 -0.190281
v 0.028570 0.175692 -0.191766
v 0.027553 0.176133 -0.191971
v 0.020944 0.178552 -0.193093
v 0.014163 0.180294 -0.193898
v 0.007227 0.181358 -0.194387
v 0.005488 0.181515 -0.194460
v -0.001589 0.181711 -0.194549
v -0.008594 0.181204 -0.194316
v -0.015517 0.180003 -0.193764
v -0.016324 0.179817 -0.193677
v -0.023162 0.177823 -0.192756
v -0.029715 0.175174 -0.191524
v -0.036031 0.171847 -0.189966
v -0.042031 0.167862 -0.188082
v -0.047554 0.163322 -0.185914
v -0.052584 0.158256 -0.183463
v -0.057176 0.152573 -0.180674
v -0.061129 0.146493 -0.177643
v -0.064649 0.139569 -0.174125
v -0.067280 0.132641 -0.170534
v -0.069160 0.125528 -0.166766
v -0.070292 0.118259 -0.162824
v -0.070436 0.116677 -0.161954
v -0.070638 0.109194 -0.157772
v -0.067738 0.091383 -0.147506
v -0.065333 0.084424 -0.143213
v -0.062246 0.077809 -0.139008
v -0.058492 0.071549 -0.134909
v -0.055305 0.067182 -0.131974
v -0.050741 0.061956 -0.128374
v -0.045722 0.057236 -0.125032
v -0.040263 0.053025 -0.121975
v -0.034366 0.049339 -0.119233
v -0.033672 0.048956 -0.118945
v -0.027722 0.046073 -0.116751
v -0.021534 0.043763 -0.114962
v -0.014810 0.041966 -0.113551
v -0.008334 0.040887 -0.112696
v -0.001822 0.040416 -0.112320
v 0.004708 0.040550 -0.112427
v 0.006032 0.040651 -0.112508
v 0.012642 0.041535 -0.113211
v 0.019115 0.043034 -0.114392
v 0.024175 0.044668 -0.115666
v 0.030566 0.047365 -0.117739
v 0.036662 0.050679 -0.120237
v 0.040640 0.053290 -0.122169
v 0.046342 0.057771 -0.125416
v 0.051544 0.062804 -0.128964
v 0.055677 0.067657 -0.132297
v 0.059928 0.073775 -0.136381
v 0.063491 0.080266 -0.140585
v 0.066354 0.087100 -0.144878
v 0.066946 0.088818 -0.145938
v 0.068896 0.095978 -0.150274
v 0.070076 0.103241 -0.154548
v 0.070493 0.110583 -0.158752
v 0.070353 0.115365 -0.161430
v 0.069527 0.122552 -0.165375
v 0.067980 0.129576 -0.169142
v 0.065721 0.136419 -0.172732
v 0.063111 0.142330 -0.175775
v 0.059642 0.148505 -0.178899
v 0.055592 0.154276 -0.181769
v 0.050973 0.159626 -0.184391
v 0.046204 0.164174 -0.186590
v 0.040682 0.168506 -0.188662
v 0.034771 0.172260 -0.190439
v 0.028482 0.175423 -0.191923
v 0.027468 0.175862 -0.192128
v 0.020879 0.178272 -0.193250
v 0.014119 0.180008 -0.194055
v 0.007204 0.181068 -0.194544
v 0.005471 0.181224 -0.194616
v -0.001584 0.181419 -0.194706
v -0.008567 0.180914 -0.194473
v -0.015469 0.179718 -0.193920
v -0.016273 0.179532 -0.193834
v -0.023090 0.177546 -0.192913
v -0.029624 0.174907 -0.191681
v -0.035923 0.171592 -0.190124
v -0.041907 0.167621 -0.188240
v -0.047417 0.163097 -0.186072
v -0.052435 0.158047 -0.183621
v -0.057018 0.152381 -0.180832
v -0.060964 0.146320 -0.177799
v -0.064479 0.139415 -0.174281
v -0.067108 0.132505 -0.170688
v -0.068988 0.125411 -0.166919
v -0.070121 0.118159 -0.162975
v -0.070266 0.116582 -0.162105
v -0.070471 0.109115 -0.157920
v -0.069894 0.101725 -0.153665
v -0.065204 0.084385 -0.143361
v -0.062124 0.077782 -0.139152
v -0.058378 0.071535 -0.135049
v -0.055198 0.067175 -0.132110
v -0.050644 0.061959 -0.128506
v -0.045635 0.057246 -0.125161
v -0.040186 0.053043 -0.122100
v -0.034301 0.049364 -0.119356
v -0.033609 0.048982 -0.119067
v -0.027670 0.046104 -0.116871
v -0.021494 0.043797 -0.115080
v -0.014782 0.042003 -0.113668
v -0.008318 0.040926 -0.112811
v -0.001818 0.040456 -0.112436
v 0.004699 0.040589 -0.112543
v 0.006021 0.040690 -0.112623
v 0.012618 0.041573 -0.113327
v 0.019080 0.043070 -0.114510
v 0.024130 0.044701 -0.115785
v 0.030508 0.047394 -0.117860
v 0.036593 0.050701 -0.120360
v 0.040563 0.053308 -0.122295
v 0.046254 0.057781 -0.125545
v 0.051446 0.062805 -0.129097
v 0.055570 0.067650 -0.132433
v 0.059811 0.073756 -0.136522
v 0.063366 0.080235 -0.140730
v 0.066222 0.087055 -0.145028
v 0.066812 0.088770 -0.146089
v 0.068757 0.095917 -0.150430
v 0.069933 0.103165 -0.154708
v 0.070347 0.110492 -0.158916
v 0.070206 0.115264 -0.161598
v 0.069380 0.122435 -0.165547
v 0.067834 0.129444 -0.169318
v 0.065578 0.136271 -0.172912
v 0.062972 0.142169 -0.175958
v 0.059509 0.148329 -0.179085
v 0.055466 0.154086 -0.181959
v 0.050856 0.159423 -0.184583
v 0.046097 0.163959 -0.186785
v 0.040587 0.168280 -0.188858
v 0.034688 0.172023 -0.190637
v 0.028415 0.175178 -0.192123
v 0.027403 0.175615 -0.192328
v 0.020829 0.178019 -0.193452
v 0.014085 0.179749 -0.194257
v 0.007187 0.180806 -0.194747
v 0.005458 0.180962 -0.194819
v -0.001580 0.181157 -0.194909
v -0.008547 0.180653 -0.194676
v -0.015432 0.179460 -0.194122
v -0.016234 0.179275 -0.194036
v -0.023035 0.177294 -0.193114
v -0.029554 0.174663 -0.191881
v -0.035838 0.171357 -0.190322
v -0.041809 0.167396 -0.188436
v -0.047307 0.162884 -0.186266
v -0.052316 0.157847 -0.183812
v -0.056889 0.152196 -0.181020
v -0.060829 0.146149 -0.177985
v -0.064338 0.139261 -0.174463
v -0.066963 0.132367 -0.170866
v -0.068841 0.125288 -0.167092
v -0.069973 0.118052 -0.163145
v -0.070119 0.116478 -0.162273
v -0.070326 0.109027 -0.158084
v -0.069751 0.101652 -0.153825
v -0.068406 0.094380 -0.149507
v -0.062014 0.077745 -0.139303
v -0.058275 0.071509 -0.135194
v -0.055100 0.067158 -0.132252
v -0.050554 0.061951 -0.128643
v -0.045553 0.057248 -0.125294
v -0.040115 0.053053 -0.122229
v -0.034240 0.049380 -0.119481
v -0.033549 0.048999 -0.119193
v -0.027620 0.046126 -0.116994
v -0.021456 0.043824 -0.115201
v -0.014756 0.042033 -0.113787
v -0.008303 0.040958 -0.112929
v -0.001815 0.040489 -0.112553
v 0.004690 0.040622 -0.112660
v 0.006010 0.040723 -0.112741
v 0.012596 0.041604 -0.113446
v 0.019046 0.043098 -0.114630
v 0.024087 0.044726 -0.115907
v 0.030454 0.047414 -0.117984
v 0.036528 0.050715 -0.120487
v 0.040491 0.053316 -0.122424
v 0.046172 0.057781 -0.125678
v 0.051354 0.062795 -0.129235
v 0.055471 0.067631 -0.132575
v 0.059706 0.073726 -0.136669
v 0.063254 0.080193 -0.140883
v 0.066106 0.087000 -0.145187
v 0.066694 0.088712 -0.146249
v 0.068636 0.095845 -0.150596
v 0.069810 0.103080 -0.154881
v 0.070225 0.110393 -0.159095
v 0.070084 0.115156 -0.161781
v 0.069260 0.122314 -0.165736
v 0.067717 0.129310 -0.169513
v 0.065465 0.136125 -0.173113
v 0.062864 0.142012 -0.176165
v 0.059408 0.148161 -0.179297
v 0.055372 0.153907 -0.182176
v 0.050770 0.159235 -0.184805
v 0.046020 0.163763 -0.187011
v 0.040520 0.168076 -0.189089
v 0.034631 0.171813 -0.190871
v 0.028368 0.174963 -0.192360
v 0.027358 0.175399 -0.192566
v 0.020795 0.177799 -0.193692
v 0.014062 0.179527 -0.194498
v 0.007175 0.180582 -0.194990
v 0.005449 0.180738 -0.195062
v -0.001578 0.180932 -0.195152
v -0.008533 0.180429 -0.194918
v -0.015406 0.179238 -0.194364
v -0.016207 0.179053 -0.194278
v -0.022997 0.177076 -0.193353
v -0.029505 0.174448 -0.192118
v -0.035779 0.171148 -0.190555
v -0.041740 0.167194 -0.188666
v -0.047228 0.162690 -0.186491
v -0.052228 0.157662 -0.184033
v -0.056793 0.152021 -0.181236
v -0.060725 0.145984 -0.178195
v -0.064228 0.139109 -0.174666
v -0.066847 0.132227 -0.171063
v -0.068722 0.125162 -0.167284
v -0.069852 0.117939 -0.163330
v -0.069997 0.116368 -0.162457
v -0.070203 0.108931 -0.158261
v -0.069629 0.101569 -0.153996
v -0.068286 0.094311 -0.149672
v -0.067483 0.091267 -0.147821
v -0.058182 0.071472 -0.135344
v -0.055012 0.067129 -0.132398
v -0.050471 0.061933 -0.128784
v -0.045479 0.057239 -0.125430
v -0.040048 0.053052 -0.122361
v -0.034182 0.049387 -0.119610
v -0.033493 0.049007 -0.119321
v -0.027574 0.046140 -0.117119
v -0.021419 0.043843 -0.115323
v -0.014730 0.042056 -0.113908
v -0.008289 0.040983 -0.113049
v -0.001812 0.040515 -0.112672
v 0.004682 0.040648 -0.112779
v 0.006000 0.040748 -0.112860
v 0.012574 0.041628 -0.113566
v 0.019013 0.043118 -0.114751
v 0.024046 0.044743 -0.116030
v 0.030403 0.047425 -0.118111
v 0.036467 0.050719 -0.120617
v 0.040424 0.053316 -0.122556
v 0.046096 0.057771 -0.125815
v 0.051271 0.062776 -0.129377
v 0.055382 0.067602 -0.132722
v 0.059611 0.073685 -0.136822
v 0.063156 0.080139 -0.141042
v 0.066005 0.086935 -0.145353
v 0.066594 0.088643 -0.146417
v 0.068535 0.095763 -0.150771
v 0.069710 0.102986 -0.155063
v 0.070127 0.110288 -0.159285
v 0.069989 0.115043 -0.161976
v 0.069168 0.122190 -0.165939
v 0.067631 0.129176 -0.169724
v 0.065386 0.135982 -0.173332
v 0.062791 0.141861 -0.176390
v 0.059341 0.148004 -0.179530
v 0.055313 0.153744 -0.182416
v 0.050718 0.159066 -0.185052
v 0.045975 0.163591 -0.187264
v 0.040482 0.167901 -0.189348
v 0.034600 0.171636 -0.191135
v 0.028343 0.174783 -0.192629
v 0.027334 0.175220 -0.192835
v 0.020778 0.177618 -0.193964
v 0.014050 0.179345 -0.194774
v 0.007169 0.180400 -0.195266
v 0.005445 0.180556 -0.195339
v -0.001576 0.180750 -0.195429
v -0.008526 0.180247 -0.195195
v -0.015394 0.179057 -0.194639
v -0.016194 0.178872 -0.194552
v -0.022978 0.176895 -0.193625
v -0.029479 0.174269 -0.192386
v -0.035746 0.170971 -0.190818
v -0.041700 0.167020 -0.188923
v -0.047181 0.162519 -0.186742
v -0.052173 0.157495 -0.184278
v -0.056731 0.151859 -0.181473
v -0.060656 0.145829 -0.178425
v -0.064151 0.138962 -0.174888
v -0.066764 0.132089 -0.171277
v -0.068633 0.125034 -0.167490
v -0.069758 0.117822 -0.163528
v -0.069902 0.116253 -0.162654
v -0.070105 0.108828 -0.158450
v -0.069529 0.101478 -0.154177
v -0.068185 0.094232 -0.149845
v -0.067382 0.091194 -0.147992
v -0.064989 0.084274 -0.143681
v -0.070823 0.109262 -0.157642
v -0.070055 0.101787 -0.153520
v -0.068544 0.094438 -0.149352
v -0.067602 0.091331 -0.147659
v -0.065089 0.084335 -0.143517
v -0.061917 0.077696 -0.139459
v -0.058102 0.071425 -0.135499
v -0.054866 0.067042 -0.132699
f 1 2 3
f 4 5 6
f 7 8 9
f 10 11 12
f 13 14 15
f 16 17 18
f 19 20 21
f 22 23 24
f 25 26 27
f 28 29 30
f 31 32 33
f 34 35 36
f 26 25 37
f 29 28 37
f 32 31 37
f 35 34 37
f 37 38 39
f 40 41 42
f 43 44 45
f 46 47 48
f 49 50 51
f 52 53 54
f 55 56 57
f 57 56 58
f 59 60 61
f 62 63 64
f 65 66 67
f 68 69 70
f 71 72 73
f 73 72 74
f 73 74 75
f 76 77 78
f 78 77 79
f 78 79 71
f 68 70 66
f 80 81 82
f 83 84 85
f 85 84 86
f 85 86 87
f 88 83 89
f 90 91 92
f 92 91 93
f 92 93 94
f 64 63 95
f 96 97 98
f 98 97 99
f 98 99 64
f 64 99 100
f 64 100 62
f 101 102 103
f 96 98 103
f 103 98 104
f 103 104 101
f 105 106 107
f 107 106 108
f 107 108 109
f 109 108 110
f 109 110 101
f 101 110 111
f 101 111 102
f 59 61 112
f 113 114 115
f 115 114 116
f 116 117 115
f 115 117 118
f 115 118 61
f 61 118 119
f 61 119 112
f 58 120 121
f 58 121 57
f 57 121 122
f 57 122 55
f 52 54 123
f 49 51 124
f 125 126 124
f 127 128 129
f 127 129 125
f 125 129 130
f 125 130 126
f 128 127 131
f 131 127 132
f 131 132 133
f 43 45 134
f 135 136 137
f 138 139 140
f 141 142 143
f 143 142 144
f 145 146 39
f 147 36 148
f 148 36 35
f 148 35 149
f 149 35 37
f 150 33 151
f 151 33 32
f 151 32 152
f 152 32 37
f 153 30 154
f 154 30 29
f 154 29 155
f 155 29 37
f 156 27 157
f 157 27 26
f 157 26 158
f 158 26 37
f 159 160 146
f 161 147 162
f 162 147 148
f 162 148 163
f 163 148 149
f 163 149 164
f 164 149 37
f 165 150 166
f 166 150 151
f 166 151 167
f 167 151 152
f 167 152 168
f 168 152 37
f 169 170 171
f 172 153 173
f 173 153 154
f 173 154 174
f 174 154 155
f 174 155 175
f 175 155 37
f 176 177 178
f 179 156 180
f 180 156 157
f 180 157 181
f 181 157 158
f 181 158 182
f 182 158 37
f 183 161 184
f 184 161 162
f 184 162 185
f 185 162 163
f 185 163 186
f 186 163 164
f 186 164 187
f 187 164 37
f 188 165 189
f 189 165 166
f 189 166 190
f 190 166 167
f 190 167 191
f 191 167 168
f 191 168 192
f 192 168 37
f 193 172 194
f 194 172 173
f 194 173 195
f 195 173 174
f 195 174 196
f 196 174 175
f 196 175 197
f 197 175 37
f 198 179 199
f 199 179 180
f 199 180 200
f 200 180 181
f 200 181 201
f 201 181 182
f 201 182 202
f 202 182 37
f 203 183 204
f 204 183 184
f 204 184 205
f 205 184 185
f 205 185 206
f 206 185 186
f 206 186 207
f 207 186 187
f 207 187 208
f 208 187 37
f 75 188 209
f 209 188 189
f 209 189 210
f 210 189 190
f 210 190 211
f 211 190 191
f 211 191 212
f 212 191 192
f 212 192 213
f 213 192 37
f 214 193 215
f 215 193 194
f 215 194 216
f 216 194 195
f 216 195 217
f 217 195 196
f 217 196 218
f 218 196 197
f 218 197 219
f 219 197 37
f 220 198 221
f 221 198 199
f 221 199 222
f 222 199 200
f 222 200 223
f 223 200 201
f 223 201 224
f 224 201 202
f 224 202 225
f 225 202 37
f 226 203 227
f 227 203 204
f 227 204 228
f 228 204 205
f 228 205 229
f 229 205 206
f 229 206 230
f 230 206 207
f 230 207 231
f 231 207 208
f 231 208 232
f 232 208 37
f 233 45 234
f 234 45 44
f 234 44 48
f 48 44 235
f 48 235 46
f 136 134 137
f 137 134 45
f 137 45 236
f 236 45 233
f 236 233 237
f 139 135 140
f 140 135 137
f 140 137 238
f 238 137 236
f 238 236 239
f 239 236 237
f 239 237 240
f 241 138 242
f 242 138 140
f 242 140 243
f 243 140 238
f 243 238 244
f 244 238 239
f 244 239 245
f 245 239 240
f 245 240 246
f 41 241 42
f 42 241 242
f 42 242 247
f 247 242 243
f 247 243 248
f 248 243 244
f 248 244 249
f 249 244 245
f 249 245 250
f 250 245 246
f 250 246 251
f 144 40 143
f 143 40 42
f 143 42 252
f 252 42 247
f 252 247 253
f 253 247 248
f 253 248 254
f 254 248 249
f 254 249 255
f 255 249 250
f 255 250 256
f 256 250 251
f 256 251 37
f 257 214 258
f 258 214 215
f 258 215 259
f 259 215 216
f 259 216 260
f 260 216 217
f 260 217 261
f 261 217 218
f 261 218 262
f 262 218 219
f 262 219 263
f 263 219 37
f 264 220 265
f 265 220 221
f 265 221 266
f 266 221 222
f 266 222 267
f 267 222 223
f 267 223 268
f 268 223 224
f 268 224 269
f 269 224 225
f 269 225 270
f 270 225 37
f 271 272 273
f 274 226 275
f 275 226 227
f 275 227 276
f 276 227 228
f 276 228 277
f 277 228 229
f 277 229 278
f 278 229 230
f 278 230 279
f 279 230 231
f 279 231 280
f 280 231 232
f 280 232 281
f 281 232 37
f 133 132 47
f 47 132 282
f 47 282 48
f 48 282 283
f 48 283 234
f 234 283 284
f 234 284 233
f 233 284 285
f 233 285 237
f 237 285 286
f 237 286 240
f 240 286 287
f 240 287 246
f 246 287 288
f 246 288 251
f 251 288 37
f 74 141 75
f 75 141 143
f 75 143 188
f 188 143 252
f 188 252 165
f 165 252 253
f 165 253 150
f 150 253 254
f 150 254 33
f 33 254 255
f 33 255 31
f 31 255 256
f 31 256 37
f 289 290 291
f 292 257 293
f 293 257 258
f 293 258 294
f 294 258 259
f 294 259 295
f 295 259 260
f 295 260 296
f 296 260 261
f 296 261 297
f 297 261 262
f 297 262 298
f 298 262 263
f 298 263 299
f 299 263 37
f 300 301 302
f 303 264 304
f 304 264 265
f 304 265 305
f 305 265 266
f 305 266 306
f 306 266 267
f 306 267 307
f 307 267 268
f 307 268 308
f 308 268 269
f 308 269 309
f 309 269 270
f 309 270 310
f 310 270 37
f 311 274 312
f 312 274 275
f 312 275 313
f 313 275 276
f 313 276 314
f 314 276 277
f 314 277 315
f 315 277 278
f 315 278 316
f 316 278 279
f 316 279 317
f 317 279 280
f 317 280 318
f 318 280 281
f 318 281 319
f 319 281 37
f 320 292 321
f 321 292 293
f 321 293 322
f 322 293 294
f 322 294 323
f 323 294 295
f 323 295 324
f 324 295 296
f 324 296 325
f 325 296 297
f 325 297 326
f 326 297 298
f 326 298 327
f 327 298 299
f 327 299 328
f 328 299 37
f 329 303 330
f 330 303 304
f 330 304 331
f 331 304 305
f 331 305 332
f 332 305 306
f 332 306 333
f 333 306 307
f 333 307 334
f 334 307 308
f 334 308 335
f 335 308 309
f 335 309 336
f 336 309 310
f 336 310 337
f 337 310 37
f 125 311 127
f 127 311 312
f 127 312 132
f 132 312 313
f 132 313 282
f 282 313 314
f 282 314 283
f 283 314 315
f 283 315 284
f 284 315 316
f 284 316 285
f 285 316 317
f 285 317 286
f 286 317 318
f 286 318 287
f 287 318 319
f 287 319 288
f 288 319 37
f 338 320 339
f 339 320 321
f 339 321 340
f 340 321 322
f 340 322 341
f 341 322 323
f 341 323 342
f 342 323 324
f 342 324 343
f 343 324 325
f 343 325 344
f 344 325 326
f 344 326 345
f 345 326 327
f 345 327 346
f 346 327 328
f 346 328 347
f 347 328 37
f 348 329 349
f 349 329 330
f 349 330 350
f 350 330 331
f 350 331 351
f 351 331 332
f 351 332 352
f 352 332 333
f 352 333 353
f 353 333 334
f 353 334 354
f 354 334 335
f 354 335 355
f 355 335 336
f 355 336 356
f 356 336 337
f 356 337 357
f 357 337 37
f 358 338 359
f 359 338 339
f 359 339 360
f 360 339 340
f 360 340 361
f 361 340 341
f 361 341 362
f 362 341 342
f 362 342 363
f 363 342 343
f 363 343 364
f 364 343 344
f 364 344 365
f 365 344 345
f 365 345 366
f 366 345 346
f 366 346 367
f 367 346 347
f 367 347 368
f 368 347 37
f 369 370 371
f 372 348 373
f 373 348 349
f 373 349 374
f 374 349 350
f 374 350 375
f 375 350 351
f 375 351 376
f 376 351 352
f 376 352 377
f 377 352 353
f 377 353 378
f 378 353 354
f 378 354 379
f 379 354 355
f 379 355 380
f 380 355 356
f 380 356 381
f 381 356 357
f 381 357 382
f 382 357 37
f 383 384 385
f 39 38 145
f 145 38 386
f 145 386 387
f 387 386 388
f 387 388 389
f 389 388 390
f 389 390 391
f 391 390 392
f 391 392 393
f 393 392 394
f 393 394 395
f 395 394 396
f 395 396 397
f 397 396 398
f 397 398 399
f 399 398 400
f 399 400 401
f 401 400 402
f 401 402 403
f 403 402 51
f 403 51 54
f 54 51 50
f 54 50 123
f 404 358 405
f 405 358 359
f 405 359 406
f 406 359 360
f 406 360 407
f 407 360 361
f 407 361 408
f 408 361 362
f 408 362 409
f 409 362 363
f 409 363 410
f 410 363 364
f 410 364 411
f 411 364 365
f 411 365 412
f 412 365 366
f 412 366 413
f 413 366 367
f 413 367 414
f 414 367 368
f 414 368 415
f 415 368 37
f 416 372 417
f 417 372 373
f 417 373 418
f 418 373 374
f 418 374 419
f 419 374 375
f 419 375 420
f 420 375 376
f 420 376 421
f 421 376 377
f 421 377 422
f 422 377 378
f 422 378 423
f 423 378 379
f 423 379 424
f 424 379 380
f 424 380 425
f 425 380 381
f 425 381 426
f 426 381 382
f 426 382 427
f 427 382 37
f 146 145 159
f 159 145 387
f 159 387 428
f 428 387 389
f 428 389 429
f 429 389 391
f 429 391 430
f 430 391 393
f 430 393 431
f 431 393 395
f 431 395 432
f 432 395 397
f 432 397 433
f 433 397 399
f 433 399 434
f 434 399 401
f 434 401 435
f 435 401 403
f 435 403 436
f 436 403 54
f 436 54 122
f 122 54 53
f 122 53 55
f 437 404 438
f 438 404 405
f 438 405 439
f 439 405 406
f 439 406 440
f 440 406 407
f 440 407 441
f 441 407 408
f 441 408 442
f 442 408 409
f 442 409 443
f 443 409 410
f 443 410 444
f 444 410 411
f 444 411 445
f 445 411 412
f 445 412 446
f 446 412 413
f 446 413 447
f 447 413 414
f 447 414 448
f 448 414 415
f 448 415 449
f 449 415 37
f 450 416 451
f 451 416 417
f 451 417 452
f 452 417 418
f 452 418 453
f 453 418 419
f 453 419 454
f 454 419 420
f 454 420 455
f 455 420 421
f 455 421 456
f 456 421 422
f 456 422 457
f 457 422 423
f 457 423 458
f 458 423 424
f 458 424 459
f 459 424 425
f 459 425 460
f 460 425 426
f 460 426 461
f 461 426 427
f 461 427 462
f 462 427 37
f 463 437 464
f 464 437 438
f 464 438 465
f 465 438 439
f 465 439 466
f 466 439 440
f 466 440 467
f 467 440 441
f 467 441 468
f 468 441 442
f 468 442 469
f 469 442 443
f 469 443 470
f 470 443 444
f 470 444 471
f 471 444 445
f 471 445 472
f 472 445 446
f 472 446 473
f 473 446 447
f 473 447 474
f 474 447 448
f 474 448 475
f 475 448 449
f 475 449 476
f 476 449 37
f 477 450 478
f 478 450 451
f 478 451 479
f 479 451 452
f 479 452 480
f 480 452 453
f 480 453 481
f 481 453 454
f 481 454 482
f 482 454 455
f 482 455 483
f 483 455 456
f 483 456 484
f 484 456 457
f 484 457 485
f 485 457 458
f 485 458 486
f 486 458 459
f 486 459 487
f 487 459 460
f 487 460 488
f 488 460 461
f 488 461 489
f 489 461 462
f 489 462 490
f 490 462 37
f 160 159 491
f 491 159 428
f 491 428 492
f 492 428 429
f 492 429 493
f 493 429 430
f 493 430 494
f 494 430 431
f 494 431 495
f 495 431 432
f 495 432 496
f 496 432 433
f 496 433 497
f 497 433 434
f 497 434 498
f 498 434 435
f 498 435 499
f 499 435 436
f 499 436 500
f 500 436 122
f 500 122 501
f 501 122 121
f 501 121 21
f 12 463 502
f 502 463 464
f 502 464 503
f 503 464 465
f 503 465 504
f 504 465 466
f 504 466 505
f 505 466 467
f 505 467 506
f 506 467 468
f 506 468 507
f 507 468 469
f 507 469 508
f 508 469 470
f 508 470 509
f 509 470 471
f 509 471 510
f 510 471 472
f 510 472 511
f 511 472 473
f 511 473 512
f 512 473 474
f 512 474 513
f 513 474 475
f 513 475 514
f 514 475 476
f 514 476 515
f 515 476 37
f 516 477 517
f 517 477 478
f 517 478 518
f 518 478 479
f 518 479 519
f 519 479 480
f 519 480 520
f 520 480 481
f 520 481 521
f 521 481 482
f 521 482 522
f 522 482 483
f 522 483 523
f 523 483 484
f 523 484 524
f 524 484 485
f 524 485 525
f 525 485 486
f 525 486 526
f 526 486 487
f 526 487 527
f 527 487 488
f 527 488 528
f 528 488 489
f 528 489 529
f 529 489 490
f 529 490 530
f 530 490 37
f 531 532 533
f 534 535 536
f 536 535 531
f 536 531 537
f 537 531 533
f 537 533 538
f 539 540 541
f 541 540 542
f 541 542 543
f 543 542 544
f 543 544 545
f 545 544 546
f 545 546 547
f 547 546 383
f 547 383 548
f 548 383 385
f 548 385 549
f 550 551 552
f 552 551 539
f 552 539 553
f 553 539 541
f 553 541 554
f 554 541 543
f 554 543 555
f 555 543 545
f 555 545 556
f 556 545 547
f 556 547 557
f 557 547 548
f 557 548 558
f 558 548 549
f 558 549 559
f 560 561 562
f 562 561 563
f 562 563 564
f 564 563 565
f 564 565 566
f 566 565 567
f 566 567 568
f 568 567 569
f 568 569 570
f 570 569 571
f 570 571 572
f 572 571 573
f 572 573 574
f 574 573 575
f 574 575 576
f 576 575 271
f 576 271 577
f 577 271 273
f 577 273 578
f 579 580 581
f 581 580 560
f 581 560 582
f 582 560 562
f 582 562 583
f 583 562 564
f 583 564 584
f 584 564 566
f 584 566 585
f 585 566 568
f 585 568 586
f 586 568 570
f 586 570 587
f 587 570 572
f 587 572 588
f 588 572 574
f 588 574 589
f 589 574 576
f 589 576 590
f 590 576 577
f 590 577 591
f 591 577 578
f 591 578 592
f 63 90 95
f 95 90 92
f 95 92 593
f 94 594 92
f 92 594 595
f 92 595 593
f 593 595 596
f 593 596 597
f 597 596 598
f 599 600 601
f 601 600 602
f 601 602 603
f 603 602 604
f 603 604 605
f 605 604 85
f 605 85 80
f 80 85 87
f 80 87 81
f 606 607 608
f 608 607 599
f 608 599 609
f 609 599 601
f 609 601 610
f 610 601 603
f 610 603 611
f 611 603 605
f 611 605 612
f 612 605 80
f 612 80 67
f 67 80 82
f 67 82 65
f 613 614 615
f 615 614 616
f 615 616 617
f 617 616 618
f 617 618 619
f 619 618 620
f 619 620 621
f 621 620 622
f 621 622 623
f 623 622 624
f 623 624 625
f 625 624 70
f 625 70 78
f 78 70 69
f 78 69 76
f 71 290 78
f 78 290 626
f 78 626 625
f 625 626 627
f 625 627 623
f 623 627 628
f 623 628 621
f 621 628 629
f 621 629 619
f 619 629 630
f 619 630 617
f 617 630 631
f 617 631 615
f 615 631 632
f 615 632 613
f 613 632 633
f 613 633 634
f 634 633 635
f 636 637 638
f 638 637 639
f 638 639 640
f 640 639 641
f 640 641 642
f 642 641 643
f 642 643 644
f 644 643 645
f 644 645 646
f 646 645 647
f 646 647 648
f 648 647 649
f 648 649 650
f 650 649 651
f 650 651 652
f 652 651 289
f 652 289 653
f 653 289 291
f 653 291 654
f 655 656 657
f 657 656 658
f 657 658 659
f 659 658 660
f 659 660 661
f 661 660 662
f 661 662 663
f 663 662 664
f 663 664 665
f 665 664 666
f 665 666 667
f 667 666 668
f 667 668 669
f 669 668 670
f 669 670 671
f 671 670 672
f 671 672 673
f 673 672 674
f 673 674 675
f 675 674 676
f 675 676 677
f 677 676 678
f 677 678 679
f 679 678 680
f 679 680 170
f 681 682 683
f 683 682 684
f 683 684 685
f 685 684 686
f 685 686 687
f 687 686 688
f 687 688 689
f 689 688 690
f 689 690 691
f 691 690 692
f 691 692 693
f 693 692 694
f 693 694 695
f 695 694 696
f 695 696 697
f 697 696 698
f 697 698 699
f 699 698 700
f 699 700 701
f 701 700 702
f 701 702 703
f 703 702 704
f 703 704 705
f 705 704 169
f 705 169 706
f 706 169 171
f 706 171 707
f 707 708 706
f 706 708 709
f 706 709 705
f 705 709 710
f 705 710 703
f 703 710 711
f 703 711 701
f 701 711 712
f 701 712 699
f 699 712 713
f 699 713 697
f 697 713 714
f 697 714 695
f 695 714 715
f 695 715 693
f 693 715 716
f 693 716 691
f 691 716 717
f 691 717 689
f 689 717 718
f 689 718 687
f 687 718 719
f 687 719 685
f 685 719 720
f 685 720 683
f 683 720 721
f 683 721 681
f 681 721 722
f 681 722 723
f 723 722 724
f 725 726 727
f 727 726 728
f 727 728 729
f 729 728 730
f 729 730 731
f 731 730 732
f 731 732 733
f 733 732 734
f 733 734 735
f 735 734 736
f 735 736 737
f 737 736 738
f 737 738 739
f 739 738 740
f 739 740 741
f 741 740 742
f 741 742 743
f 743 742 744
f 743 744 745
f 745 744 746
f 745 746 747
f 747 746 748
f 747 748 749
f 749 748 750
f 749 750 751
f 751 750 752
f 751 752 753
f 753 752 754
f 753 754 37
f 708 37 754
f 755 756 757
f 757 756 725
f 757 725 758
f 758 725 727
f 758 727 759
f 759 727 729
f 759 729 760
f 760 729 731
f 760 731 761
f 761 731 733
f 761 733 762
f 762 733 735
f 762 735 763
f 763 735 737
f 763 737 764
f 764 737 739
f 764 739 765
f 765 739 741
f 765 741 766
f 766 741 743
f 766 743 767
f 767 743 745
f 767 745 768
f 768 745 747
f 768 747 769
f 769 747 749
f 769 749 770
f 770 749 751
f 770 751 771
f 771 751 753
f 771 753 37
f 772 773 774
f 775 776 777
f 777 776 772
f 777 772 778
f 778 772 774
f 778 774 779
f 780 781 782
f 782 781 783
f 782 783 784
f 784 783 785
f 784 785 786
f 786 785 787
f 786 787 788
f 788 787 789
f 788 789 790
f 790 789 369
f 790 369 791
f 791 369 371
f 791 371 792
f 793 794 795
f 795 794 780
f 795 780 796
f 796 780 782
f 796 782 797
f 797 782 784
f 797 784 798
f 798 784 786
f 798 786 799
f 799 786 788
f 799 788 800
f 800 788 790
f 800 790 801
f 801 790 791
f 801 791 802
f 802 791 792
f 802 792 301
f 803 804 805
f 805 804 806
f 805 806 807
f 807 806 808
f 807 808 809
f 809 808 810
f 809 810 811
f 811 810 812
f 811 812 813
f 813 812 814
f 813 814 815
f 815 814 816
f 815 816 817
f 817 816 818
f 817 818 819
f 819 818 300
f 819 300 820
f 820 300 302
f 820 302 821
f 822 823 824
f 824 823 803
f 824 803 825
f 825 803 805
f 825 805 826
f 826 805 807
f 826 807 827
f 827 807 809
f 827 809 828
f 828 809 811
f 828 811 829
f 829 811 813
f 829 813 830
f 830 813 815
f 830 815 831
f 831 815 817
f 831 817 832
f 832 817 819
f 832 819 833
f 833 819 820
f 833 820 834
f 834 820 821
f 834 821 835
f 836 837 838
f 838 837 839
f 838 839 840
f 840 839 841
f 840 841 842
f 842 841 843
f 842 843 844
f 844 843 845
f 844 845 846
f 846 845 847
f 846 847 848
f 848 847 849
f 848 849 850
f 850 849 851
f 850 851 852
f 852 851 853
f 852 853 854
f 854 853 855
f 854 855 856
f 856 855 857
f 856 857 858
f 858 857 859
f 858 859 860
f 860 859 176
f 860 176 861
f 861 176 178
f 861 178 862
f 862 863 861
f 861 863 864
f 861 864 860
f 860 864 865
f 860 865 858
f 858 865 866
f 858 866 856
f 856 866 867
f 856 867 854
f 854 867 868
f 854 868 852
f 852 868 869
f 852 869 850
f 850 869 870
f 850 870 848
f 848 870 871
f 848 871 846
f 846 871 872
f 846 872 844
f 844 872 873
f 844 873 842
f 842 873 874
f 842 874 840
f 840 874 875
f 840 875 838
f 838 875 876
f 838 876 836
f 836 876 877
f 836 877 878
f 878 877 879
f 880 881 882
f 882 881 883
f 882 883 884
f 884 883 885
f 884 885 886
f 886 885 887
f 886 887 888
f 888 887 889
f 888 889 890
f 890 889 891
f 890 891 892
f 892 891 893
f 892 893 894
f 894 893 895
f 894 895 896
f 896 895 897
f 896 897 898
f 898 897 899
f 898 899 900
f 900 899 901
f 900 901 902
f 902 901 903
f 902 903 904
f 904 903 905
f 904 905 906
f 906 905 907
f 906 907 908
f 908 907 909
f 908 909 37
f 863 37 909
f 910 911 912
f 912 911 880
f 912 880 913
f 913 880 882
f 913 882 914
f 914 882 884
f 914 884 915
f 915 884 886
f 915 886 916
f 916 886 888
f 916 888 917
f 917 888 890
f 917 890 918
f 918 890 892
f 918 892 919
f 919 892 894
f 919 894 920
f 920 894 896
f 920 896 921
f 921 896 898
f 921 898 922
f 922 898 900
f 922 900 923
f 923 900 902
f 923 902 924
f 924 902 904
f 924 904 925
f 925 904 906
f 925 906 926
f 926 906 908
f 926 908 37
f 384 927 928
f 928 927 929
f 928 929 930
f 930 929 931
f 930 931 932
f 932 931 933
f 932 933 934
f 934 933 935
f 934 935 936
f 927 538 929
f 929 538 533
f 929 533 931
f 931 533 532
f 931 532 933
f 933 532 937
f 933 937 935
f 535 938 531
f 531 938 939
f 531 939 532
f 532 939 940
f 532 940 937
f 384 383 927
f 927 383 546
f 927 546 538
f 538 546 544
f 538 544 537
f 537 544 542
f 537 542 536
f 536 542 540
f 536 540 534
f 551 941 539
f 539 941 942
f 539 942 540
f 540 942 943
f 540 943 534
f 23 550 24
f 24 550 552
f 24 552 944
f 944 552 553
f 944 553 945
f 945 553 554
f 945 554 946
f 946 554 555
f 946 555 947
f 947 555 556
f 947 556 948
f 948 556 557
f 948 557 949
f 949 557 558
f 949 558 950
f 950 558 559
f 950 559 272
f 272 271 950
f 950 271 575
f 950 575 949
f 949 575 573
f 949 573 948
f 948 573 571
f 948 571 947
f 947 571 569
f 947 569 946
f 946 569 567
f 946 567 945
f 945 567 565
f 945 565 944
f 944 565 563
f 944 563 24
f 24 563 561
f 24 561 22
f 580 951 560
f 560 951 952
f 560 952 561
f 561 952 953
f 561 953 22
f 20 579 21
f 21 579 581
f 21 581 501
f 501 581 582
f 501 582 500
f 500 582 583
f 500 583 499
f 499 583 584
f 499 584 498
f 498 584 585
f 498 585 497
f 497 585 586
f 497 586 496
f 496 586 587
f 496 587 495
f 495 587 588
f 495 588 494
f 494 588 589
f 494 589 493
f 493 589 590
f 493 590 492
f 492 590 591
f 492 591 491
f 491 591 592
f 491 592 160
f 120 954 121
f 121 954 113
f 121 113 21
f 21 113 115
f 21 115 19
f 105 107 60
f 60 107 955
f 60 955 61
f 61 955 956
f 61 956 115
f 115 956 957
f 115 957 19
f 95 958 64
f 64 958 959
f 64 959 98
f 98 959 960
f 98 960 104
f 597 961 593
f 593 961 962
f 593 962 95
f 95 962 963
f 95 963 958
f 17 598 18
f 18 598 596
f 18 596 964
f 964 596 595
f 964 595 89
f 89 595 594
f 89 594 88
f 88 594 94
f 83 85 89
f 89 85 604
f 89 604 964
f 964 604 602
f 964 602 18
f 18 602 600
f 18 600 16
f 607 965 599
f 599 965 966
f 599 966 600
f 600 966 967
f 600 967 16
f 66 70 67
f 67 70 624
f 67 624 612
f 612 624 622
f 612 622 611
f 611 622 620
f 611 620 610
f 610 620 618
f 610 618 609
f 609 618 616
f 609 616 608
f 608 616 614
f 608 614 606
f 634 968 613
f 613 968 969
f 613 969 614
f 614 969 970
f 614 970 606
f 290 289 626
f 626 289 651
f 626 651 627
f 627 651 649
f 627 649 628
f 628 649 647
f 628 647 629
f 629 647 645
f 629 645 630
f 630 645 643
f 630 643 631
f 631 643 641
f 631 641 632
f 632 641 639
f 632 639 633
f 633 639 637
f 633 637 635
f 971 972 636
f 636 972 973
f 636 973 637
f 637 973 974
f 637 974 635
f 656 971 658
f 658 971 636
f 658 636 660
f 660 636 638
f 660 638 662
f 662 638 640
f 662 640 664
f 664 640 642
f 664 642 666
f 666 642 644
f 666 644 668
f 668 644 646
f 668 646 670
f 670 646 648
f 670 648 672
f 672 648 650
f 672 650 674
f 674 650 652
f 674 652 676
f 676 652 653
f 676 653 678
f 678 653 654
f 678 654 680
f 170 169 679
f 679 169 704
f 679 704 677
f 677 704 702
f 677 702 675
f 675 702 700
f 675 700 673
f 673 700 698
f 673 698 671
f 671 698 696
f 671 696 669
f 669 696 694
f 669 694 667
f 667 694 692
f 667 692 665
f 665 692 690
f 665 690 663
f 663 690 688
f 663 688 661
f 661 688 686
f 661 686 659
f 659 686 684
f 659 684 657
f 657 684 682
f 657 682 655
f 723 975 681
f 681 975 976
f 681 976 682
f 682 976 977
f 682 977 655
f 708 754 709
f 709 754 752
f 709 752 710
f 710 752 750
f 710 750 711
f 711 750 748
f 711 748 712
f 712 748 746
f 712 746 713
f 713 746 744
f 713 744 714
f 714 744 742
f 714 742 715
f 715 742 740
f 715 740 716
f 716 740 738
f 716 738 717
f 717 738 736
f 717 736 718
f 718 736 734
f 718 734 719
f 719 734 732
f 719 732 720
f 720 732 730
f 720 730 721
f 721 730 728
f 721 728 722
f 722 728 726
f 722 726 724
f 707 37 708
f 71 73 290
f 290 73 75
f 290 75 291
f 291 75 209
f 291 209 654
f 654 209 210
f 654 210 680
f 680 210 211
f 680 211 170
f 170 211 212
f 170 212 171
f 171 212 213
f 171 213 707
f 707 213 37
f 756 978 725
f 725 978 979
f 725 979 726
f 726 979 980
f 726 980 724
f 14 755 15
f 15 755 757
f 15 757 981
f 981 757 758
f 981 758 982
f 982 758 759
f 982 759 983
f 983 759 760
f 983 760 984
f 984 760 761
f 984 761 985
f 985 761 762
f 985 762 986
f 986 762 763
f 986 763 987
f 987 763 764
f 987 764 988
f 988 764 765
f 988 765 989
f 989 765 766
f 989 766 990
f 990 766 767
f 990 767 991
f 991 767 768
f 991 768 992
f 992 768 769
f 992 769 993
f 993 769 770
f 993 770 994
f 994 770 771
f 994 771 37
f 11 13 12
f 12 13 15
f 12 15 463
f 463 15 981
f 463 981 437
f 437 981 982
f 437 982 404
f 404 982 983
f 404 983 358
f 358 983 984
f 358 984 338
f 338 984 985
f 338 985 320
f 320 985 986
f 320 986 292
f 292 986 987
f 292 987 257
f 257 987 988
f 257 988 214
f 214 988 989
f 214 989 193
f 193 989 990
f 193 990 172
f 172 990 991
f 172 991 153
f 153 991 992
f 153 992 30
f 30 992 993
f 30 993 28
f 28 993 994
f 28 994 37
f 995 996 10
f 997 998 999
f 999 998 1000
f 999 1000 1001
f 1001 1000 1002
f 1001 1002 1003
f 1003 1002 1004
f 1003 1004 995
f 995 1004 1005
f 995 1005 996
f 998 779 1000
f 1000 779 774
f 1000 774 1002
f 1002 774 773
f 1002 773 1004
f 1004 773 1006
f 1004 1006 1005
f 776 1007 772
f 772 1007 1008
f 772 1008 773
f 773 1008 1009
f 773 1009 1006
f 8 775 9
f 9 775 777
f 9 777 1010
f 1010 777 778
f 1010 778 1011
f 1011 778 779
f 1011 779 1012
f 1012 779 998
f 1012 998 1013
f 1013 998 997
f 1013 997 370
f 370 369 1013
f 1013 369 789
f 1013 789 1012
f 1012 789 787
f 1012 787 1011
f 1011 787 785
f 1011 785 1010
f 1010 785 783
f 1010 783 9
f 9 783 781
f 9 781 7
f 794 1014 780
f 780 1014 1015
f 780 1015 781
f 781 1015 1016
f 781 1016 7
f 301 300 802
f 802 300 818
f 802 818 801
f 801 818 816
f 801 816 800
f 800 816 814
f 800 814 799
f 799 814 812
f 799 812 798
f 798 812 810
f 798 810 797
f 797 810 808
f 797 808 796
f 796 808 806
f 796 806 795
f 795 806 804
f 795 804 793
f 823 1017 803
f 803 1017 1018
f 803 1018 804
f 804 1018 1019
f 804 1019 793
f 5 822 6
f 6 822 824
f 6 824 1020
f 1020 824 825
f 1020 825 1021
f 1021 825 826
f 1021 826 1022
f 1022 826 827
f 1022 827 1023
f 1023 827 828
f 1023 828 1024
f 1024 828 829
f 1024 829 1025
f 1025 829 830
f 1025 830 1026
f 1026 830 831
f 1026 831 1027
f 1027 831 832
f 1027 832 1028
f 1028 832 833
f 1028 833 1029
f 1029 833 834
f 1029 834 1030
f 1030 834 835
f 1030 835 177
f 177 176 1030
f 1030 176 859
f 1030 859 1029
f 1029 859 857
f 1029 857 1028
f 1028 857 855
f 1028 855 1027
f 1027 855 853
f 1027 853 1026
f 1026 853 851
f 1026 851 1025
f 1025 851 849
f 1025 849 1024
f 1024 849 847
f 1024 847 1023
f 1023 847 845
f 1023 845 1022
f 1022 845 843
f 1022 843 1021
f 1021 843 841
f 1021 841 1020
f 1020 841 839
f 1020 839 6
f 6 839 837
f 6 837 4
f 878 1031 836
f 836 1031 1032
f 836 1032 837
f 837 1032 1033
f 837 1033 4
f 863 909 864
f 864 909 907
f 864 907 865
f 865 907 905
f 865 905 866
f 866 905 903
f 866 903 867
f 867 903 901
f 867 901 868
f 868 901 899
f 868 899 869
f 869 899 897
f 869 897 870
f 870 897 895
f 870 895 871
f 871 895 893
f 871 893 872
f 872 893 891
f 872 891 873
f 873 891 889
f 873 889 874
f 874 889 887
f 874 887 875
f 875 887 885
f 875 885 876
f 876 885 883
f 876 883 877
f 877 883 881
f 877 881 879
f 862 37 863
f 10 12 995
f 995 12 502
f 995 502 1003
f 1003 502 503
f 1003 503 1001
f 1001 503 504
f 1001 504 999
f 999 504 505
f 999 505 997
f 997 505 506
f 997 506 370
f 370 506 507
f 370 507 371
f 371 507 508
f 371 508 792
f 792 508 509
f 792 509 301
f 301 509 510
f 301 510 302
f 302 510 511
f 302 511 821
f 821 511 512
f 821 512 835
f 835 512 513
f 835 513 177
f 177 513 514
f 177 514 178
f 178 514 515
f 178 515 862
f 862 515 37
f 911 1034 880
f 880 1034 1035
f 880 1035 881
f 881 1035 1036
f 881 1036 879
f 2 910 3
f 3 910 912
f 3 912 1037
f 1037 912 913
f 1037 913 1038
f 1038 913 914
f 1038 914 1039
f 1039 914 915
f 1039 915 1040
f 1040 915 916
f 1040 916 1041
f 1041 916 917
f 1041 917 1042
f 1042 917 918
f 1042 918 1043
f 1043 918 919
f 1043 919 1044
f 1044 919 920
f 1044 920 1045
f 1045 920 921
f 1045 921 1046
f 1046 921 922
f 1046 922 1047
f 1047 922 923
f 1047 923 1048
f 1048 923 924
f 1048 924 1049
f 1049 924 925
f 1049 925 1050
f 1050 925 926
f 1050 926 37
f 1051 1 516
f 516 1 3
f 516 3 477
f 477 3 1037
f 477 1037 450
f 450 1037 1038
f 450 1038 416
f 416 1038 1039
f 416 1039 372
f 372 1039 1040
f 372 1040 348
f 348 1040 1041
f 348 1041 329
f 329 1041 1042
f 329 1042 303
f 303 1042 1043
f 303 1043 264
f 264 1043 1044
f 264 1044 220
f 220 1044 1045
f 220 1045 198
f 198 1045 1046
f 198 1046 179
f 179 1046 1047
f 179 1047 156
f 156 1047 1048
f 156 1048 27
f 27 1048 1049
f 27 1049 25
f 25 1049 1050
f 25 1050 37
f 37 39 530
f 530 39 146
f 530 146 529
f 529 146 160
f 529 160 528
f 528 160 592
f 528 592 527
f 527 592 578
f 527 578 526
f 526 578 273
f 526 273 525
f 525 273 272
f 525 272 524
f 524 272 559
f 524 559 523
f 523 559 549
f 523 549 522
f 522 549 385
f 522 385 521
f 521 385 384
f 521 384 520
f 520 384 928
f 520 928 519
f 519 928 930
f 519 930 518
f 518 930 932
f 518 932 517
f 517 932 934
f 517 934 516
f 516 934 936
f 516 936 1051
f 124 51 125
f 125 51 402
f 125 402 311
f 311 402 400
f 311 400 274
f 274 400 398
f 274 398 226
f 226 398 396
f 226 396 203
f 203 396 394
f 203 394 183
f 183 394 392
f 183 392 161
f 161 392 390
f 161 390 147
f 147 390 388
f 147 388 36
f 36 388 386
f 36 386 34
f 34 386 38
f 34 38 37
f 1052 1053 1054
f 1055 1053 1052
f 1056 1055 1052
f 1052 1057 1058
f 1059 1057 1052
f 1054 1059 1052
f 1052 1060 1061
f 1062 1060 1052
f 1058 1062 1052
f 1052 1063 1064
f 1065 1063 1052
f 1061 1065 1052
f 1052 1066 1067
f 1068 1066 1052
f 1064 1068 1052
f 1052 1069 1070
f 1071 1069 1052
f 1067 1071 1052
f 1052 1072 1073
f 1074 1072 1052
f 1070 1074 1052
f 1052 1075 1076
f 1077 1075 1052
f 1073 1077 1052
f 1052 1078 1079
f 1080 1078 1052
f 1076 1080 1052
f 1052 1081 1082
f 1083 1081 1052
f 1079 1083 1052
f 1052 1084 1085
f 1086 1084 1052
f 1082 1086 1052
f 1052 1087 1088
f 1089 1087 1052
f 1085 1089 1052
f 1088 1056 1052
f 1090 1091 1092
f 1093 1094 1091
f 1091 1094 1095
f 1091 1095 1092
f 1096 1097 1098
f 1098 1099 1096
f 1096 1099 1100
f 1096 1100 1093
f 1093 1100 1101
f 1093 1101 1094
f 1102 1103 1104
f 1104 1105 1102
f 1102 1105 1106
f 1102 1106 1097
f 1097 1106 1107
f 1097 1107 1098
f 1108 1109 1110
f 1110 1111 1108
f 1108 1111 1112
f 1108 1112 1103
f 1103 1112 1113
f 1103 1113 1104
f 1114 1115 1116
f 1116 1117 1114
f 1114 1117 1118
f 1114 1118 1109
f 1109 1118 1119
f 1109 1119 1110
f 1120 1121 1122
f 1122 1123 1120
f 1120 1123 1124
f 1120 1124 1115
f 1115 1124 1125
f 1115 1125 1116
f 1126 1127 1128
f 1128 1129 1126
f 1126 1129 1130
f 1126 1130 1121
f 1121 1130 1131
f 1121 1131 1122
f 1132 1133 1134
f 1134 1135 1132
f 1132 1135 1136
f 1132 1136 1127
f 1127 1136 1137
f 1127 1137 1128
f 1138 1139 1140
f 1140 1139 1141
f 1140 1141 1133
f 1133 1141 1142
f 1133 1142 1134
f 1143 1144 1138
f 1138 1144 1145
f 1138 1145 1139
f 1146 1147 1143
f 1143 1147 1148
f 1143 1148 1144
f 1149 1150 1146
f 1146 1150 1151
f 1146 1151 1147
f 1152 1153 1149
f 1149 1153 1154
f 1149 1154 1150
f 1155 1156 1152
f 1152 1156 1157
f 1152 1157 1153
f 1158 1159 1155
f 1155 1159 1160
f 1155 1160 1156
f 1161 1162 1158
f 1158 1162 1163
f 1158 1163 1159
f 1164 1165 1161
f 1161 1165 1166
f 1161 1166 1162
f 1167 1168 1164
f 1164 1168 1169
f 1164 1169 1165
f 1170 1171 1167
f 1167 1171 1172
f 1167 1172 1168
f 1173 1174 1170
f 1170 1174 1175
f 1170 1175 1171
f 1176 1177 1173
f 1173 1177 1178
f 1173 1178 1174
f 1179 1180 1176
f 1176 1180 1181
f 1176 1181 1177
f 1182 1183 1179
f 1179 1183 1184
f 1179 1184 1180
f 1185 1186 1182
f 1182 1186 1187
f 1182 1187 1183
f 1188 1189 1185
f 1185 1189 1190
f 1185 1190 1186
f 1191 1192 1188
f 1188 1192 1193
f 1188 1193 1189
f 1092 1194 1090
f 1090 1194 1195
f 1090 1195 1196
f 1196 1195 1197
f 1196 1197 1191
f 1191 1197 1198
f 1191 1198 1192
f 1191 1199 1196
f 1196 1199 1200
f 1196 1200 1090
f 1090 1200 1201
f 1090 1201 1091
f 1091 1201 1202
f 1091 1202 1093
f 1093 1202 1203
f 1093 1203 1096
f 1096 1203 1204
f 1096 1204 1097
f 1097 1204 1205
f 1097 1205 1102
f 1102 1205 1206
f 1102 1206 1103
f 1103 1206 1207
f 1103 1207 1108
f 1108 1207 1208
f 1108 1208 1109
f 1109 1208 1209
f 1109 1209 1114
f 1114 1209 1210
f 1114 1210 1115
f 1115 1210 1211
f 1115 1211 1120
f 1120 1211 1212
f 1120 1212 1121
f 1121 1212 1213
f 1121 1213 1126
f 1126 1213 1214
f 1126 1214 1127
f 1127 1214 1215
f 1127 1215 1132
f 1132 1215 1216
f 1132 1216 1133
f 1133 1216 1217
f 1133 1217 1140
f 1140 1217 1218
f 1140 1218 1138
f 1138 1218 1219
f 1138 1219 1143
f 1143 1219 1220
f 1143 1220 1146
f 1146 1220 1221
f 1146 1221 1149
f 1149 1221 1222
f 1149 1222 1152
f 1152 1222 1223
f 1152 1223 1155
f 1155 1223 1224
f 1155 1224 1158
f 1158 1224 1225
f 1158 1225 1161
f 1161 1225 1226
f 1161 1226 1164
f 1164 1226 1227
f 1164 1227 1167
f 1167 1227 1228
f 1167 1228 1170
f 1170 1228 1229
f 1170 1229 1173
f 1173 1229 1230
f 1173 1230 1176
f 1176 1230 1231
f 1176 1231 1179
f 1179 1231 1232
f 1179 1232 1182
f 1182 1232 1233
f 1182 1233 1185
f 1185 1233 1234
f 1185 1234 1188
f 1188 1234 1235
f 1188 1235 1191
f 1191 1235 1199
f 1235 1236 1199
f 1199 1236 1237
f 1199 1237 1200
f 1200 1237 1238
f 1200 1238 1201
f 1201 1238 1239
f 1201 1239 1202
f 1202 1239 1240
f 1202 1240 1203
f 1203 1240 1241
f 1203 1241 1204
f 1204 1241 1242
f 1204 1242 1205
f 1205 1242 1243
f 1205 1243 1206
f 1206 1243 1244
f 1206 1244 1207
f 1207 1244 1245
f 1207 1245 1208
f 1208 1245 1246
f 1208 1246 1209
f 1209 1246 1247
f 1209 1247 1210
f 1210 1247 1248
f 1210 1248 1211
f 1211 1248 1249
f 1211 1249 1212
f 1212 1249 1250
f 1212 1250 1213
f 1213 1250 1251
f 1213 1251 1214
f 1214 1251 1252
f 1214 1252 1215
f 1215 1252 1253
f 1215 1253 1216
f 1216 1253 1254
f 1216 1254 1217
f 1217 1254 1255
f 1217 1255 1218
f 1218 1255 1256
f 1218 1256 1219
f 1219 1256 1257
f 1219 1257 1220
f 1220 1257 1258
f 1220 1258 1221
f 1221 1258 1259
f 1221 1259 1222
f 1222 1259 1260
f 1222 1260 1223
f 1223 1260 1261
f 1223 1261 1224
f 1224 1261 1262
f 1224 1262 1225
f 1225 1262 1263
f 1225 1263 1226
f 1226 1263 1264
f 1226 1264 1227
f 1227 1264 1265
f 1227 1265 1228
f 1228 1265 1266
f 1228 1266 1229
f 1229 1266 1267
f 1229 1267 1230
f 1230 1267 1268
f 1230 1268 1231
f 1231 1268 1269
f 1231 1269 1232
f 1232 1269 1270
f 1232 1270 1233
f 1233 1270 1271
f 1233 1271 1234
f 1234 1271 1272
f 1234 1272 1235
f 1235 1272 1236
f 1272 1273 1236
f 1236 1273 1274
f 1236 1274 1237
f 1237 1274 1275
f 1237 1275 1238
f 1238 1275 1276
f 1238 1276 1239
f 1239 1276 1277
f 1239 1277 1240
f 1240 1277 1278
f 1240 1278 1241
f 1241 1278 1279
f 1241 1279 1242
f 1242 1279 1280
f 1242 1280 1243
f 1243 1280 1281
f 1243 1281 1244
f 1244 1281 1282
f 1244 1282 1245
f 1245 1282 1283
f 1245 1283 1246
f 1246 1283 1284
f 1246 1284 1247
f 1247 1284 1285
f 1247 1285 1248
f 1248 1285 1286
f 1248 1286 1249
f 1249 1286 1287
f 1249 1287 1250
f 1250 1287 1288
f 1250 1288 1251
f 1251 1288 1289
f 1251 1289 1252
f 1252 1289 1290
f 1252 1290 1253
f 1253 1290 1291
f 1253 1291 1254
f 1254 1291 1292
f 1254 1292 1255
f 1255 1292 1293
f 1255 1293 1256
f 1256 1293 1294
f 1256 1294 1257
f 1257 1294 1295
f 1257 1295 1258
f 1258 1295 1296
f 1258 1296 1259
f 1259 1296 1297
f 1259 1297 1260
f 1260 1297 1298
f 1260 1298 1261
f 1261 1298 1299
f 1261 1299 1262
f 1262 1299 1300
f 1262 1300 1263
f 1263 1300 1301
f 1263 1301 1264
f 1264 1301 1302
f 1264 1302 1265
f 1265 1302 1303
f 1265 1303 1266
f 1266 1303 1304
f 1266 1304 1267
f 1267 1304 1305
f 1267 1305 1268
f 1268 1305 1306
f 1268 1306 1269
f 1269 1306 1307
f 1269 1307 1270
f 1270 1307 1308
f 1270 1308 1271
f 1271 1308 1309
f 1271 1309 1272
f 1272 1309 1273
f 1309 1310 1273
f 1273 1310 1311
f 1273 1311 1274
f 1274 1311 1312
f 1274 1312 1275
f 1275 1312 1313
f 1275 1313 1276
f 1276 1313 1314
f 1276 1314 1277
f 1277 1314 1315
f 1277 1315 1278
f 1278 1315 1316
f 1278 1316 1279
f 1279 1316 1317
f 1279 1317 1280
f 1280 1317 1318
f 1280 1318 1281
f 1281 1318 1319
f 1281 1319 1282
f 1282 1319 1320
f 1282 1320 1283
f 1283 1320 1321
f 1283 1321 1284
f 1284 1321 1322
f 1284 1322 1285
f 1285 1322 1323
f 1285 1323 1286
f 1286 1323 1324
f 1286 1324 1287
f 1287 1324 1325
f 1287 1325 1288
f 1288 1325 1326
f 1288 1326 1289
f 1289 1326 1327
f 1289 1327 1290
f 1290 1327 1328
f 1290 1328 1291
f 1291 1328 1329
f 1291 1329 1292
f 1292 1329 1330
f 1292 1330 1293
f 1293 1330 1331
f 1293 1331 1294
f 1294 1331 1332
f 1294 1332 1295
f 1295 1332 1333
f 1295 1333 1296
f 1296 1333 1334
f 1296 1334 1297
f 1297 1334 1335
f 1297 1335 1298
f 1298 1335 1336
f 1298 1336 1299
f 1299 1336 1337
f 1299 1337 1300
f 1300 1337 1338
f 1300 1338 1301
f 1301 1338 1339
f 1301 1339 1302
f 1302 1339 1340
f 1302 1340 1303
f 1303 1340 1341
f 1303 1341 1304
f 1304 1341 1342
f 1304 1342 1305
f 1305 1342 1343
f 1305 1343 1306
f 1306 1343 1344
f 1306 1344 1307
f 1307 1344 1345
f 1307 1345 1308
f 1308 1345 1346
f 1308 1346 1309
f 1309 1346 1310
f 1346 1347 1310
f 1310 1347 1348
f 1310 1348 1311
f 1311 1348 1349
f 1311 1349 1312
f 1312 1349 1350
f 1312 1350 1313
f 1313 1350 1351
f 1313 1351 1314
f 1314 1351 1352
f 1314 1352 1315
f 1315 1352 1353
f 1315 1353 1316
f 1316 1353 1354
f 1316 1354 1317
f 1317 1354 1355
f 1317 1355 1318
f 1318 1355 1356
f 1318 1356 1319
f 1319 1356 1357
f 1319 1357 1320
f 1320 1357 1358
f 1320 1358 1321
f 1321 1358 1359
f 1321 1359 1322
f 1322 1359 1360
f 1322 1360 1323
f 1323 1360 1361
f 1323 1361 1324
f 1324 1361 1362
f 1324 1362 1325
f 1325 1362 1363
f 1325 1363 1326
f 1326 1363 1364
f 1326 1364 1327
f 1327 1364 1365
f 1327 1365 1328
f 1328 1365 1366
f 1328 1366 1329
f 1329 1366 1367
f 1329 1367 1330
f 1330 1367 1368
f 1330 1368 1331
f 1331 1368 1369
f 1331 1369 1332
f 1332 1369 1370
f 1332 1370 1333
f 1333 1370 1371
f 1333 1371 1334
f 1334 1371 1372
f 1334 1372 1335
f 1335 1372 1373
f 1335 1373 1336
f 1336 1373 1374
f 1336 1374 1337
f 1337 1374 1375
f 1337 1375 1338
f 1338 1375 1376
f 1338 1376 1339
f 1339 1376 1377
f 1339 1377 1340
f 1340 1377 1378
f 1340 1378 1341
f 1341 1378 1379
f 1341 1379 1342
f 1342 1379 1380
f 1342 1380 1343
f 1343 1380 1381
f 1343 1381 1344
f 1344 1381 1382
f 1344 1382 1345
f 1345 1382 1383
f 1345 1383 1346
f 1346 1383 1347
f 1383 1384 1347
f 1347 1384 1385
f 1347 1385 1348
f 1348 1385 1386
f 1348 1386 1349
f 1349 1386 1387
f 1349 1387 1350
f 1350 1387 1388
f 1350 1388 1351
f 1351 1388 1389
f 1351 1389 1352
f 1352 1389 1390
f 1352 1390 1353
f 1353 1390 1391
f 1353 1391 1354
f 1354 1391 1392
f 1354 1392 1355
f 1355 1392 1393
f 1355 1393 1356
f 1356 1393 1394
f 1356 1394 1357
f 1357 1394 1395
f 1357 1395 1358
f 1358 1395 1396
f 1358 1396 1359
f 1359 1396 1397
f 1359 1397 1360
f 1360 1397 1398
f 1360 1398 1361
f 1361 1398 1399
f 1361 1399 1362
f 1362 1399 1400
f 1362 1400 1363
f 1363 1400 1401
f 1363 1401 1364
f 1364 1401 1402
f 1364 1402 1365
f 1365 1402 1403
f 1365 1403 1366
f 1366 1403 1404
f 1366 1404 1367
f 1367 1404 1405
f 1367 1405 1368
f 1368 1405 1406
f 1368 1406 1369
f 1369 1406 1407
f 1369 1407 1370
f 1370 1407 1408
f 1370 1408 1371
f 1371 1408 1409
f 1371 1409 1372
f 1372 1409 1410
f 1372 1410 1373
f 1373 1410 1411
f 1373 1411 1374
f 1374 1411 1412
f 1374 1412 1375
f 1375 1412 1413
f 1375 1413 1376
f 1376 1413 1414
f 1376 1414 1377
f 1377 1414 1415
f 1377 1415 1378
f 1378 1415 1416
f 1378 1416 1379
f 1379 1416 1417
f 1379 1417 1380
f 1380 1417 1418
f 1380 1418 1381
f 1381 1418 1419
f 1381 1419 1382
f 1382 1419 1420
f 1382 1420 1383
f 1383 1420 1384
f 1420 1421 1384
f 1384 1421 1422
f 1384 1422 1385
f 1385 1422 1423
f 1385 1423 1386
f 1386 1423 1424
f 1386 1424 1387
f 1387 1424 1425
f 1387 1425 1388
f 1388 1425 1426
f 1388 1426 1389
f 1389 1426 1427
f 1389 1427 1390
f 1390 1427 1428
f 1390 1428 1391
f 1391 1428 1429
f 1391 1429 1392
f 1392 1429 1430
f 1392 1430 1393
f 1393 1430 1431
f 1393 1431 1394
f 1394 1431 1432
f 1394 1432 1395
f 1395 1432 1433
f 1395 1433 1396
f 1396 1433 1434
f 1396 1434 1397
f 1397 1434 1435
f 1397 1435 1398
f 1398 1435 1436
f 1398 1436 1399
f 1399 1436 1437
f 1399 1437 1400
f 1400 1437 1438
f 1400 1438 1401
f 1401 1438 1439
f 1401 1439 1402
f 1402 1439 1440
f 1402 1440 1403
f 1403 1440 1441
f 1403 1441 1404
f 1404 1441 1442
f 1404 1442 1405
f 1405 1442 1443
f 1405 1443 1406
f 1406 1443 1444
f 1406 1444 1407
f 1407 1444 1445
f 1407 1445 1408
f 1408 1445 1446
f 1408 1446 1409
f 1409 1446 1447
f 1409 1447 1410
f 1410 1447 1448
f 1410 1448 1411
f 1411 1448 1449
f 1411 1449 1412
f 1412 1449 1450
f 1412 1450 1413
f 1413 1450 1451
f 1413 1451 1414
f 1414 1451 1452
f 1414 1452 1415
f 1415 1452 1453
f 1415 1453 1416
f 1416 1453 1454
f 1416 1454 1417
f 1417 1454 1455
f 1417 1455 1418
f 1418 1455 1456
f 1418 1456 1419
f 1419 1456 1457
f 1419 1457 1420
f 1420 1457 1421
f 1457 1458 1421
f 1421 1458 1459
f 1421 1459 1422
f 1422 1459 1460
f 1422 1460 1423
f 1423 1460 1461
f 1423 1461 1424
f 1424 1461 1462
f 1424 1462 1425
f 1425 1462 1463
f 1425 1463 1426
f 1426 1463 1464
f 1426 1464 1427
f 1427 1464 1465
f 1427 1465 1428
f 1428 1465 1466
f 1428 1466 1429
f 1429 1466 1467
f 1429 1467 1430
f 1430 1467 1468
f 1430 1468 1431
f 1431 1468 1469
f 1431 1469 1432
f 1432 1469 1470
f 1432 1470 1433
f 1433 1470 1471
f 1433 1471 1434
f 1434 1471 1472
f 1434 1472 1435
f 1435 1472 1473
f 1435 1473 1436
f 1436 1473 1474
f 1436 1474 1437
f 1437 1474 1475
f 1437 1475 1438
f 1438 1475 1476
f 1438 1476 1439
f 1439 1476 1477
f 1439 1477 1440
f 1440 1477 1478
f 1440 1478 1441
f 1441 1478 1479
f 1441 1479 1442
f 1442 1479 1480
f 1442 1480 1443
f 1443 1480 1481
f 1443 1481 1444
f 1444 1481 1482
f 1444 1482 1445
f 1445 1482 1483
f 1445 1483 1446
f 1446 1483 1484
f 1446 1484 1447
f 1447 1484 1485
f 1447 1485 1448
f 1448 1485 1486
f 1448 1486 1449
f 1449 1486 1487
f 1449 1487 1450
f 1450 1487 1488
f 1450 1488 1451
f 1451 1488 1489
f 1451 1489 1452
f 1452 1489 1490
f 1452 1490 1453
f 1453 1490 1491
f 1453 1491 1454
f 1454 1491 1492
f 1454 1492 1455
f 1455 1492 1493
f 1455 1493 1456
f 1456 1493 1494
f 1456 1494 1457
f 1457 1494 1458
f 1494 1495 1458
f 1458 1495 1496
f 1458 1496 1459
f 1459 1496 1497
f 1459 1497 1460
f 1460 1497 1498
f 1460 1498 1461
f 1461 1498 1499
f 1461 1499 1462
f 1462 1499 1500
f 1462 1500 1463
f 1463 1500 1501
f 1463 1501 1464
f 1464 1501 1502
f 1464 1502 1465
f 1465 1502 1503
f 1465 1503 1466
f 1466 1503 1504
f 1466 1504 1467
f 1467 1504 1505
f 1467 1505 1468
f 1468 1505 1506
f 1468 1506 1469
f 1469 1506 1507
f 1469 1507 1470
f 1470 1507 1508
f 1470 1508 1471
f 1471 1508 1509
f 1471 1509 1472
f 1472 1509 1510
f 1472 1510 1473
f 1473 1510 1511
f 1473 1511 1474
f 1474 1511 1512
f 1474 1512 1475
f 1475 1512 1513
f 1475 1513 1476
f 1476 1513 1514
f 1476 1514 1477
f 1477 1514 1515
f 1477 1515 1478
f 1478 1515 1516
f 1478 1516 1479
f 1479 1516 1517
f 1479 1517 1480
f 1480 1517 1518
f 1480 1518 1481
f 1481 1518 1519
f 1481 1519 1482
f 1482 1519 1520
f 1482 1520 1483
f 1483 1520 1521
f 1483 1521 1484
f 1484 1521 1522
f 1484 1522 1485
f 1485 1522 1523
f 1485 1523 1486
f 1486 1523 1524
f 1486 1524 1487
f 1487 1524 1525
f 1487 1525 1488
f 1488 1525 1526
f 1488 1526 1489
f 1489 1526 1527
f 1489 1527 1490
f 1490 1527 1528
f 1490 1528 1491
f 1491 1528 1529
f 1491 1529 1492
f 1492 1529 1530
f 1492 1530 1493
f 1493 1530 1531
f 1493 1531 1494
f 1494 1531 1495
f 1531 1532 1495
f 1495 1532 1533
f 1495 1533 1496
f 1496 1533 1534
f 1496 1534 1497
f 1497 1534 1535
f 1497 1535 1498
f 1498 1535 1536
f 1498 1536 1499
f 1499 1536 1537
f 1499 1537 1500
f 1500 1537 1538
f 1500 1538 1501
f 1501 1538 1539
f 1501 1539 1502
f 1502 1539 1540
f 1502 1540 1503
f 1503 1540 1541
f 1503 1541 1504
f 1504 1541 1542
f 1504 1542 1505
f 1505 1542 1543
f 1505 1543 1506
f 1506 1543 1544
f 1506 1544 1507
f 1507 1544 1545
f 1507 1545 1508
f 1508 1545 1546
f 1508 1546 1509
f 1509 1546 1547
f 1509 1547 1510
f 1510 1547 1548
f 1510 1548 1511
f 1511 1548 1549
f 1511 1549 1512
f 1512 1549 1550
f 1512 1550 1513
f 1513 1550 1551
f 1513 1551 1514
f 1514 1551 1552
f 1514 1552 1515
f 1515 1552 1553
f 1515 1553 1516
f 1516 1553 1554
f 1516 1554 1517
f 1517 1554 1555
f 1517 1555 1518
f 1518 1555 1556
f 1518 1556 1519
f 1519 1556 1557
f 1519 1557 1520
f 1520 1557 1558
f 1520 1558 1521
f 1521 1558 1559
f 1521 1559 1522
f 1522 1559 1560
f 1522 1560 1523
f 1523 1560 1561
f 1523 1561 1524
f 1524 1561 1562
f 1524 1562 1525
f 1525 1562 1563
f 1525 1563 1526
f 1526 1563 1564
f 1526 1564 1527
f 1527 1564 1565
f 1527 1565 1528
f 1528 1565 1566
f 1528 1566 1529
f 1529 1566 1567
f 1529 1567 1530
f 1530 1567 1568
f 1530 1568 1531
f 1531 1568 1532
f 1568 1569 1532
f 1532 1569 1570
f 1532 1570 1533
f 1533 1570 1571
f 1533 1571 1534
f 1534 1571 1572
f 1534 1572 1535
f 1535 1572 1573
f 1535 1573 1536
f 1536 1573 1574
f 1536 1574 1537
f 1537 1574 1575
f 1537 1575 1538
f 1538 1575 1576
f 1538 1576 1539
f 1539 1576 1577
f 1539 1577 1540
f 1540 1577 1578
f 1540 1578 1541
f 1541 1578 1579
f 1541 1579 1542
f 1542 1579 1580
f 1542 1580 1543
f 1543 1580 1581
f 1543 1581 1544
f 1544 1581 1582
f 1544 1582 1545
f 1545 1582 1583
f 1545 1583 1546
f 1546 1583 1584
f 1546 1584 1547
f 1547 1584 1585
f 1547 1585 1548
f 1548 1585 1586
f 1548 1586 1549
f 1549 1586 1587
f 1549 1587 1550
f 1550 1587 1588
f 1550 1588 1551
f 1551 1588 1589
f 1551 1589 1552
f 1552 1589 1590
f 1552 1590 1553
f 1553 1590 1591
f 1553 1591 1554
f 1554 1591 1592
f 1554 1592 1555
f 1555 1592 1593
f 1555 1593 1556
f 1556 1593 1594
f 1556 1594 1557
f 1557 1594 1595
f 1557 1595 1558
f 1558 1595 1596
f 1558 1596 1559
f 1559 1596 1597
f 1559 1597 1560
f 1560 1597 1598
f 1560 1598 1561
f 1561 1598 1599
f 1561 1599 1562
f 1562 1599 1600
f 1562 1600 1563
f 1563 1600 1601
f 1563 1601 1564
f 1564 1601 1602
f 1564 1602 1565
f 1565 1602 1603
f 1565 1603 1566
f 1566 1603 1604
f 1566 1604 1567
f 1567 1604 1605
f 1567 1605 1568
f 1568 1605 1569
f 1605 1606 1569
f 1569 1606 1607
f 1569 1607 1570
f 1570 1607 1608
f 1570 1608 1571
f 1571 1608 1609
f 1571 1609 1572
f 1572 1609 1610
f 1572 1610 1573
f 1573 1610 1611
f 1573 1611 1574
f 1574 1611 1612
f 1574 1612 1575
f 1575 1612 1613
f 1575 1613 1576
f 1576 1613 1614
f 1576 1614 1577
f 1577 1614 1615
f 1577 1615 1578
f 1578 1615 1616
f 1578 1616 1579
f 1579 1616 1617
f 1579 1617 1580
f 1580 1617 1618
f 1580 1618 1581
f 1581 1618 1619
f 1581 1619 1582
f 1582 1619 1620
f 1582 1620 1583
f 1583 1620 1621
f 1583 1621 1584
f 1584 1621 1622
f 1584 1622 1585
f 1585 1622 1623
f 1585 1623 1586
f 1586 1623 1624
f 1586 1624 1587
f 1587 1624 1625
f 1587 1625 1588
f 1588 1625 1626
f 1588 1626 1589
f 1589 1626 1627
f 1589 1627 1590
f 1590 1627 1628
f 1590 1628 1591
f 1591 1628 1629
f 1591 1629 1592
f 1592 1629 1630
f 1592 1630 1593
f 1593 1630 1631
f 1593 1631 1594
f 1594 1631 1632
f 1594 1632 1595
f 1595 1632 1633
f 1595 1633 1596
f 1596 1633 1634
f 1596 1634 1597
f 1597 1634 1635
f 1597 1635 1598
f 1598 1635 1636
f 1598 1636 1599
f 1599 1636 1637
f 1599 1637 1600
f 1600 1637 1638
f 1600 1638 1601
f 1601 1638 1639
f 1601 1639 1602
f 1602 1639 1640
f 1602 1640 1603
f 1603 1640 1641
f 1603 1641 1604
f 1604 1641 1642
f 1604 1642 1605
f 1605 1642 1606
f 1642 1643 1606
f 1606 1643 1644
f 1606 1644 1607
f 1607 1644 1645
f 1607 1645 1608
f 1608 1645 1646
f 1608 1646 1609
f 1609 1646 1647
f 1609 1647 1610
f 1610 1647 1648
f 1610 1648 1611
f 1611 1648 1649
f 1611 1649 1612
f 1612 1649 1650
f 1612 1650 1613
f 1613 1650 1651
f 1613 1651 1614
f 1614 1651 1652
f 1614 1652 1615
f 1615 1652 1653
f 1615 1653 1616
f 1616 1653 1654
f 1616 1654 1617
f 1617 1654 1655
f 1617 1655 1618
f 1618 1655 1656
f 1618 1656 1619
f 1619 1656 1657
f 1619 1657 1620
f 1620 1657 1658
f 1620 1658 1621
f 1621 1658 1659
f 1621 1659 1622
f 1622 1659 1660
f 1622 1660 1623
f 1623 1660 1661
f 1623 1661 1624
f 1624 1661 1662
f 1624 1662 1625
f 1625 1662 1663
f 1625 1663 1626
f 1626 1663 1664
f 1626 1664 1627
f 1627 1664 1665
f 1627 1665 1628
f 1628 1665 1666
f 1628 1666 1629
f 1629 1666 1667
f 1629 1667 1630
f 1630 1667 1668
f 1630 1668 1631
f 1631 1668 1669
f 1631 1669 1632
f 1632 1669 1670
f 1632 1670 1633
f 1633 1670 1671
f 1633 1671 1634
f 1634 1671 1672
f 1634 1672 1635
f 1635 1672 1673
f 1635 1673 1636
f 1636 1673 1674
f 1636 1674 1637
f 1637 1674 1675
f 1637 1675 1638
f 1638 1675 1676
f 1638 1676 1639
f 1639 1676 1677
f 1639 1677 1640
f 1640 1677 1678
f 1640 1678 1641
f 1641 1678 1679
f 1641 1679 1642
f 1642 1679 1643
f 1679 1680 1643
f 1643 1680 1681
f 1643 1681 1644
f 1644 1681 1682
f 1644 1682 1645
f 1645 1682 1683
f 1645 1683 1646
f 1646 1683 1684
f 1646 1684 1647
f 1647 1684 1685
f 1647 1685 1648
f 1648 1685 1686
f 1648 1686 1649
f 1649 1686 1687
f 1649 1687 1650
f 1650 1687 1688
f 1650 1688 1651
f 1651 1688 1689
f 1651 1689 1652
f 1652 1689 1690
f 1652 1690 1653
f 1653 1690 1691
f 1653 1691 1654
f 1654 1691 1692
f 1654 1692 1655
f 1655 1692 1693
f 1655 1693 1656
f 1656 1693 1694
f 1656 1694 1657
f 1657 1694 1695
f 1657 1695 1658
f 1658 1695 1696
f 1658 1696 1659
f 1659 1696 1697
f 1659 1697 1660
f 1660 1697 1698
f 1660 1698 1661
f 1661 1698 1699
f 1661 1699 1662
f 1662 1699 1700
f 1662 1700 1663
f 1663 1700 1701
f 1663 1701 1664
f 1664 1701 1702
f 1664 1702 1665
f 1665 1702 1703
f 1665 1703 1666
f 1666 1703 1704
f 1666 1704 1667
f 1667 1704 1705
f 1667 1705 1668
f 1668 1705 1706
f 1668 1706 1669
f 1669 1706 1707
f 1669 1707 1670
f 1670 1707 1708
f 1670 1708 1671
f 1671 1708 1709
f 1671 1709 1672
f 1672 1709 1710
f 1672 1710 1673
f 1673 1710 1711
f 1673 1711 1674
f 1674 1711 1712
f 1674 1712 1675
f 1675 1712 1713
f 1675 1713 1676
f 1676 1713 1714
f 1676 1714 1677
f 1677 1714 1715
f 1677 1715 1678
f 1678 1715 1716
f 1678 1716 1679
f 1679 1716 1680
f 1716 1717 1680
f 1680 1717 1718
f 1680 1718 1681
f 1681 1718 1719
f 1681 1719 1682
f 1682 1719 1720
f 1682 1720 1683
f 1683 1720 1721
f 1683 1721 1684
f 1684 1721 1722
f 1684 1722 1685
f 1685 1722 1723
f 1685 1723 1686
f 1686 1723 1724
f 1686 1724 1687
f 1687 1724 1725
f 1687 1725 1688
f 1688 1725 1726
f 1688 1726 1689
f 1689 1726 1727
f 1689 1727 1690
f 1690 1727 1728
f 1690 1728 1691
f 1691 1728 1729
f 1691 1729 1692
f 1692 1729 1730
f 1692 1730 1693
f 1693 1730 1731
f 1693 1731 1694
f 1694 1731 1732
f 1694 1732 1695
f 1695 1732 1733
f 1695 1733 1696
f 1696 1733 1734
f 1696 1734 1697
f 1697 1734 1735
f 1697 1735 1698
f 1698 1735 1736
f 1698 1736 1699
f 1699 1736 1737
f 1699 1737 1700
f 1700 1737 1738
f 1700 1738 1701
f 1701 1738 1739
f 1701 1739 1702
f 1702 1739 1740
f 1702 1740 1703
f 1703 1740 1741
f 1703 1741 1704
f 1704 1741 1742
f 1704 1742 1705
f 1705 1742 1743
f 1705 1743 1706
f 1706 1743 1744
f 1706 1744 1707
f 1707 1744 1745
f 1707 1745 1708
f 1708 1745 1746
f 1708 1746 1709
f 1709 1746 1747
f 1709 1747 1710
f 1710 1747 1748
f 1710 1748 1711
f 1711 1748 1749
f 1711 1749 1712
f 1712 1749 1750
f 1712 1750 1713
f 1713 1750 1751
f 1713 1751 1714
f 1714 1751 1752
f 1714 1752 1715
f 1715 1752 1753
f 1715 1753 1716
f 1716 1753 1717
f 1753 1754 1717
f 1717 1754 1755
f 1717 1755 1718
f 1718 1755 1756
f 1718 1756 1719
f 1719 1756 1757
f 1719 1757 1720
f 1720 1757 1758
f 1720 1758 1721
f 1721 1758 1759
f 1721 1759 1722
f 1722 1759 1760
f 1722 1760 1723
f 1723 1760 1761
f 1723 1761 1724
f 1724 1761 1762
f 1724 1762 1725
f 1725 1762 1763
f 1725 1763 1726
f 1726 1763 1764
f 1726 1764 1727
f 1727 1764 1765
f 1727 1765 1728
f 1728 1765 1766
f 1728 1766 1729
f 1729 1766 1767
f 1729 1767 1730
f 1730 1767 1768
f 1730 1768 1731
f 1731 1768 1769
f 1731 1769 1732
f 1732 1769 1770
f 1732 1770 1733
f 1733 1770 1771
f 1733 1771 1734
f 1734 1771 1772
f 1734 1772 1735
f 1735 1772 1773
f 1735 1773 1736
f 1736 1773 1774
f 1736 1774 1737
f 1737 1774 1775
f 1737 1775 1738
f 1738 1775 1776
f 1738 1776 1739
f 1739 1776 1777
f 1739 1777 1740
f 1740 1777 1778
f 1740 1778 1741
f 1741 1778 1779
f 1741 1779 1742
f 1742 1779 1780
f 1742 1780 1743
f 1743 1780 1781
f 1743 1781 1744
f 1744 1781 1782
f 1744 1782 1745
f 1745 1782 1783
f 1745 1783 1746
f 1746 1783 1784
f 1746 1784 1747
f 1747 1784 1785
f 1747 1785 1748
f 1748 1785 1786
f 1748 1786 1749
f 1749 1786 1787
f 1749 1787 1750
f 1750 1787 1788
f 1750 1788 1751
f 1751 1788 1789
f 1751 1789 1752
f 1752 1789 1790
f 1752 1790 1753
f 1753 1790 1754
f 1790 1791 1754
f 1754 1791 1792
f 1754 1792 1755
f 1755 1792 1793
f 1755 1793 1756
f 1756 1793 1794
f 1756 1794 1757
f 1757 1794 1795
f 1757 1795 1758
f 1758 1795 1796
f 1758 1796 1759
f 1759 1796 1797
f 1759 1797 1760
f 1760 1797 1798
f 1760 1798 1761
f 1761 1798 1799
f 1761 1799 1762
f 1762 1799 1800
f 1762 1800 1763
f 1763 1800 1801
f 1763 1801 1764
f 1764 1801 1802
f 1764 1802 1765
f 1765 1802 1803
f 1765 1803 1766
f 1766 1803 1804
f 1766 1804 1767
f 1767 1804 1805
f 1767 1805 1768
f 1768 1805 1806
f 1768 1806 1769
f 1769 1806 1807
f 1769 1807 1770
f 1770 1807 1808
f 1770 1808 1771
f 1771 1808 1809
f 1771 1809 1772
f 1772 1809 1810
f 1772 1810 1773
f 1773 1810 1811
f 1773 1811 1774
f 1774 1811 1812
f 1774 1812 1775
f 1775 1812 1813
f 1775 1813 1776
f 1776 1813 1814
f 1776 1814 1777
f 1777 1814 1815
f 1777 1815 1778
f 1778 1815 1816
f 1778 1816 1779
f 1779 1816 1817
f 1779 1817 1780
f 1780 1817 1818
f 1780 1818 1781
f 1781 1818 1819
f 1781 1819 1782
f 1782 1819 1820
f 1782 1820 1783
f 1783 1820 1821
f 1783 1821 1784
f 1784 1821 1822
f 1784 1822 1785
f 1785 1822 1823
f 1785 1823 1786
f 1786 1823 1824
f 1786 1824 1787
f 1787 1824 1825
f 1787 1825 1788
f 1788 1825 1826
f 1788 1826 1789
f 1789 1826 1827
f 1789 1827 1790
f 1790 1827 1791
f 1827 1828 1791
f 1791 1828 1829
f 1791 1829 1792
f 1792 1829 1830
f 1792 1830 1793
f 1793 1830 1831
f 1793 1831 1794
f 1794 1831 1832
f 1794 1832 1795
f 1795 1832 1833
f 1795 1833 1796
f 1796 1833 1834
f 1796 1834 1797
f 1797 1834 1835
f 1797 1835 1798
f 1798 1835 1836
f 1798 1836 1799
f 1799 1836 1837
f 1799 1837 1800
f 1800 1837 1838
f 1800 1838 1801
f 1801 1838 1839
f 1801 1839 1802
f 1802 1839 1840
f 1802 1840 1803
f 1803 1840 1841
f 1803 1841 1804
f 1804 1841 1842
f 1804 1842 1805
f 1805 1842 1843
f 1805 1843 1806
f 1806 1843 1844
f 1806 1844 1807
f 1807 1844 1845
f 1807 1845 1808
f 1808 1845 1846
f 1808 1846 1809
f 1809 1846 1847
f 1809 1847 1810
f 1810 1847 1848
f 1810 1848 1811
f 1811 1848 1849
f 1811 1849 1812
f 1812 1849 1850
f 1812 1850 1813
f 1813 1850 1851
f 1813 1851 1814
f 1814 1851 1852
f 1814 1852 1815
f 1815 1852 1853
f 1815 1853 1816
f 1816 1853 1854
f 1816 1854 1817
f 1817 1854 1855
f 1817 1855 1818
f 1818 1855 1856
f 1818 1856 1819
f 1819 1856 1857
f 1819 1857 1820
f 1820 1857 1858
f 1820 1858 1821
f 1821 1858 1859
f 1821 1859 1822
f 1822 1859 1860
f 1822 1860 1823
f 1823 1860 1861
f 1823 1861 1824
f 1824 1861 1862
f 1824 1862 1825
f 1825 1862 1863
f 1825 1863 1826
f 1826 1863 1864
f 1826 1864 1827
f 1827 1864 1828
f 1864 1865 1828
f 1828 1865 1866
f 1828 1866 1829
f 1829 1866 1867
f 1829 1867 1830
f 1830 1867 1868
f 1830 1868 1831
f 1831 1868 1869
f 1831 1869 1832
f 1832 1869 1870
f 1832 1870 1833
f 1833 1870 1871
f 1833 1871 1834
f 1834 1871 1872
f 1834 1872 1835
f 1835 1872 1873
f 1835 1873 1836
f 1836 1873 1874
f 1836 1874 1837
f 1837 1874 1875
f 1837 1875 1838
f 1838 1875 1876
f 1838 1876 1839
f 1839 1876 1877
f 1839 1877 1840
f 1840 1877 1878
f 1840 1878 1841
f 1841 1878 1879
f 1841 1879 1842
f 1842 1879 1880
f 1842 1880 1843
f 1843 1880 1881
f 1843 1881 1844
f 1844 1881 1882
f 1844 1882 1845
f 1845 1882 1883
f 1845 1883 1846
f 1846 1883 1884
f 1846 1884 1847
f 1847 1884 1885
f 1847 1885 1848
f 1848 1885 1886
f 1848 1886 1849
f 1849 1886 1887
f 1849 1887 1850
f 1850 1887 1888
f 1850 1888 1851
f 1851 1888 1889
f 1851 1889 1852
f 1852 1889 1890
f 1852 1890 1853
f 1853 1890 1891
f 1853 1891 1854
f 1854 1891 1892
f 1854 1892 1855
f 1855 1892 1893
f 1855 1893 1856
f 1856 1893 1894
f 1856 1894 1857
f 1857 1894 1895
f 1857 1895 1858
f 1858 1895 1896
f 1858 1896 1859
f 1859 1896 1897
f 1859 1897 1860
f 1860 1897 1898
f 1860 1898 1861
f 1861 1898 1899
f 1861 1899 1862
f 1862 1899 1900
f 1862 1900 1863
f 1863 1900 1901
f 1863 1901 1864
f 1864 1901 1865
f 1901 1902 1865
f 1865 1902 1903
f 1865 1903 1866
f 1866 1903 1904
f 1866 1904 1867
f 1867 1904 1905
f 1867 1905 1868
f 1868 1905 1906
f 1868 1906 1869
f 1869 1906 1907
f 1869 1907 1870
f 1870 1907 1908
f 1870 1908 1871
f 1871 1908 1909
f 1871 1909 1872
f 1872 1909 1910
f 1872 1910 1873
f 1873 1910 1911
f 1873 1911 1874
f 1874 1911 1912
f 1874 1912 1875
f 1875 1912 1913
f 1875 1913 1876
f 1876 1913 1914
f 1876 1914 1877
f 1877 1914 1915
f 1877 1915 1878
f 1878 1915 1916
f 1878 1916 1879
f 1879 1916 1917
f 1879 1917 1880
f 1880 1917 1918
f 1880 1918 1881
f 1881 1918 1919
f 1881 1919 1882
f 1882 1919 1920
f 1882 1920 1883
f 1883 1920 1921
f 1883 1921 1884
f 1884 1921 1922
f 1884 1922 1885
f 1885 1922 1923
f 1885 1923 1886
f 1886 1923 1924
f 1886 1924 1887
f 1887 1924 1925
f 1887 1925 1888
f 1888 1925 1926
f 1888 1926 1889
f 1889 1926 1927
f 1889 1927 1890
f 1890 1927 1928
f 1890 1928 1891
f 1891 1928 1929
f 1891 1929 1892
f 1892 1929 1930
f 1892 1930 1893
f 1893 1930 1931
f 1893 1931 1894
f 1894 1931 1932
f 1894 1932 1895
f 1895 1932 1933
f 1895 1933 1896
f 1896 1933 1934
f 1896 1934 1897
f 1897 1934 1935
f 1897 1935 1898
f 1898 1935 1936
f 1898 1936 1899
f 1899 1936 1937
f 1899 1937 1900
f 1900 1937 1938
f 1900 1938 1901
f 1901 1938 1902
f 1938 1939 1902
f 1902 1939 1940
f 1902 1940 1903
f 1903 1940 1941
f 1903 1941 1904
f 1904 1941 1942
f 1904 1942 1905
f 1905 1942 1943
f 1905 1943 1906
f 1906 1943 1944
f 1906 1944 1907
f 1907 1944 1945
f 1907 1945 1908
f 1908 1945 1946
f 1908 1946 1909
f 1909 1946 1947
f 1909 1947 1910
f 1910 1947 1948
f 1910 1948 1911
f 1911 1948 1949
f 1911 1949 1912
f 1912 1949 1950
f 1912 1950 1913
f 1913 1950 1951
f 1913 1951 1914
f 1914 1951 1952
f 1914 1952 1915
f 1915 1952 1953
f 1915 1953 1916
f 1916 1953 1954
f 1916 1954 1917
f 1917 1954 1955
f 1917 1955 1918
f 1918 1955 1956
f 1918 1956 1919
f 1919 1956 1957
f 1919 1957 1920
f 1920 1957 1958
f 1920 1958 1921
f 1921 1958 1959
f 1921 1959 1922
f 1922 1959 1960
f 1922 1960 1923
f 1923 1960 1961
f 1923 1961 1924
f 1924 1961 1962
f 1924 1962 1925
f 1925 1962 1963
f 1925 1963 1926
f 1926 1963 1964
f 1926 1964 1927
f 1927 1964 1965
f 1927 1965 1928
f 1928 1965 1966
f 1928 1966 1929
f 1929 1966 1967
f 1929 1967 1930
f 1930 1967 1968
f 1930 1968 1931
f 1931 1968 1969
f 1931 1969 1932
f 1932 1969 1970
f 1932 1970 1933
f 1933 1970 1971
f 1933 1971 1934
f 1934 1971 1972
f 1934 1972 1935
f 1935 1972 1973
f 1935 1973 1936
f 1936 1973 1974
f 1936 1974 1937
f 1937 1974 1975
f 1937 1975 1938
f 1938 1975 1939
f 1975 1056 1939
f 1939 1056 1088
f 1939 1088 1940
f 1940 1088 1087
f 1940 1087 1941
f 1941 1087 1089
f 1941 1089 1942
f 1942 1089 1085
f 1942 1085 1943
f 1943 1085 1084
f 1943 1084 1944
f 1944 1084 1086
f 1944 1086 1945
f 1945 1086 1082
f 1945 1082 1946
f 1946 1082 1081
f 1946 1081 1947
f 1947 1081 1083
f 1947 1083 1948
f 1948 1083 1079
f 1948 1079 1949
f 1949 1079 1078
f 1949 1078 1950
f 1950 1078 1080
f 1950 1080 1951
f 1951 1080 1076
f 1951 1076 1952
f 1952 1076 1075
f 1952 1075 1953
f 1953 1075 1077
f 1953 1077 1954
f 1954 1077 1073
f 1954 1073 1955
f 1955 1073 1072
f 1955 1072 1956
f 1956 1072 1074
f 1956 1074 1957
f 1957 1074 1070
f 1957 1070 1958
f 1958 1070 1069
f 1958 1069 1959
f 1959 1069 1071
f 1959 1071 1960
f 1960 1071 1067
f 1960 1067 1961
f 1961 1067 1066
f 1961 1066 1962
f 1962 1066 1068
f 1962 1068 1963
f 1963 1068 1064
f 1963 1064 1964
f 1964 1064 1063
f 1964 1063 1965
f 1965 1063 1065
f 1965 1065 1966
f 1966 1065 1061
f 1966 1061 1967
f 1967 1061 1060
f 1967 1060 1968
f 1968 1060 1062
f 1968 1062 1969
f 1969 1062 1058
f 1969 1058 1970
f 1970 1058 1057
f 1970 1057 1971
f 1971 1057 1059
f 1971 1059 1972
f 1972 1059 1054
f 1972 1054 1973
f 1973 1054 1053
f 1973 1053 1974
f 1974 1053 1055
f 1974 1055 1975
f 1975 1055 1056
f 1976 1977 1978
f 1976 1978 1979
f 1980 1981 1978
f 1978 1981 1982
f 1978 1982 1979
f 1983 1984 1978
f 1978 1984 1985
f 1978 1985 1980
f 1986 1987 1978
f 1978 1987 1988
f 1978 1988 1983
f 1989 1990 1978
f 1978 1990 1991
f 1978 1991 1986
f 1992 1993 1978
f 1978 1993 1994
f 1978 1994 1989
f 1995 1996 1978
f 1978 1996 1997
f 1978 1997 1992
f 1998 1999 1978
f 1978 1999 2000
f 1978 2000 1995
f 2001 2002 1978
f 1978 2002 2003
f 1978 2003 1998
f 2004 2005 1978
f 1978 2005 2006
f 1978 2006 2001
f 2007 2008 1978
f 1978 2008 2009
f 1978 2009 2004
f 2010 2011 1978
f 1978 2011 2012
f 1978 2012 2007
f 2013 2014 1978
f 1978 2014 2015
f 1978 2015 2010
f 2016 2017 1978
f 1978 2017 2018
f 1978 2018 2013
f 2019 2020 1978
f 1978 2020 2021
f 1978 2021 2016
f 2022 2023 1978
f 1978 2023 2024
f 1978 2024 2019
f 2025 2026 1978
f 1978 2026 2027
f 1978 2027 2022
f 2028 2029 1978
f 1978 2029 2030
f 1978 2030 2025
f 2031 2032 1978
f 1978 2032 2033
f 1978 2033 2028
f 2034 2035 1978
f 1978 2035 2036
f 1978 2036 2031
f 1977 2037 1978
f 1978 2037 2038
f 1978 2038 2034
f 2039 2040 2041
f 2042 2043 2044
f 2044 2043 2045
f 2044 2045 2046
f 2047 2048 2045
f 2045 2048 2049
f 2045 2049 2046
f 2050 2051 2052
f 2052 2051 2053
f 2052 2053 2047
f 2047 2053 2054
f 2047 2054 2048
f 2050 2052 2055
f 2055 2052 2056
f 2055 2056 2057
f 2057 2056 2058
f 2058 2056 2059
f 2058 2059 2060
f 2061 2062 2059
f 2059 2062 2063
f 2059 2063 2060
f 2064 2065 2066
f 2066 2065 2067
f 2066 2067 2061
f 2061 2067 2068
f 2061 2068 2062
f 2064 2066 2069
f 2069 2066 2070
f 2069 2070 2071
f 2072 2073 2070
f 2070 2073 2074
f 2070 2074 2071
f 2075 2076 2077
f 2077 2076 2078
f 2077 2078 2072
f 2072 2078 2079
f 2072 2079 2073
f 2075 2077 2080
f 2080 2077 2081
f 2080 2081 2082
f 2082 2081 2083
f 2083 2081 2084
f 2083 2084 2085
f 2086 2087 2084
f 2084 2087 2088
f 2084 2088 2085
f 2089 2090 2091
f 2091 2090 2092
f 2091 2092 2086
f 2086 2092 2093
f 2086 2093 2087
f 2041 2040 2091
f 2091 2040 2094
f 2091 2094 2089
f 2039 2041 2095
f 2095 2041 2096
f 2095 2096 2097
f 2098 2099 2100
f 2100 2099 2101
f 2100 2101 2102
f 2098 2103 2099
f 2099 2103 2104
f 2099 2104 2096
f 2096 2104 2105
f 2096 2105 2097
f 2102 2101 2106
f 2106 2101 2107
f 2106 2107 2108
f 2108 2107 2109
f 2109 2107 2110
f 2109 2110 2111
f 2112 2113 2110
f 2110 2113 2114
f 2110 2114 2111
f 2115 2116 2117
f 2117 2116 2118
f 2117 2118 2112
f 2112 2118 2119
f 2112 2119 2113
f 2115 2117 2120
f 2120 2117 2121
f 2120 2121 2122
f 2122 2121 2123
f 2123 2121 2124
f 2123 2124 2125
f 2126 2127 2128
f 2128 2127 2129
f 2128 2129 2124
f 2124 2129 2130
f 2124 2130 2125
f 2126 2128 2131
f 2131 2128 2132
f 2131 2132 2133
f 2133 2132 2134
f 2134 2132 2135
f 2134 2135 2136
f 2137 2138 2135
f 2135 2138 2139
f 2135 2139 2136
f 2140 2141 2142
f 2142 2141 2143
f 2142 2143 2137
f 2137 2143 2144
f 2137 2144 2138
f 2140 2142 2145
f 2145 2142 2146
f 2145 2146 2147
f 2147 2146 2148
f 2148 2146 2149
f 2148 2149 2150
f 2151 2152 2149
f 2149 2152 2153
f 2149 2153 2150
f 2154 2155 2156
f 2156 2155 2157
f 2156 2157 2151
f 2151 2157 2158
f 2151 2158 2152
f 2159 2160 2161
f 2161 2160 2162
f 2162 2163 2161
f 2161 2163 2164
f 2161 2164 2156
f 2156 2164 2165
f 2156 2165 2154
f 2042 2166 2043
f 2043 2166 2167
f 2043 2167 2159
f 2159 2167 2168
f 2159 2168 2160
f 2169 2170 1015
f 1015 2170 2171
f 1015 2171 2172
f 2172 2173 1015
f 1015 2173 2174
f 1015 2174 1016
f 1016 2174 2175
f 1016 2175 7
f 2176 2177 793
f 2177 2178 793
f 793 2178 2179
f 793 2179 2180
f 1014 2181 1015
f 1015 2181 2182
f 1015 2182 2169
f 2180 2183 793
f 793 2183 2181
f 793 2181 794
f 794 2181 1014
f 1018 2184 1019
f 1019 2184 2185
f 1019 2185 793
f 793 2185 2186
f 793 2186 2176
f 2187 2188 2189
f 2189 2188 2190
f 2189 2190 2191
f 2191 2192 2189
f 2189 2192 2193
f 2189 2193 2194
f 2195 2196 2197
f 2197 2196 2198
f 2197 2198 2199
f 2199 2198 2189
f 2199 2189 2200
f 2200 2189 2194
f 2189 2201 2187
f 2187 2201 2202
f 2187 2202 2203
f 2203 2202 2204
f 2203 2204 2205
f 2205 2204 2206
f 2207 2208 2209
f 2209 2210 2207
f 2207 2210 2211
f 2207 2211 2212
f 2212 2211 2213
f 2212 2213 2214
f 2214 2213 2215
f 2214 2215 2216
f 2216 2215 2217
f 2216 2217 2204
f 2204 2217 2218
f 2204 2218 2206
f 2219 2220 2221
f 2220 2222 2221
f 2221 2222 2223
f 2221 2223 2224
f 2225 2226 2207
f 2207 2226 2227
f 2207 2227 2208
f 2224 2228 2221
f 2221 2228 2226
f 2221 2226 2229
f 2229 2226 2225
f 2230 2231 2232
f 2232 2231 2233
f 2232 2233 2234
f 2234 2233 2235
f 2234 2235 2221
f 2221 2235 2236
f 2221 2236 2219
f 2237 2238 1007
f 1007 2238 1008
f 1008 2238 2239
f 1008 2239 2240
f 2240 2241 1008
f 1008 2241 2242
f 1008 2242 2243
f 2243 2244 1008
f 1008 2244 2245
f 1008 2245 1009
f 1009 2245 2246
f 1009 2246 1006
f 2247 2248 775
f 7 2175 8
f 8 2175 2249
f 8 2249 775
f 775 2249 2250
f 775 2250 2247
f 1007 776 2237
f 2237 776 775
f 2237 775 2251
f 2251 775 2248
f 2195 2184 2196
f 2196 2184 1018
f 2196 1018 2252
f 2252 1018 1017
f 2252 1017 2253
f 2253 1017 823
f 2253 823 2254
f 2254 823 822
f 2254 822 2255
f 2255 822 5
f 2255 5 2256
f 2256 5 4
f 2256 4 2257
f 2257 4 1033
f 2257 1033 2258
f 2258 1033 1032
f 2258 1032 2259
f 2259 1032 1031
f 2259 1031 2260
f 2260 1031 878
f 2260 878 2261
f 2261 878 879
f 2261 879 2262
f 2262 879 1036
f 2262 1036 2263
f 2263 1036 1035
f 2263 1035 2264
f 2264 1035 1034
f 2264 1034 2265
f 2265 1034 911
f 2265 911 2266
f 2266 911 910
f 2266 910 2267
f 2267 910 2
f 2267 2 2268
f 2268 2 1
f 2268 1 2269
f 2269 1 1051
f 2269 1051 2270
f 2270 1051 936
f 2270 936 2271
f 2271 936 935
f 2271 935 2272
f 2272 935 937
f 2272 937 2273
f 2273 937 940
f 2273 940 2274
f 2274 940 939
f 2274 939 2275
f 2275 939 938
f 2275 938 2276
f 2276 938 535
f 2276 535 2277
f 2277 535 534
f 2277 534 2278
f 2278 534 943
f 2278 943 2279
f 2279 943 942
f 2279 942 2280
f 2280 942 941
f 2280 941 2281
f 2281 941 551
f 2281 551 2282
f 2282 551 550
f 2282 550 2283
f 2283 550 23
f 2283 23 2284
f 2284 23 22
f 2284 22 2285
f 2285 22 953
f 2285 953 2286
f 2286 953 952
f 2286 952 2287
f 2287 952 951
f 2287 951 2288
f 2288 951 580
f 2288 580 2289
f 2289 580 579
f 2289 579 2290
f 2290 579 20
f 2290 20 2291
f 2291 20 19
f 2291 19 2292
f 2292 19 957
f 2292 957 2293
f 2293 957 956
f 2293 956 2294
f 2294 956 955
f 2294 955 2295
f 2295 955 107
f 2295 107 2296
f 2296 107 109
f 2296 109 2297
f 2297 109 101
f 2297 101 2298
f 2298 101 104
f 2298 104 2299
f 2299 104 960
f 2299 960 2300
f 2300 960 959
f 2300 959 2301
f 2301 959 958
f 2301 958 2302
f 2302 958 963
f 2302 963 2303
f 2303 963 962
f 2303 962 2304
f 2304 962 961
f 2304 961 2305
f 2305 961 597
f 2305 597 2306
f 2306 597 598
f 2306 598 2307
f 2307 598 17
f 2307 17 2308
f 2308 17 16
f 2308 16 2309
f 2309 16 967
f 2309 967 2310
f 2310 967 966
f 2310 966 2311
f 2311 966 965
f 2311 965 2312
f 2312 965 607
f 2312 607 2313
f 2313 607 606
f 2313 606 2314
f 2314 606 970
f 2314 970 2315
f 2315 970 969
f 2315 969 2316
f 2316 969 968
f 2316 968 2317
f 2317 968 634
f 2317 634 2318
f 2318 634 635
f 2318 635 2319
f 2319 635 974
f 2319 974 2320
f 2320 974 973
f 2320 973 2321
f 2321 973 972
f 2321 972 2322
f 2322 972 971
f 2322 971 2323
f 2323 971 656
f 2323 656 2324
f 2324 656 655
f 2324 655 2325
f 2325 655 977
f 2325 977 2326
f 2326 977 976
f 2326 976 2327
f 2327 976 975
f 2327 975 2328
f 2328 975 723
f 2328 723 2329
f 2329 723 724
f 2329 724 2330
f 2330 724 980
f 2330 980 2331
f 2331 980 979
f 2331 979 2332
f 2332 979 978
f 2332 978 2333
f 2333 978 756
f 2333 756 2334
f 2334 756 755
f 2334 755 2335
f 2335 755 14
f 2335 14 2336
f 2336 14 13
f 2336 13 2337
f 2337 13 11
f 2337 11 2338
f 2338 11 10
f 2338 10 2339
f 2339 10 996
f 2339 996 2340
f 2340 996 1005
f 2340 1005 2232
f 2232 1005 1006
f 2232 1006 2230
f 2230 1006 2246
f 2341 2342 2343
f 2344 2345 2346
f 2347 2348 2346
f 2346 2348 2349
f 2346 2349 2344
f 2341 2343 2350
f 2343 2351 2350
f 2350 2351 2352
f 2350 2352 2353
f 2353 2352 2354
f 2353 2354 2355
f 2355 2354 2356
f 2355 2356 2357
f 2357 2356 2358
f 2357 2358 2359
f 2359 2358 2360
f 2359 2360 2361
f 2361 2360 2362
f 2361 2362 2363
f 2363 2362 2364
f 2363 2364 2365
f 2365 2364 2366
f 2365 2366 2367
f 2367 2366 2368
f 2367 2368 2347
f 2347 2368 2369
f 2347 2369 2348
f 2370 2371 2372
f 2372 2371 2373
f 2372 2373 2342
f 2342 2373 2374
f 2342 2374 2343
f 2370 2375 2371
f 2371 2375 2376
f 2371 2376 2377
f 2377 2376 2378
f 2377 2378 2379
f 2379 2378 2380
f 2379 2380 2381
f 2381 2380 2382
f 2381 2382 2383
f 2383 2382 2384
f 2383 2384 2385
f 2385 2384 2386
f 2385 2386 2387
f 2387 2386 2388
f 2387 2388 2389
f 2389 2388 2390
f 2389 2390 2391
f 2391 2390 2392
f 2391 2392 2393
f 2393 2392 2394
f 2393 2394 2395
f 2395 2394 2396
f 2395 2396 2397
f 2397 2396 2398
f 2397 2398 2399
f 2399 2398 2400
f 2399 2400 2401
f 2400 2402 2401
f 2401 2402 2403
f 2401 2403 2404
f 2404 2403 2405
f 2405 2403 2406
f 2406 2403 2407
f 2406 2407 2408
f 2407 2409 2408
f 2408 2409 2410
f 2408 2410 2411
f 2411 2410 2412
f 2411 2412 2413
f 2413 2412 2414
f 2413 2414 2415
f 2415 2414 2416
f 2415 2416 2417
f 2417 2416 2418
f 2417 2418 2419
f 2419 2418 2420
f 2419 2420 2421
f 2421 2420 2422
f 2421 2422 2423
f 2423 2422 2424
f 2423 2424 2425
f 2425 2424 2426
f 2425 2426 2427
f 2427 2426 2428
f 2427 2428 2429
f 2429 2428 2430
f 2429 2430 2431
f 2431 2430 2432
f 2431 2432 2433
f 2432 2434 2433
f 2433 2434 2435
f 2433 2435 2436
f 2436 2435 2437
f 2436 2437 2438
f 2438 2437 2439
f 2438 2439 2440
f 2440 2439 2441
f 2440 2441 2442
f 2442 2441 2443
f 2442 2443 2444
f 2444 2443 2445
f 2444 2445 2446
f 2446 2445 2447
f 2446 2447 2448
f 2448 2447 2449
f 2448 2449 2450
f 2450 2449 2451
f 2450 2451 2452
f 2452 2451 2453
f 2452 2453 2454
f 2454 2453 2455
f 2455 2453 2456
f 2455 2456 2457
f 2457 2456 2458
f 2457 2458 2459
f 2459 2458 2460
f 2459 2460 2461
f 2460 2462 2461
f 2461 2462 2463
f 2461 2463 2464
f 2464 2463 2465
f 2464 2465 2466
f 2467 2468 2469
f 2469 2468 2470
f 2469 2470 2471
f 2466 2465 2472
f 2472 2465 2473
f 2472 2473 2474
f 2474 2473 2475
f 2474 2475 2476
f 2476 2475 2477
f 2476 2477 2478
f 2478 2477 2479
f 2478 2479 2480
f 2480 2479 2481
f 2480 2481 2482
f 2482 2481 2483
f 2482 2483 2484
f 2484 2483 2485
f 2484 2485 2486
f 2486 2485 2487
f 2486 2487 2488
f 2488 2487 2489
f 2488 2489 2490
f 2490 2489 2491
f 2490 2491 2492
f 2492 2491 2493
f 2492 2493 2494
f 2494 2493 2495
f 2494 2495 2496
f 2496 2495 2497
f 2496 2497 2498
f 2498 2497 2499
f 2498 2499 2500
f 2500 2499 2501
f 2500 2501 2502
f 2502 2501 2503
f 2502 2503 2467
f 2467 2503 2504
f 2467 2504 2468
f 2471 2470 2505
f 2505 2470 2506
f 2505 2506 2507
f 2507 2506 2508
f 2507 2508 2509
f 2509 2508 2510
f 2509 2510 2511
f 2510 2512 2511
f 2511 2512 2513
f 2511 2513 2514
f 2514 2513 2515
f 2514 2515 2516
f 2516 2515 2517
f 2345 2344 2518
f 2518 2344 2519
f 2518 2519 2520
f 2520 2519 2521
f 2520 2521 2522
f 2522 2521 2523
f 2522 2523 2524
f 2524 2523 2525
f 2524 2525 2526
f 2526 2525 2527
f 2526 2527 2528
f 2528 2527 2529
f 2528 2529 2530
f 2530 2529 2531
f 2530 2531 2532
f 2532 2531 2533
f 2532 2533 2534
f 2534 2533 2535
f 2534 2535 2536
f 2536 2535 2537
f 2536 2537 2538
f 2538 2537 2539
f 2538 2539 2540
f 2540 2539 2541
f 2540 2541 2542
f 2542 2541 2543
f 2542 2543 2544
f 2544 2543 2545
f 2544 2545 2546
f 2546 2545 2547
f 2546 2547 2548
f 2548 2547 2549
f 2548 2549 2550
f 2550 2549 2551
f 2550 2551 2517
f 2517 2551 2552
f 2517 2552 2516
f 2553 2554 2555
f 2553 2555 2556
f 2557 2556 2555
f 2558 2557 2555
f 2559 2558 2555
f 2560 2559 2555
f 2561 2560 2555
f 2562 2561 2555
f 2563 2562 2555
f 2564 2563 2555
f 2565 2564 2555
f 2566 2565 2555
f 2567 2566 2555
f 2568 2567 2555
f 2569 2568 2555
f 2570 2569 2555
f 2571 2570 2555
f 2572 2571 2555
f 2573 2572 2555
f 2574 2573 2555
f 2575 2574 2555
f 2576 2575 2555
f 2577 2576 2555
f 2578 2577 2555
f 2579 2578 2555
f 2580 2579 2555
f 2581 2580 2555
f 2582 2581 2555
f 2583 2582 2555
f 2584 2583 2555
f 2585 2584 2555
f 2586 2585 2555
f 2587 2586 2555
f 2588 2587 2555
f 2589 2588 2555
f 2590 2589 2555
f 2591 2590 2555
f 2592 2591 2555
f 2593 2592 2555
f 2594 2593 2555
f 2595 2594 2555
f 2596 2595 2555
f 2597 2596 2555
f 2598 2597 2555
f 2599 2598 2555
f 2600 2599 2555
f 2601 2600 2555
f 2602 2601 2555
f 2603 2602 2555
f 2604 2603 2555
f 2605 2604 2555
f 2606 2605 2555
f 2607 2606 2555
f 2608 2607 2555
f 2609 2608 2555
f 2610 2609 2555
f 2611 2610 2555
f 2612 2611 2555
f 2613 2612 2555
f 2614 2613 2555
f 2615 2614 2555
f 2616 2615 2555
f 2554 2616 2555
f 2617 2618 2619
f 2620 2621 2622
f 2623 2624 2625
f 2626 2627 2628
f 2629 2630 2631
f 2632 2633 2634
f 2634 2633 2635
f 2634 2635 2636
f 2637 2638 2639
f 2639 2638 2640
f 2639 2640 2641
f 2642 2643 2644
f 2644 2643 2645
f 2644 2645 2646
f 2646 2645 2647
f 2648 2649 2650
f 2650 2649 2647
f 2650 2647 2651
f 2651 2647 2645
f 2648 2650 2652
f 2652 2650 2653
f 2652 2653 2654
f 2654 2653 2655
f 2655 2653 2656
f 2655 2656 2657
f 2657 2656 2658
f 2658 2656 2659
f 2658 2659 2660
f 2661 2662 2663
f 2663 2662 2664
f 2663 2664 2665
f 2665 2664 2660
f 2629 2631 2627
f 2666 2667 2668
f 2668 2667 2669
f 2626 2628 2669
f 2670 2671 2672
f 2672 2671 2673
f 2672 2673 2666
f 2674 2675 2676
f 2676 2675 2670
f 2677 2678 2679
f 2679 2678 2680
f 2679 2680 2681
f 2681 2680 2674
f 2682 2683 2684
f 2684 2683 2685
f 2684 2685 2686
f 2686 2685 2687
f 2686 2687 2677
f 2688 2689 2690
f 2690 2689 2691
f 2682 2692 2693
f 2693 2692 2689
f 2693 2689 2694
f 2694 2689 2688
f 2695 2696 2697
f 2695 2697 2698
f 2698 2697 2699
f 2698 2699 2700
f 2701 2702 2703
f 2703 2702 2704
f 2704 2702 2705
f 2705 2702 2706
f 2705 2706 2707
f 2623 2708 2624
f 2624 2708 2709
f 2624 2709 2710
f 2711 2712 2713
f 2713 2712 2714
f 2715 2716 2717
f 2717 2716 2718
f 2719 2720 2721
f 2722 2723 2724
f 2722 2725 2723
f 2723 2725 2726
f 2723 2726 2727
f 2727 2726 2728
f 2727 2728 2729
f 2728 2730 2729
f 2729 2730 2731
f 2729 2731 2732
f 2731 2733 2732
f 2732 2733 2734
f 2732 2734 2735
f 2734 2736 2735
f 2735 2736 2737
f 2735 2737 2738
f 2738 2737 2739
f 2738 2739 2740
f 2739 2741 2740
f 2740 2741 2742
f 2740 2742 2743
f 2742 2744 2743
f 2743 2744 2745
f 2743 2745 2746
f 2746 2745 2747
f 2746 2747 2748
f 2747 2749 2748
f 2748 2749 2750
f 2748 2750 2751
f 2750 2752 2751
f 2751 2752 2753
f 2751 2753 2754
f 2700 2755 2698
f 2698 2755 2756
f 2698 2756 2757
f 2757 2756 2691
f 2757 2691 2758
f 2758 2691 2689
f 2758 2689 2759
f 2759 2689 2692
f 2759 2692 2760
f 2760 2692 2754
f 2760 2754 2761
f 2761 2754 2753
f 2696 2695 2762
f 2762 2695 2763
f 2762 2763 2701
f 2701 2763 2764
f 2701 2764 2702
f 2702 2764 2765
f 2702 2765 2706
f 2765 2766 2706
f 2706 2766 2767
f 2706 2767 2768
f 2767 2769 2768
f 2768 2769 2770
f 2768 2770 2771
f 2771 2770 2772
f 2771 2772 2773
f 2772 2774 2773
f 2773 2774 2775
f 2773 2775 2776
f 2775 2777 2776
f 2776 2777 2778
f 2776 2778 2779
f 2779 2778 2780
f 2779 2780 2781
f 2780 2782 2781
f 2781 2782 2783
f 2781 2783 2784
f 2783 2785 2784
f 2784 2785 2786
f 2784 2786 2787
f 2786 2788 2787
f 2787 2788 2789
f 2787 2789 2790
f 2790 2789 2791
f 2790 2791 2792
f 2791 2793 2792
f 2792 2793 2794
f 2792 2794 2795
f 2794 2796 2795
f 2795 2796 2797
f 2795 2797 2798
f 2798 2797 2799
f 2798 2799 2800
f 2799 2801 2800
f 2800 2801 2802
f 2800 2802 2803
f 2802 2804 2803
f 2803 2804 2805
f 2803 2805 2806
f 2805 2807 2806
f 2806 2807 2808
f 2806 2808 2809
f 2809 2808 2810
f 2809 2810 2811
f 2810 2812 2811
f 2811 2812 2813
f 2811 2813 2814
f 2813 2815 2814
f 2814 2815 2816
f 2814 2816 2817
f 2817 2816 2818
f 2817 2818 2819
f 2818 2820 2819
f 2819 2820 2821
f 2819 2821 2822
f 2821 2823 2822
f 2822 2823 2824
f 2822 2824 2825
f 2824 2826 2825
f 2825 2826 2827
f 2825 2827 2828
f 2828 2827 2829
f 2828 2829 2830
f 2829 2831 2830
f 2830 2831 2832
f 2830 2832 2833
f 2832 2834 2833
f 2833 2834 2835
f 2833 2835 2836
f 2836 2835 2837
f 2836 2837 2838
f 2837 2839 2838
f 2838 2839 2840
f 2838 2840 2841
f 2840 2842 2841
f 2841 2842 2843
f 2841 2843 2844
f 2843 2845 2844
f 2844 2845 2846
f 2844 2846 2847
f 2847 2846 2848
f 2847 2848 2849
f 2848 2850 2849
f 2849 2850 2851
f 2849 2851 2852
f 2851 2853 2852
f 2852 2853 2854
f 2852 2854 2855
f 2855 2854 2856
f 2855 2856 2857
f 2856 2858 2857
f 2857 2858 2859
f 2857 2859 2860
f 2859 2861 2860
f 2860 2861 2862
f 2860 2862 2863
f 2862 2864 2863
f 2863 2864 2865
f 2863 2865 2866
f 2866 2865 2867
f 2866 2867 2868
f 2867 2869 2868
f 2868 2869 2870
f 2868 2870 2871
f 2870 2872 2871
f 2871 2872 2873
f 2871 2873 2874
f 2874 2873 2875
f 2874 2875 2876
f 2875 2877 2876
f 2876 2877 2878
f 2876 2878 2879
f 2878 2880 2879
f 2879 2880 2881
f 2879 2881 2882
f 2881 2883 2882
f 2882 2883 2884
f 2882 2884 2885
f 2885 2884 2886
f 2885 2886 2724
f 2724 2886 2887
f 2724 2887 2722
f 2682 2684 2692
f 2692 2684 2686
f 2692 2686 2754
f 2754 2686 2888
f 2754 2888 2751
f 2751 2888 2889
f 2751 2889 2748
f 2748 2889 2890
f 2748 2890 2746
f 2746 2890 2891
f 2746 2891 2743
f 2743 2891 2892
f 2743 2892 2740
f 2740 2892 2893
f 2740 2893 2738
f 2738 2893 2894
f 2738 2894 2735
f 2735 2894 2895
f 2735 2895 2732
f 2732 2895 2896
f 2732 2896 2729
f 2729 2896 2897
f 2729 2897 2727
f 2727 2897 2898
f 2727 2898 2723
f 2723 2898 2899
f 2723 2899 2724
f 2724 2899 2900
f 2724 2900 2885
f 2885 2900 2901
f 2885 2901 2882
f 2882 2901 2902
f 2882 2902 2879
f 2879 2902 2903
f 2879 2903 2876
f 2876 2903 2904
f 2876 2904 2874
f 2874 2904 2905
f 2874 2905 2871
f 2871 2905 2906
f 2871 2906 2868
f 2868 2906 2907
f 2868 2907 2866
f 2866 2907 2908
f 2866 2908 2863
f 2863 2908 2909
f 2863 2909 2860
f 2860 2909 2910
f 2860 2910 2857
f 2857 2910 2911
f 2857 2911 2855
f 2855 2911 2912
f 2855 2912 2852
f 2852 2912 2913
f 2852 2913 2849
f 2849 2913 2914
f 2849 2914 2847
f 2847 2914 2915
f 2847 2915 2844
f 2844 2915 2916
f 2844 2916 2841
f 2841 2916 2917
f 2841 2917 2838
f 2838 2917 2918
f 2838 2918 2836
f 2836 2918 2919
f 2836 2919 2833
f 2833 2919 2920
f 2833 2920 2830
f 2830 2920 2921
f 2830 2921 2828
f 2828 2921 2922
f 2828 2922 2825
f 2825 2922 2923
f 2825 2923 2822
f 2822 2923 2924
f 2822 2924 2819
f 2819 2924 2925
f 2819 2925 2817
f 2817 2925 2926
f 2817 2926 2814
f 2814 2926 2927
f 2814 2927 2811
f 2811 2927 2928
f 2811 2928 2809
f 2809 2928 2929
f 2809 2929 2806
f 2806 2929 2930
f 2806 2930 2803
f 2803 2930 2931
f 2803 2931 2800
f 2800 2931 2932
f 2800 2932 2798
f 2798 2932 2933
f 2798 2933 2795
f 2795 2933 2934
f 2795 2934 2792
f 2792 2934 2935
f 2792 2935 2790
f 2790 2935 2936
f 2790 2936 2787
f 2787 2936 2937
f 2787 2937 2784
f 2784 2937 2938
f 2784 2938 2781
f 2781 2938 2939
f 2781 2939 2779
f 2779 2939 2940
f 2779 2940 2776
f 2776 2940 2941
f 2776 2941 2773
f 2773 2941 2625
f 2773 2625 2771
f 2771 2625 2624
f 2771 2624 2768
f 2768 2624 2710
f 2768 2710 2706
f 2706 2710 2942
f 2706 2942 2707
f 2677 2679 2686
f 2686 2679 2681
f 2686 2681 2888
f 2888 2681 2943
f 2888 2943 2889
f 2889 2943 2944
f 2889 2944 2890
f 2890 2944 2945
f 2890 2945 2891
f 2891 2945 2946
f 2891 2946 2892
f 2892 2946 2947
f 2892 2947 2893
f 2893 2947 2948
f 2893 2948 2894
f 2894 2948 2949
f 2894 2949 2895
f 2895 2949 2950
f 2895 2950 2896
f 2896 2950 2951
f 2896 2951 2897
f 2897 2951 2952
f 2897 2952 2898
f 2898 2952 2953
f 2898 2953 2899
f 2899 2953 2954
f 2899 2954 2900
f 2900 2954 2955
f 2900 2955 2901
f 2901 2955 2956
f 2901 2956 2902
f 2902 2956 2957
f 2902 2957 2903
f 2903 2957 2958
f 2903 2958 2904
f 2904 2958 2959
f 2904 2959 2905
f 2905 2959 2960
f 2905 2960 2906
f 2906 2960 2961
f 2906 2961 2907
f 2907 2961 2962
f 2907 2962 2908
f 2908 2962 2963
f 2908 2963 2909
f 2909 2963 2964
f 2909 2964 2910
f 2910 2964 2965
f 2910 2965 2911
f 2911 2965 2966
f 2911 2966 2912
f 2912 2966 2967
f 2912 2967 2913
f 2913 2967 2968
f 2913 2968 2914
f 2914 2968 2969
f 2914 2969 2915
f 2915 2969 2970
f 2915 2970 2916
f 2916 2970 2971
f 2916 2971 2917
f 2917 2971 2972
f 2917 2972 2918
f 2918 2972 2973
f 2918 2973 2919
f 2919 2973 2974
f 2919 2974 2920
f 2920 2974 2975
f 2920 2975 2921
f 2921 2975 2976
f 2921 2976 2922
f 2922 2976 2977
f 2922 2977 2923
f 2923 2977 2978
f 2923 2978 2924
f 2924 2978 2979
f 2924 2979 2925
f 2925 2979 2980
f 2925 2980 2926
f 2926 2980 2981
f 2926 2981 2927
f 2927 2981 2982
f 2927 2982 2928
f 2928 2982 2983
f 2928 2983 2929
f 2929 2983 2984
f 2929 2984 2930
f 2930 2984 2985
f 2930 2985 2931
f 2931 2985 2986
f 2931 2986 2932
f 2932 2986 2987
f 2932 2987 2933
f 2933 2987 2988
f 2933 2988 2934
f 2934 2988 2989
f 2934 2989 2935
f 2935 2989 2990
f 2935 2990 2936
f 2936 2990 2991
f 2936 2991 2937
f 2937 2991 2992
f 2937 2992 2938
f 2938 2992 2993
f 2938 2993 2939
f 2939 2993 2994
f 2939 2994 2940
f 2940 2994 2995
f 2940 2995 2941
f 2941 2995 2712
f 2941 2712 2625
f 2625 2712 2711
f 2625 2711 2623
f 2674 2676 2681
f 2681 2676 2996
f 2681 2996 2943
f 2943 2996 2997
f 2943 2997 2944
f 2944 2997 2998
f 2944 2998 2945
f 2945 2998 2999
f 2945 2999 2946
f 2946 2999 3000
f 2946 3000 2947
f 2947 3000 3001
f 2947 3001 2948
f 2948 3001 3002
f 2948 3002 2949
f 2949 3002 3003
f 2949 3003 2950
f 2950 3003 3004
f 2950 3004 2951
f 2951 3004 3005
f 2951 3005 2952
f 2952 3005 3006
f 2952 3006 2953
f 2953 3006 3007
f 2953 3007 2954
f 2954 3007 3008
f 2954 3008 2955
f 2955 3008 3009
f 2955 3009 2956
f 2956 3009 3010
f 2956 3010 2957
f 2957 3010 3011
f 2957 3011 2958
f 2958 3011 3012
f 2958 3012 2959
f 2959 3012 3013
f 2959 3013 2960
f 2960 3013 3014
f 2960 3014 2961
f 2961 3014 3015
f 2961 3015 2962
f 2962 3015 3016
f 2962 3016 2963
f 2963 3016 3017
f 2963 3017 2964
f 2964 3017 3018
f 2964 3018 2965
f 2965 3018 3019
f 2965 3019 2966
f 2966 3019 3020
f 2966 3020 2967
f 2967 3020 3021
f 2967 3021 2968
f 2968 3021 3022
f 2968 3022 2969
f 2969 3022 3023
f 2969 3023 2970
f 2970 3023 3024
f 2970 3024 2971
f 2971 3024 3025
f 2971 3025 2972
f 2972 3025 3026
f 2972 3026 2973
f 2973 3026 3027
f 2973 3027 2974
f 2974 3027 3028
f 2974 3028 2975
f 2975 3028 3029
f 2975 3029 2976
f 2976 3029 3030
f 2976 3030 2977
f 2977 3030 3031
f 2977 3031 2978
f 2978 3031 3032
f 2978 3032 2979
f 2979 3032 3033
f 2979 3033 2980
f 2980 3033 3034
f 2980 3034 2981
f 2981 3034 3035
f 2981 3035 2982
f 2982 3035 3036
f 2982 3036 2983
f 2983 3036 3037
f 2983 3037 2984
f 2984 3037 3038
f 2984 3038 2985
f 2985 3038 3039
f 2985 3039 2986
f 2986 3039 3040
f 2986 3040 2987
f 2987 3040 3041
f 2987 3041 2988
f 2988 3041 3042
f 2988 3042 2989
f 2989 3042 3043
f 2989 3043 2990
f 2990 3043 3044
f 2990 3044 2991
f 2991 3044 3045
f 2991 3045 2992
f 2992 3045 3046
f 2992 3046 2993
f 2993 3046 3047
f 2993 3047 2994
f 2994 3047 3048
f 2994 3048 2995
f 2995 3048 2622
f 2995 2622 2712
f 2712 2622 2621
f 2712 2621 2714
f 2670 2672 2676
f 2676 2672 3049
f 2676 3049 2996
f 2996 3049 3050
f 2996 3050 2997
f 2997 3050 3051
f 2997 3051 2998
f 2998 3051 3052
f 2998 3052 2999
f 2999 3052 3053
f 2999 3053 3000
f 3000 3053 3054
f 3000 3054 3001
f 3001 3054 3055
f 3001 3055 3002
f 3002 3055 3056
f 3002 3056 3003
f 3003 3056 3057
f 3003 3057 3004
f 3004 3057 3058
f 3004 3058 3005
f 3005 3058 3059
f 3005 3059 3006
f 3006 3059 3060
f 3006 3060 3007
f 3007 3060 3061
f 3007 3061 3008
f 3008 3061 3062
f 3008 3062 3009
f 3009 3062 3063
f 3009 3063 3010
f 3010 3063 3064
f 3010 3064 3011
f 3011 3064 3065
f 3011 3065 3012
f 3012 3065 3066
f 3012 3066 3013
f 3013 3066 3067
f 3013 3067 3014
f 3014 3067 3068
f 3014 3068 3015
f 3015 3068 3069
f 3015 3069 3016
f 3016 3069 3070
f 3016 3070 3017
f 3017 3070 3071
f 3017 3071 3018
f 3018 3071 3072
f 3018 3072 3019
f 3019 3072 3073
f 3019 3073 3020
f 3020 3073 3074
f 3020 3074 3021
f 3021 3074 3075
f 3021 3075 3022
f 3022 3075 3076
f 3022 3076 3023
f 3023 3076 3077
f 3023 3077 3024
f 3024 3077 3078
f 3024 3078 3025
f 3025 3078 3079
f 3025 3079 3026
f 3026 3079 3080
f 3026 3080 3027
f 3027 3080 3081
f 3027 3081 3028
f 3028 3081 3082
f 3028 3082 3029
f 3029 3082 3083
f 3029 3083 3030
f 3030 3083 3084
f 3030 3084 3031
f 3031 3084 3085
f 3031 3085 3032
f 3032 3085 3086
f 3032 3086 3033
f 3033 3086 3087
f 3033 3087 3034
f 3034 3087 3088
f 3034 3088 3035
f 3035 3088 3089
f 3035 3089 3036
f 3036 3089 3090
f 3036 3090 3037
f 3037 3090 3091
f 3037 3091 3038
f 3038 3091 3092
f 3038 3092 3039
f 3039 3092 3093
f 3039 3093 3040
f 3040 3093 3094
f 3040 3094 3041
f 3041 3094 3095
f 3041 3095 3042
f 3042 3095 3096
f 3042 3096 3043
f 3043 3096 3097
f 3043 3097 3044
f 3044 3097 3098
f 3044 3098 3045
f 3045 3098 3099
f 3045 3099 3046
f 3046 3099 3100
f 3046 3100 3047
f 3047 3100 2619
f 3047 2619 3048
f 3048 2619 2618
f 3048 2618 2622
f 2622 2618 3101
f 2622 3101 2620
f 2666 2668 2672
f 2672 2668 3102
f 2672 3102 3049
f 3049 3102 3103
f 3049 3103 3050
f 3050 3103 3104
f 3050 3104 3051
f 3051 3104 3105
f 3051 3105 3052
f 3052 3105 3106
f 3052 3106 3053
f 3053 3106 3107
f 3053 3107 3054
f 3054 3107 3108
f 3054 3108 3055
f 3055 3108 3109
f 3055 3109 3056
f 3056 3109 3110
f 3056 3110 3057
f 3057 3110 3111
f 3057 3111 3058
f 3058 3111 3112
f 3058 3112 3059
f 3059 3112 3113
f 3059 3113 3060
f 3060 3113 3114
f 3060 3114 3061
f 3061 3114 3115
f 3061 3115 3062
f 3062 3115 3116
f 3062 3116 3063
f 3063 3116 3117
f 3063 3117 3064
f 3064 3117 3118
f 3064 3118 3065
f 3065 3118 3119
f 3065 3119 3066
f 3066 3119 3120
f 3066 3120 3067
f 3067 3120 3121
f 3067 3121 3068
f 3068 3121 3122
f 3068 3122 3069
f 3069 3122 3123
f 3069 3123 3070
f 3070 3123 3124
f 3070 3124 3071
f 3071 3124 3125
f 3071 3125 3072
f 3072 3125 3126
f 3072 3126 3073
f 3073 3126 3127
f 3073 3127 3074
f 3074 3127 3128
f 3074 3128 3075
f 3075 3128 3129
f 3075 3129 3076
f 3076 3129 3130
f 3076 3130 3077
f 3077 3130 3131
f 3077 3131 3078
f 3078 3131 3132
f 3078 3132 3079
f 3079 3132 3133
f 3079 3133 3080
f 3080 3133 3134
f 3080 3134 3081
f 3081 3134 3135
f 3081 3135 3082
f 3082 3135 3136
f 3082 3136 3083
f 3083 3136 3137
f 3083 3137 3084
f 3084 3137 3138
f 3084 3138 3085
f 3085 3138 3139
f 3085 3139 3086
f 3086 3139 3140
f 3086 3140 3087
f 3087 3140 3141
f 3087 3141 3088
f 3088 3141 3142
f 3088 3142 3089
f 3089 3142 3143
f 3089 3143 3090
f 3090 3143 3144
f 3090 3144 3091
f 3091 3144 3145
f 3091 3145 3092
f 3092 3145 3146
f 3092 3146 3093
f 3093 3146 3147
f 3093 3147 3094
f 3094 3147 3148
f 3094 3148 3095
f 3095 3148 3149
f 3095 3149 3096
f 3096 3149 3150
f 3096 3150 3097
f 3097 3150 3151
f 3097 3151 3098
f 3098 3151 3152
f 3098 3152 3099
f 3099 3152 3153
f 3099 3153 3100
f 3100 3153 2717
f 3100 2717 2619
f 2619 2717 2718
f 2619 2718 2617
f 2669 2628 2668
f 2668 2628 3154
f 2668 3154 3102
f 3102 3154 3155
f 3102 3155 3103
f 3103 3155 3156
f 3103 3156 3104
f 3104 3156 3157
f 3104 3157 3105
f 3105 3157 3158
f 3105 3158 3106
f 3106 3158 3159
f 3106 3159 3107
f 3107 3159 3160
f 3107 3160 3108
f 3108 3160 3161
f 3108 3161 3109
f 3109 3161 3162
f 3109 3162 3110
f 3110 3162 3163
f 3110 3163 3111
f 3111 3163 3164
f 3111 3164 3112
f 3112 3164 3165
f 3112 3165 3113
f 3113 3165 3166
f 3113 3166 3114
f 3114 3166 3167
f 3114 3167 3115
f 3115 3167 3168
f 3115 3168 3116
f 3116 3168 3169
f 3116 3169 3117
f 3117 3169 3170
f 3117 3170 3118
f 3118 3170 3171
f 3118 3171 3119
f 3119 3171 3172
f 3119 3172 3120
f 3120 3172 3173
f 3120 3173 3121
f 3121 3173 3174
f 3121 3174 3122
f 3122 3174 3175
f 3122 3175 3123
f 3123 3175 3176
f 3123 3176 3124
f 3124 3176 3177
f 3124 3177 3125
f 3125 3177 3178
f 3125 3178 3126
f 3126 3178 3179
f 3126 3179 3127
f 3127 3179 3180
f 3127 3180 3128
f 3128 3180 3181
f 3128 3181 3129
f 3129 3181 3182
f 3129 3182 3130
f 3130 3182 3183
f 3130 3183 3131
f 3131 3183 3184
f 3131 3184 3132
f 3132 3184 3185
f 3132 3185 3133
f 3133 3185 3186
f 3133 3186 3134
f 3134 3186 3187
f 3134 3187 3135
f 3135 3187 3188
f 3135 3188 3136
f 3136 3188 3189
f 3136 3189 3137
f 3137 3189 3190
f 3137 3190 3138
f 3138 3190 3191
f 3138 3191 3139
f 3139 3191 3192
f 3139 3192 3140
f 3140 3192 3193
f 3140 3193 3141
f 3141 3193 3194
f 3141 3194 3142
f 3142 3194 3195
f 3142 3195 3143
f 3143 3195 3196
f 3143 3196 3144
f 3144 3196 3197
f 3144 3197 3145
f 3145 3197 3198
f 3145 3198 3146
f 3146 3198 3199
f 3146 3199 3147
f 3147 3199 3200
f 3147 3200 3148
f 3148 3200 3201
f 3148 3201 3149
f 3149 3201 3202
f 3149 3202 3150
f 3150 3202 3203
f 3150 3203 3151
f 3151 3203 3204
f 3151 3204 3152
f 3152 3204 3205
f 3152 3205 3153
f 3153 3205 2719
f 3153 2719 2717
f 2717 2719 2721
f 2717 2721 2715
f 2627 2631 2628
f 2628 2631 3206
f 2628 3206 3154
f 3154 3206 3207
f 3154 3207 3155
f 3155 3207 3208
f 3155 3208 3156
f 3156 3208 3209
f 3156 3209 3157
f 3157 3209 3210
f 3157 3210 3158
f 3158 3210 3211
f 3158 3211 3159
f 3159 3211 3212
f 3159 3212 3160
f 3160 3212 3213
f 3160 3213 3161
f 3161 3213 3214
f 3161 3214 3162
f 3162 3214 3215
f 3162 3215 3163
f 3163 3215 3216
f 3163 3216 3164
f 3164 3216 3217
f 3164 3217 3165
f 3165 3217 3218
f 3165 3218 3166
f 3166 3218 3219
f 3166 3219 3167
f 3167 3219 3220
f 3167 3220 3168
f 3168 3220 3221
f 3168 3221 3169
f 3169 3221 3222
f 3169 3222 3170
f 3170 3222 3223
f 3170 3223 3171
f 3171 3223 3224
f 3171 3224 3172
f 3172 3224 3225
f 3172 3225 3173
f 3173 3225 3226
f 3173 3226 3174
f 3174 3226 3227
f 3174 3227 3175
f 3175 3227 3228
f 3175 3228 3176
f 3176 3228 3229
f 3176 3229 3177
f 3177 3229 3230
f 3177 3230 3178
f 3178 3230 3231
f 3178 3231 3179
f 3179 3231 3232
f 3179 3232 3180
f 3180 3232 3233
f 3180 3233 3181
f 3181 3233 3234
f 3181 3234 3182
f 3182 3234 3235
f 3182 3235 3183
f 3183 3235 3236
f 3183 3236 3184
f 3184 3236 3237
f 3184 3237 3185
f 3185 3237 3238
f 3185 3238 3186
f 3186 3238 3239
f 3186 3239 3187
f 3187 3239 3240
f 3187 3240 3188
f 3188 3240 3241
f 3188 3241 3189
f 3189 3241 3242
f 3189 3242 3190
f 3190 3242 3243
f 3190 3243 3191
f 3191 3243 3244
f 3191 3244 3192
f 3192 3244 3245
f 3192 3245 3193
f 3193 3245 3246
f 3193 3246 3194
f 3194 3246 3247
f 3194 3247 3195
f 3195 3247 3248
f 3195 3248 3196
f 3196 3248 3249
f 3196 3249 3197
f 3197 3249 3250
f 3197 3250 3198
f 3198 3250 3251
f 3198 3251 3199
f 3199 3251 3252
f 3199 3252 3200
f 3200 3252 3253
f 3200 3253 3201
f 3201 3253 3254
f 3201 3254 3202
f 3202 3254 3255
f 3202 3255 3203
f 3203 3255 3256
f 3203 3256 3204
f 3204 3256 3257
f 3204 3257 3205
f 3205 3257 3258
f 3205 3258 2719
f 2719 3258 2634
f 2719 2634 2720
f 2720 2634 2636
f 2720 2636 2721
f 2661 2663 2630
f 2630 2663 3259
f 2630 3259 2631
f 2631 3259 3260
f 2631 3260 3206
f 3206 3260 3261
f 3206 3261 3207
f 3207 3261 3262
f 3207 3262 3208
f 3208 3262 3263
f 3208 3263 3209
f 3209 3263 3264
f 3209 3264 3210
f 3210 3264 3265
f 3210 3265 3211
f 3211 3265 3266
f 3211 3266 3212
f 3212 3266 3267
f 3212 3267 3213
f 3213 3267 3268
f 3213 3268 3214
f 3214 3268 3269
f 3214 3269 3215
f 3215 3269 3270
f 3215 3270 3216
f 3216 3270 3271
f 3216 3271 3217
f 3217 3271 3272
f 3217 3272 3218
f 3218 3272 3273
f 3218 3273 3219
f 3219 3273 3274
f 3219 3274 3220
f 3220 3274 3275
f 3220 3275 3221
f 3221 3275 3276
f 3221 3276 3222
f 3222 3276 3277
f 3222 3277 3223
f 3223 3277 3278
f 3223 3278 3224
f 3224 3278 3279
f 3224 3279 3225
f 3225 3279 3280
f 3225 3280 3226
f 3226 3280 3281
f 3226 3281 3227
f 3227 3281 3282
f 3227 3282 3228
f 3228 3282 3283
f 3228 3283 3229
f 3229 3283 3284
f 3229 3284 3230
f 3230 3284 3285
f 3230 3285 3231
f 3231 3285 3286
f 3231 3286 3232
f 3232 3286 3287
f 3232 3287 3233
f 3233 3287 3288
f 3233 3288 3234
f 3234 3288 3289
f 3234 3289 3235
f 3235 3289 3290
f 3235 3290 3236
f 3236 3290 3291
f 3236 3291 3237
f 3237 3291 3292
f 3237 3292 3238
f 3238 3292 3293
f 3238 3293 3239
f 3239 3293 3294
f 3239 3294 3240
f 3240 3294 3295
f 3240 3295 3241
f 3241 3295 3296
f 3241 3296 3242
f 3242 3296 3297
f 3242 3297 3243
f 3243 3297 3298
f 3243 3298 3244
f 3244 3298 3299
f 3244 3299 3245
f 3245 3299 3300
f 3245 3300 3246
f 3246 3300 3301
f 3246 3301 3247
f 3247 3301 3302
f 3247 3302 3248
f 3248 3302 3303
f 3248 3303 3249
f 3249 3303 3304
f 3249 3304 3250
f 3250 3304 3305
f 3250 3305 3251
f 3251 3305 3306
f 3251 3306 3252
f 3252 3306 3307
f 3252 3307 3253
f 3253 3307 3308
f 3253 3308 3254
f 3254 3308 3309
f 3254 3309 3255
f 3255 3309 3310
f 3255 3310 3256
f 3256 3310 3311
f 3256 3311 3257
f 3257 3311 3312
f 3257 3312 3258
f 3258 3312 2638
f 3258 2638 2634
f 2634 2638 2637
f 2634 2637 2632
f 2660 2659 2665
f 2665 2659 3313
f 2665 3313 2663
f 2663 3313 3314
f 2663 3314 3259
f 3259 3314 3315
f 3259 3315 3260
f 3260 3315 3316
f 3260 3316 3261
f 3261 3316 3317
f 3261 3317 3262
f 3262 3317 3318
f 3262 3318 3263
f 3263 3318 3319
f 3263 3319 3264
f 3264 3319 3320
f 3264 3320 3265
f 3265 3320 3321
f 3265 3321 3266
f 3266 3321 3322
f 3266 3322 3267
f 3267 3322 3323
f 3267 3323 3268
f 3268 3323 3324
f 3268 3324 3269
f 3269 3324 3325
f 3269 3325 3270
f 3270 3325 3326
f 3270 3326 3271
f 3271 3326 3327
f 3271 3327 3272
f 3272 3327 3328
f 3272 3328 3273
f 3273 3328 3329
f 3273 3329 3274
f 3274 3329 3330
f 3274 3330 3275
f 3275 3330 3331
f 3275 3331 3276
f 3276 3331 3332
f 3276 3332 3277
f 3277 3332 3333
f 3277 3333 3278
f 3278 3333 3334
f 3278 3334 3279
f 3279 3334 3335
f 3279 3335 3280
f 3280 3335 3336
f 3280 3336 3281
f 3281 3336 3337
f 3281 3337 3282
f 3282 3337 3338
f 3282 3338 3283
f 3283 3338 3339
f 3283 3339 3284
f 3284 3339 3340
f 3284 3340 3285
f 3285 3340 3341
f 3285 3341 3286
f 3286 3341 3342
f 3286 3342 3287
f 3287 3342 3343
f 3287 3343 3288
f 3288 3343 3344
f 3288 3344 3289
f 3289 3344 3345
f 3289 3345 3290
f 3290 3345 3346
f 3290 3346 3291
f 3291 3346 3347
f 3291 3347 3292
f 3292 3347 3348
f 3292 3348 3293
f 3293 3348 3349
f 3293 3349 3294
f 3294 3349 3350
f 3294 3350 3295
f 3295 3350 3351
f 3295 3351 3296
f 3296 3351 3352
f 3296 3352 3297
f 3297 3352 3353
f 3297 3353 3298
f 3298 3353 3354
f 3298 3354 3299
f 3299 3354 3355
f 3299 3355 3300
f 3300 3355 3356
f 3300 3356 3301
f 3301 3356 3357
f 3301 3357 3302
f 3302 3357 3358
f 3302 3358 3303
f 3303 3358 3359
f 3303 3359 3304
f 3304 3359 3360
f 3304 3360 3305
f 3305 3360 3361
f 3305 3361 3306
f 3306 3361 3362
f 3306 3362 3307
f 3307 3362 3363
f 3307 3363 3308
f 3308 3363 3364
f 3308 3364 3309
f 3309 3364 3365
f 3309 3365 3310
f 3310 3365 3366
f 3310 3366 3311
f 3311 3366 3367
f 3311 3367 3312
f 3312 3367 3368
f 3312 3368 2638
f 2638 3368 2643
f 2638 2643 2640
f 2640 2643 2642
f 2640 2642 2641
f 3325 3369 3326
f 3326 3369 3370
f 3326 3370 3327
f 3327 3370 3371
f 3327 3371 3328
f 3328 3371 3372
f 3328 3372 3329
f 3329 3372 3373
f 3329 3373 3330
f 3330 3373 3374
f 3330 3374 3331
f 3331 3374 3375
f 3331 3375 3332
f 3332 3375 3376
f 3332 3376 3333
f 3333 3376 3377
f 3333 3377 3334
f 3334 3377 3378
f 3334 3378 3335
f 3335 3378 3379
f 3335 3379 3336
f 3336 3379 3380
f 3336 3380 3337
f 3337 3380 3381
f 3337 3381 3338
f 3338 3381 3382
f 3338 3382 3339
f 3339 3382 3383
f 3339 3383 3340
f 3340 3383 3384
f 3340 3384 3341
f 3341 3384 3385
f 3341 3385 3342
f 3342 3385 3386
f 3342 3386 3343
f 3343 3386 3387
f 3343 3387 3344
f 3344 3387 3388
f 3344 3388 3345
f 3345 3388 3389
f 3345 3389 3346
f 3346 3389 3390
f 3346 3390 3347
f 3347 3390 3391
f 3347 3391 3348
f 3348 3391 3392
f 3348 3392 3349
f 3349 3392 3393
f 3349 3393 3350
f 3350 3393 3394
f 3350 3394 3351
f 3351 3394 3395
f 3351 3395 3352
f 3352 3395 3396
f 3352 3396 3353
f 3353 3396 3397
f 3353 3397 3354
f 3354 3397 3398
f 3354 3398 3355
f 3355 3398 3399
f 3355 3399 3356
f 3356 3399 3400
f 3356 3400 3357
f 3357 3400 3401
f 3357 3401 3358
f 3358 3401 3402
f 3358 3402 3359
f 3359 3402 3403
f 3359 3403 3360
f 3360 3403 3404
f 3360 3404 3361
f 3361 3404 3405
f 3361 3405 3362
f 3362 3405 3406
f 3362 3406 3363
f 3363 3406 3407
f 3363 3407 3364
f 3364 3407 3408
f 3364 3408 3365
f 3365 3408 3409
f 3365 3409 3366
f 3366 3409 3410
f 3366 3410 3367
f 3367 3410 3411
f 3367 3411 3368
f 3368 3411 3412
f 3368 3412 2643
f 2643 3412 3413
f 2643 3413 2645
f 2645 3413 3414
f 2645 3414 2651
f 2651 3414 3415
f 2651 3415 2650
f 2650 3415 3416
f 2650 3416 2653
f 2653 3416 3417
f 2653 3417 2656
f 2656 3417 3418
f 2656 3418 2659
f 2659 3418 3419
f 2659 3419 3313
f 3313 3419 3420
f 3313 3420 3314
f 3314 3420 3421
f 3314 3421 3315
f 3315 3421 3422
f 3315 3422 3316
f 3316 3422 3423
f 3316 3423 3317
f 3317 3423 3424
f 3317 3424 3318
f 3318 3424 3425
f 3318 3425 3319
f 3319 3425 3426
f 3319 3426 3320
f 3320 3426 3427
f 3320 3427 3321
f 3321 3427 3428
f 3321 3428 3322
f 3322 3428 3429
f 3322 3429 3323
f 3323 3429 3430
f 3323 3430 3324
f 3324 3430 3431
f 3324 3431 3325
f 3325 3431 3369
f 3431 3432 3369
f 3369 3432 3433
f 3369 3433 3370
f 3370 3433 3434
f 3370 3434 3371
f 3371 3434 3435
f 3371 3435 3372
f 3372 3435 3436
f 3372 3436 3373
f 3373 3436 3437
f 3373 3437 3374
f 3374 3437 3438
f 3374 3438 3375
f 3375 3438 3439
f 3375 3439 3376
f 3376 3439 3440
f 3376 3440 3377
f 3377 3440 3441
f 3377 3441 3378
f 3378 3441 3442
f 3378 3442 3379
f 3379 3442 3443
f 3379 3443 3380
f 3380 3443 3444
f 3380 3444 3381
f 3381 3444 3445
f 3381 3445 3382
f 3382 3445 3446
f 3382 3446 3383
f 3383 3446 3447
f 3383 3447 3384
f 3384 3447 3448
f 3384 3448 3385
f 3385 3448 3449
f 3385 3449 3386
f 3386 3449 3450
f 3386 3450 3387
f 3387 3450 3451
f 3387 3451 3388
f 3388 3451 3452
f 3388 3452 3389
f 3389 3452 3453
f 3389 3453 3390
f 3390 3453 3454
f 3390 3454 3391
f 3391 3454 3455
f 3391 3455 3392
f 3392 3455 3456
f 3392 3456 3393
f 3393 3456 3457
f 3393 3457 3394
f 3394 3457 3458
f 3394 3458 3395
f 3395 3458 3459
f 3395 3459 3396
f 3396 3459 3460
f 3396 3460 3397
f 3397 3460 3461
f 3397 3461 3398
f 3398 3461 3462
f 3398 3462 3399
f 3399 3462 3463
f 3399 3463 3400
f 3400 3463 3464
f 3400 3464 3401
f 3401 3464 3465
f 3401 3465 3402
f 3402 3465 3466
f 3402 3466 3403
f 3403 3466 3467
f 3403 3467 3404
f 3404 3467 3468
f 3404 3468 3405
f 3405 3468 3469
f 3405 3469 3406
f 3406 3469 3470
f 3406 3470 3407
f 3407 3470 3471
f 3407 3471 3408
f 3408 3471 3472
f 3408 3472 3409
f 3409 3472 3473
f 3409 3473 3410
f 3410 3473 3474
f 3410 3474 3411
f 3411 3474 3475
f 3411 3475 3412
f 3412 3475 3476
f 3412 3476 3413
f 3413 3476 3477
f 3413 3477 3414
f 3414 3477 3478
f 3414 3478 3415
f 3415 3478 3479
f 3415 3479 3416
f 3416 3479 3480
f 3416 3480 3417
f 3417 3480 3481
f 3417 3481 3418
f 3418 3481 3482
f 3418 3482 3419
f 3419 3482 3483
f 3419 3483 3420
f 3420 3483 3484
f 3420 3484 3421
f 3421 3484 3485
f 3421 3485 3422
f 3422 3485 3486
f 3422 3486 3423
f 3423 3486 3487
f 3423 3487 3424
f 3424 3487 3488
f 3424 3488 3425
f 3425 3488 3489
f 3425 3489 3426
f 3426 3489 3490
f 3426 3490 3427
f 3427 3490 3491
f 3427 3491 3428
f 3428 3491 3492
f 3428 3492 3429
f 3429 3492 3493
f 3429 3493 3430
f 3430 3493 3494
f 3430 3494 3431
f 3431 3494 3432
f 3494 3495 3432
f 3432 3495 3496
f 3432 3496 3433
f 3433 3496 3497
f 3433 3497 3434
f 3434 3497 3498
f 3434 3498 3435
f 3435 3498 3499
f 3435 3499 3436
f 3436 3499 3500
f 3436 3500 3437
f 3437 3500 3501
f 3437 3501 3438
f 3438 3501 3502
f 3438 3502 3439
f 3439 3502 3503
f 3439 3503 3440
f 3440 3503 3504
f 3440 3504 3441
f 3441 3504 3505
f 3441 3505 3442
f 3442 3505 3506
f 3442 3506 3443
f 3443 3506 3507
f 3443 3507 3444
f 3444 3507 3508
f 3444 3508 3445
f 3445 3508 3509
f 3445 3509 3446
f 3446 3509 3510
f 3446 3510 3447
f 3447 3510 3511
f 3447 3511 3448
f 3448 3511 3512
f 3448 3512 3449
f 3449 3512 3513
f 3449 3513 3450
f 3450 3513 3514
f 3450 3514 3451
f 3451 3514 3515
f 3451 3515 3452
f 3452 3515 3516
f 3452 3516 3453
f 3453 3516 3517
f 3453 3517 3454
f 3454 3517 3518
f 3454 3518 3455
f 3455 3518 3519
f 3455 3519 3456
f 3456 3519 3520
f 3456 3520 3457
f 3457 3520 3521
f 3457 3521 3458
f 3458 3521 3522
f 3458 3522 3459
f 3459 3522 3523
f 3459 3523 3460
f 3460 3523 3524
f 3460 3524 3461
f 3461 3524 3525
f 3461 3525 3462
f 3462 3525 3526
f 3462 3526 3463
f 3463 3526 3527
f 3463 3527 3464
f 3464 3527 3528
f 3464 3528 3465
f 3465 3528 3529
f 3465 3529 3466
f 3466 3529 3530
f 3466 3530 3467
f 3467 3530 3531
f 3467 3531 3468
f 3468 3531 3532
f 3468 3532 3469
f 3469 3532 3533
f 3469 3533 3470
f 3470 3533 3534
f 3470 3534 3471
f 3471 3534 3535
f 3471 3535 3472
f 3472 3535 3536
f 3472 3536 3473
f 3473 3536 3537
f 3473 3537 3474
f 3474 3537 3538
f 3474 3538 3475
f 3475 3538 3539
f 3475 3539 3476
f 3476 3539 3540
f 3476 3540 3477
f 3477 3540 3541
f 3477 3541 3478
f 3478 3541 3542
f 3478 3542 3479
f 3479 3542 3543
f 3479 3543 3480
f 3480 3543 3544
f 3480 3544 3481
f 3481 3544 3545
f 3481 3545 3482
f 3482 3545 3546
f 3482 3546 3483
f 3483 3546 3547
f 3483 3547 3484
f 3484 3547 3548
f 3484 3548 3485
f 3485 3548 3549
f 3485 3549 3486
f 3486 3549 3550
f 3486 3550 3487
f 3487 3550 3551
f 3487 3551 3488
f 3488 3551 3552
f 3488 3552 3489
f 3489 3552 3553
f 3489 3553 3490
f 3490 3553 3554
f 3490 3554 3491
f 3491 3554 3555
f 3491 3555 3492
f 3492 3555 3556
f 3492 3556 3493
f 3493 3556 3557
f 3493 3557 3494
f 3494 3557 3495
f 3557 3558 3495
f 3495 3558 3559
f 3495 3559 3496
f 3496 3559 3560
f 3496 3560 3497
f 3497 3560 3561
f 3497 3561 3498
f 3498 3561 3562
f 3498 3562 3499
f 3499 3562 3563
f 3499 3563 3500
f 3500 3563 3564
f 3500 3564 3501
f 3501 3564 3565
f 3501 3565 3502
f 3502 3565 3566
f 3502 3566 3503
f 3503 3566 3567
f 3503 3567 3504
f 3504 3567 3568
f 3504 3568 3505
f 3505 3568 3569
f 3505 3569 3506
f 3506 3569 3570
f 3506 3570 3507
f 3507 3570 3571
f 3507 3571 3508
f 3508 3571 3572
f 3508 3572 3509
f 3509 3572 3573
f 3509 3573 3510
f 3510 3573 3574
f 3510 3574 3511
f 3511 3574 3575
f 3511 3575 3512
f 3512 3575 3576
f 3512 3576 3513
f 3513 3576 3577
f 3513 3577 3514
f 3514 3577 3578
f 3514 3578 3515
f 3515 3578 3579
f 3515 3579 3516
f 3516 3579 3580
f 3516 3580 3517
f 3517 3580 3581
f 3517 3581 3518
f 3518 3581 3582
f 3518 3582 3519
f 3519 3582 3583
f 3519 3583 3520
f 3520 3583 3584
f 3520 3584 3521
f 3521 3584 3585
f 3521 3585 3522
f 3522 3585 3586
f 3522 3586 3523
f 3523 3586 3587
f 3523 3587 3524
f 3524 3587 3588
f 3524 3588 3525
f 3525 3588 3589
f 3525 3589 3526
f 3526 3589 3590
f 3526 3590 3527
f 3527 3590 3591
f 3527 3591 3528
f 3528 3591 3592
f 3528 3592 3529
f 3529 3592 3593
f 3529 3593 3530
f 3530 3593 3594
f 3530 3594 3531
f 3531 3594 3595
f 3531 3595 3532
f 3532 3595 3596
f 3532 3596 3533
f 3533 3596 3597
f 3533 3597 3534
f 3534 3597 3598
f 3534 3598 3535
f 3535 3598 3599
f 3535 3599 3536
f 3536 3599 3600
f 3536 3600 3537
f 3537 3600 3601
f 3537 3601 3538
f 3538 3601 3602
f 3538 3602 3539
f 3539 3602 3603
f 3539 3603 3540
f 3540 3603 3604
f 3540 3604 3541
f 3541 3604 3605
f 3541 3605 3542
f 3542 3605 3606
f 3542 3606 3543
f 3543 3606 3607
f 3543 3607 3544
f 3544 3607 3608
f 3544 3608 3545
f 3545 3608 3609
f 3545 3609 3546
f 3546 3609 3610
f 3546 3610 3547
f 3547 3610 3611
f 3547 3611 3548
f 3548 3611 3612
f 3548 3612 3549
f 3549 3612 3613
f 3549 3613 3550
f 3550 3613 3614
f 3550 3614 3551
f 3551 3614 3615
f 3551 3615 3552
f 3552 3615 3616
f 3552 3616 3553
f 3553 3616 3617
f 3553 3617 3554
f 3554 3617 3618
f 3554 3618 3555
f 3555 3618 3619
f 3555 3619 3556
f 3556 3619 3620
f 3556 3620 3557
f 3557 3620 3558
f 3620 2554 3558
f 3558 2554 2553
f 3558 2553 3559
f 3559 2553 2556
f 3559 2556 3560
f 3560 2556 2557
f 3560 2557 3561
f 3561 2557 2558
f 3561 2558 3562
f 3562 2558 2559
f 3562 2559 3563
f 3563 2559 2560
f 3563 2560 3564
f 3564 2560 2561
f 3564 2561 3565
f 3565 2561 2562
f 3565 2562 3566
f 3566 2562 2563
f 3566 2563 3567
f 3567 2563 2564
f 3567 2564 3568
f 3568 2564 2565
f 3568 2565 3569
f 3569 2565 2566
f 3569 2566 3570
f 3570 2566 2567
f 3570 2567 3571
f 3571 2567 2568
f 3571 2568 3572
f 3572 2568 2569
f 3572 2569 3573
f 3573 2569 2570
f 3573 2570 3574
f 3574 2570 2571
f 3574 2571 3575
f 3575 2571 2572
f 3575 2572 3576
f 3576 2572 2573
f 3576 2573 3577
f 3577 2573 2574
f 3577 2574 3578
f 3578 2574 2575
f 3578 2575 3579
f 3579 2575 2576
f 3579 2576 3580
f 3580 2576 2577
f 3580 2577 3581
f 3581 2577 2578
f 3581 2578 3582
f 3582 2578 2579
f 3582 2579 3583
f 3583 2579 2580
f 3583 2580 3584
f 3584 2580 2581
f 3584 2581 3585
f 3585 2581 2582
f 3585 2582 3586
f 3586 2582 2583
f 3586 2583 3587
f 3587 2583 2584
f 3587 2584 3588
f 3588 2584 2585
f 3588 2585 3589
f 3589 2585 2586
f 3589 2586 3590
f 3590 2586 2587
f 3590 2587 3591
f 3591 2587 2588
f 3591 2588 3592
f 3592 2588 2589
f 3592 2589 3593
f 3593 2589 2590
f 3593 2590 3594
f 3594 2590 2591
f 3594 2591 3595
f 3595 2591 2592
f 3595 2592 3596
f 3596 2592 2593
f 3596 2593 3597
f 3597 2593 2594
f 3597 2594 3598
f 3598 2594 2595
f 3598 2595 3599
f 3599 2595 2596
f 3599 2596 3600
f 3600 2596 2597
f 3600 2597 3601
f 3601 2597 2598
f 3601 2598 3602
f 3602 2598 2599
f 3602 2599 3603
f 3603 2599 2600
f 3603 2600 3604
f 3604 2600 2601
f 3604 2601 3605
f 3605 2601 2602
f 3605 2602 3606
f 3606 2602 2603
f 3606 2603 3607
f 3607 2603 2604
f 3607 2604 3608
f 3608 2604 2605
f 3608 2605 3609
f 3609 2605 2606
f 3609 2606 3610
f 3610 2606 2607
f 3610 2607 3611
f 3611 2607 2608
f 3611 2608 3612
f 3612 2608 2609
f 3612 2609 3613
f 3613 2609 2610
f 3613 2610 3614
f 3614 2610 2611
f 3614 2611 3615
f 3615 2611 2612
f 3615 2612 3616
f 3616 2612 2613
f 3616 2613 3617
f 3617 2613 2614
f 3617 2614 3618
f 3618 2614 2615
f 3618 2615 3619
f 3619 2615 2616
f 3619 2616 3620
f 3620 2616 2554
f 3621 3622 3623
f 3623 3622 3624
f 3623 3624 3625
f 3625 3624 3626
f 3627 3628 3629
f 3628 3630 3629
f 3629 3630 3631
f 3629 3631 3624
f 3624 3631 3632
f 3624 3632 3626
f 3633 2856 3634
f 3634 2856 2854
f 3635 3636 2856
f 3635 2856 3637
f 3633 3638 2856
f 2856 3638 3639
f 2856 3639 3637
f 3640 3641 3642
f 3642 3643 3640
f 3640 3643 3644
f 3640 3644 3645
f 3645 3646 3640
f 3640 3646 3647
f 3640 3647 3629
f 3629 3647 3648
f 3629 3648 3627
f 2854 2853 3634
f 3634 2853 2851
f 3634 2851 3649
f 3649 2851 3650
f 3651 3652 2845
f 2845 3652 3653
f 2845 3653 2846
f 2846 3653 3654
f 2846 3654 2848
f 2848 3654 3655
f 3655 3656 2848
f 2848 3656 3657
f 2848 3657 2850
f 2850 3657 3658
f 2850 3658 2851
f 2851 3658 3659
f 2851 3659 3650
f 3660 3661 2840
f 2840 3661 3662
f 2840 3662 3663
f 3663 3664 2840
f 2840 3664 3665
f 2840 3665 2842
f 2842 3665 3651
f 2842 3651 2843
f 2843 3651 2845
f 3666 3667 3668
f 3668 3669 3666
f 3666 3669 3670
f 3666 3670 3671
f 3672 3673 3666
f 3672 3666 3674
f 3671 3675 3666
f 3666 3675 3676
f 3666 3676 3674
f 3677 3678 2837
f 3677 2837 3679
f 3678 3680 2837
f 2837 3680 3681
f 2837 3681 3682
f 3682 3683 2837
f 2837 3683 3684
f 2837 3684 3685
f 3660 2840 3685
f 3685 2840 2839
f 3685 2839 2837
f 3621 3686 3622
f 3622 3686 3687
f 3622 3687 3667
f 3687 3688 3667
f 3667 3688 3689
f 3667 3689 3690
f 3690 3691 3667
f 3667 3691 3692
f 3667 3692 3668
f 3693 2801 3694
f 3694 2801 2799
f 3694 2799 3695
f 3695 2799 2797
f 3695 2797 2796
f 2791 3696 2793
f 2793 3696 3695
f 2793 3695 2794
f 2794 3695 2796
f 2791 2789 3696
f 3696 2789 2788
f 3696 2788 3697
f 2788 2786 3697
f 3697 2786 2785
f 3697 2785 3698
f 2785 2783 3698
f 3698 2783 2782
f 3698 2782 3699
f 3699 2782 2780
f 3699 2780 3700
f 3700 2780 2778
f 3700 2778 2777
f 2772 3701 2774
f 2774 3701 3700
f 2774 3700 2775
f 2775 3700 2777
f 2772 2770 3701
f 3701 2770 2769
f 3701 2769 3702
f 2769 2767 3702
f 3702 2767 2766
f 3702 2766 3703
f 2766 2765 3703
f 3703 2765 2764
f 3703 2764 3704
f 3704 2764 2763
f 3704 2763 3705
f 3705 2763 2695
f 3705 2695 2698
f 2759 3706 2758
f 2758 3706 3705
f 2758 3705 2757
f 2757 3705 2698
f 2759 2760 3706
f 3706 2760 2761
f 3706 2761 3707
f 2761 2753 3707
f 3707 2753 2752
f 3707 2752 3708
f 2752 2750 3708
f 3708 2750 2749
f 3708 2749 3709
f 3709 2749 2747
f 3709 2747 3710
f 3710 2747 2745
f 3710 2745 2744
f 2739 3711 2741
f 2741 3711 3710
f 2741 3710 2742
f 2742 3710 2744
f 2739 2737 3711
f 3711 2737 2736
f 3711 2736 3712
f 2736 2734 3712
f 3712 2734 2733
f 3712 2733 3713
f 2733 2731 3713
f 3713 2731 2730
f 3713 2730 3714
f 3714 2730 2728
f 3714 2728 3715
f 3715 2728 2726
f 2726 2725 3715
f 3715 2725 2722
f 3715 2722 3716
f 3716 2722 2887
f 3716 2887 3717
f 3717 2887 2886
f 2886 2884 3717
f 3717 2884 2883
f 3717 2883 3718
f 2883 2881 3718
f 3718 2881 2880
f 3718 2880 3719
f 2880 2878 3719
f 3719 2878 2877
f 3719 2877 3720
f 3720 2877 2875
f 3720 2875 3721
f 3721 2875 2873
f 3721 2873 2872
f 2867 3722 2869
f 2869 3722 3721
f 2869 3721 2870
f 2870 3721 2872
f 2867 2865 3722
f 3722 2865 2864
f 3722 2864 3723
f 2864 2862 3723
f 3723 2862 2861
f 3723 2861 3724
f 3636 3641 2856
f 2856 3641 3640
f 2856 3640 2858
f 2858 3640 3724
f 2858 3724 2859
f 2859 3724 2861
f 3673 3679 3666
f 3666 3679 2837
f 3666 2837 3725
f 3725 2837 2835
f 3725 2835 2834
f 2829 3726 2831
f 2831 3726 3725
f 2831 3725 2832
f 2832 3725 2834
f 2829 2827 3726
f 3726 2827 2826
f 3726 2826 3727
f 2826 2824 3727
f 3727 2824 2823
f 3727 2823 3728
f 2823 2821 3728
f 3728 2821 2820
f 3728 2820 3729
f 3729 2820 2818
f 3729 2818 3730
f 3730 2818 2816
f 3730 2816 2815
f 2810 3731 2812
f 2812 3731 3730
f 2812 3730 2813
f 2813 3730 2815
f 2810 2808 3731
f 3731 2808 2807
f 3731 2807 3732
f 2807 2805 3732
f 3732 2805 2804
f 3732 2804 3693
f 3693 2804 2802
f 3693 2802 2801
f 3716 3717 3733
f 3713 3714 3733
f 3733 3714 3715
f 3733 3715 3716
f 3710 3711 3733
f 3733 3711 3712
f 3733 3712 3713
f 3707 3708 3733
f 3733 3708 3709
f 3733 3709 3710
f 3704 3705 3733
f 3733 3705 3706
f 3733 3706 3707
f 3701 3702 3733
f 3733 3702 3703
f 3733 3703 3704
f 3698 3699 3733
f 3733 3699 3700
f 3733 3700 3701
f 3695 3696 3733
f 3733 3696 3697
f 3733 3697 3698
f 3732 3693 3733
f 3733 3693 3694
f 3733 3694 3695
f 3729 3730 3733
f 3733 3730 3731
f 3733 3731 3732
f 3726 3727 3733
f 3733 3727 3728
f 3733 3728 3729
f 3667 3666 3733
f 3733 3666 3725
f 3733 3725 3726
f 3629 3624 3733
f 3733 3624 3622
f 3733 3622 3667
f 3723 3724 3733
f 3733 3724 3640
f 3733 3640 3629
f 3720 3721 3733
f 3733 3721 3722
f 3733 3722 3723
f 3717 3718 3733
f 3733 3718 3719
f 3733 3719 3720
f 3734 3735 3736
f 3736 3735 3737
f 3736 3737 3738
f 3739 3740 3741
f 3741 3740 3742
f 3743 3744 3745
f 3738 3737 3746
f 3746 3737 3747
f 3746 3747 3748
f 3748 3747 3749
f 3748 3749 3750
f 3750 3749 3751
f 3750 3751 3752
f 3752 3751 3753
f 3752 3753 3754
f 3754 3753 3755
f 3754 3755 3756
f 3756 3755 3757
f 3756 3757 3758
f 3758 3757 3759
f 3758 3759 3760
f 3760 3759 3761
f 3760 3761 3762
f 3762 3761 3763
f 3762 3763 3764
f 3764 3763 3765
f 3764 3765 3766
f 3766 3765 3767
f 3766 3767 3768
f 3768 3767 3769
f 3768 3769 3770
f 3770 3769 3771
f 3770 3771 3772
f 3772 3771 3773
f 3772 3773 3774
f 3745 3744 3775
f 3775 3744 3776
f 3775 3776 3777
f 3777 3776 3778
f 3777 3778 3779
f 3779 3778 3780
f 3779 3780 3781
f 3781 3780 3782
f 3781 3782 3783
f 3783 3782 3784
f 3783 3784 3785
f 3785 3784 3786
f 3785 3786 3787
f 3787 3786 3788
f 3787 3788 3789
f 3789 3788 3790
f 3789 3790 3791
f 3791 3790 3792
f 3791 3792 3793
f 3793 3792 3794
f 3793 3794 3795
f 3795 3794 3796
f 3795 3796 3797
f 3797 3796 3798
f 3797 3798 3799
f 3799 3798 3800
f 3799 3800 3742
f 3742 3800 3801
f 3742 3801 3741
f 3773 3802 3774
f 3774 3802 3803
f 3774 3803 3804
f 3804 3803 3805
f 3804 3805 3806
f 3806 3805 3807
f 3806 3807 3808
f 3808 3807 3809
f 3808 3809 3810
f 3810 3809 3811
f 3810 3811 3812
f 3812 3811 3813
f 3812 3813 3814
f 3814 3813 3815
f 3814 3815 3816
f 3816 3815 3817
f 3816 3817 3818
f 3818 3817 3819
f 3818 3819 3820
f 3820 3819 3821
f 3820 3821 3822
f 3822 3821 3823
f 3822 3823 3824
f 3824 3823 3825
f 3824 3825 3826
f 3826 3825 3827
f 3826 3827 3828
f 3828 3827 3829
f 3828 3829 3830
f 3830 3829 3831
f 3830 3831 3739
f 3739 3831 3832
f 3739 3832 3740
f 3745 3833 3743
f 3743 3833 3834
f 3743 3834 3835
f 3835 3834 3836
f 3835 3836 3837
f 3837 3836 3838
f 3837 3838 3839
f 3839 3838 3840
f 3839 3840 3841
f 3841 3840 3842
f 3841 3842 3843
f 3843 3842 3844
f 3843 3844 3845
f 3845 3844 3846
f 3845 3846 3847
f 3847 3846 3848
f 3847 3848 3849
f 3849 3848 3850
f 3849 3850 3851
f 3851 3850 3852
f 3851 3852 3853
f 3853 3852 3854
f 3853 3854 3855
f 3855 3854 3856
f 3855 3856 3857
f 3857 3856 3858
f 3857 3858 3859
f 3859 3858 3860
f 3859 3860 3861
f 3861 3860 3862
f 3861 3862 3734
f 3734 3862 3863
f 3734 3863 3735
f 3688 3741 3689
f 3689 3741 3801
f 3689 3801 3690
f 3690 3801 3691
f 3691 3801 3800
f 3691 3800 3692
f 3692 3800 3798
f 3692 3798 3668
f 3668 3798 3796
f 3668 3796 3669
f 3796 3794 3669
f 3669 3794 3792
f 3669 3792 3670
f 3792 3790 3670
f 3670 3790 3788
f 3670 3788 3671
f 3671 3788 3786
f 3671 3786 3675
f 3675 3786 3784
f 3675 3784 3676
f 3676 3784 3782
f 3676 3782 3674
f 3674 3782 3780
f 3674 3780 3672
f 3672 3780 3778
f 3672 3778 3673
f 3673 3778 3776
f 3673 3776 3679
f 3679 3776 3744
f 3679 3744 3677
f 3677 3744 3743
f 3677 3743 3678
f 3678 3743 3835
f 3678 3835 3680
f 3680 3835 3837
f 3680 3837 3681
f 3681 3837 3839
f 3681 3839 3682
f 3682 3839 3841
f 3682 3841 3683
f 3841 3843 3683
f 3683 3843 3845
f 3683 3845 3684
f 3845 3847 3684
f 3684 3847 3849
f 3684 3849 3685
f 3685 3849 3851
f 3685 3851 3660
f 3660 3851 3853
f 3660 3853 3661
f 3661 3853 3855
f 3661 3855 3662
f 3662 3855 3857
f 3662 3857 3663
f 3663 3857 3859
f 3652 3651 3861
f 3861 3651 3665
f 3861 3665 3859
f 3859 3665 3664
f 3859 3664 3663
f 3652 3861 3653
f 3653 3861 3734
f 3653 3734 3654
f 3654 3734 3736
f 3654 3736 3655
f 3655 3736 3656
f 3656 3736 3738
f 3656 3738 3657
f 3657 3738 3658
f 3658 3738 3746
f 3658 3746 3659
f 3746 3748 3659
f 3659 3748 3750
f 3659 3750 3650
f 3750 3752 3650
f 3650 3752 3754
f 3650 3754 3649
f 3649 3754 3756
f 3649 3756 3634
f 3634 3756 3758
f 3634 3758 3633
f 3633 3758 3760
f 3633 3760 3638
f 3638 3760 3762
f 3638 3762 3639
f 3639 3762 3764
f 3639 3764 3637
f 3637 3764 3766
f 3637 3766 3635
f 3635 3766 3768
f 3635 3768 3636
f 3636 3768 3770
f 3636 3770 3641
f 3641 3770 3772
f 3641 3772 3642
f 3642 3772 3774
f 3642 3774 3643
f 3643 3774 3804
f 3643 3804 3644
f 3644 3804 3806
f 3644 3806 3645
f 3645 3806 3808
f 3645 3808 3646
f 3646 3808 3810
f 3646 3810 3647
f 3647 3810 3812
f 3647 3812 3648
f 3648 3812 3814
f 3648 3814 3627
f 3814 3816 3627
f 3627 3816 3818
f 3627 3818 3628
f 3828 3830 3625
f 3818 3820 3628
f 3628 3820 3822
f 3628 3822 3630
f 3630 3822 3824
f 3630 3824 3631
f 3631 3824 3826
f 3631 3826 3632
f 3632 3826 3828
f 3632 3828 3626
f 3626 3828 3625
f 3688 3687 3741
f 3741 3687 3686
f 3741 3686 3739
f 3739 3686 3621
f 3739 3621 3830
f 3830 3621 3623
f 3830 3623 3625
f 3815 3813 3864
f 3797 3799 3865
f 3793 3795 3866
f 3781 3783 3867
f 3777 3779 3868
f 3745 3775 3869
f 3834 3833 3870
f 3838 3836 3871
f 3842 3840 3872
f 3846 3844 3873
f 3874 3875 3876
f 3877 3878 3879
f 3879 3878 3876
f 3880 3877 3881
f 3881 3877 3879
f 3881 3879 3882
f 3882 3879 3876
f 3875 3874 3883
f 3883 3874 3884
f 3883 3884 3885
f 3886 3876 3875
f 3887 3880 3888
f 3888 3880 3881
f 3888 3881 3889
f 3889 3881 3882
f 3889 3882 3890
f 3890 3882 3876
f 3886 3875 3891
f 3891 3875 3883
f 3891 3883 3892
f 3892 3883 3885
f 3892 3885 3893
f 3894 3876 3886
f 3895 3887 3896
f 3896 3887 3888
f 3896 3888 3897
f 3897 3888 3889
f 3897 3889 3898
f 3898 3889 3890
f 3898 3890 3899
f 3899 3890 3876
f 3894 3886 3900
f 3900 3886 3891
f 3900 3891 3901
f 3901 3891 3892
f 3901 3892 3902
f 3902 3892 3893
f 3902 3893 3903
f 3904 3876 3894
f 3905 3895 3906
f 3906 3895 3896
f 3906 3896 3907
f 3907 3896 3897
f 3907 3897 3908
f 3908 3897 3898
f 3908 3898 3909
f 3909 3898 3899
f 3909 3899 3910
f 3910 3899 3876
f 3904 3894 3911
f 3911 3894 3900
f 3911 3900 3912
f 3912 3900 3901
f 3912 3901 3913
f 3913 3901 3902
f 3913 3902 3914
f 3914 3902 3903
f 3914 3903 3915
f 3916 3876 3904
f 3917 3905 3918
f 3918 3905 3906
f 3918 3906 3919
f 3919 3906 3907
f 3919 3907 3920
f 3920 3907 3908
f 3920 3908 3921
f 3921 3908 3909
f 3921 3909 3922
f 3922 3909 3910
f 3922 3910 3923
f 3923 3910 3876
f 3916 3904 3924
f 3924 3904 3911
f 3924 3911 3925
f 3925 3911 3912
f 3925 3912 3926
f 3926 3912 3913
f 3926 3913 3927
f 3927 3913 3914
f 3927 3914 3928
f 3928 3914 3915
f 3928 3915 3929
f 3930 3876 3916
f 3931 3917 3932
f 3932 3917 3918
f 3932 3918 3933
f 3933 3918 3919
f 3933 3919 3934
f 3934 3919 3920
f 3934 3920 3935
f 3935 3920 3921
f 3935 3921 3936
f 3936 3921 3922
f 3936 3922 3937
f 3937 3922 3923
f 3937 3923 3938
f 3938 3923 3876
f 3930 3916 3939
f 3939 3916 3924
f 3939 3924 3940
f 3940 3924 3925
f 3940 3925 3941
f 3941 3925 3926
f 3941 3926 3942
f 3942 3926 3927
f 3942 3927 3943
f 3943 3927 3928
f 3943 3928 3944
f 3944 3928 3929
f 3944 3929 3945
f 3946 3876 3930
f 3947 3931 3948
f 3948 3931 3932
f 3948 3932 3949
f 3949 3932 3933
f 3949 3933 3950
f 3950 3933 3934
f 3950 3934 3951
f 3951 3934 3935
f 3951 3935 3952
f 3952 3935 3936
f 3952 3936 3953
f 3953 3936 3937
f 3953 3937 3954
f 3954 3937 3938
f 3954 3938 3955
f 3955 3938 3876
f 3946 3930 3956
f 3956 3930 3939
f 3956 3939 3957
f 3957 3939 3940
f 3957 3940 3958
f 3958 3940 3941
f 3958 3941 3959
f 3959 3941 3942
f 3959 3942 3960
f 3960 3942 3943
f 3960 3943 3961
f 3961 3943 3944
f 3961 3944 3962
f 3962 3944 3945
f 3962 3945 3963
f 3964 3876 3946
f 3965 3947 3966
f 3966 3947 3948
f 3966 3948 3967
f 3967 3948 3949
f 3967 3949 3968
f 3968 3949 3950
f 3968 3950 3969
f 3969 3950 3951
f 3969 3951 3970
f 3970 3951 3952
f 3970 3952 3971
f 3971 3952 3953
f 3971 3953 3972
f 3972 3953 3954
f 3972 3954 3973
f 3973 3954 3955
f 3973 3955 3974
f 3974 3955 3876
f 3964 3946 3975
f 3975 3946 3956
f 3975 3956 3976
f 3976 3956 3957
f 3976 3957 3977
f 3977 3957 3958
f 3977 3958 3978
f 3978 3958 3959
f 3978 3959 3979
f 3979 3959 3960
f 3979 3960 3980
f 3980 3960 3961
f 3980 3961 3981
f 3981 3961 3962
f 3981 3962 3982
f 3982 3962 3963
f 3982 3963 3983
f 3984 3876 3964
f 3985 3965 3986
f 3986 3965 3966
f 3986 3966 3987
f 3987 3966 3967
f 3987 3967 3988
f 3988 3967 3968
f 3988 3968 3989
f 3989 3968 3969
f 3989 3969 3990
f 3990 3969 3970
f 3990 3970 3991
f 3991 3970 3971
f 3991 3971 3992
f 3992 3971 3972
f 3992 3972 3993
f 3993 3972 3973
f 3993 3973 3994
f 3994 3973 3974
f 3994 3974 3995
f 3995 3974 3876
f 3984 3964 3996
f 3996 3964 3975
f 3996 3975 3997
f 3997 3975 3976
f 3997 3976 3998
f 3998 3976 3977
f 3998 3977 3999
f 3999 3977 3978
f 3999 3978 4000
f 4000 3978 3979
f 4000 3979 4001
f 4001 3979 3980
f 4001 3980 4002
f 4002 3980 3981
f 4002 3981 4003
f 4003 3981 3982
f 4003 3982 4004
f 4004 3982 3983
f 4004 3983 4005
f 4006 3876 3984
f 4007 3985 4008
f 4008 3985 3986
f 4008 3986 4009
f 4009 3986 3987
f 4009 3987 4010
f 4010 3987 3988
f 4010 3988 4011
f 4011 3988 3989
f 4011 3989 4012
f 4012 3989 3990
f 4012 3990 4013
f 4013 3990 3991
f 4013 3991 4014
f 4014 3991 3992
f 4014 3992 4015
f 4015 3992 3993
f 4015 3993 4016
f 4016 3993 3994
f 4016 3994 4017
f 4017 3994 3995
f 4017 3995 4018
f 4018 3995 3876
f 4006 3984 4019
f 4019 3984 3996
f 4019 3996 4020
f 4020 3996 3997
f 4020 3997 4021
f 4021 3997 3998
f 4021 3998 4022
f 4022 3998 3999
f 4022 3999 4023
f 4023 3999 4000
f 4023 4000 4024
f 4024 4000 4001
f 4024 4001 4025
f 4025 4001 4002
f 4025 4002 4026
f 4026 4002 4003
f 4026 4003 4027
f 4027 4003 4004
f 4027 4004 4028
f 4028 4004 4005
f 4028 4005 4029
f 4030 3876 4006
f 4031 4007 4032
f 4032 4007 4008
f 4032 4008 4033
f 4033 4008 4009
f 4033 4009 4034
f 4034 4009 4010
f 4034 4010 4035
f 4035 4010 4011
f 4035 4011 4036
f 4036 4011 4012
f 4036 4012 4037
f 4037 4012 4013
f 4037 4013 4038
f 4038 4013 4014
f 4038 4014 4039
f 4039 4014 4015
f 4039 4015 4040
f 4040 4015 4016
f 4040 4016 4041
f 4041 4016 4017
f 4041 4017 4042
f 4042 4017 4018
f 4042 4018 4043
f 4043 4018 3876
f 4030 4006 4044
f 4044 4006 4019
f 4044 4019 4045
f 4045 4019 4020
f 4045 4020 4046
f 4046 4020 4021
f 4046 4021 4047
f 4047 4021 4022
f 4047 4022 4048
f 4048 4022 4023
f 4048 4023 4049
f 4049 4023 4024
f 4049 4024 4050
f 4050 4024 4025
f 4050 4025 4051
f 4051 4025 4026
f 4051 4026 4052
f 4052 4026 4027
f 4052 4027 4053
f 4053 4027 4028
f 4053 4028 4054
f 4054 4028 4029
f 4054 4029 4055
f 4056 3876 4030
f 4057 4031 4058
f 4058 4031 4032
f 4058 4032 4059
f 4059 4032 4033
f 4059 4033 4060
f 4060 4033 4034
f 4060 4034 4061
f 4061 4034 4035
f 4061 4035 4062
f 4062 4035 4036
f 4062 4036 4063
f 4063 4036 4037
f 4063 4037 4064
f 4064 4037 4038
f 4064 4038 4065
f 4065 4038 4039
f 4065 4039 4066
f 4066 4039 4040
f 4066 4040 4067
f 4067 4040 4041
f 4067 4041 4068
f 4068 4041 4042
f 4068 4042 4069
f 4069 4042 4043
f 4069 4043 4070
f 4070 4043 3876
f 4056 4030 4071
f 4071 4030 4044
f 4071 4044 4072
f 4072 4044 4045
f 4072 4045 4073
f 4073 4045 4046
f 4073 4046 4074
f 4074 4046 4047
f 4074 4047 4075
f 4075 4047 4048
f 4075 4048 4076
f 4076 4048 4049
f 4076 4049 4077
f 4077 4049 4050
f 4077 4050 4078
f 4078 4050 4051
f 4078 4051 4079
f 4079 4051 4052
f 4079 4052 4080
f 4080 4052 4053
f 4080 4053 4081
f 4081 4053 4054
f 4081 4054 4082
f 4082 4054 4055
f 4082 4055 4083
f 4084 3876 4056
f 4085 4057 4086
f 4086 4057 4058
f 4086 4058 4087
f 4087 4058 4059
f 4087 4059 4088
f 4088 4059 4060
f 4088 4060 4089
f 4089 4060 4061
f 4089 4061 4090
f 4090 4061 4062
f 4090 4062 4091
f 4091 4062 4063
f 4091 4063 4092
f 4092 4063 4064
f 4092 4064 4093
f 4093 4064 4065
f 4093 4065 4094
f 4094 4065 4066
f 4094 4066 4095
f 4095 4066 4067
f 4095 4067 4096
f 4096 4067 4068
f 4096 4068 4097
f 4097 4068 4069
f 4097 4069 4098
f 4098 4069 4070
f 4098 4070 4099
f 4099 4070 3876
f 4100 4101 4102
f 4084 4056 4103
f 4103 4056 4071
f 4103 4071 4104
f 4104 4071 4072
f 4104 4072 4105
f 4105 4072 4073
f 4105 4073 4106
f 4106 4073 4074
f 4106 4074 4107
f 4107 4074 4075
f 4107 4075 4108
f 4108 4075 4076
f 4108 4076 4109
f 4109 4076 4077
f 4109 4077 4110
f 4110 4077 4078
f 4110 4078 4111
f 4111 4078 4079
f 4111 4079 4112
f 4112 4079 4080
f 4112 4080 4113
f 4113 4080 4081
f 4113 4081 4114
f 4114 4081 4082
f 4114 4082 4115
f 4115 4082 4083
f 4115 4083 4116
f 4117 3876 4084
f 4118 4085 4119
f 4119 4085 4086
f 4119 4086 4120
f 4120 4086 4087
f 4120 4087 4121
f 4121 4087 4088
f 4121 4088 4122
f 4122 4088 4089
f 4122 4089 4123
f 4123 4089 4090
f 4123 4090 4124
f 4124 4090 4091
f 4124 4091 4125
f 4125 4091 4092
f 4125 4092 4126
f 4126 4092 4093
f 4126 4093 4127
f 4127 4093 4094
f 4127 4094 4128
f 4128 4094 4095
f 4128 4095 4129
f 4129 4095 4096
f 4129 4096 4130
f 4130 4096 4097
f 4130 4097 4131
f 4131 4097 4098
f 4131 4098 4132
f 4132 4098 4099
f 4132 4099 4133
f 4133 4099 3876
f 4134 4101 4135
f 4135 4101 4100
f 4135 4100 4136
f 4117 4084 4137
f 4137 4084 4103
f 4137 4103 4138
f 4138 4103 4104
f 4138 4104 4139
f 4139 4104 4105
f 4139 4105 4140
f 4140 4105 4106
f 4140 4106 4141
f 4141 4106 4107
f 4141 4107 4142
f 4142 4107 4108
f 4142 4108 4143
f 4143 4108 4109
f 4143 4109 4144
f 4144 4109 4110
f 4144 4110 4145
f 4145 4110 4111
f 4145 4111 4146
f 4146 4111 4112
f 4146 4112 4147
f 4147 4112 4113
f 4147 4113 4148
f 4148 4113 4114
f 4148 4114 4149
f 4149 4114 4115
f 4149 4115 4150
f 4150 4115 4116
f 4150 4116 4151
f 4152 4153 4154
f 4155 4134 4156
f 4156 4134 4135
f 4156 4135 4157
f 4157 4135 4136
f 4157 4136 4158
f 4159 4160 4161
f 4161 4160 4162
f 4161 4162 4163
f 4163 4162 4164
f 4163 4164 4165
f 4165 4164 4166
f 4165 4166 4167
f 4167 4166 4168
f 4167 4168 4169
f 4169 4168 4170
f 4169 4170 4171
f 4171 4170 4172
f 4171 4172 4173
f 4173 4172 4174
f 4173 4174 4175
f 4176 4177 4178
f 4178 4177 4179
f 4178 4179 4180
f 4180 4179 4181
f 4180 4181 4182
f 4182 4181 4183
f 4182 4183 4184
f 4184 4183 4185
f 4184 4185 4186
f 4186 4185 4187
f 4186 4187 4188
f 4188 4187 4189
f 4188 4189 4190
f 4190 4189 4191
f 4190 4191 4192
f 4192 4191 4193
f 4192 4193 4194
f 4194 4193 4195
f 4194 4195 4196
f 4196 4195 4197
f 4196 4197 4198
f 4198 4197 4199
f 4198 4199 4200
f 3735 3863 4201
f 4201 3863 4202
f 4201 4202 4203
f 4203 4202 4204
f 4203 4204 4205
f 4205 4204 4206
f 4205 4206 4207
f 4207 4206 4208
f 4207 4208 4209
f 4209 4208 4210
f 4209 4210 4211
f 4211 4210 4212
f 4211 4212 4213
f 4213 4212 4214
f 4213 4214 4215
f 4215 4214 4216
f 4215 4216 4217
f 4217 4216 4218
f 4217 4218 4219
f 4219 4218 4220
f 4219 4220 4221
f 4221 4220 4222
f 4221 4222 4223
f 4223 4222 4224
f 4223 4224 4225
f 4225 4224 4226
f 4225 4226 4227
f 4227 4226 4228
f 4227 4228 4229
f 4229 4228 4230
f 4229 4230 4231
f 4231 4230 4232
f 4231 4232 3876
f 3863 3862 4202
f 4202 3862 4233
f 4202 4233 4204
f 4204 4233 4234
f 4204 4234 4206
f 4206 4234 4235
f 4206 4235 4208
f 4208 4235 4236
f 4208 4236 4210
f 4210 4236 4237
f 4210 4237 4212
f 4212 4237 4238
f 4212 4238 4214
f 4214 4238 4239
f 4214 4239 4216
f 4216 4239 4240
f 4216 4240 4218
f 4218 4240 4241
f 4218 4241 4220
f 4220 4241 4242
f 4220 4242 4222
f 4222 4242 4243
f 4222 4243 4224
f 4224 4243 4244
f 4224 4244 4226
f 4226 4244 4245
f 4226 4245 4228
f 4228 4245 4246
f 4228 4246 4230
f 4230 4246 4247
f 4230 4247 4232
f 4232 4247 4248
f 4232 4248 3876
f 3860 3858 4249
f 3858 3856 4249
f 4249 3856 4152
f 4249 4152 4250
f 4250 4152 4154
f 4250 4154 4251
f 3856 3854 4152
f 4152 3854 3852
f 4152 3852 4153
f 4153 3852 3850
f 4153 3850 3848
f 4252 4251 4253
f 4253 4251 4154
f 4253 4154 4254
f 4254 4154 4153
f 4254 4153 3873
f 3873 4153 3848
f 3873 3848 3846
f 4255 4252 4256
f 4256 4252 4253
f 4256 4253 4257
f 4257 4253 4254
f 4257 4254 4258
f 4258 4254 3873
f 4258 3873 3872
f 3872 3873 3844
f 3872 3844 3842
f 4259 4255 4260
f 4260 4255 4256
f 4260 4256 4261
f 4261 4256 4257
f 4261 4257 4262
f 4262 4257 4258
f 4262 4258 4263
f 4263 4258 3872
f 4263 3872 3871
f 3871 3872 3840
f 3871 3840 3838
f 4264 4259 4265
f 4265 4259 4260
f 4265 4260 4266
f 4266 4260 4261
f 4266 4261 4267
f 4267 4261 4262
f 4267 4262 4268
f 4268 4262 4263
f 4268 4263 4269
f 4269 4263 3871
f 4269 3871 3870
f 3870 3871 3836
f 3870 3836 3834
f 4270 4264 4271
f 4271 4264 4265
f 4271 4265 4272
f 4272 4265 4266
f 4272 4266 4273
f 4273 4266 4267
f 4273 4267 4274
f 4274 4267 4268
f 4274 4268 4275
f 4275 4268 4269
f 4275 4269 4276
f 4276 4269 3870
f 4276 3870 3869
f 3869 3870 3833
f 3869 3833 3745
f 4277 4270 4278
f 4278 4270 4271
f 4278 4271 4279
f 4279 4271 4272
f 4279 4272 4280
f 4280 4272 4273
f 4280 4273 4281
f 4281 4273 4274
f 4281 4274 4282
f 4282 4274 4275
f 4282 4275 4283
f 4283 4275 4276
f 4283 4276 4284
f 4284 4276 3869
f 4284 3869 3868
f 3868 3869 3775
f 3868 3775 3777
f 4285 4277 4286
f 4286 4277 4278
f 4286 4278 4287
f 4287 4278 4279
f 4287 4279 4288
f 4288 4279 4280
f 4288 4280 4289
f 4289 4280 4281
f 4289 4281 4290
f 4290 4281 4282
f 4290 4282 4291
f 4291 4282 4283
f 4291 4283 4292
f 4292 4283 4284
f 4292 4284 4293
f 4293 4284 3868
f 4293 3868 3867
f 3867 3868 3779
f 3867 3779 3781
f 4294 4285 4295
f 4295 4285 4286
f 4295 4286 4296
f 4296 4286 4287
f 4296 4287 4297
f 4297 4287 4288
f 4297 4288 4298
f 4298 4288 4289
f 4298 4289 4299
f 4299 4289 4290
f 4299 4290 4300
f 4300 4290 4291
f 4300 4291 4301
f 4301 4291 4292
f 4301 4292 4302
f 4302 4292 4293
f 4302 4293 4303
f 4303 4293 3867
f 4303 3867 4304
f 4304 3867 3783
f 3783 3785 4304
f 4304 3785 3787
f 4304 3787 3789
f 4305 4294 4306
f 4306 4294 4295
f 4306 4295 4307
f 4307 4295 4296
f 4307 4296 4308
f 4308 4296 4297
f 4308 4297 4309
f 4309 4297 4298
f 4309 4298 4310
f 4310 4298 4299
f 4310 4299 4311
f 4311 4299 4300
f 4311 4300 4312
f 4312 4300 4301
f 4312 4301 4313
f 4313 4301 4302
f 4313 4302 4314
f 4314 4302 4303
f 4314 4303 4315
f 4315 4303 4304
f 4315 4304 4316
f 4316 4304 3789
f 4316 3789 3791
f 4317 4305 4318
f 4318 4305 4306
f 4318 4306 4319
f 4319 4306 4307
f 4319 4307 4320
f 4320 4307 4308
f 4320 4308 4321
f 4321 4308 4309
f 4321 4309 4322
f 4322 4309 4310
f 4322 4310 4323
f 4323 4310 4311
f 4323 4311 4324
f 4324 4311 4312
f 4324 4312 4325
f 4325 4312 4313
f 4325 4313 4326
f 4326 4313 4314
f 4326 4314 4327
f 4327 4314 4315
f 4327 4315 4328
f 4328 4315 4316
f 4328 4316 3866
f 3866 4316 3791
f 3866 3791 3793
f 4329 4317 4330
f 4330 4317 4318
f 4330 4318 4331
f 4331 4318 4319
f 4331 4319 4332
f 4332 4319 4320
f 4332 4320 4333
f 4333 4320 4321
f 4333 4321 4334
f 4334 4321 4322
f 4334 4322 4335
f 4335 4322 4323
f 4335 4323 4336
f 4336 4323 4324
f 4336 4324 4337
f 4337 4324 4325
f 4337 4325 4338
f 4338 4325 4326
f 4338 4326 4339
f 4339 4326 4327
f 4339 4327 4340
f 4340 4327 4328
f 4340 4328 4341
f 4341 4328 3866
f 4341 3866 3865
f 3865 3866 3795
f 3865 3795 3797
f 4342 4329 4343
f 4343 4329 4330
f 4343 4330 4344
f 4344 4330 4331
f 4344 4331 4345
f 4345 4331 4332
f 4345 4332 4346
f 4346 4332 4333
f 4346 4333 4347
f 4347 4333 4334
f 4347 4334 4348
f 4348 4334 4335
f 4348 4335 4349
f 4349 4335 4336
f 4349 4336 4350
f 4350 4336 4337
f 4350 4337 4351
f 4351 4337 4338
f 4351 4338 4352
f 4352 4338 4339
f 4352 4339 4353
f 4353 4339 4340
f 4353 4340 4354
f 4354 4340 4341
f 4354 4341 4355
f 4355 4341 3865
f 4355 3865 4356
f 4356 3865 3799
f 4356 3799 3742
f 4357 4342 4358
f 4358 4342 4343
f 4358 4343 4359
f 4359 4343 4344
f 4359 4344 4360
f 4360 4344 4345
f 4360 4345 4361
f 4361 4345 4346
f 4361 4346 4362
f 4362 4346 4347
f 4362 4347 4363
f 4363 4347 4348
f 4363 4348 4364
f 4364 4348 4349
f 4364 4349 4365
f 4365 4349 4350
f 4365 4350 4366
f 4366 4350 4351
f 4366 4351 4367
f 4367 4351 4352
f 4367 4352 4368
f 4368 4352 4353
f 4368 4353 4369
f 4369 4353 4354
f 4369 4354 4370
f 4370 4354 4355
f 4370 4355 4371
f 4371 4355 4356
f 4371 4356 4372
f 4372 4356 3742
f 4372 3742 3740
f 3876 4357 4373
f 4373 4357 4358
f 4373 4358 4374
f 4374 4358 4359
f 4374 4359 4375
f 4375 4359 4360
f 4375 4360 4376
f 4376 4360 4361
f 4376 4361 4377
f 4377 4361 4362
f 4377 4362 4378
f 4378 4362 4363
f 4378 4363 4379
f 4379 4363 4364
f 4379 4364 4380
f 4380 4364 4365
f 4380 4365 4381
f 4381 4365 4366
f 4381 4366 4382
f 4382 4366 4367
f 4382 4367 4383
f 4383 4367 4368
f 4383 4368 4384
f 4384 4368 4369
f 4384 4369 4385
f 4385 4369 4370
f 4385 4370 4386
f 4386 4370 4371
f 4386 4371 4387
f 4387 4371 4372
f 4387 4372 4388
f 4388 4372 3740
f 4388 3740 3832
f 3832 4118 4388
f 4388 4118 4119
f 4388 4119 4387
f 4387 4119 4120
f 4387 4120 4386
f 4386 4120 4121
f 4386 4121 4385
f 4385 4121 4122
f 4385 4122 4384
f 4384 4122 4123
f 4384 4123 4383
f 4383 4123 4124
f 4383 4124 4382
f 4382 4124 4125
f 4382 4125 4381
f 4381 4125 4126
f 4381 4126 4380
f 4380 4126 4127
f 4380 4127 4379
f 4379 4127 4128
f 4379 4128 4378
f 4378 4128 4129
f 4378 4129 4377
f 4377 4129 4130
f 4377 4130 4376
f 4376 4130 4131
f 4376 4131 4375
f 4375 4131 4132
f 4375 4132 4374
f 4374 4132 4133
f 4374 4133 4373
f 4373 4133 3876
f 3862 3860 4233
f 4233 3860 4249
f 4233 4249 4234
f 4234 4249 4250
f 4234 4250 4235
f 4235 4250 4251
f 4235 4251 4236
f 4236 4251 4252
f 4236 4252 4237
f 4237 4252 4255
f 4237 4255 4238
f 4238 4255 4259
f 4238 4259 4239
f 4239 4259 4264
f 4239 4264 4240
f 4240 4264 4270
f 4240 4270 4241
f 4241 4270 4277
f 4241 4277 4242
f 4242 4277 4285
f 4242 4285 4243
f 4243 4285 4294
f 4243 4294 4244
f 4244 4294 4305
f 4244 4305 4245
f 4245 4305 4317
f 4245 4317 4246
f 4246 4317 4329
f 4246 4329 4247
f 4247 4329 4342
f 4247 4342 4248
f 4248 4342 4357
f 4248 4357 3876
f 3827 4157 3829
f 3829 4157 4158
f 3829 4158 3831
f 3827 3825 4157
f 4157 3825 3823
f 4157 3823 4156
f 4156 3823 3821
f 4156 3821 4155
f 4155 3821 3819
f 4155 3819 3817
f 4389 4102 4390
f 4390 4102 4101
f 4390 4101 4391
f 4391 4101 4134
f 4391 4134 4392
f 4392 4134 4155
f 4392 4155 3864
f 3864 4155 3817
f 3864 3817 3815
f 4393 4389 4394
f 4394 4389 4390
f 4394 4390 4395
f 4395 4390 4391
f 4395 4391 4396
f 4396 4391 4392
f 4396 4392 4397
f 4397 4392 3864
f 4397 3864 4398
f 4398 3864 3813
f 3813 3811 4398
f 4398 3811 3809
f 4398 3809 3807
f 4399 4393 4400
f 4400 4393 4394
f 4400 4394 4401
f 4401 4394 4395
f 4401 4395 4402
f 4402 4395 4396
f 4402 4396 4403
f 4403 4396 4397
f 4403 4397 4404
f 4404 4397 4398
f 4404 4398 4405
f 4405 4398 3807
f 4405 3807 3805
f 4160 4399 4162
f 4162 4399 4400
f 4162 4400 4164
f 4164 4400 4401
f 4164 4401 4166
f 4166 4401 4402
f 4166 4402 4168
f 4168 4402 4403
f 4168 4403 4170
f 4170 4403 4404
f 4170 4404 4172
f 4172 4404 4405
f 4172 4405 4174
f 4174 4405 3805
f 4174 3805 3803
f 3803 3802 4174
f 4174 3802 3773
f 4174 3773 4175
f 4175 3773 3771
f 4175 3771 3769
f 4406 4159 4407
f 4407 4159 4161
f 4407 4161 4408
f 4408 4161 4163
f 4408 4163 4409
f 4409 4163 4165
f 4409 4165 4410
f 4410 4165 4167
f 4410 4167 4411
f 4411 4167 4169
f 4411 4169 4412
f 4412 4169 4171
f 4412 4171 4413
f 4413 4171 4173
f 4413 4173 4414
f 4414 4173 4175
f 4414 4175 4415
f 4415 4175 3769
f 4415 3769 3767
f 4416 4406 4417
f 4417 4406 4407
f 4417 4407 4418
f 4418 4407 4408
f 4418 4408 4419
f 4419 4408 4409
f 4419 4409 4420
f 4420 4409 4410
f 4420 4410 4421
f 4421 4410 4411
f 4421 4411 4422
f 4422 4411 4412
f 4422 4412 4423
f 4423 4412 4413
f 4423 4413 4424
f 4424 4413 4414
f 4424 4414 4425
f 4425 4414 4415
f 4425 4415 4426
f 4426 4415 3767
f 3767 3765 4426
f 4426 3765 3763
f 4426 3763 3761
f 4177 4416 4179
f 4179 4416 4417
f 4179 4417 4181
f 4181 4417 4418
f 4181 4418 4183
f 4183 4418 4419
f 4183 4419 4185
f 4185 4419 4420
f 4185 4420 4187
f 4187 4420 4421
f 4187 4421 4189
f 4189 4421 4422
f 4189 4422 4191
f 4191 4422 4423
f 4191 4423 4193
f 4193 4423 4424
f 4193 4424 4195
f 4195 4424 4425
f 4195 4425 4197
f 4197 4425 4426
f 4197 4426 4199
f 4199 4426 3761
f 3761 3759 4199
f 4199 3759 3757
f 4199 3757 4200
f 4200 3757 3755
f 4200 3755 3753
f 4427 4176 4428
f 4428 4176 4178
f 4428 4178 4429
f 4429 4178 4180
f 4429 4180 4430
f 4430 4180 4182
f 4430 4182 4431
f 4431 4182 4184
f 4431 4184 4432
f 4432 4184 4186
f 4432 4186 4433
f 4433 4186 4188
f 4433 4188 4434
f 4434 4188 4190
f 4434 4190 4435
f 4435 4190 4192
f 4435 4192 4436
f 4436 4192 4194
f 4436 4194 4437
f 4437 4194 4196
f 4437 4196 4438
f 4438 4196 4198
f 4438 4198 4439
f 4439 4198 4200
f 4439 4200 4440
f 4440 4200 3753
f 4440 3753 3751
f 3884 4427 3885
f 3885 4427 4428
f 3885 4428 3893
f 3893 4428 4429
f 3893 4429 3903
f 3903 4429 4430
f 3903 4430 3915
f 3915 4430 4431
f 3915 4431 3929
f 3929 4431 4432
f 3929 4432 3945
f 3945 4432 4433
f 3945 4433 3963
f 3963 4433 4434
f 3963 4434 3983
f 3983 4434 4435
f 3983 4435 4005
f 4005 4435 4436
f 4005 4436 4029
f 4029 4436 4437
f 4029 4437 4055
f 4055 4437 4438
f 4055 4438 4083
f 4083 4438 4439
f 4083 4439 4116
f 4116 4439 4440
f 4116 4440 4151
f 4151 4440 3751
f 4151 3751 3749
f 3749 3747 4151
f 4151 3747 4441
f 4151 4441 4150
f 4150 4441 4442
f 4150 4442 4149
f 4149 4442 4443
f 4149 4443 4148
f 4148 4443 4444
f 4148 4444 4147
f 4147 4444 4445
f 4147 4445 4146
f 4146 4445 4446
f 4146 4446 4145
f 4145 4446 4447
f 4145 4447 4144
f 4144 4447 4448
f 4144 4448 4143
f 4143 4448 4449
f 4143 4449 4142
f 4142 4449 4450
f 4142 4450 4141
f 4141 4450 4451
f 4141 4451 4140
f 4140 4451 4452
f 4140 4452 4139
f 4139 4452 4453
f 4139 4453 4138
f 4138 4453 4454
f 4138 4454 4137
f 4137 4454 4455
f 4137 4455 4117
f 4117 4455 4456
f 4117 4456 3876
f 3747 3737 4441
f 4441 3737 4457
f 4441 4457 4442
f 4442 4457 4458
f 4442 4458 4443
f 4443 4458 4459
f 4443 4459 4444
f 4444 4459 4460
f 4444 4460 4445
f 4445 4460 4461
f 4445 4461 4446
f 4446 4461 4462
f 4446 4462 4447
f 4447 4462 4463
f 4447 4463 4448
f 4448 4463 4464
f 4448 4464 4449
f 4449 4464 4465
f 4449 4465 4450
f 4450 4465 4466
f 4450 4466 4451
f 4451 4466 4467
f 4451 4467 4452
f 4452 4467 4468
f 4452 4468 4453
f 4453 4468 4469
f 4453 4469 4454
f 4454 4469 4470
f 4454 4470 4455
f 4455 4470 4471
f 4455 4471 4456
f 4456 4471 4472
f 4456 4472 3876
f 3737 3735 4457
f 4457 3735 4201
f 4457 4201 4458
f 4458 4201 4203
f 4458 4203 4459
f 4459 4203 4205
f 4459 4205 4460
f 4460 4205 4207
f 4460 4207 4461
f 4461 4207 4209
f 4461 4209 4462
f 4462 4209 4211
f 4462 4211 4463
f 4463 4211 4213
f 4463 4213 4464
f 4464 4213 4215
f 4464 4215 4465
f 4465 4215 4217
f 4465 4217 4466
f 4466 4217 4219
f 4466 4219 4467
f 4467 4219 4221
f 4467 4221 4468
f 4468 4221 4223
f 4468 4223 4469
f 4469 4223 4225
f 4469 4225 4470
f 4470 4225 4227
f 4470 4227 4471
f 4471 4227 4229
f 4471 4229 4472
f 4472 4229 4231
f 4472 4231 3876
f 3832 3831 4118
f 4118 3831 4158
f 4118 4158 4085
f 4085 4158 4136
f 4085 4136 4057
f 4057 4136 4100
f 4057 4100 4031
f 4031 4100 4102
f 4031 4102 4007
f 4007 4102 4389
f 4007 4389 3985
f 3985 4389 4393
f 3985 4393 3965
f 3965 4393 4399
f 3965 4399 3947
f 3947 4399 4160
f 3947 4160 3931
f 3931 4160 4159
f 3931 4159 3917
f 3917 4159 4406
f 3917 4406 3905
f 3905 4406 4416
f 3905 4416 3895
f 3895 4416 4177
f 3895 4177 3887
f 3887 4177 4176
f 3887 4176 3880
f 3880 4176 4427
f 3880 4427 3877
f 3877 4427 3884
f 3877 3884 3878
f 3878 3884 3874
f 3878 3874 3876
f 1195 1194 4473
f 1092 1095 4474
f 1094 1101 4475
f 1100 1099 4476
f 1098 1107 4477
f 1106 1105 4478
f 1104 1113 4479
f 1112 1111 4480
f 1110 1119 4481
f 1118 1117 4482
f 1116 1125 4483
f 1124 1123 4484
f 1122 1131 4485
f 1130 1129 4486
f 1128 1137 4487
f 1136 1135 4488
f 4489 4490 4474
f 2112 2110 4491
f 2117 2112 4492
f 2121 2117 4493
f 2124 2121 4494
f 2128 2124 4495
f 2132 2128 4496
f 2135 2132 4497
f 2137 2135 4498
f 2142 2137 4499
f 2146 2142 4500
f 2149 2146 4501
f 2151 2149 4502
f 2156 2151 4503
f 2161 2156 4504
f 2159 2161 4505
f 2043 2159 4506
f 2052 4490 2056
f 2056 4490 4489
f 2056 4489 2059
f 2043 4507 2045
f 2045 4507 4508
f 2045 4508 2047
f 2047 4508 4509
f 2047 4509 2052
f 4510 4511 4512
f 4507 4513 4508
f 4508 4513 4514
f 4508 4514 4509
f 4509 4514 4473
f 2110 2107 4512
f 4512 2107 4515
f 4512 4515 4510
f 4510 4515 4488
f 4510 4488 1134
f 1134 4488 1135
f 2107 2101 4515
f 4515 2101 4516
f 4515 4516 4488
f 4488 4516 4487
f 4488 4487 1136
f 1136 4487 1137
f 2101 2099 4516
f 4516 2099 4517
f 4516 4517 4487
f 4487 4517 4486
f 4487 4486 1128
f 1128 4486 1129
f 2099 2096 4517
f 4517 2096 4518
f 4517 4518 4486
f 4486 4518 4485
f 4486 4485 1130
f 1130 4485 1131
f 2096 2041 4518
f 4518 2041 4519
f 4518 4519 4485
f 4485 4519 4484
f 4485 4484 1122
f 1122 4484 1123
f 2041 2091 4519
f 4519 2091 4520
f 4519 4520 4484
f 4484 4520 4483
f 4484 4483 1124
f 1124 4483 1125
f 2091 2086 4520
f 4520 2086 4521
f 4520 4521 4483
f 4483 4521 4482
f 4483 4482 1116
f 1116 4482 1117
f 2086 2084 4521
f 4521 2084 4522
f 4521 4522 4482
f 4482 4522 4481
f 4482 4481 1118
f 1118 4481 1119
f 2084 2081 4522
f 4522 2081 4523
f 4522 4523 4481
f 4481 4523 4480
f 4481 4480 1110
f 1110 4480 1111
f 2081 2077 4523
f 4523 2077 4524
f 4523 4524 4480
f 4480 4524 4479
f 4480 4479 1112
f 1112 4479 1113
f 2077 2072 4524
f 4524 2072 4525
f 4524 4525 4479
f 4479 4525 4478
f 4479 4478 1104
f 1104 4478 1105
f 2072 2070 4525
f 4525 2070 4526
f 4525 4526 4478
f 4478 4526 4477
f 4478 4477 1106
f 1106 4477 1107
f 2070 2066 4526
f 4526 2066 4527
f 4526 4527 4477
f 4477 4527 4476
f 4477 4476 1098
f 1098 4476 1099
f 2066 2061 4527
f 4527 2061 4528
f 4527 4528 4476
f 4476 4528 4475
f 4476 4475 1100
f 1100 4475 1101
f 2061 2059 4528
f 4528 2059 4489
f 4528 4489 4475
f 4475 4489 4474
f 4475 4474 1094
f 1094 4474 1095
f 2052 4509 4490
f 4490 4509 4473
f 4490 4473 4474
f 4474 4473 1194
f 4474 1194 1092
f 1195 4473 1197
f 1197 4473 4514
f 1197 4514 1198
f 1198 4514 4513
f 1198 4513 1192
f 4529 1189 1193
f 2043 4506 4507
f 4507 4506 4529
f 4507 4529 4513
f 4513 4529 1193
f 4513 1193 1192
f 4530 1186 1190
f 2159 4505 4506
f 4506 4505 4530
f 4506 4530 4529
f 4529 4530 1190
f 4529 1190 1189
f 4531 1183 1187
f 2161 4504 4505
f 4505 4504 4531
f 4505 4531 4530
f 4530 4531 1187
f 4530 1187 1186
f 4532 1180 1184
f 2156 4503 4504
f 4504 4503 4532
f 4504 4532 4531
f 4531 4532 1184
f 4531 1184 1183
f 4533 1177 1181
f 2151 4502 4503
f 4503 4502 4533
f 4503 4533 4532
f 4532 4533 1181
f 4532 1181 1180
f 4534 1174 1178
f 2149 4501 4502
f 4502 4501 4534
f 4502 4534 4533
f 4533 4534 1178
f 4533 1178 1177
f 4535 1171 1175
f 2146 4500 4501
f 4501 4500 4535
f 4501 4535 4534
f 4534 4535 1175
f 4534 1175 1174
f 4536 1168 1172
f 2142 4499 4500
f 4500 4499 4536
f 4500 4536 4535
f 4535 4536 1172
f 4535 1172 1171
f 4537 1165 1169
f 2137 4498 4499
f 4499 4498 4537
f 4499 4537 4536
f 4536 4537 1169
f 4536 1169 1168
f 4538 1162 1166
f 2135 4497 4498
f 4498 4497 4538
f 4498 4538 4537
f 4537 4538 1166
f 4537 1166 1165
f 4539 1159 1163
f 2132 4496 4497
f 4497 4496 4539
f 4497 4539 4538
f 4538 4539 1163
f 4538 1163 1162
f 4540 1156 1160
f 2128 4495 4496
f 4496 4495 4540
f 4496 4540 4539
f 4539 4540 1160
f 4539 1160 1159
f 4541 1153 1157
f 2124 4494 4495
f 4495 4494 4541
f 4495 4541 4540
f 4540 4541 1157
f 4540 1157 1156
f 4542 1150 1154
f 2121 4493 4494
f 4494 4493 4542
f 4494 4542 4541
f 4541 4542 1154
f 4541 1154 1153
f 4543 1147 1151
f 2117 4492 4493
f 4493 4492 4543
f 4493 4543 4542
f 4542 4543 1151
f 4542 1151 1150
f 4544 1144 1148
f 2112 4491 4492
f 4492 4491 4544
f 4492 4544 4543
f 4543 4544 1148
f 4543 1148 1147
f 1134 1142 4510
f 4510 1142 1141
f 4510 1141 4511
f 4511 1141 1139
f 4511 1139 1145
f 2110 4512 4491
f 4491 4512 4511
f 4491 4511 4544
f 4544 4511 1145
f 4544 1145 1144
f 2160 2168 4545
f 2182 2181 4546
f 2164 2163 4547
f 2154 2165 4548
f 2158 2157 4549
f 2153 2152 4550
f 2147 2148 4551
f 2186 2185 4552
f 2141 2140 4553
f 2136 2139 4554
f 4555 4556 4557
f 4556 4558 4559
f 4558 4560 4561
f 4560 4562 4563
f 4562 4564 4565
f 4564 4566 4567
f 4566 4568 4569
f 2172 4555 2173
f 2173 4555 4570
f 2046 4571 4569
f 2167 2166 4568
f 4568 2166 2042
f 4568 2042 4569
f 4569 2042 2044
f 4569 2044 2046
f 2051 4572 4573
f 2046 2049 4571
f 4571 2049 2048
f 4571 2048 4574
f 4574 2048 2054
f 4574 2054 4573
f 4573 2054 2053
f 4573 2053 2051
f 4575 2248 4576
f 4576 2248 2247
f 4576 2247 4577
f 4577 2247 2250
f 4577 2250 4578
f 4578 2250 2249
f 4578 2249 4579
f 4579 2249 2175
f 4579 2175 4570
f 4570 2175 2174
f 4570 2174 2173
f 2238 2237 4575
f 4575 2237 2251
f 4575 2251 2248
f 2060 4580 4581
f 2051 2050 4572
f 4572 2050 2055
f 4572 2055 4582
f 4582 2055 2057
f 4582 2057 4581
f 4581 2057 2058
f 4581 2058 2060
f 2060 2063 4580
f 4580 2063 2062
f 4580 2062 4583
f 4583 2062 2068
f 4583 2068 4584
f 2071 4585 4586
f 2068 2067 4584
f 4584 2067 2065
f 4584 2065 4587
f 4587 2065 2064
f 4587 2064 4586
f 4586 2064 2069
f 4586 2069 2071
f 4575 4588 2238
f 2238 4588 4589
f 2238 4589 2239
f 2239 4589 4590
f 2239 4590 2240
f 2240 4590 4591
f 2240 4591 2241
f 2241 4591 4592
f 2241 4592 2242
f 2242 4592 4593
f 2242 4593 2243
f 2243 4593 4594
f 2076 4595 4596
f 2071 2074 4585
f 4585 2074 2073
f 4585 2073 4597
f 4597 2073 2079
f 4597 2079 4596
f 4596 2079 2078
f 4596 2078 2076
f 4598 2231 4599
f 4599 2231 2230
f 4599 2230 4600
f 4600 2230 2246
f 4600 2246 4601
f 4601 2246 2245
f 4601 2245 4594
f 4594 2245 2244
f 4594 2244 2243
f 2076 2075 4595
f 4595 2075 2080
f 4595 2080 4602
f 4602 2080 2082
f 4602 2082 4603
f 4603 2082 2083
f 4603 2083 4604
f 4604 2083 2085
f 2085 2088 4604
f 4604 2088 2087
f 4604 2087 4605
f 4605 2087 2093
f 4605 2093 4606
f 2040 4607 4608
f 2093 2092 4606
f 4606 2092 2090
f 4606 2090 4609
f 4609 2090 2089
f 4609 2089 4608
f 4608 2089 2094
f 4608 2094 2040
f 4610 2228 4611
f 4611 2228 2224
f 4611 2224 4612
f 4612 2224 2223
f 4612 2223 4613
f 4613 2223 2222
f 4613 2222 4614
f 4614 2222 2220
f 4614 2220 4615
f 4615 2220 2219
f 4615 2219 4616
f 4616 2219 2236
f 4616 2236 4617
f 4617 2236 2235
f 4617 2235 4598
f 4598 2235 2233
f 4598 2233 2231
f 2104 4618 4619
f 2040 2039 4607
f 4607 2039 2095
f 4607 2095 4620
f 4620 2095 2097
f 4620 2097 4619
f 4619 2097 2105
f 4619 2105 2104
f 2104 2103 4618
f 4618 2103 2098
f 4618 2098 4621
f 4621 2098 2100
f 4621 2100 4622
f 4623 2211 4624
f 4624 2211 2210
f 4624 2210 4625
f 4625 2210 2209
f 4625 2209 4626
f 4626 2209 2208
f 4626 2208 4627
f 4627 2208 2227
f 4627 2227 4610
f 4610 2227 2226
f 4610 2226 2228
f 2111 4628 4629
f 2100 2102 4622
f 4622 2102 2106
f 4622 2106 4630
f 4630 2106 2108
f 4630 2108 4629
f 4629 2108 2109
f 4629 2109 2111
f 4631 2206 4632
f 4632 2206 2218
f 4632 2218 4633
f 4633 2218 2217
f 4633 2217 4634
f 4634 2217 2215
f 4634 2215 4623
f 4623 2215 2213
f 4623 2213 2211
f 2111 2114 4628
f 4628 2114 2113
f 4628 2113 4635
f 4635 2113 2119
f 4635 2119 4636
f 4636 2119 2118
f 4636 2118 4637
f 4637 2118 2116
f 2116 2115 4637
f 4637 2115 2120
f 4637 2120 4638
f 4638 2120 2122
f 4638 2122 4639
f 2127 4640 4641
f 2122 2123 4639
f 4639 2123 2125
f 4639 2125 4642
f 4642 2125 2130
f 4642 2130 4641
f 4641 2130 2129
f 4641 2129 2127
f 2127 2126 4640
f 4640 2126 2131
f 4640 2131 4643
f 4643 2131 2133
f 4643 2133 4644
f 4566 4569 4567
f 4567 4569 4571
f 4567 4571 4645
f 4645 4571 4574
f 4645 4574 4646
f 4646 4574 4573
f 4646 4573 4647
f 4647 4573 4572
f 4647 4572 4648
f 4648 4572 4582
f 4648 4582 4649
f 4649 4582 4581
f 4649 4581 4650
f 4650 4581 4580
f 4650 4580 4651
f 4651 4580 4583
f 4651 4583 4652
f 4652 4583 4584
f 4652 4584 4653
f 4653 4584 4587
f 4653 4587 4654
f 4654 4587 4586
f 4654 4586 4655
f 4655 4586 4585
f 4655 4585 4656
f 4656 4585 4597
f 4656 4597 4657
f 4657 4597 4596
f 4657 4596 4658
f 4658 4596 4595
f 4658 4595 4659
f 4659 4595 4602
f 4659 4602 4660
f 4660 4602 4603
f 4660 4603 4661
f 4661 4603 4604
f 4661 4604 4662
f 4662 4604 4605
f 4662 4605 4663
f 4663 4605 4606
f 4663 4606 4664
f 4664 4606 4609
f 4664 4609 4665
f 4665 4609 4608
f 4665 4608 4666
f 4666 4608 4607
f 4666 4607 4667
f 4667 4607 4620
f 4667 4620 4668
f 4668 4620 4619
f 4668 4619 4669
f 4669 4619 4618
f 4669 4618 4670
f 4670 4618 4621
f 4670 4621 4671
f 4671 4621 4622
f 4671 4622 4672
f 4672 4622 4630
f 4672 4630 4673
f 4673 4630 4629
f 4673 4629 4674
f 4674 4629 4628
f 4674 4628 4675
f 4675 4628 4635
f 4675 4635 4676
f 4676 4635 4636
f 4676 4636 4677
f 4677 4636 4637
f 4677 4637 4678
f 4678 4637 4638
f 4678 4638 4679
f 4679 4638 4639
f 4679 4639 4680
f 4680 4639 4642
f 4680 4642 4681
f 4681 4642 4641
f 4681 4641 4682
f 4682 4641 4640
f 4682 4640 4683
f 4683 4640 4643
f 4683 4643 4684
f 4684 4643 4644
f 4684 4644 4685
f 4564 4567 4565
f 4565 4567 4645
f 4565 4645 4686
f 4686 4645 4646
f 4686 4646 4687
f 4687 4646 4647
f 4687 4647 4688
f 4688 4647 4648
f 4688 4648 4689
f 4689 4648 4649
f 4689 4649 4690
f 4690 4649 4650
f 4690 4650 4691
f 4691 4650 4651
f 4691 4651 4692
f 4692 4651 4652
f 4692 4652 4693
f 4693 4652 4653
f 4693 4653 4694
f 4694 4653 4654
f 4694 4654 4695
f 4695 4654 4655
f 4695 4655 4696
f 4696 4655 4656
f 4696 4656 4697
f 4697 4656 4657
f 4697 4657 4698
f 4698 4657 4658
f 4698 4658 4699
f 4699 4658 4659
f 4699 4659 4700
f 4700 4659 4660
f 4700 4660 4701
f 4701 4660 4661
f 4701 4661 4702
f 4702 4661 4662
f 4702 4662 4703
f 4703 4662 4663
f 4703 4663 4704
f 4704 4663 4664
f 4704 4664 4705
f 4705 4664 4665
f 4705 4665 4706
f 4706 4665 4666
f 4706 4666 4707
f 4707 4666 4667
f 4707 4667 4708
f 4708 4667 4668
f 4708 4668 4709
f 4709 4668 4669
f 4709 4669 4710
f 4710 4669 4670
f 4710 4670 4711
f 4711 4670 4671
f 4711 4671 4712
f 4712 4671 4672
f 4712 4672 4713
f 4713 4672 4673
f 4713 4673 4714
f 4714 4673 4674
f 4714 4674 4715
f 4715 4674 4675
f 4715 4675 4716
f 4716 4675 4676
f 4716 4676 4717
f 4717 4676 4677
f 4717 4677 4718
f 4718 4677 4678
f 4718 4678 4719
f 4719 4678 4679
f 4719 4679 4720
f 4720 4679 4680
f 4720 4680 4721
f 4721 4680 4681
f 4721 4681 4722
f 4722 4681 4682
f 4722 4682 4723
f 4723 4682 4683
f 4723 4683 4724
f 4724 4683 4684
f 4724 4684 4725
f 4725 4684 4685
f 4725 4685 4726
f 4562 4565 4563
f 4563 4565 4686
f 4563 4686 4727
f 4727 4686 4687
f 4727 4687 4728
f 4728 4687 4688
f 4728 4688 4729
f 4729 4688 4689
f 4729 4689 4730
f 4730 4689 4690
f 4730 4690 4731
f 4731 4690 4691
f 4731 4691 4732
f 4732 4691 4692
f 4732 4692 4733
f 4733 4692 4693
f 4733 4693 4734
f 4734 4693 4694
f 4734 4694 4735
f 4735 4694 4695
f 4735 4695 4736
f 4736 4695 4696
f 4736 4696 4737
f 4737 4696 4697
f 4737 4697 4738
f 4738 4697 4698
f 4738 4698 4739
f 4739 4698 4699
f 4739 4699 4740
f 4740 4699 4700
f 4740 4700 4741
f 4741 4700 4701
f 4741 4701 4742
f 4742 4701 4702
f 4742 4702 4743
f 4743 4702 4703
f 4743 4703 4744
f 4744 4703 4704
f 4744 4704 4745
f 4745 4704 4705
f 4745 4705 4746
f 4746 4705 4706
f 4746 4706 4747
f 4747 4706 4707
f 4747 4707 4748
f 4748 4707 4708
f 4748 4708 4749
f 4749 4708 4709
f 4749 4709 4750
f 4750 4709 4710
f 4750 4710 4751
f 4751 4710 4711
f 4751 4711 4752
f 4752 4711 4712
f 4752 4712 4753
f 4753 4712 4713
f 4753 4713 4754
f 4754 4713 4714
f 4754 4714 4755
f 4755 4714 4715
f 4755 4715 4756
f 4756 4715 4716
f 4756 4716 4757
f 4757 4716 4717
f 4757 4717 4758
f 4758 4717 4718
f 4758 4718 4759
f 4759 4718 4719
f 4759 4719 4760
f 4760 4719 4720
f 4760 4720 4761
f 4761 4720 4721
f 4761 4721 4762
f 4762 4721 4722
f 4762 4722 4763
f 4763 4722 4723
f 4763 4723 4764
f 4764 4723 4724
f 4764 4724 4765
f 4765 4724 4725
f 4765 4725 4766
f 4766 4725 4726
f 4766 4726 4767
f 4560 4563 4561
f 4561 4563 4727
f 4561 4727 4768
f 4768 4727 4728
f 4768 4728 4769
f 4769 4728 4729
f 4769 4729 4770
f 4770 4729 4730
f 4770 4730 4771
f 4771 4730 4731
f 4771 4731 4772
f 4772 4731 4732
f 4772 4732 4773
f 4773 4732 4733
f 4773 4733 4774
f 4774 4733 4734
f 4774 4734 4775
f 4775 4734 4735
f 4775 4735 4776
f 4776 4735 4736
f 4776 4736 4777
f 4777 4736 4737
f 4777 4737 4778
f 4778 4737 4738
f 4778 4738 4779
f 4779 4738 4739
f 4779 4739 4780
f 4780 4739 4740
f 4780 4740 4781
f 4781 4740 4741
f 4781 4741 4782
f 4782 4741 4742
f 4782 4742 4783
f 4783 4742 4743
f 4783 4743 4784
f 4784 4743 4744
f 4784 4744 4785
f 4785 4744 4745
f 4785 4745 4786
f 4786 4745 4746
f 4786 4746 4787
f 4787 4746 4747
f 4787 4747 4788
f 4788 4747 4748
f 4788 4748 4789
f 4789 4748 4749
f 4789 4749 4790
f 4790 4749 4750
f 4790 4750 4791
f 4791 4750 4751
f 4791 4751 4792
f 4792 4751 4752
f 4792 4752 4793
f 4793 4752 4753
f 4793 4753 4794
f 4794 4753 4754
f 4794 4754 4795
f 4795 4754 4755
f 4795 4755 4796
f 4796 4755 4756
f 4796 4756 4797
f 4797 4756 4757
f 4797 4757 4798
f 4798 4757 4758
f 4798 4758 4799
f 4799 4758 4759
f 4799 4759 4800
f 4800 4759 4760
f 4800 4760 4801
f 4801 4760 4761
f 4801 4761 4802
f 4802 4761 4762
f 4802 4762 4803
f 4803 4762 4763
f 4803 4763 4804
f 4804 4763 4764
f 4804 4764 4805
f 4805 4764 4765
f 4805 4765 4806
f 4806 4765 4766
f 4806 4766 4807
f 4807 4766 4767
f 4807 4767 4808
f 4558 4561 4559
f 4559 4561 4768
f 4559 4768 4809
f 4809 4768 4769
f 4809 4769 4810
f 4810 4769 4770
f 4810 4770 4811
f 4811 4770 4771
f 4811 4771 4812
f 4812 4771 4772
f 4812 4772 4813
f 4813 4772 4773
f 4813 4773 4814
f 4814 4773 4774
f 4814 4774 4815
f 4815 4774 4775
f 4815 4775 4816
f 4816 4775 4776
f 4816 4776 4817
f 4817 4776 4777
f 4817 4777 4818
f 4818 4777 4778
f 4818 4778 4819
f 4819 4778 4779
f 4819 4779 4820
f 4820 4779 4780
f 4820 4780 4821
f 4821 4780 4781
f 4821 4781 4822
f 4822 4781 4782
f 4822 4782 4823
f 4823 4782 4783
f 4823 4783 4824
f 4824 4783 4784
f 4824 4784 4825
f 4825 4784 4785
f 4825 4785 4826
f 4826 4785 4786
f 4826 4786 4827
f 4827 4786 4787
f 4827 4787 4828
f 4828 4787 4788
f 4828 4788 4829
f 4829 4788 4789
f 4829 4789 4830
f 4830 4789 4790
f 4830 4790 4831
f 4831 4790 4791
f 4831 4791 4832
f 4832 4791 4792
f 4832 4792 4833
f 4833 4792 4793
f 4833 4793 4834
f 4834 4793 4794
f 4834 4794 4835
f 4835 4794 4795
f 4835 4795 4836
f 4836 4795 4796
f 4836 4796 4837
f 4837 4796 4797
f 4837 4797 4838
f 4838 4797 4798
f 4838 4798 4839
f 4839 4798 4799
f 4839 4799 4840
f 4840 4799 4800
f 4840 4800 4841
f 4841 4800 4801
f 4841 4801 4842
f 4842 4801 4802
f 4842 4802 4843
f 4843 4802 4803
f 4843 4803 4844
f 4844 4803 4804
f 4844 4804 4845
f 4845 4804 4805
f 4845 4805 4846
f 4846 4805 4806
f 4846 4806 4847
f 4847 4806 4807
f 4847 4807 4848
f 4848 4807 4808
f 4848 4808 4849
f 4556 4559 4557
f 4557 4559 4809
f 4557 4809 4850
f 4850 4809 4810
f 4850 4810 4851
f 4851 4810 4811
f 4851 4811 4852
f 4852 4811 4812
f 4852 4812 4853
f 4853 4812 4813
f 4853 4813 4854
f 4854 4813 4814
f 4854 4814 4855
f 4855 4814 4815
f 4855 4815 4856
f 4856 4815 4816
f 4856 4816 4857
f 4857 4816 4817
f 4857 4817 4858
f 4858 4817 4818
f 4858 4818 4859
f 4859 4818 4819
f 4859 4819 4860
f 4860 4819 4820
f 4860 4820 4861
f 4861 4820 4821
f 4861 4821 4862
f 4862 4821 4822
f 4862 4822 4863
f 4863 4822 4823
f 4863 4823 4864
f 4864 4823 4824
f 4864 4824 4865
f 4865 4824 4825
f 4865 4825 4866
f 4866 4825 4826
f 4866 4826 4867
f 4867 4826 4827
f 4867 4827 4868
f 4868 4827 4828
f 4868 4828 4869
f 4869 4828 4829
f 4869 4829 4870
f 4870 4829 4830
f 4870 4830 4871
f 4871 4830 4831
f 4871 4831 4872
f 4872 4831 4832
f 4872 4832 4873
f 4873 4832 4833
f 4873 4833 4874
f 4874 4833 4834
f 4874 4834 4875
f 4875 4834 4835
f 4875 4835 4876
f 4876 4835 4836
f 4876 4836 4877
f 4877 4836 4837
f 4877 4837 4878
f 4878 4837 4838
f 4878 4838 4879
f 4879 4838 4839
f 4879 4839 4880
f 4880 4839 4840
f 4880 4840 4881
f 4881 4840 4841
f 4881 4841 4882
f 4882 4841 4842
f 4882 4842 4883
f 4883 4842 4843
f 4883 4843 4884
f 4884 4843 4844
f 4884 4844 4885
f 4885 4844 4845
f 4885 4845 4886
f 4886 4845 4846
f 4886 4846 4887
f 4887 4846 4847
f 4887 4847 4888
f 4888 4847 4848
f 4888 4848 4889
f 4889 4848 4849
f 4889 4849 4890
f 4555 4557 4570
f 4570 4557 4850
f 4570 4850 4579
f 4579 4850 4851
f 4579 4851 4578
f 4578 4851 4852
f 4578 4852 4577
f 4577 4852 4853
f 4577 4853 4576
f 4576 4853 4854
f 4576 4854 4575
f 4575 4854 4855
f 4575 4855 4588
f 4588 4855 4856
f 4588 4856 4589
f 4589 4856 4857
f 4589 4857 4590
f 4590 4857 4858
f 4590 4858 4591
f 4591 4858 4859
f 4591 4859 4592
f 4592 4859 4860
f 4592 4860 4593
f 4593 4860 4861
f 4593 4861 4594
f 4594 4861 4862
f 4594 4862 4601
f 4601 4862 4863
f 4601 4863 4600
f 4600 4863 4864
f 4600 4864 4599
f 4599 4864 4865
f 4599 4865 4598
f 4598 4865 4866
f 4598 4866 4617
f 4617 4866 4867
f 4617 4867 4616
f 4616 4867 4868
f 4616 4868 4615
f 4615 4868 4869
f 4615 4869 4614
f 4614 4869 4870
f 4614 4870 4613
f 4613 4870 4871
f 4613 4871 4612
f 4612 4871 4872
f 4612 4872 4611
f 4611 4872 4873
f 4611 4873 4610
f 4610 4873 4874
f 4610 4874 4627
f 4627 4874 4875
f 4627 4875 4626
f 4626 4875 4876
f 4626 4876 4625
f 4625 4876 4877
f 4625 4877 4624
f 4624 4877 4878
f 4624 4878 4623
f 4623 4878 4879
f 4623 4879 4634
f 4634 4879 4880
f 4634 4880 4633
f 4633 4880 4881
f 4633 4881 4632
f 4632 4881 4882
f 4632 4882 4631
f 4631 4882 4883
f 4631 4883 4891
f 4891 4883 4884
f 4891 4884 4892
f 4892 4884 4885
f 4892 4885 4893
f 4893 4885 4886
f 4893 4886 4894
f 4894 4886 4887
f 4894 4887 4895
f 4895 4887 4888
f 4895 4888 4896
f 4896 4888 4889
f 4896 4889 4897
f 4897 4889 4890
f 4897 4890 4898
f 2199 2200 4898
f 4898 2200 2194
f 4898 2194 4897
f 4897 2194 2193
f 4897 2193 4896
f 4896 2193 2192
f 4896 2192 4895
f 4895 2192 2191
f 4895 2191 4894
f 4894 2191 2190
f 4894 2190 4893
f 4893 2190 2188
f 4893 2188 4892
f 4892 2188 2187
f 4892 2187 4891
f 4891 2187 2203
f 4891 2203 4631
f 4631 2203 2205
f 4631 2205 2206
f 2136 4554 2134
f 2133 2134 4644
f 4644 2134 4554
f 4644 4554 4685
f 4685 4554 4899
f 4685 4899 4726
f 4726 4899 4900
f 4726 4900 4767
f 4767 4900 4901
f 4767 4901 4808
f 4808 4901 4902
f 4808 4902 4849
f 4849 4902 4903
f 4849 4903 4890
f 4890 4903 4904
f 4890 4904 4898
f 4898 4904 4905
f 4898 4905 2199
f 2199 4905 2197
f 2195 2197 4906
f 4906 2197 4905
f 4906 4905 4907
f 4907 4905 4904
f 4907 4904 4908
f 4908 4904 4903
f 4908 4903 4909
f 4909 4903 4902
f 4909 4902 4910
f 4910 4902 4901
f 4910 4901 4911
f 4911 4901 4900
f 4911 4900 4912
f 4912 4900 4899
f 4912 4899 4913
f 4913 4899 4554
f 4913 4554 2138
f 2138 4554 2139
f 2184 2195 4914
f 4914 2195 4906
f 4914 4906 4915
f 4915 4906 4907
f 4915 4907 4916
f 4916 4907 4908
f 4916 4908 4917
f 4917 4908 4909
f 4917 4909 4918
f 4918 4909 4910
f 4918 4910 4919
f 4919 4910 4911
f 4919 4911 4920
f 4920 4911 4912
f 4920 4912 4921
f 4921 4912 4913
f 4921 4913 2144
f 2144 4913 2138
f 2141 4553 2143
f 2185 2184 4552
f 4552 2184 4914
f 4552 4914 4922
f 4922 4914 4915
f 4922 4915 4923
f 4923 4915 4916
f 4923 4916 4924
f 4924 4916 4917
f 4924 4917 4925
f 4925 4917 4918
f 4925 4918 4926
f 4926 4918 4919
f 4926 4919 4927
f 4927 4919 4920
f 4927 4920 4553
f 4553 4920 4921
f 4553 4921 2143
f 2143 4921 2144
f 2140 2145 4553
f 4553 2145 4928
f 4553 4928 4927
f 4927 4928 4929
f 4927 4929 4926
f 4926 4929 4930
f 4926 4930 4925
f 4925 4930 4931
f 4925 4931 4924
f 4924 4931 4932
f 4924 4932 4923
f 4923 4932 4933
f 4923 4933 4922
f 4922 4933 4934
f 4922 4934 4552
f 4552 4934 4935
f 4552 4935 2186
f 2186 4935 2176
f 2177 2176 4936
f 4936 2176 4935
f 4936 4935 4937
f 4937 4935 4934
f 4937 4934 4938
f 4938 4934 4933
f 4938 4933 4939
f 4939 4933 4932
f 4939 4932 4940
f 4940 4932 4931
f 4940 4931 4941
f 4941 4931 4930
f 4941 4930 4942
f 4942 4930 4929
f 4942 4929 4551
f 4551 4929 4928
f 4551 4928 2147
f 2147 4928 2145
f 2178 2177 4943
f 4943 2177 4936
f 4943 4936 4944
f 4944 4936 4937
f 4944 4937 4945
f 4945 4937 4938
f 4945 4938 4946
f 4946 4938 4939
f 4946 4939 4947
f 4947 4939 4940
f 4947 4940 4948
f 4948 4940 4941
f 4948 4941 4949
f 4949 4941 4942
f 4949 4942 4950
f 4950 4942 4551
f 4950 4551 2150
f 2150 4551 2148
f 2179 2178 4951
f 4951 2178 4943
f 4951 4943 4952
f 4952 4943 4944
f 4952 4944 4953
f 4953 4944 4945
f 4953 4945 4954
f 4954 4945 4946
f 4954 4946 4955
f 4955 4946 4947
f 4955 4947 4956
f 4956 4947 4948
f 4956 4948 4957
f 4957 4948 4949
f 4957 4949 4550
f 4550 4949 4950
f 4550 4950 2153
f 2153 4950 2150
f 2180 2179 4958
f 4958 2179 4951
f 4958 4951 4959
f 4959 4951 4952
f 4959 4952 4960
f 4960 4952 4953
f 4960 4953 4961
f 4961 4953 4954
f 4961 4954 4962
f 4962 4954 4955
f 4962 4955 4963
f 4963 4955 4956
f 4963 4956 4964
f 4964 4956 4957
f 4964 4957 4549
f 4549 4957 4550
f 4549 4550 2158
f 2158 4550 2152
f 2183 2180 4965
f 4965 2180 4958
f 4965 4958 4966
f 4966 4958 4959
f 4966 4959 4967
f 4967 4959 4960
f 4967 4960 4968
f 4968 4960 4961
f 4968 4961 4969
f 4969 4961 4962
f 4969 4962 4970
f 4970 4962 4963
f 4970 4963 4971
f 4971 4963 4964
f 4971 4964 4972
f 4972 4964 4549
f 4972 4549 2155
f 2155 4549 2157
f 2181 2183 4546
f 4546 2183 4965
f 4546 4965 4973
f 4973 4965 4966
f 4973 4966 4974
f 4974 4966 4967
f 4974 4967 4975
f 4975 4967 4968
f 4975 4968 4976
f 4976 4968 4969
f 4976 4969 4977
f 4977 4969 4970
f 4977 4970 4978
f 4978 4970 4971
f 4978 4971 4548
f 4548 4971 4972
f 4548 4972 2154
f 2154 4972 2155
f 2169 2182 4979
f 4979 2182 4546
f 4979 4546 4980
f 4980 4546 4973
f 4980 4973 4981
f 4981 4973 4974
f 4981 4974 4982
f 4982 4974 4975
f 4982 4975 4983
f 4983 4975 4976
f 4983 4976 4984
f 4984 4976 4977
f 4984 4977 4985
f 4985 4977 4978
f 4985 4978 4547
f 4547 4978 4548
f 4547 4548 2164
f 2164 4548 2165
f 2170 2169 4986
f 4986 2169 4979
f 4986 4979 4987
f 4987 4979 4980
f 4987 4980 4988
f 4988 4980 4981
f 4988 4981 4989
f 4989 4981 4982
f 4989 4982 4990
f 4990 4982 4983
f 4990 4983 4991
f 4991 4983 4984
f 4991 4984 4992
f 4992 4984 4985
f 4992 4985 4993
f 4993 4985 4547
f 4993 4547 2162
f 2162 4547 2163
f 2171 2170 4994
f 4994 2170 4986
f 4994 4986 4995
f 4995 4986 4987
f 4995 4987 4996
f 4996 4987 4988
f 4996 4988 4997
f 4997 4988 4989
f 4997 4989 4998
f 4998 4989 4990
f 4998 4990 4999
f 4999 4990 4991
f 4999 4991 5000
f 5000 4991 4992
f 5000 4992 4545
f 4545 4992 4993
f 4545 4993 2160
f 2160 4993 2162
f 2172 2171 4555
f 4555 2171 4994
f 4555 4994 4556
f 4556 4994 4995
f 4556 4995 4558
f 4558 4995 4996
f 4558 4996 4560
f 4560 4996 4997
f 4560 4997 4562
f 4562 4997 4998
f 4562 4998 4564
f 4564 4998 4999
f 4564 4999 4566
f 4566 4999 5000
f 4566 5000 4568
f 4568 5000 4545
f 4568 4545 2167
f 2167 4545 2168
f 5001 5002 2272
f 2272 2273 5001
f 5001 2273 2274
f 5001 2274 5003
f 5003 2274 2275
f 5003 2275 5004
f 2275 2276 5004
f 5004 2276 2277
f 5004 2277 5005
f 2277 2278 5005
f 5005 2278 2279
f 5005 2279 5006
f 5006 2279 2280
f 5006 2280 5007
f 2280 2281 5007
f 5007 2281 2282
f 5007 2282 5008
f 2282 2283 5008
f 5008 2283 2284
f 5008 2284 5009
f 2284 2285 5009
f 5009 2285 2286
f 5009 2286 5010
f 5010 2286 2287
f 5010 2287 5011
f 2287 2288 5011
f 5011 2288 2289
f 5011 2289 5012
f 2289 2290 5012
f 5012 2290 2291
f 5012 2291 5013
f 5013 2291 2292
f 5013 2292 5014
f 2292 2293 5014
f 5014 2293 2294
f 5014 2294 5015
f 2294 2295 5015
f 5015 2295 2296
f 5015 2296 5016
f 2296 2297 5016
f 5016 2297 2298
f 5016 2298 5017
f 5017 2298 2299
f 5017 2299 5018
f 2299 2300 5018
f 5018 2300 2301
f 5018 2301 5019
f 2301 2302 5019
f 5019 2302 2303
f 5019 2303 5020
f 5020 2303 2304
f 5020 2304 5021
f 2304 2305 5021
f 5021 2305 2306
f 5021 2306 5022
f 2306 2307 5022
f 5022 2307 2308
f 5022 2308 5023
f 5023 2308 2309
f 5023 2309 5024
f 2309 2310 5024
f 5024 2310 2311
f 5024 2311 5025
f 2311 2312 5025
f 5025 2312 2313
f 5025 2313 5026
f 2313 2314 5026
f 5026 2314 2315
f 5026 2315 5027
f 5027 2315 2316
f 5027 2316 5028
f 2316 2317 5028
f 5028 2317 2318
f 5028 2318 5029
f 2318 2319 5029
f 5029 2319 2320
f 5029 2320 5030
f 5030 2320 2321
f 5030 2321 5031
f 5031 2321 2322
f 5031 2322 5032
f 2322 2323 5032
f 5032 2323 2324
f 5032 2324 5033
f 2324 2325 5033
f 5033 2325 2326
f 5033 2326 5034
f 5034 2326 2327
f 5034 2327 5035
f 2327 2328 5035
f 5035 2328 2329
f 5035 2329 5036
f 2329 2330 5036
f 5036 2330 2331
f 5036 2331 5037
f 5037 2331 2332
f 5037 2332 5038
f 2332 2333 5038
f 5038 2333 2334
f 5038 2334 5039
f 2334 2335 5039
f 5039 2335 2336
f 5039 2336 5040
f 2336 2337 5040
f 5040 2337 2338
f 5040 2338 5041
f 5041 2338 2339
f 5041 2339 5042
f 2339 2340 5042
f 5042 2340 2232
f 5042 2232 5043
f 2232 2234 5043
f 5043 2234 2221
f 5043 2221 5044
f 5044 2221 2229
f 5044 2229 5045
f 2229 2225 5045
f 5045 2225 2207
f 5045 2207 5046
f 2207 2212 5046
f 5046 2212 2214
f 5046 2214 5047
f 2214 2216 5047
f 5047 2216 2204
f 5047 2204 5048
f 5048 2204 2202
f 5048 2202 5049
f 2202 2201 5049
f 5049 2201 2189
f 5049 2189 5050
f 2189 2198 5050
f 5050 2198 2196
f 5050 2196 5051
f 5051 2196 2252
f 5051 2252 5052
f 2252 2253 5052
f 5052 2253 2254
f 5052 2254 5053
f 2254 2255 5053
f 5053 2255 2256
f 5053 2256 5054
f 5054 2256 2257
f 5054 2257 5055
f 2257 2258 5055
f 5055 2258 2259
f 5055 2259 5056
f 2259 2260 5056
f 5056 2260 2261
f 5056 2261 5057
f 2261 2262 5057
f 5057 2262 2263
f 5057 2263 5058
f 5058 2263 2264
f 5058 2264 5059
f 2264 2265 5059
f 5059 2265 2266
f 5059 2266 5060
f 2266 2267 5060
f 5060 2267 2268
f 5060 2268 5061
f 5061 2268 2269
f 5061 2269 5062
f 5062 2269 2270
f 5062 2270 5002
f 5002 2270 2271
f 5002 2271 2272
f 5061 5063 5060
f 5060 5063 5064
f 5060 5064 5059
f 5059 5064 5065
f 5059 5065 5058
f 5058 5065 5066
f 5058 5066 5057
f 5057 5066 5067
f 5057 5067 5056
f 5056 5067 5068
f 5056 5068 5055
f 5055 5068 5069
f 5055 5069 5054
f 5054 5069 5070
f 5054 5070 5053
f 5053 5070 5071
f 5053 5071 5052
f 5052 5071 5072
f 5052 5072 5051
f 5051 5072 5073
f 5051 5073 5050
f 5050 5073 5074
f 5050 5074 5049
f 5049 5074 5075
f 5049 5075 5048
f 5048 5075 5076
f 5048 5076 5047
f 5047 5076 5077
f 5047 5077 5046
f 5046 5077 5078
f 5046 5078 5045
f 5045 5078 5079
f 5045 5079 5044
f 5044 5079 5080
f 5044 5080 5043
f 5043 5080 5081
f 5043 5081 5042
f 5042 5081 5082
f 5042 5082 5041
f 5041 5082 5083
f 5041 5083 5040
f 5040 5083 5084
f 5040 5084 5039
f 5039 5084 5085
f 5039 5085 5038
f 5038 5085 5086
f 5038 5086 5037
f 5037 5086 5087
f 5037 5087 5036
f 5036 5087 5088
f 5036 5088 5035
f 5035 5088 5089
f 5035 5089 5034
f 5034 5089 5090
f 5034 5090 5033
f 5033 5090 5091
f 5033 5091 5032
f 5032 5091 5092
f 5032 5092 5031
f 5031 5092 5093
f 5031 5093 5030
f 5030 5093 5094
f 5030 5094 5029
f 5029 5094 5095
f 5029 5095 5028
f 5028 5095 5096
f 5028 5096 5027
f 5027 5096 5097
f 5027 5097 5026
f 5026 5097 5098
f 5026 5098 5025
f 5025 5098 5099
f 5025 5099 5024
f 5024 5099 5100
f 5024 5100 5023
f 5023 5100 5101
f 5023 5101 5022
f 5022 5101 5102
f 5022 5102 5021
f 5021 5102 5103
f 5021 5103 5020
f 5020 5103 5104
f 5020 5104 5019
f 5019 5104 5105
f 5019 5105 5018
f 5018 5105 5106
f 5018 5106 5017
f 5017 5106 5107
f 5017 5107 5016
f 5016 5107 5108
f 5016 5108 5015
f 5015 5108 5109
f 5015 5109 5014
f 5014 5109 5110
f 5014 5110 5013
f 5013 5110 5111
f 5013 5111 5012
f 5012 5111 5112
f 5012 5112 5011
f 5011 5112 5113
f 5011 5113 5010
f 5010 5113 5114
f 5010 5114 5009
f 5009 5114 5115
f 5009 5115 5008
f 5008 5115 5116
f 5008 5116 5007
f 5007 5116 5117
f 5007 5117 5006
f 5006 5117 5118
f 5006 5118 5005
f 5005 5118 5119
f 5005 5119 5004
f 5004 5119 5120
f 5004 5120 5003
f 5003 5120 5121
f 5003 5121 5001
f 5001 5121 5122
f 5001 5122 5002
f 5002 5122 5123
f 5002 5123 5062
f 5062 5123 5124
f 5062 5124 5061
f 5061 5124 5063
f 5063 5125 5064
f 5064 5125 5126
f 5064 5126 5065
f 5065 5126 5127
f 5065 5127 5066
f 5066 5127 5128
f 5066 5128 5067
f 5067 5128 5129
f 5067 5129 5068
f 5068 5129 5130
f 5068 5130 5069
f 5069 5130 5131
f 5069 5131 5070
f 5070 5131 5132
f 5070 5132 5071
f 5071 5132 5133
f 5071 5133 5072
f 5072 5133 5134
f 5072 5134 5073
f 5073 5134 5135
f 5073 5135 5074
f 5074 5135 5136
f 5074 5136 5075
f 5075 5136 5137
f 5075 5137 5076
f 5076 5137 5138
f 5076 5138 5077
f 5077 5138 5139
f 5077 5139 5078
f 5078 5139 5140
f 5078 5140 5079
f 5079 5140 5141
f 5079 5141 5080
f 5080 5141 5142
f 5080 5142 5081
f 5081 5142 5143
f 5081 5143 5082
f 5082 5143 5144
f 5082 5144 5083
f 5083 5144 5145
f 5083 5145 5084
f 5084 5145 5146
f 5084 5146 5085
f 5085 5146 5147
f 5085 5147 5086
f 5086 5147 5148
f 5086 5148 5087
f 5087 5148 5149
f 5087 5149 5088
f 5088 5149 5150
f 5088 5150 5089
f 5089 5150 5151
f 5089 5151 5090
f 5090 5151 5152
f 5090 5152 5091
f 5091 5152 5153
f 5091 5153 5092
f 5092 5153 5154
f 5092 5154 5093
f 5093 5154 5155
f 5093 5155 5094
f 5094 5155 5156
f 5094 5156 5095
f 5095 5156 5157
f 5095 5157 5096
f 5096 5157 5158
f 5096 5158 5097
f 5097 5158 5159
f 5097 5159 5098
f 5098 5159 5160
f 5098 5160 5099
f 5099 5160 5161
f 5099 5161 5100
f 5100 5161 5162
f 5100 5162 5101
f 5101 5162 5163
f 5101 5163 5102
f 5102 5163 5164
f 5102 5164 5103
f 5103 5164 5165
f 5103 5165 5104
f 5104 5165 5166
f 5104 5166 5105
f 5105 5166 5167
f 5105 5167 5106
f 5106 5167 5168
f 5106 5168 5107
f 5107 5168 5169
f 5107 5169 5108
f 5108 5169 5170
f 5108 5170 5109
f 5109 5170 5171
f 5109 5171 5110
f 5110 5171 5172
f 5110 5172 5111
f 5111 5172 5173
f 5111 5173 5112
f 5112 5173 5174
f 5112 5174 5113
f 5113 5174 5175
f 5113 5175 5114
f 5114 5175 5176
f 5114 5176 5115
f 5115 5176 5177
f 5115 5177 5116
f 5116 5177 5178
f 5116 5178 5117
f 5117 5178 5179
f 5117 5179 5118
f 5118 5179 5180
f 5118 5180 5119
f 5119 5180 5181
f 5119 5181 5120
f 5120 5181 5182
f 5120 5182 5121
f 5121 5182 5183
f 5121 5183 5122
f 5122 5183 5184
f 5122 5184 5123
f 5123 5184 5185
f 5123 5185 5124
f 5124 5185 5186
f 5124 5186 5063
f 5063 5186 5125
f 5125 5187 5126
f 5126 5187 5188
f 5126 5188 5127
f 5127 5188 5189
f 5127 5189 5128
f 5128 5189 5190
f 5128 5190 5129
f 5129 5190 5191
f 5129 5191 5130
f 5130 5191 5192
f 5130 5192 5131
f 5131 5192 5193
f 5131 5193 5132
f 5132 5193 5194
f 5132 5194 5133
f 5133 5194 5195
f 5133 5195 5134
f 5134 5195 5196
f 5134 5196 5135
f 5135 5196 5197
f 5135 5197 5136
f 5136 5197 5198
f 5136 5198 5137
f 5137 5198 5199
f 5137 5199 5138
f 5138 5199 5200
f 5138 5200 5139
f 5139 5200 5201
f 5139 5201 5140
f 5140 5201 5202
f 5140 5202 5141
f 5141 5202 5203
f 5141 5203 5142
f 5142 5203 5204
f 5142 5204 5143
f 5143 5204 5205
f 5143 5205 5144
f 5144 5205 5206
f 5144 5206 5145
f 5145 5206 5207
f 5145 5207 5146
f 5146 5207 5208
f 5146 5208 5147
f 5147 5208 5209
f 5147 5209 5148
f 5148 5209 5210
f 5148 5210 5149
f 5149 5210 5211
f 5149 5211 5150
f 5150 5211 5212
f 5150 5212 5151
f 5151 5212 5213
f 5151 5213 5152
f 5152 5213 5214
f 5152 5214 5153
f 5153 5214 5215
f 5153 5215 5154
f 5154 5215 5216
f 5154 5216 5155
f 5155 5216 5217
f 5155 5217 5156
f 5156 5217 5218
f 5156 5218 5157
f 5157 5218 5219
f 5157 5219 5158
f 5158 5219 5220
f 5158 5220 5159
f 5159 5220 5221
f 5159 5221 5160
f 5160 5221 5222
f 5160 5222 5161
f 5161 5222 5223
f 5161 5223 5162
f 5162 5223 5224
f 5162 5224 5163
f 5163 5224 5225
f 5163 5225 5164
f 5164 5225 5226
f 5164 5226 5165
f 5165 5226 5227
f 5165 5227 5166
f 5166 5227 5228
f 5166 5228 5167
f 5167 5228 5229
f 5167 5229 5168
f 5168 5229 5230
f 5168 5230 5169
f 5169 5230 5231
f 5169 5231 5170
f 5170 5231 5232
f 5170 5232 5171
f 5171 5232 5233
f 5171 5233 5172
f 5172 5233 5234
f 5172 5234 5173
f 5173 5234 5235
f 5173 5235 5174
f 5174 5235 5236
f 5174 5236 5175
f 5175 5236 5237
f 5175 5237 5176
f 5176 5237 5238
f 5176 5238 5177
f 5177 5238 5239
f 5177 5239 5178
f 5178 5239 5240
f 5178 5240 5179
f 5179 5240 5241
f 5179 5241 5180
f 5180 5241 5242
f 5180 5242 5181
f 5181 5242 5243
f 5181 5243 5182
f 5182 5243 5244
f 5182 5244 5183
f 5183 5244 5245
f 5183 5245 5184
f 5184 5245 5246
f 5184 5246 5185
f 5185 5246 5247
f 5185 5247 5186
f 5186 5247 5248
f 5186 5248 5125
f 5125 5248 5187
f 5187 5249 5188
f 5188 5249 5250
f 5188 5250 5189
f 5189 5250 5251
f 5189 5251 5190
f 5190 5251 5252
f 5190 5252 5191
f 5191 5252 5253
f 5191 5253 5192
f 5192 5253 5254
f 5192 5254 5193
f 5193 5254 5255
f 5193 5255 5194
f 5194 5255 5256
f 5194 5256 5195
f 5195 5256 5257
f 5195 5257 5196
f 5196 5257 5258
f 5196 5258 5197
f 5197 5258 5259
f 5197 5259 5198
f 5198 5259 5260
f 5198 5260 5199
f 5199 5260 5261
f 5199 5261 5200
f 5200 5261 5262
f 5200 5262 5201
f 5201 5262 5263
f 5201 5263 5202
f 5202 5263 5264
f 5202 5264 5203
f 5203 5264 5265
f 5203 5265 5204
f 5204 5265 5266
f 5204 5266 5205
f 5205 5266 5267
f 5205 5267 5206
f 5206 5267 5268
f 5206 5268 5207
f 5207 5268 5269
f 5207 5269 5208
f 5208 5269 5270
f 5208 5270 5209
f 5209 5270 5271
f 5209 5271 5210
f 5210 5271 5272
f 5210 5272 5211
f 5211 5272 5273
f 5211 5273 5212
f 5212 5273 5274
f 5212 5274 5213
f 5213 5274 5275
f 5213 5275 5214
f 5214 5275 5276
f 5214 5276 5215
f 5215 5276 5277
f 5215 5277 5216
f 5216 5277 5278
f 5216 5278 5217
f 5217 5278 5279
f 5217 5279 5218
f 5218 5279 5280
f 5218 5280 5219
f 5219 5280 5281
f 5219 5281 5220
f 5220 5281 5282
f 5220 5282 5221
f 5221 5282 5283
f 5221 5283 5222
f 5222 5283 5284
f 5222 5284 5223
f 5223 5284 5285
f 5223 5285 5224
f 5224 5285 5286
f 5224 5286 5225
f 5225 5286 5287
f 5225 5287 5226
f 5226 5287 5288
f 5226 5288 5227
f 5227 5288 5289
f 5227 5289 5228
f 5228 5289 5290
f 5228 5290 5229
f 5229 5290 5291
f 5229 5291 5230
f 5230 5291 5292
f 5230 5292 5231
f 5231 5292 5293
f 5231 5293 5232
f 5232 5293 5294
f 5232 5294 5233
f 5233 5294 5295
f 5233 5295 5234
f 5234 5295 5296
f 5234 5296 5235
f 5235 5296 5297
f 5235 5297 5236
f 5236 5297 5298
f 5236 5298 5237
f 5237 5298 5299
f 5237 5299 5238
f 5238 5299 5300
f 5238 5300 5239
f 5239 5300 5301
f 5239 5301 5240
f 5240 5301 5302
f 5240 5302 5241
f 5241 5302 5303
f 5241 5303 5242
f 5242 5303 5304
f 5242 5304 5243
f 5243 5304 5305
f 5243 5305 5244
f 5244 5305 5306
f 5244 5306 5245
f 5245 5306 5307
f 5245 5307 5246
f 5246 5307 5308
f 5246 5308 5247
f 5247 5308 5309
f 5247 5309 5248
f 5248 5309 5310
f 5248 5310 5187
f 5187 5310 5249
f 5249 5311 5250
f 5250 5311 5312
f 5250 5312 5251
f 5251 5312 5313
f 5251 5313 5252
f 5252 5313 5314
f 5252 5314 5253
f 5253 5314 5315
f 5253 5315 5254
f 5254 5315 5316
f 5254 5316 5255
f 5255 5316 5317
f 5255 5317 5256
f 5256 5317 5318
f 5256 5318 5257
f 5257 5318 5319
f 5257 5319 5258
f 5258 5319 5320
f 5258 5320 5259
f 5259 5320 5321
f 5259 5321 5260
f 5260 5321 5322
f 5260 5322 5261
f 5261 5322 5323
f 5261 5323 5262
f 5262 5323 5324
f 5262 5324 5263
f 5263 5324 5325
f 5263 5325 5264
f 5264 5325 5326
f 5264 5326 5265
f 5265 5326 5327
f 5265 5327 5266
f 5266 5327 5328
f 5266 5328 5267
f 5267 5328 5329
f 5267 5329 5268
f 5268 5329 5330
f 5268 5330 5269
f 5269 5330 5331
f 5269 5331 5270
f 5270 5331 5332
f 5270 5332 5271
f 5271 5332 5333
f 5271 5333 5272
f 5272 5333 5334
f 5272 5334 5273
f 5273 5334 5335
f 5273 5335 5274
f 5274 5335 5336
f 5274 5336 5275
f 5275 5336 5337
f 5275 5337 5276
f 5276 5337 5338
f 5276 5338 5277
f 5277 5338 5339
f 5277 5339 5278
f 5278 5339 5340
f 5278 5340 5279
f 5279 5340 5341
f 5279 5341 5280
f 5280 5341 5342
f 5280 5342 5281
f 5281 5342 5343
f 5281 5343 5282
f 5282 5343 5344
f 5282 5344 5283
f 5283 5344 5345
f 5283 5345 5284
f 5284 5345 5346
f 5284 5346 5285
f 5285 5346 5347
f 5285 5347 5286
f 5286 5347 5348
f 5286 5348 5287
f 5287 5348 5349
f 5287 5349 5288
f 5288 5349 5350
f 5288 5350 5289
f 5289 5350 5351
f 5289 5351 5290
f 5290 5351 5352
f 5290 5352 5291
f 5291 5352 5353
f 5291 5353 5292
f 5292 5353 5354
f 5292 5354 5293
f 5293 5354 5355
f 5293 5355 5294
f 5294 5355 5356
f 5294 5356 5295
f 5295 5356 5357
f 5295 5357 5296
f 5296 5357 5358
f 5296 5358 5297
f 5297 5358 5359
f 5297 5359 5298
f 5298 5359 5360
f 5298 5360 5299
f 5299 5360 5361
f 5299 5361 5300
f 5300 5361 5362
f 5300 5362 5301
f 5301 5362 5363
f 5301 5363 5302
f 5302 5363 5364
f 5302 5364 5303
f 5303 5364 5365
f 5303 5365 5304
f 5304 5365 5366
f 5304 5366 5305
f 5305 5366 5367
f 5305 5367 5306
f 5306 5367 5368
f 5306 5368 5307
f 5307 5368 5369
f 5307 5369 5308
f 5308 5369 5370
f 5308 5370 5309
f 5309 5370 5371
f 5309 5371 5310
f 5310 5371 5372
f 5310 5372 5249
f 5249 5372 5311
f 5311 5373 5312
f 5312 5373 5374
f 5312 5374 5313
f 5313 5374 5375
f 5313 5375 5314
f 5314 5375 5376
f 5314 5376 5315
f 5315 5376 5377
f 5315 5377 5316
f 5316 5377 5378
f 5316 5378 5317
f 5317 5378 5379
f 5317 5379 5318
f 5318 5379 5380
f 5318 5380 5319
f 5319 5380 5381
f 5319 5381 5320
f 5320 5381 5382
f 5320 5382 5321
f 5321 5382 5383
f 5321 5383 5322
f 5322 5383 5384
f 5322 5384 5323
f 5323 5384 5385
f 5323 5385 5324
f 5324 5385 5386
f 5324 5386 5325
f 5325 5386 5387
f 5325 5387 5326
f 5326 5387 5388
f 5326 5388 5327
f 5327 5388 5389
f 5327 5389 5328
f 5328 5389 5390
f 5328 5390 5329
f 5329 5390 5391
f 5329 5391 5330
f 5330 5391 5392
f 5330 5392 5331
f 5331 5392 5393
f 5331 5393 5332
f 5332 5393 5394
f 5332 5394 5333
f 5333 5394 5395
f 5333 5395 5334
f 5334 5395 5396
f 5334 5396 5335
f 5335 5396 5397
f 5335 5397 5336
f 5336 5397 5398
f 5336 5398 5337
f 5337 5398 5399
f 5337 5399 5338
f 5338 5399 5400
f 5338 5400 5339
f 5339 5400 5401
f 5339 5401 5340
f 5340 5401 5402
f 5340 5402 5341
f 5341 5402 5403
f 5341 5403 5342
f 5342 5403 5404
f 5342 5404 5343
f 5343 5404 5405
f 5343 5405 5344
f 5344 5405 5406
f 5344 5406 5345
f 5345 5406 5407
f 5345 5407 5346
f 5346 5407 5408
f 5346 5408 5347
f 5347 5408 5409
f 5347 5409 5348
f 5348 5409 5410
f 5348 5410 5349
f 5349 5410 5411
f 5349 5411 5350
f 5350 5411 5412
f 5350 5412 5351
f 5351 5412 5413
f 5351 5413 5352
f 5352 5413 5414
f 5352 5414 5353
f 5353 5414 5415
f 5353 5415 5354
f 5354 5415 5416
f 5354 5416 5355
f 5355 5416 5417
f 5355 5417 5356
f 5356 5417 5418
f 5356 5418 5357
f 5357 5418 5419
f 5357 5419 5358
f 5358 5419 5420
f 5358 5420 5359
f 5359 5420 5421
f 5359 5421 5360
f 5360 5421 5422
f 5360 5422 5361
f 5361 5422 5423
f 5361 5423 5362
f 5362 5423 5424
f 5362 5424 5363
f 5363 5424 5425
f 5363 5425 5364
f 5364 5425 5426
f 5364 5426 5365
f 5365 5426 5427
f 5365 5427 5366
f 5366 5427 5428
f 5366 5428 5367
f 5367 5428 5429
f 5367 5429 5368
f 5368 5429 5430
f 5368 5430 5369
f 5369 5430 5431
f 5369 5431 5370
f 5370 5431 5432
f 5370 5432 5371
f 5371 5432 5433
f 5371 5433 5372
f 5372 5433 5434
f 5372 5434 5311
f 5311 5434 5373
f 5373 5435 5374
f 5374 5435 5436
f 5374 5436 5375
f 5375 5436 5437
f 5375 5437 5376
f 5376 5437 5438
f 5376 5438 5377
f 5377 5438 5439
f 5377 5439 5378
f 5378 5439 5440
f 5378 5440 5379
f 5379 5440 5441
f 5379 5441 5380
f 5380 5441 5442
f 5380 5442 5381
f 5381 5442 5443
f 5381 5443 5382
f 5382 5443 5444
f 5382 5444 5383
f 5383 5444 5445
f 5383 5445 5384
f 5384 5445 5446
f 5384 5446 5385
f 5385 5446 5447
f 5385 5447 5386
f 5386 5447 5448
f 5386 5448 5387
f 5387 5448 5449
f 5387 5449 5388
f 5388 5449 5450
f 5388 5450 5389
f 5389 5450 5451
f 5389 5451 5390
f 5390 5451 5452
f 5390 5452 5391
f 5391 5452 5453
f 5391 5453 5392
f 5392 5453 5454
f 5392 5454 5393
f 5393 5454 5455
f 5393 5455 5394
f 5394 5455 5456
f 5394 5456 5395
f 5395 5456 5457
f 5395 5457 5396
f 5396 5457 5458
f 5396 5458 5397
f 5397 5458 5459
f 5397 5459 5398
f 5398 5459 5460
f 5398 5460 5399
f 5399 5460 5461
f 5399 5461 5400
f 5400 5461 5462
f 5400 5462 5401
f 5401 5462 5463
f 5401 5463 5402
f 5402 5463 5464
f 5402 5464 5403
f 5403 5464 5465
f 5403 5465 5404
f 5404 5465 5466
f 5404 5466 5405
f 5405 5466 5467
f 5405 5467 5406
f 5406 5467 5468
f 5406 5468 5407
f 5407 5468 5469
f 5407 5469 5408
f 5408 5469 5470
f 5408 5470 5409
f 5409 5470 5471
f 5409 5471 5410
f 5410 5471 5472
f 5410 5472 5411
f 5411 5472 5473
f 5411 5473 5412
f 5412 5473 5474
f 5412 5474 5413
f 5413 5474 5475
f 5413 5475 5414
f 5414 5475 5476
f 5414 5476 5415
f 5415 5476 5477
f 5415 5477 5416
f 5416 5477 5478
f 5416 5478 5417
f 5417 5478 5479
f 5417 5479 5418
f 5418 5479 5480
f 5418 5480 5419
f 5419 5480 5481
f 5419 5481 5420
f 5420 5481 5482
f 5420 5482 5421
f 5421 5482 5483
f 5421 5483 5422
f 5422 5483 5484
f 5422 5484 5423
f 5423 5484 5485
f 5423 5485 5424
f 5424 5485 5486
f 5424 5486 5425
f 5425 5486 5487
f 5425 5487 5426
f 5426 5487 5488
f 5426 5488 5427
f 5427 5488 5489
f 5427 5489 5428
f 5428 5489 5490
f 5428 5490 5429
f 5429 5490 5491
f 5429 5491 5430
f 5430 5491 5492
f 5430 5492 5431
f 5431 5492 5493
f 5431 5493 5432
f 5432 5493 5494
f 5432 5494 5433
f 5433 5494 5495
f 5433 5495 5434
f 5434 5495 5496
f 5434 5496 5373
f 5373 5496 5435
f 5435 1979 5436
f 5436 1979 1982
f 5436 1982 5437
f 5437 1982 1981
f 5437 1981 5438
f 5438 1981 1980
f 5438 1980 5439
f 5439 1980 1985
f 5439 1985 5440
f 5440 1985 1984
f 5440 1984 5441
f 5441 1984 1983
f 5441 1983 5442
f 5442 1983 1988
f 5442 1988 5443
f 5443 1988 1987
f 5443 1987 5444
f 5444 1987 1986
f 5444 1986 5445
f 5445 1986 1991
f 5445 1991 5446
f 5446 1991 1990
f 5446 1990 5447
f 5447 1990 1989
f 5447 1989 5448
f 5448 1989 1994
f 5448 1994 5449
f 5449 1994 1993
f 5449 1993 5450
f 5450 1993 1992
f 5450 1992 5451
f 5451 1992 1997
f 5451 1997 5452
f 5452 1997 1996
f 5452 1996 5453
f 5453 1996 1995
f 5453 1995 5454
f 5454 1995 2000
f 5454 2000 5455
f 5455 2000 1999
f 5455 1999 5456
f 5456 1999 1998
f 5456 1998 5457
f 5457 1998 2003
f 5457 2003 5458
f 5458 2003 2002
f 5458 2002 5459
f 5459 2002 2001
f 5459 2001 5460
f 5460 2001 2006
f 5460 2006 5461
f 5461 2006 2005
f 5461 2005 5462
f 5462 2005 2004
f 5462 2004 5463
f 5463 2004 2009
f 5463 2009 5464
f 5464 2009 2008
f 5464 2008 5465
f 5465 2008 2007
f 5465 2007 5466
f 5466 2007 2012
f 5466 2012 5467
f 5467 2012 2011
f 5467 2011 5468
f 5468 2011 2010
f 5468 2010 5469
f 5469 2010 2015
f 5469 2015 5470
f 5470 2015 2014
f 5470 2014 5471
f 5471 2014 2013
f 5471 2013 5472
f 5472 2013 2018
f 5472 2018 5473
f 5473 2018 2017
f 5473 2017 5474
f 5474 2017 2016
f 5474 2016 5475
f 5475 2016 2021
f 5475 2021 5476
f 5476 2021 2020
f 5476 2020 5477
f 5477 2020 2019
f 5477 2019 5478
f 5478 2019 2024
f 5478 2024 5479
f 5479 2024 2023
f 5479 2023 5480
f 5480 2023 2022
f 5480 2022 5481
f 5481 2022 2027
f 5481 2027 5482
f 5482 2027 2026
f 5482 2026 5483
f 5483 2026 2025
f 5483 2025 5484
f 5484 2025 2030
f 5484 2030 5485
f 5485 2030 2029
f 5485 2029 5486
f 5486 2029 2028
f 5486 2028 5487
f 5487 2028 2033
f 5487 2033 5488
f 5488 2033 2032
f 5488 2032 5489
f 5489 2032 2031
f 5489 2031 5490
f 5490 2031 2036
f 5490 2036 5491
f 5491 2036 2035
f 5491 2035 5492
f 5492 2035 2034
f 5492 2034 5493
f 5493 2034 2038
f 5493 2038 5494
f 5494 2038 2037
f 5494 2037 5495
f 5495 2037 1977
f 5495 1977 5496
f 5496 1977 1976
f 5496 1976 5435
f 5435 1976 1979
f 2526 2528 5497
f 2530 2532 5498
f 2635 2633 5499
f 2534 2536 5500
f 2538 2540 5501
f 2716 2715 5502
f 2544 2546 5503
f 2550 2517 5504
f 2513 2512 5505
f 2508 2506 5506
f 5507 2402 2400
f 5508 5509 5510
f 5509 5511 5512
f 5511 5513 5514
f 5513 5515 5516
f 5515 5517 5518
f 5517 5519 5520
f 5519 5521 5522
f 5521 5523 5524
f 5523 5525 5526
f 5525 5527 5528
f 5527 5529 5530
f 5529 5531 5532
f 5531 5533 5534
f 2522 2524 5535
f 5535 2524 5508
f 2522 5535 2520
f 2520 5535 5536
f 2520 5536 2518
f 2518 5536 2345
f 2345 5536 5537
f 2345 5537 2346
f 2346 5537 5538
f 2346 5538 2347
f 2347 5538 5539
f 2347 5539 2367
f 5540 2359 5541
f 5541 2359 2361
f 5541 2361 5542
f 5542 2361 2363
f 5542 2363 5539
f 5539 2363 2365
f 5539 2365 2367
f 5543 2350 5544
f 5544 2350 2353
f 5544 2353 5545
f 5545 2353 2355
f 5545 2355 5540
f 5540 2355 2357
f 5540 2357 2359
f 5546 2372 5547
f 5547 2372 2342
f 5547 2342 5543
f 5543 2342 2341
f 5543 2341 2350
f 5548 2376 5549
f 5549 2376 2375
f 5549 2375 5546
f 5546 2375 2370
f 5546 2370 2372
f 5550 2382 5551
f 5551 2382 2380
f 5551 2380 5548
f 5548 2380 2378
f 5548 2378 2376
f 5552 2388 5553
f 5553 2388 2386
f 5553 2386 5550
f 5550 2386 2384
f 5550 2384 2382
f 2398 2396 5554
f 5554 2396 2394
f 5554 2394 5555
f 5555 2394 2392
f 5555 2392 5552
f 5552 2392 2390
f 5552 2390 2388
f 2398 5554 2400
f 2400 5554 5556
f 2400 5556 5507
f 2402 5507 2403
f 2403 5507 5557
f 2403 5557 2407
f 2407 5557 2409
f 2409 5557 5558
f 2409 5558 2410
f 2410 5558 5559
f 2410 5559 2412
f 2412 5559 5560
f 2412 5560 2414
f 2414 5560 2416
f 2416 5560 5561
f 2416 5561 2418
f 2418 5561 2420
f 2420 5561 5562
f 2420 5562 2422
f 2422 5562 5563
f 2422 5563 2424
f 2424 5563 2426
f 2426 5563 5564
f 2426 5564 2428
f 2428 5564 5565
f 2428 5565 2430
f 2430 5565 2432
f 2432 5565 5566
f 2432 5566 2434
f 2434 5566 5567
f 2434 5567 2435
f 2435 5567 5568
f 2435 5568 2437
f 2437 5568 2439
f 2439 5568 5569
f 2439 5569 2441
f 2441 5569 2443
f 2443 5569 5570
f 2443 5570 2445
f 2445 5570 5571
f 2445 5571 2447
f 2447 5571 2449
f 2449 5571 5572
f 2449 5572 2451
f 2451 5572 5573
f 2451 5573 2453
f 2453 5573 2456
f 2456 5573 5574
f 2456 5574 2458
f 2756 5575 2691
f 2691 5575 5576
f 2691 5576 2690
f 2690 5576 5577
f 2690 5577 2688
f 2688 5577 5578
f 2688 5578 2694
f 2694 5578 5579
f 2694 5579 2693
f 2693 5579 5580
f 2693 5580 2682
f 2682 5580 5581
f 2682 5581 2683
f 2683 5581 5582
f 2683 5582 2685
f 2685 5582 5583
f 2685 5583 2687
f 2687 5583 5584
f 2687 5584 2677
f 2677 5584 5585
f 2677 5585 2678
f 2678 5585 5586
f 2678 5586 2680
f 2680 5586 5587
f 2680 5587 2674
f 2674 5587 5588
f 2674 5588 2675
f 2675 5588 5589
f 2675 5589 2670
f 2670 5589 5590
f 2670 5590 2671
f 2671 5590 5591
f 2671 5591 2673
f 2673 5591 5592
f 2673 5592 2666
f 2666 5592 5593
f 2666 5593 2667
f 2667 5593 5594
f 2667 5594 2669
f 2669 5594 5595
f 2669 5595 2626
f 2626 5595 5596
f 2626 5596 2627
f 2627 5596 5597
f 2627 5597 2629
f 2629 5597 5598
f 2629 5598 2630
f 2630 5598 5599
f 2630 5599 2661
f 2661 5599 5600
f 2661 5600 2662
f 2662 5600 5601
f 2662 5601 2664
f 2664 5601 5602
f 2664 5602 2660
f 2660 5602 5603
f 2660 5603 2658
f 2658 5603 5604
f 2658 5604 2657
f 2657 5604 5605
f 2657 5605 2655
f 2655 5605 5606
f 2655 5606 2654
f 2654 5606 5607
f 2654 5607 2652
f 2652 5607 5608
f 2652 5608 2648
f 2648 5608 5609
f 2648 5609 2649
f 2649 5609 5610
f 2649 5610 2647
f 2647 5610 5611
f 2647 5611 2646
f 2646 5611 5612
f 2646 5612 2644
f 2644 5612 5613
f 2644 5613 2642
f 2642 5613 5614
f 2642 5614 2641
f 2641 5614 5615
f 2641 5615 2639
f 2639 5615 5534
f 2639 5534 2637
f 2637 5534 5533
f 2637 5533 2632
f 2458 5574 2460
f 2460 5574 5616
f 2460 5616 2462
f 2462 5616 5617
f 2462 5617 2463
f 2463 5617 5618
f 2463 5618 2465
f 2756 2755 5575
f 5575 2755 2700
f 5575 2700 5619
f 5619 2700 2699
f 5619 2699 5620
f 5620 2699 2697
f 5620 2697 5621
f 5621 2697 2696
f 5621 2696 5622
f 2465 5618 2473
f 2473 5618 5623
f 2473 5623 2475
f 2475 5623 5624
f 2475 5624 2477
f 2477 5624 2479
f 2479 5624 5625
f 2479 5625 2481
f 2481 5625 5626
f 2481 5626 2483
f 2483 5626 2485
f 2485 5626 5627
f 2485 5627 2487
f 2487 5627 5628
f 2487 5628 2489
f 2489 5628 2491
f 2491 5628 5629
f 2491 5629 2493
f 2493 5629 5630
f 2493 5630 2495
f 2495 5630 2497
f 2497 5630 5631
f 2497 5631 2499
f 2499 5631 5632
f 2499 5632 2501
f 2501 5632 2503
f 2503 5632 5633
f 2503 5633 2504
f 2504 5633 5634
f 2504 5634 2468
f 2696 2762 5622
f 5622 2762 2701
f 5622 2701 5635
f 5635 2701 2703
f 5635 2703 5636
f 5636 2703 2704
f 5636 2704 5637
f 5637 2704 2705
f 5637 2705 5638
f 5638 2705 2707
f 5638 2707 5639
f 5639 2707 2942
f 5639 2942 5640
f 5640 2942 2710
f 5640 2710 5641
f 5641 2710 2709
f 5641 2709 5642
f 5642 2709 2708
f 5642 2708 5643
f 5643 2708 2623
f 5643 2623 5644
f 5644 2623 2711
f 5644 2711 5645
f 5645 2711 2713
f 5531 5534 5532
f 5532 5534 5615
f 5532 5615 5646
f 5646 5615 5614
f 5646 5614 5647
f 5647 5614 5613
f 5647 5613 5648
f 5648 5613 5612
f 5648 5612 5649
f 5649 5612 5611
f 5649 5611 5650
f 5650 5611 5610
f 5650 5610 5651
f 5651 5610 5609
f 5651 5609 5652
f 5652 5609 5608
f 5652 5608 5653
f 5653 5608 5607
f 5653 5607 5654
f 5654 5607 5606
f 5654 5606 5655
f 5655 5606 5605
f 5655 5605 5656
f 5656 5605 5604
f 5656 5604 5657
f 5657 5604 5603
f 5657 5603 5658
f 5658 5603 5602
f 5658 5602 5659
f 5659 5602 5601
f 5659 5601 5660
f 5660 5601 5600
f 5660 5600 5661
f 5661 5600 5599
f 5661 5599 5662
f 5662 5599 5598
f 5662 5598 5663
f 5663 5598 5597
f 5663 5597 5664
f 5664 5597 5596
f 5664 5596 5665
f 5665 5596 5595
f 5665 5595 5666
f 5666 5595 5594
f 5666 5594 5667
f 5667 5594 5593
f 5667 5593 5668
f 5668 5593 5592
f 5668 5592 5669
f 5669 5592 5591
f 5669 5591 5670
f 5670 5591 5590
f 5670 5590 5671
f 5671 5590 5589
f 5671 5589 5672
f 5672 5589 5588
f 5672 5588 5673
f 5673 5588 5587
f 5673 5587 5674
f 5674 5587 5586
f 5674 5586 5675
f 5675 5586 5585
f 5675 5585 5676
f 5676 5585 5584
f 5676 5584 5677
f 5677 5584 5583
f 5677 5583 5678
f 5678 5583 5582
f 5678 5582 5679
f 5679 5582 5581
f 5679 5581 5680
f 5680 5581 5580
f 5680 5580 5681
f 5681 5580 5579
f 5681 5579 5682
f 5682 5579 5578
f 5682 5578 5683
f 5683 5578 5577
f 5683 5577 5684
f 5684 5577 5576
f 5684 5576 5685
f 5685 5576 5575
f 5685 5575 5686
f 5686 5575 5619
f 5686 5619 5687
f 5687 5619 5620
f 5687 5620 5688
f 5688 5620 5621
f 5688 5621 5689
f 5689 5621 5622
f 5689 5622 5690
f 5690 5622 5635
f 5690 5635 5691
f 5691 5635 5636
f 5691 5636 5692
f 5692 5636 5637
f 5692 5637 5693
f 5693 5637 5638
f 5693 5638 5694
f 5694 5638 5639
f 5694 5639 5695
f 5695 5639 5640
f 5695 5640 5696
f 5696 5640 5641
f 5696 5641 5697
f 5697 5641 5642
f 5697 5642 5698
f 5698 5642 5643
f 5698 5643 5699
f 5699 5643 5644
f 5699 5644 5700
f 5700 5644 5645
f 5700 5645 5701
f 5529 5532 5530
f 5530 5532 5646
f 5530 5646 5702
f 5702 5646 5647
f 5702 5647 5703
f 5703 5647 5648
f 5703 5648 5704
f 5704 5648 5649
f 5704 5649 5705
f 5705 5649 5650
f 5705 5650 5706
f 5706 5650 5651
f 5706 5651 5707
f 5707 5651 5652
f 5707 5652 5708
f 5708 5652 5653
f 5708 5653 5709
f 5709 5653 5654
f 5709 5654 5710
f 5710 5654 5655
f 5710 5655 5711
f 5711 5655 5656
f 5711 5656 5712
f 5712 5656 5657
f 5712 5657 5713
f 5713 5657 5658
f 5713 5658 5714
f 5714 5658 5659
f 5714 5659 5715
f 5715 5659 5660
f 5715 5660 5716
f 5716 5660 5661
f 5716 5661 5717
f 5717 5661 5662
f 5717 5662 5718
f 5718 5662 5663
f 5718 5663 5719
f 5719 5663 5664
f 5719 5664 5720
f 5720 5664 5665
f 5720 5665 5721
f 5721 5665 5666
f 5721 5666 5722
f 5722 5666 5667
f 5722 5667 5723
f 5723 5667 5668
f 5723 5668 5724
f 5724 5668 5669
f 5724 5669 5725
f 5725 5669 5670
f 5725 5670 5726
f 5726 5670 5671
f 5726 5671 5727
f 5727 5671 5672
f 5727 5672 5728
f 5728 5672 5673
f 5728 5673 5729
f 5729 5673 5674
f 5729 5674 5730
f 5730 5674 5675
f 5730 5675 5731
f 5731 5675 5676
f 5731 5676 5732
f 5732 5676 5677
f 5732 5677 5733
f 5733 5677 5678
f 5733 5678 5734
f 5734 5678 5679
f 5734 5679 5735
f 5735 5679 5680
f 5735 5680 5736
f 5736 5680 5681
f 5736 5681 5737
f 5737 5681 5682
f 5737 5682 5738
f 5738 5682 5683
f 5738 5683 5739
f 5739 5683 5684
f 5739 5684 5740
f 5740 5684 5685
f 5740 5685 5741
f 5741 5685 5686
f 5741 5686 5742
f 5742 5686 5687
f 5742 5687 5743
f 5743 5687 5688
f 5743 5688 5744
f 5744 5688 5689
f 5744 5689 5745
f 5745 5689 5690
f 5745 5690 5746
f 5746 5690 5691
f 5746 5691 5747
f 5747 5691 5692
f 5747 5692 5748
f 5748 5692 5693
f 5748 5693 5749
f 5749 5693 5694
f 5749 5694 5750
f 5750 5694 5695
f 5750 5695 5751
f 5751 5695 5696
f 5751 5696 5752
f 5752 5696 5697
f 5752 5697 5753
f 5753 5697 5698
f 5753 5698 5754
f 5754 5698 5699
f 5754 5699 5755
f 5755 5699 5700
f 5755 5700 5756
f 5756 5700 5701
f 5756 5701 5757
f 5527 5530 5528
f 5528 5530 5702
f 5528 5702 5758
f 5758 5702 5703
f 5758 5703 5759
f 5759 5703 5704
f 5759 5704 5760
f 5760 5704 5705
f 5760 5705 5761
f 5761 5705 5706
f 5761 5706 5762
f 5762 5706 5707
f 5762 5707 5763
f 5763 5707 5708
f 5763 5708 5764
f 5764 5708 5709
f 5764 5709 5765
f 5765 5709 5710
f 5765 5710 5766
f 5766 5710 5711
f 5766 5711 5767
f 5767 5711 5712
f 5767 5712 5768
f 5768 5712 5713
f 5768 5713 5769
f 5769 5713 5714
f 5769 5714 5770
f 5770 5714 5715
f 5770 5715 5771
f 5771 5715 5716
f 5771 5716 5772
f 5772 5716 5717
f 5772 5717 5773
f 5773 5717 5718
f 5773 5718 5774
f 5774 5718 5719
f 5774 5719 5775
f 5775 5719 5720
f 5775 5720 5776
f 5776 5720 5721
f 5776 5721 5777
f 5777 5721 5722
f 5777 5722 5778
f 5778 5722 5723
f 5778 5723 5779
f 5779 5723 5724
f 5779 5724 5780
f 5780 5724 5725
f 5780 5725 5781
f 5781 5725 5726
f 5781 5726 5782
f 5782 5726 5727
f 5782 5727 5783
f 5783 5727 5728
f 5783 5728 5784
f 5784 5728 5729
f 5784 5729 5785
f 5785 5729 5730
f 5785 5730 5786
f 5786 5730 5731
f 5786 5731 5787
f 5787 5731 5732
f 5787 5732 5788
f 5788 5732 5733
f 5788 5733 5789
f 5789 5733 5734
f 5789 5734 5790
f 5790 5734 5735
f 5790 5735 5791
f 5791 5735 5736
f 5791 5736 5792
f 5792 5736 5737
f 5792 5737 5793
f 5793 5737 5738
f 5793 5738 5794
f 5794 5738 5739
f 5794 5739 5795
f 5795 5739 5740
f 5795 5740 5796
f 5796 5740 5741
f 5796 5741 5797
f 5797 5741 5742
f 5797 5742 5798
f 5798 5742 5743
f 5798 5743 5799
f 5799 5743 5744
f 5799 5744 5800
f 5800 5744 5745
f 5800 5745 5801
f 5801 5745 5746
f 5801 5746 5802
f 5802 5746 5747
f 5802 5747 5803
f 5803 5747 5748
f 5803 5748 5804
f 5804 5748 5749
f 5804 5749 5805
f 5805 5749 5750
f 5805 5750 5806
f 5806 5750 5751
f 5806 5751 5807
f 5807 5751 5752
f 5807 5752 5808
f 5808 5752 5753
f 5808 5753 5809
f 5809 5753 5754
f 5809 5754 5810
f 5810 5754 5755
f 5810 5755 5811
f 5811 5755 5756
f 5811 5756 5812
f 5812 5756 5757
f 5812 5757 5813
f 5525 5528 5526
f 5526 5528 5758
f 5526 5758 5814
f 5814 5758 5759
f 5814 5759 5815
f 5815 5759 5760
f 5815 5760 5816
f 5816 5760 5761
f 5816 5761 5817
f 5817 5761 5762
f 5817 5762 5818
f 5818 5762 5763
f 5818 5763 5819
f 5819 5763 5764
f 5819 5764 5820
f 5820 5764 5765
f 5820 5765 5821
f 5821 5765 5766
f 5821 5766 5822
f 5822 5766 5767
f 5822 5767 5823
f 5823 5767 5768
f 5823 5768 5824
f 5824 5768 5769
f 5824 5769 5825
f 5825 5769 5770
f 5825 5770 5826
f 5826 5770 5771
f 5826 5771 5827
f 5827 5771 5772
f 5827 5772 5828
f 5828 5772 5773
f 5828 5773 5829
f 5829 5773 5774
f 5829 5774 5830
f 5830 5774 5775
f 5830 5775 5831
f 5831 5775 5776
f 5831 5776 5832
f 5832 5776 5777
f 5832 5777 5833
f 5833 5777 5778
f 5833 5778 5834
f 5834 5778 5779
f 5834 5779 5835
f 5835 5779 5780
f 5835 5780 5836
f 5836 5780 5781
f 5836 5781 5837
f 5837 5781 5782
f 5837 5782 5838
f 5838 5782 5783
f 5838 5783 5839
f 5839 5783 5784
f 5839 5784 5840
f 5840 5784 5785
f 5840 5785 5841
f 5841 5785 5786
f 5841 5786 5842
f 5842 5786 5787
f 5842 5787 5843
f 5843 5787 5788
f 5843 5788 5844
f 5844 5788 5789
f 5844 5789 5845
f 5845 5789 5790
f 5845 5790 5846
f 5846 5790 5791
f 5846 5791 5847
f 5847 5791 5792
f 5847 5792 5848
f 5848 5792 5793
f 5848 5793 5849
f 5849 5793 5794
f 5849 5794 5850
f 5850 5794 5795
f 5850 5795 5851
f 5851 5795 5796
f 5851 5796 5852
f 5852 5796 5797
f 5852 5797 5853
f 5853 5797 5798
f 5853 5798 5854
f 5854 5798 5799
f 5854 5799 5855
f 5855 5799 5800
f 5855 5800 5856
f 5856 5800 5801
f 5856 5801 5857
f 5857 5801 5802
f 5857 5802 5858
f 5858 5802 5803
f 5858 5803 5859
f 5859 5803 5804
f 5859 5804 5860
f 5860 5804 5805
f 5860 5805 5861
f 5861 5805 5806
f 5861 5806 5862
f 5862 5806 5807
f 5862 5807 5863
f 5863 5807 5808
f 5863 5808 5864
f 5864 5808 5809
f 5864 5809 5865
f 5865 5809 5810
f 5865 5810 5866
f 5866 5810 5811
f 5866 5811 5867
f 5867 5811 5812
f 5867 5812 5868
f 5868 5812 5813
f 5868 5813 5869
f 5523 5526 5524
f 5524 5526 5814
f 5524 5814 5870
f 5870 5814 5815
f 5870 5815 5871
f 5871 5815 5816
f 5871 5816 5872
f 5872 5816 5817
f 5872 5817 5873
f 5873 5817 5818
f 5873 5818 5874
f 5874 5818 5819
f 5874 5819 5875
f 5875 5819 5820
f 5875 5820 5876
f 5876 5820 5821
f 5876 5821 5877
f 5877 5821 5822
f 5877 5822 5878
f 5878 5822 5823
f 5878 5823 5879
f 5879 5823 5824
f 5879 5824 5880
f 5880 5824 5825
f 5880 5825 5881
f 5881 5825 5826
f 5881 5826 5882
f 5882 5826 5827
f 5882 5827 5883
f 5883 5827 5828
f 5883 5828 5884
f 5884 5828 5829
f 5884 5829 5885
f 5885 5829 5830
f 5885 5830 5886
f 5886 5830 5831
f 5886 5831 5887
f 5887 5831 5832
f 5887 5832 5888
f 5888 5832 5833
f 5888 5833 5889
f 5889 5833 5834
f 5889 5834 5890
f 5890 5834 5835
f 5890 5835 5891
f 5891 5835 5836
f 5891 5836 5892
f 5892 5836 5837
f 5892 5837 5893
f 5893 5837 5838
f 5893 5838 5894
f 5894 5838 5839
f 5894 5839 5895
f 5895 5839 5840
f 5895 5840 5896
f 5896 5840 5841
f 5896 5841 5897
f 5897 5841 5842
f 5897 5842 5898
f 5898 5842 5843
f 5898 5843 5899
f 5899 5843 5844
f 5899 5844 5900
f 5900 5844 5845
f 5900 5845 5901
f 5901 5845 5846
f 5901 5846 5902
f 5902 5846 5847
f 5902 5847 5903
f 5903 5847 5848
f 5903 5848 5904
f 5904 5848 5849
f 5904 5849 5905
f 5905 5849 5850
f 5905 5850 5906
f 5906 5850 5851
f 5906 5851 5907
f 5907 5851 5852
f 5907 5852 5908
f 5908 5852 5853
f 5908 5853 5909
f 5909 5853 5854
f 5909 5854 5910
f 5910 5854 5855
f 5910 5855 5911
f 5911 5855 5856
f 5911 5856 5912
f 5912 5856 5857
f 5912 5857 5913
f 5913 5857 5858
f 5913 5858 5914
f 5914 5858 5859
f 5914 5859 5915
f 5915 5859 5860
f 5915 5860 5916
f 5916 5860 5861
f 5916 5861 5917
f 5917 5861 5862
f 5917 5862 5918
f 5918 5862 5863
f 5918 5863 5919
f 5919 5863 5864
f 5919 5864 5920
f 5920 5864 5865
f 5920 5865 5921
f 5921 5865 5866
f 5921 5866 5922
f 5922 5866 5867
f 5922 5867 5923
f 5923 5867 5868
f 5923 5868 5924
f 5924 5868 5869
f 5924 5869 5925
f 5521 5524 5522
f 5522 5524 5870
f 5522 5870 5926
f 5926 5870 5871
f 5926 5871 5927
f 5927 5871 5872
f 5927 5872 5928
f 5928 5872 5873
f 5928 5873 5929
f 5929 5873 5874
f 5929 5874 5930
f 5930 5874 5875
f 5930 5875 5931
f 5931 5875 5876
f 5931 5876 5932
f 5932 5876 5877
f 5932 5877 5933
f 5933 5877 5878
f 5933 5878 5934
f 5934 5878 5879
f 5934 5879 5935
f 5935 5879 5880
f 5935 5880 5936
f 5936 5880 5881
f 5936 5881 5937
f 5937 5881 5882
f 5937 5882 5938
f 5938 5882 5883
f 5938 5883 5939
f 5939 5883 5884
f 5939 5884 5940
f 5940 5884 5885
f 5940 5885 5941
f 5941 5885 5886
f 5941 5886 5942
f 5942 5886 5887
f 5942 5887 5943
f 5943 5887 5888
f 5943 5888 5944
f 5944 5888 5889
f 5944 5889 5945
f 5945 5889 5890
f 5945 5890 5946
f 5946 5890 5891
f 5946 5891 5947
f 5947 5891 5892
f 5947 5892 5948
f 5948 5892 5893
f 5948 5893 5949
f 5949 5893 5894
f 5949 5894 5950
f 5950 5894 5895
f 5950 5895 5951
f 5951 5895 5896
f 5951 5896 5952
f 5952 5896 5897
f 5952 5897 5953
f 5953 5897 5898
f 5953 5898 5954
f 5954 5898 5899
f 5954 5899 5955
f 5955 5899 5900
f 5955 5900 5956
f 5956 5900 5901
f 5956 5901 5957
f 5957 5901 5902
f 5957 5902 5958
f 5958 5902 5903
f 5958 5903 5959
f 5959 5903 5904
f 5959 5904 5960
f 5960 5904 5905
f 5960 5905 5961
f 5961 5905 5906
f 5961 5906 5962
f 5962 5906 5907
f 5962 5907 5963
f 5963 5907 5908
f 5963 5908 5964
f 5964 5908 5909
f 5964 5909 5965
f 5965 5909 5910
f 5965 5910 5966
f 5966 5910 5911
f 5966 5911 5967
f 5967 5911 5912
f 5967 5912 5968
f 5968 5912 5913
f 5968 5913 5969
f 5969 5913 5914
f 5969 5914 5970
f 5970 5914 5915
f 5970 5915 5971
f 5971 5915 5916
f 5971 5916 5972
f 5972 5916 5917
f 5972 5917 5973
f 5973 5917 5918
f 5973 5918 5974
f 5974 5918 5919
f 5974 5919 5975
f 5975 5919 5920
f 5975 5920 5976
f 5976 5920 5921
f 5976 5921 5977
f 5977 5921 5922
f 5977 5922 5978
f 5978 5922 5923
f 5978 5923 5979
f 5979 5923 5924
f 5979 5924 5980
f 5980 5924 5925
f 5980 5925 5981
f 5519 5522 5520
f 5520 5522 5926
f 5520 5926 5982
f 5982 5926 5927
f 5982 5927 5983
f 5983 5927 5928
f 5983 5928 5984
f 5984 5928 5929
f 5984 5929 5985
f 5985 5929 5930
f 5985 5930 5986
f 5986 5930 5931
f 5986 5931 5987
f 5987 5931 5932
f 5987 5932 5988
f 5988 5932 5933
f 5988 5933 5989
f 5989 5933 5934
f 5989 5934 5990
f 5990 5934 5935
f 5990 5935 5991
f 5991 5935 5936
f 5991 5936 5992
f 5992 5936 5937
f 5992 5937 5993
f 5993 5937 5938
f 5993 5938 5994
f 5994 5938 5939
f 5994 5939 5995
f 5995 5939 5940
f 5995 5940 5996
f 5996 5940 5941
f 5996 5941 5997
f 5997 5941 5942
f 5997 5942 5998
f 5998 5942 5943
f 5998 5943 5999
f 5999 5943 5944
f 5999 5944 6000
f 6000 5944 5945
f 6000 5945 6001
f 6001 5945 5946
f 6001 5946 6002
f 6002 5946 5947
f 6002 5947 6003
f 6003 5947 5948
f 6003 5948 6004
f 6004 5948 5949
f 6004 5949 6005
f 6005 5949 5950
f 6005 5950 6006
f 6006 5950 5951
f 6006 5951 6007
f 6007 5951 5952
f 6007 5952 6008
f 6008 5952 5953
f 6008 5953 6009
f 6009 5953 5954
f 6009 5954 6010
f 6010 5954 5955
f 6010 5955 6011
f 6011 5955 5956
f 6011 5956 6012
f 6012 5956 5957
f 6012 5957 6013
f 6013 5957 5958
f 6013 5958 6014
f 6014 5958 5959
f 6014 5959 6015
f 6015 5959 5960
f 6015 5960 6016
f 6016 5960 5961
f 6016 5961 6017
f 6017 5961 5962
f 6017 5962 6018
f 6018 5962 5963
f 6018 5963 6019
f 6019 5963 5964
f 6019 5964 6020
f 6020 5964 5965
f 6020 5965 6021
f 6021 5965 5966
f 6021 5966 6022
f 6022 5966 5967
f 6022 5967 6023
f 6023 5967 5968
f 6023 5968 6024
f 6024 5968 5969
f 6024 5969 6025
f 6025 5969 5970
f 6025 5970 6026
f 6026 5970 5971
f 6026 5971 6027
f 6027 5971 5972
f 6027 5972 6028
f 6028 5972 5973
f 6028 5973 6029
f 6029 5973 5974
f 6029 5974 6030
f 6030 5974 5975
f 6030 5975 6031
f 6031 5975 5976
f 6031 5976 6032
f 6032 5976 5977
f 6032 5977 6033
f 6033 5977 5978
f 6033 5978 6034
f 6034 5978 5979
f 6034 5979 6035
f 6035 5979 5980
f 6035 5980 6036
f 6036 5980 5981
f 6036 5981 6037
f 5517 5520 5518
f 5518 5520 5982
f 5518 5982 6038
f 6038 5982 5983
f 6038 5983 6039
f 6039 5983 5984
f 6039 5984 6040
f 6040 5984 5985
f 6040 5985 6041
f 6041 5985 5986
f 6041 5986 6042
f 6042 5986 5987
f 6042 5987 6043
f 6043 5987 5988
f 6043 5988 6044
f 6044 5988 5989
f 6044 5989 6045
f 6045 5989 5990
f 6045 5990 6046
f 6046 5990 5991
f 6046 5991 6047
f 6047 5991 5992
f 6047 5992 6048
f 6048 5992 5993
f 6048 5993 6049
f 6049 5993 5994
f 6049 5994 6050
f 6050 5994 5995
f 6050 5995 6051
f 6051 5995 5996
f 6051 5996 6052
f 6052 5996 5997
f 6052 5997 6053
f 6053 5997 5998
f 6053 5998 6054
f 6054 5998 5999
f 6054 5999 6055
f 6055 5999 6000
f 6055 6000 6056
f 6056 6000 6001
f 6056 6001 6057
f 6057 6001 6002
f 6057 6002 6058
f 6058 6002 6003
f 6058 6003 6059
f 6059 6003 6004
f 6059 6004 6060
f 6060 6004 6005
f 6060 6005 6061
f 6061 6005 6006
f 6061 6006 6062
f 6062 6006 6007
f 6062 6007 6063
f 6063 6007 6008
f 6063 6008 6064
f 6064 6008 6009
f 6064 6009 6065
f 6065 6009 6010
f 6065 6010 6066
f 6066 6010 6011
f 6066 6011 6067
f 6067 6011 6012
f 6067 6012 6068
f 6068 6012 6013
f 6068 6013 6069
f 6069 6013 6014
f 6069 6014 6070
f 6070 6014 6015
f 6070 6015 6071
f 6071 6015 6016
f 6071 6016 6072
f 6072 6016 6017
f 6072 6017 6073
f 6073 6017 6018
f 6073 6018 6074
f 6074 6018 6019
f 6074 6019 6075
f 6075 6019 6020
f 6075 6020 6076
f 6076 6020 6021
f 6076 6021 6077
f 6077 6021 6022
f 6077 6022 6078
f 6078 6022 6023
f 6078 6023 6079
f 6079 6023 6024
f 6079 6024 6080
f 6080 6024 6025
f 6080 6025 6081
f 6081 6025 6026
f 6081 6026 6082
f 6082 6026 6027
f 6082 6027 6083
f 6083 6027 6028
f 6083 6028 6084
f 6084 6028 6029
f 6084 6029 6085
f 6085 6029 6030
f 6085 6030 6086
f 6086 6030 6031
f 6086 6031 6087
f 6087 6031 6032
f 6087 6032 6088
f 6088 6032 6033
f 6088 6033 6089
f 6089 6033 6034
f 6089 6034 6090
f 6090 6034 6035
f 6090 6035 6091
f 6091 6035 6036
f 6091 6036 6092
f 6092 6036 6037
f 6092 6037 6093
f 5515 5518 5516
f 5516 5518 6038
f 5516 6038 6094
f 6094 6038 6039
f 6094 6039 6095
f 6095 6039 6040
f 6095 6040 6096
f 6096 6040 6041
f 6096 6041 6097
f 6097 6041 6042
f 6097 6042 6098
f 6098 6042 6043
f 6098 6043 6099
f 6099 6043 6044
f 6099 6044 6100
f 6100 6044 6045
f 6100 6045 6101
f 6101 6045 6046
f 6101 6046 6102
f 6102 6046 6047
f 6102 6047 6103
f 6103 6047 6048
f 6103 6048 6104
f 6104 6048 6049
f 6104 6049 6105
f 6105 6049 6050
f 6105 6050 6106
f 6106 6050 6051
f 6106 6051 6107
f 6107 6051 6052
f 6107 6052 6108
f 6108 6052 6053
f 6108 6053 6109
f 6109 6053 6054
f 6109 6054 6110
f 6110 6054 6055
f 6110 6055 6111
f 6111 6055 6056
f 6111 6056 6112
f 6112 6056 6057
f 6112 6057 6113
f 6113 6057 6058
f 6113 6058 6114
f 6114 6058 6059
f 6114 6059 6115
f 6115 6059 6060
f 6115 6060 6116
f 6116 6060 6061
f 6116 6061 6117
f 6117 6061 6062
f 6117 6062 6118
f 6118 6062 6063
f 6118 6063 6119
f 6119 6063 6064
f 6119 6064 6120
f 6120 6064 6065
f 6120 6065 6121
f 6121 6065 6066
f 6121 6066 6122
f 6122 6066 6067
f 6122 6067 6123
f 6123 6067 6068
f 6123 6068 6124
f 6124 6068 6069
f 6124 6069 6125
f 6125 6069 6070
f 6125 6070 6126
f 6126 6070 6071
f 6126 6071 6127
f 6127 6071 6072
f 6127 6072 6128
f 6128 6072 6073
f 6128 6073 6129
f 6129 6073 6074
f 6129 6074 6130
f 6130 6074 6075
f 6130 6075 6131
f 6131 6075 6076
f 6131 6076 6132
f 6132 6076 6077
f 6132 6077 6133
f 6133 6077 6078
f 6133 6078 6134
f 6134 6078 6079
f 6134 6079 6135
f 6135 6079 6080
f 6135 6080 6136
f 6136 6080 6081
f 6136 6081 6137
f 6137 6081 6082
f 6137 6082 6138
f 6138 6082 6083
f 6138 6083 6139
f 6139 6083 6084
f 6139 6084 6140
f 6140 6084 6085
f 6140 6085 6141
f 6141 6085 6086
f 6141 6086 6142
f 6142 6086 6087
f 6142 6087 6143
f 6143 6087 6088
f 6143 6088 6144
f 6144 6088 6089
f 6144 6089 6145
f 6145 6089 6090
f 6145 6090 6146
f 6146 6090 6091
f 6146 6091 6147
f 6147 6091 6092
f 6147 6092 6148
f 6148 6092 6093
f 6148 6093 6149
f 5513 5516 5514
f 5514 5516 6094
f 5514 6094 6150
f 6150 6094 6095
f 6150 6095 6151
f 6151 6095 6096
f 6151 6096 6152
f 6152 6096 6097
f 6152 6097 6153
f 6153 6097 6098
f 6153 6098 6154
f 6154 6098 6099
f 6154 6099 6155
f 6155 6099 6100
f 6155 6100 6156
f 6156 6100 6101
f 6156 6101 6157
f 6157 6101 6102
f 6157 6102 6158
f 6158 6102 6103
f 6158 6103 6159
f 6159 6103 6104
f 6159 6104 6160
f 6160 6104 6105
f 6160 6105 6161
f 6161 6105 6106
f 6161 6106 6162
f 6162 6106 6107
f 6162 6107 6163
f 6163 6107 6108
f 6163 6108 6164
f 6164 6108 6109
f 6164 6109 6165
f 6165 6109 6110
f 6165 6110 6166
f 6166 6110 6111
f 6166 6111 6167
f 6167 6111 6112
f 6167 6112 6168
f 6168 6112 6113
f 6168 6113 6169
f 6169 6113 6114
f 6169 6114 6170
f 6170 6114 6115
f 6170 6115 6171
f 6171 6115 6116
f 6171 6116 6172
f 6172 6116 6117
f 6172 6117 6173
f 6173 6117 6118
f 6173 6118 6174
f 6174 6118 6119
f 6174 6119 6175
f 6175 6119 6120
f 6175 6120 6176
f 6176 6120 6121
f 6176 6121 6177
f 6177 6121 6122
f 6177 6122 6178
f 6178 6122 6123
f 6178 6123 6179
f 6179 6123 6124
f 6179 6124 6180
f 6180 6124 6125
f 6180 6125 6181
f 6181 6125 6126
f 6181 6126 6182
f 6182 6126 6127
f 6182 6127 6183
f 6183 6127 6128
f 6183 6128 6184
f 6184 6128 6129
f 6184 6129 6185
f 6185 6129 6130
f 6185 6130 6186
f 6186 6130 6131
f 6186 6131 6187
f 6187 6131 6132
f 6187 6132 6188
f 6188 6132 6133
f 6188 6133 6189
f 6189 6133 6134
f 6189 6134 6190
f 6190 6134 6135
f 6190 6135 6191
f 6191 6135 6136
f 6191 6136 6192
f 6192 6136 6137
f 6192 6137 6193
f 6193 6137 6138
f 6193 6138 6194
f 6194 6138 6139
f 6194 6139 6195
f 6195 6139 6140
f 6195 6140 6196
f 6196 6140 6141
f 6196 6141 6197
f 6197 6141 6142
f 6197 6142 6198
f 6198 6142 6143
f 6198 6143 6199
f 6199 6143 6144
f 6199 6144 6200
f 6200 6144 6145
f 6200 6145 6201
f 6201 6145 6146
f 6201 6146 6202
f 6202 6146 6147
f 6202 6147 6203
f 6203 6147 6148
f 6203 6148 6204
f 6204 6148 6149
f 6204 6149 6205
f 5511 5514 5512
f 5512 5514 6150
f 5512 6150 6206
f 6206 6150 6151
f 6206 6151 6207
f 6207 6151 6152
f 6207 6152 6208
f 6208 6152 6153
f 6208 6153 6209
f 6209 6153 6154
f 6209 6154 6210
f 6210 6154 6155
f 6210 6155 6211
f 6211 6155 6156
f 6211 6156 6212
f 6212 6156 6157
f 6212 6157 6213
f 6213 6157 6158
f 6213 6158 6214
f 6214 6158 6159
f 6214 6159 6215
f 6215 6159 6160
f 6215 6160 6216
f 6216 6160 6161
f 6216 6161 6217
f 6217 6161 6162
f 6217 6162 6218
f 6218 6162 6163
f 6218 6163 6219
f 6219 6163 6164
f 6219 6164 6220
f 6220 6164 6165
f 6220 6165 6221
f 6221 6165 6166
f 6221 6166 6222
f 6222 6166 6167
f 6222 6167 6223
f 6223 6167 6168
f 6223 6168 6224
f 6224 6168 6169
f 6224 6169 6225
f 6225 6169 6170
f 6225 6170 6226
f 6226 6170 6171
f 6226 6171 6227
f 6227 6171 6172
f 6227 6172 6228
f 6228 6172 6173
f 6228 6173 6229
f 6229 6173 6174
f 6229 6174 6230
f 6230 6174 6175
f 6230 6175 6231
f 6231 6175 6176
f 6231 6176 6232
f 6232 6176 6177
f 6232 6177 6233
f 6233 6177 6178
f 6233 6178 6234
f 6234 6178 6179
f 6234 6179 6235
f 6235 6179 6180
f 6235 6180 6236
f 6236 6180 6181
f 6236 6181 6237
f 6237 6181 6182
f 6237 6182 6238
f 6238 6182 6183
f 6238 6183 6239
f 6239 6183 6184
f 6239 6184 6240
f 6240 6184 6185
f 6240 6185 6241
f 6241 6185 6186
f 6241 6186 6242
f 6242 6186 6187
f 6242 6187 6243
f 6243 6187 6188
f 6243 6188 6244
f 6244 6188 6189
f 6244 6189 6245
f 6245 6189 6190
f 6245 6190 6246
f 6246 6190 6191
f 6246 6191 6247
f 6247 6191 6192
f 6247 6192 6248
f 6248 6192 6193
f 6248 6193 6249
f 6249 6193 6194
f 6249 6194 6250
f 6250 6194 6195
f 6250 6195 6251
f 6251 6195 6196
f 6251 6196 6252
f 6252 6196 6197
f 6252 6197 6253
f 6253 6197 6198
f 6253 6198 6254
f 6254 6198 6199
f 6254 6199 6255
f 6255 6199 6200
f 6255 6200 6256
f 6256 6200 6201
f 6256 6201 6257
f 6257 6201 6202
f 6257 6202 6258
f 6258 6202 6203
f 6258 6203 6259
f 6259 6203 6204
f 6259 6204 6260
f 6260 6204 6205
f 6260 6205 6261
f 5509 5512 5510
f 5510 5512 6206
f 5510 6206 6262
f 6262 6206 6207
f 6262 6207 6263
f 6263 6207 6208
f 6263 6208 6264
f 6264 6208 6209
f 6264 6209 6265
f 6265 6209 6210
f 6265 6210 6266
f 6266 6210 6211
f 6266 6211 6267
f 6267 6211 6212
f 6267 6212 6268
f 6268 6212 6213
f 6268 6213 6269
f 6269 6213 6214
f 6269 6214 6270
f 6270 6214 6215
f 6270 6215 6271
f 6271 6215 6216
f 6271 6216 6272
f 6272 6216 6217
f 6272 6217 6273
f 6273 6217 6218
f 6273 6218 6274
f 6274 6218 6219
f 6274 6219 6275
f 6275 6219 6220
f 6275 6220 6276
f 6276 6220 6221
f 6276 6221 6277
f 6277 6221 6222
f 6277 6222 6278
f 6278 6222 6223
f 6278 6223 6279
f 6279 6223 6224
f 6279 6224 6280
f 6280 6224 6225
f 6280 6225 6281
f 6281 6225 6226
f 6281 6226 6282
f 6282 6226 6227
f 6282 6227 6283
f 6283 6227 6228
f 6283 6228 6284
f 6284 6228 6229
f 6284 6229 6285
f 6285 6229 6230
f 6285 6230 6286
f 6286 6230 6231
f 6286 6231 6287
f 6287 6231 6232
f 6287 6232 6288
f 6288 6232 6233
f 6288 6233 6289
f 6289 6233 6234
f 6289 6234 6290
f 6290 6234 6235
f 6290 6235 6291
f 6291 6235 6236
f 6291 6236 6292
f 6292 6236 6237
f 6292 6237 6293
f 6293 6237 6238
f 6293 6238 6294
f 6294 6238 6239
f 6294 6239 6295
f 6295 6239 6240
f 6295 6240 6296
f 6296 6240 6241
f 6296 6241 6297
f 6297 6241 6242
f 6297 6242 6298
f 6298 6242 6243
f 6298 6243 6299
f 6299 6243 6244
f 6299 6244 6300
f 6300 6244 6245
f 6300 6245 6301
f 6301 6245 6246
f 6301 6246 6302
f 6302 6246 6247
f 6302 6247 6303
f 6303 6247 6248
f 6303 6248 6304
f 6304 6248 6249
f 6304 6249 6305
f 6305 6249 6250
f 6305 6250 6306
f 6306 6250 6251
f 6306 6251 6307
f 6307 6251 6252
f 6307 6252 6308
f 6308 6252 6253
f 6308 6253 6309
f 6309 6253 6254
f 6309 6254 6310
f 6310 6254 6255
f 6310 6255 6311
f 6311 6255 6256
f 6311 6256 6312
f 6312 6256 6257
f 6312 6257 6313
f 6313 6257 6258
f 6313 6258 6314
f 6314 6258 6259
f 6314 6259 6315
f 6315 6259 6260
f 6315 6260 6316
f 6316 6260 6261
f 6316 6261 6317
f 5508 5510 5535
f 5535 5510 6262
f 5535 6262 5536
f 5536 6262 6263
f 5536 6263 5537
f 5537 6263 6264
f 5537 6264 5538
f 5538 6264 6265
f 5538 6265 5539
f 5539 6265 6266
f 5539 6266 5542
f 5542 6266 6267
f 5542 6267 5541
f 5541 6267 6268
f 5541 6268 5540
f 5540 6268 6269
f 5540 6269 5545
f 5545 6269 6270
f 5545 6270 5544
f 5544 6270 6271
f 5544 6271 5543
f 5543 6271 6272
f 5543 6272 5547
f 5547 6272 6273
f 5547 6273 5546
f 5546 6273 6274
f 5546 6274 5549
f 5549 6274 6275
f 5549 6275 5548
f 5548 6275 6276
f 5548 6276 5551
f 5551 6276 6277
f 5551 6277 5550
f 5550 6277 6278
f 5550 6278 5553
f 5553 6278 6279
f 5553 6279 5552
f 5552 6279 6280
f 5552 6280 5555
f 5555 6280 6281
f 5555 6281 5554
f 5554 6281 6282
f 5554 6282 5556
f 5556 6282 6283
f 5556 6283 5507
f 5507 6283 6284
f 5507 6284 5557
f 5557 6284 6285
f 5557 6285 5558
f 5558 6285 6286
f 5558 6286 5559
f 5559 6286 6287
f 5559 6287 5560
f 5560 6287 6288
f 5560 6288 5561
f 5561 6288 6289
f 5561 6289 5562
f 5562 6289 6290
f 5562 6290 5563
f 5563 6290 6291
f 5563 6291 5564
f 5564 6291 6292
f 5564 6292 5565
f 5565 6292 6293
f 5565 6293 5566
f 5566 6293 6294
f 5566 6294 5567
f 5567 6294 6295
f 5567 6295 5568
f 5568 6295 6296
f 5568 6296 5569
f 5569 6296 6297
f 5569 6297 5570
f 5570 6297 6298
f 5570 6298 5571
f 5571 6298 6299
f 5571 6299 5572
f 5572 6299 6300
f 5572 6300 5573
f 5573 6300 6301
f 5573 6301 5574
f 5574 6301 6302
f 5574 6302 5616
f 5616 6302 6303
f 5616 6303 5617
f 5617 6303 6304
f 5617 6304 5618
f 5618 6304 6305
f 5618 6305 5623
f 5623 6305 6306
f 5623 6306 5624
f 5624 6306 6307
f 5624 6307 5625
f 5625 6307 6308
f 5625 6308 5626
f 5626 6308 6309
f 5626 6309 5627
f 5627 6309 6310
f 5627 6310 5628
f 5628 6310 6311
f 5628 6311 5629
f 5629 6311 6312
f 5629 6312 5630
f 5630 6312 6313
f 5630 6313 5631
f 5631 6313 6314
f 5631 6314 5632
f 5632 6314 6315
f 5632 6315 5633
f 5633 6315 6316
f 5633 6316 5634
f 5634 6316 6317
f 5634 6317 5506
f 5506 2506 5634
f 5634 2506 2470
f 5634 2470 2468
f 2510 2508 6318
f 6318 2508 5506
f 6318 5506 6319
f 6319 5506 6317
f 6319 6317 6320
f 6320 6317 6261
f 6320 6261 6321
f 6321 6261 6205
f 6321 6205 6322
f 6322 6205 6149
f 6322 6149 6323
f 6323 6149 6093
f 6323 6093 6324
f 6324 6093 6037
f 6324 6037 6325
f 6325 6037 5981
f 6325 5981 6326
f 6326 5981 5925
f 6326 5925 6327
f 6327 5925 5869
f 6327 5869 6328
f 6328 5869 5813
f 6328 5813 6329
f 6329 5813 5757
f 6329 5757 6330
f 6330 5757 5701
f 6330 5701 6331
f 6331 5701 5645
f 6331 5645 2714
f 2714 5645 2713
f 2512 2510 5505
f 5505 2510 6318
f 5505 6318 6332
f 6332 6318 6319
f 6332 6319 6333
f 6333 6319 6320
f 6333 6320 6334
f 6334 6320 6321
f 6334 6321 6335
f 6335 6321 6322
f 6335 6322 6336
f 6336 6322 6323
f 6336 6323 6337
f 6337 6323 6324
f 6337 6324 6338
f 6338 6324 6325
f 6338 6325 6339
f 6339 6325 6326
f 6339 6326 6340
f 6340 6326 6327
f 6340 6327 6341
f 6341 6327 6328
f 6341 6328 6342
f 6342 6328 6329
f 6342 6329 6343
f 6343 6329 6330
f 6343 6330 6344
f 6344 6330 6331
f 6344 6331 2621
f 2621 6331 2714
f 2515 2513 6345
f 6345 2513 5505
f 6345 5505 6346
f 6346 5505 6332
f 6346 6332 6347
f 6347 6332 6333
f 6347 6333 6348
f 6348 6333 6334
f 6348 6334 6349
f 6349 6334 6335
f 6349 6335 6350
f 6350 6335 6336
f 6350 6336 6351
f 6351 6336 6337
f 6351 6337 6352
f 6352 6337 6338
f 6352 6338 6353
f 6353 6338 6339
f 6353 6339 6354
f 6354 6339 6340
f 6354 6340 6355
f 6355 6340 6341
f 6355 6341 6356
f 6356 6341 6342
f 6356 6342 6357
f 6357 6342 6343
f 6357 6343 6358
f 6358 6343 6344
f 6358 6344 2620
f 2620 6344 2621
f 2517 2515 5504
f 5504 2515 6345
f 5504 6345 6359
f 6359 6345 6346
f 6359 6346 6360
f 6360 6346 6347
f 6360 6347 6361
f 6361 6347 6348
f 6361 6348 6362
f 6362 6348 6349
f 6362 6349 6363
f 6363 6349 6350
f 6363 6350 6364
f 6364 6350 6351
f 6364 6351 6365
f 6365 6351 6352
f 6365 6352 6366
f 6366 6352 6353
f 6366 6353 6367
f 6367 6353 6354
f 6367 6354 6368
f 6368 6354 6355
f 6368 6355 6369
f 6369 6355 6356
f 6369 6356 6370
f 6370 6356 6357
f 6370 6357 6371
f 6371 6357 6358
f 6371 6358 3101
f 3101 6358 2620
f 3101 2618 6371
f 6371 2618 6372
f 6371 6372 6370
f 6370 6372 6373
f 6370 6373 6369
f 6369 6373 6374
f 6369 6374 6368
f 6368 6374 6375
f 6368 6375 6367
f 6367 6375 6376
f 6367 6376 6366
f 6366 6376 6377
f 6366 6377 6365
f 6365 6377 6378
f 6365 6378 6364
f 6364 6378 6379
f 6364 6379 6363
f 6363 6379 6380
f 6363 6380 6362
f 6362 6380 6381
f 6362 6381 6361
f 6361 6381 6382
f 6361 6382 6360
f 6360 6382 6383
f 6360 6383 6359
f 6359 6383 6384
f 6359 6384 5504
f 5504 6384 6385
f 5504 6385 2550
f 2550 6385 2548
f 2546 2548 5503
f 5503 2548 6385
f 5503 6385 6386
f 6386 6385 6384
f 6386 6384 6387
f 6387 6384 6383
f 6387 6383 6388
f 6388 6383 6382
f 6388 6382 6389
f 6389 6382 6381
f 6389 6381 6390
f 6390 6381 6380
f 6390 6380 6391
f 6391 6380 6379
f 6391 6379 6392
f 6392 6379 6378
f 6392 6378 6393
f 6393 6378 6377
f 6393 6377 6394
f 6394 6377 6376
f 6394 6376 6395
f 6395 6376 6375
f 6395 6375 6396
f 6396 6375 6374
f 6396 6374 6397
f 6397 6374 6373
f 6397 6373 6398
f 6398 6373 6372
f 6398 6372 2617
f 2617 6372 2618
f 2617 2718 6398
f 6398 2718 6399
f 6398 6399 6397
f 6397 6399 6400
f 6397 6400 6396
f 6396 6400 6401
f 6396 6401 6395
f 6395 6401 6402
f 6395 6402 6394
f 6394 6402 6403
f 6394 6403 6393
f 6393 6403 6404
f 6393 6404 6392
f 6392 6404 6405
f 6392 6405 6391
f 6391 6405 6406
f 6391 6406 6390
f 6390 6406 6407
f 6390 6407 6389
f 6389 6407 6408
f 6389 6408 6388
f 6388 6408 6409
f 6388 6409 6387
f 6387 6409 6410
f 6387 6410 6386
f 6386 6410 6411
f 6386 6411 5503
f 5503 6411 6412
f 5503 6412 2544
f 2544 6412 2542
f 2540 2542 5501
f 5501 2542 6412
f 5501 6412 6413
f 6413 6412 6411
f 6413 6411 6414
f 6414 6411 6410
f 6414 6410 6415
f 6415 6410 6409
f 6415 6409 6416
f 6416 6409 6408
f 6416 6408 6417
f 6417 6408 6407
f 6417 6407 6418
f 6418 6407 6406
f 6418 6406 6419
f 6419 6406 6405
f 6419 6405 6420
f 6420 6405 6404
f 6420 6404 6421
f 6421 6404 6403
f 6421 6403 6422
f 6422 6403 6402
f 6422 6402 6423
f 6423 6402 6401
f 6423 6401 6424
f 6424 6401 6400
f 6424 6400 5502
f 5502 6400 6399
f 5502 6399 2716
f 2716 6399 2718
f 2715 2721 5502
f 5502 2721 6425
f 5502 6425 6424
f 6424 6425 6426
f 6424 6426 6423
f 6423 6426 6427
f 6423 6427 6422
f 6422 6427 6428
f 6422 6428 6421
f 6421 6428 6429
f 6421 6429 6420
f 6420 6429 6430
f 6420 6430 6419
f 6419 6430 6431
f 6419 6431 6418
f 6418 6431 6432
f 6418 6432 6417
f 6417 6432 6433
f 6417 6433 6416
f 6416 6433 6434
f 6416 6434 6415
f 6415 6434 6435
f 6415 6435 6414
f 6414 6435 6436
f 6414 6436 6413
f 6413 6436 6437
f 6413 6437 5501
f 5501 6437 5500
f 5501 5500 2538
f 2538 5500 2536
f 2532 2534 5498
f 5498 2534 5500
f 5498 5500 6438
f 6438 5500 6437
f 6438 6437 6439
f 6439 6437 6436
f 6439 6436 6440
f 6440 6436 6435
f 6440 6435 6441
f 6441 6435 6434
f 6441 6434 6442
f 6442 6434 6433
f 6442 6433 6443
f 6443 6433 6432
f 6443 6432 6444
f 6444 6432 6431
f 6444 6431 6445
f 6445 6431 6430
f 6445 6430 6446
f 6446 6430 6429
f 6446 6429 6447
f 6447 6429 6428
f 6447 6428 6448
f 6448 6428 6427
f 6448 6427 6449
f 6449 6427 6426
f 6449 6426 6450
f 6450 6426 6425
f 6450 6425 2636
f 2636 6425 2721
f 2636 2635 6450
f 6450 2635 5499
f 6450 5499 6449
f 6449 5499 6451
f 6449 6451 6448
f 6448 6451 6452
f 6448 6452 6447
f 6447 6452 6453
f 6447 6453 6446
f 6446 6453 6454
f 6446 6454 6445
f 6445 6454 6455
f 6445 6455 6444
f 6444 6455 6456
f 6444 6456 6443
f 6443 6456 6457
f 6443 6457 6442
f 6442 6457 6458
f 6442 6458 6441
f 6441 6458 6459
f 6441 6459 6440
f 6440 6459 6460
f 6440 6460 6439
f 6439 6460 6461
f 6439 6461 6438
f 6438 6461 6462
f 6438 6462 5498
f 5498 6462 5497
f 5498 5497 2530
f 2530 5497 2528
f 2633 2632 5499
f 5499 2632 5533
f 5499 5533 6451
f 6451 5533 5531
f 6451 5531 6452
f 6452 5531 5529
f 6452 5529 6453
f 6453 5529 5527
f 6453 5527 6454
f 6454 5527 5525
f 6454 5525 6455
f 6455 5525 5523
f 6455 5523 6456
f 6456 5523 5521
f 6456 5521 6457
f 6457 5521 5519
f 6457 5519 6458
f 6458 5519 5517
f 6458 5517 6459
f 6459 5517 5515
f 6459 5515 6460
f 6460 5515 5513
f 6460 5513 6461
f 6461 5513 5511
f 6461 5511 6462
f 6462 5511 5509
f 6462 5509 5497
f 5497 5509 5508
f 5497 5508 2526
f 2526 5508 2524
f 6463 2364 2362
f 6464 2531 2529
f 2531 6464 2533
f 2533 6464 6465
f 2533 6465 2535
f 2535 6465 6466
f 2535 6466 2537
f 2537 6466 2539
f 2539 6466 6467
f 2539 6467 2541
f 2541 6467 6468
f 2541 6468 2543
f 2543 6468 2545
f 2545 6468 6469
f 2545 6469 2547
f 2547 6469 6470
f 2547 6470 2549
f 6471 87 86
f 2549 6470 2551
f 2551 6470 6472
f 2551 6472 2552
f 2552 6472 6473
f 2552 6473 2516
f 6474 86 84
f 2516 6473 2514
f 2514 6473 6475
f 2514 6475 2511
f 2511 6475 6476
f 2511 6476 2509
f 2509 6476 2507
f 2507 6476 6477
f 2507 6477 2505
f 2505 6477 6478
f 2505 6478 2471
f 2471 6478 2469
f 2469 6478 6479
f 2469 6479 2467
f 6474 84 6480
f 6480 84 83
f 6480 83 6481
f 6481 83 88
f 6481 88 6482
f 6482 88 94
f 6482 94 6483
f 6483 94 93
f 6483 93 6484
f 6484 93 91
f 6484 91 6485
f 6485 91 90
f 6485 90 6486
f 2467 6479 2502
f 2502 6479 6487
f 2502 6487 2500
f 2500 6487 6488
f 2500 6488 2498
f 2498 6488 2496
f 2496 6488 6489
f 2496 6489 2494
f 2494 6489 6490
f 2494 6490 2492
f 90 63 6486
f 6486 63 62
f 6486 62 6491
f 6491 62 100
f 6491 100 6492
f 6492 100 99
f 6492 99 6493
f 6493 99 97
f 6493 97 6494
f 6494 97 96
f 6494 96 6495
f 6495 96 103
f 6496 2482 6497
f 6497 2482 2484
f 6497 2484 6498
f 6498 2484 2486
f 6498 2486 6499
f 6499 2486 2488
f 6499 2488 6490
f 6490 2488 2490
f 6490 2490 2492
f 102 6500 103
f 103 6500 6501
f 103 6501 6495
f 6502 2476 6503
f 6503 2476 2478
f 6503 2478 6496
f 6496 2478 2480
f 6496 2480 2482
f 6504 2466 6505
f 6505 2466 2472
f 6505 2472 6502
f 6502 2472 2474
f 6502 2474 2476
f 102 111 6500
f 6500 111 110
f 6500 110 6506
f 6506 110 108
f 6506 108 6507
f 6507 108 106
f 6507 106 6508
f 6508 106 105
f 6508 105 6509
f 6510 2459 6511
f 6511 2459 2461
f 6511 2461 6504
f 6504 2461 2464
f 6504 2464 2466
f 2448 2450 6512
f 6512 2450 2452
f 6512 2452 6513
f 6513 2452 2454
f 6513 2454 6514
f 6514 2454 2455
f 6514 2455 6510
f 6510 2455 2457
f 6510 2457 2459
f 113 6515 6516
f 105 60 6509
f 6509 60 59
f 6509 59 6517
f 6517 59 112
f 6517 112 6518
f 6518 112 119
f 6518 119 6519
f 6519 119 118
f 6519 118 6520
f 6520 118 117
f 6520 117 6521
f 6521 117 116
f 6521 116 6516
f 6516 116 114
f 6516 114 113
f 2448 6512 2446
f 2446 6512 6522
f 2446 6522 2444
f 2444 6522 6523
f 2444 6523 2442
f 2442 6523 6524
f 2442 6524 2440
f 2440 6524 2438
f 2438 6524 6525
f 2438 6525 2436
f 2436 6525 6526
f 2436 6526 2433
f 2433 6526 2431
f 2431 6526 6527
f 2431 6527 2429
f 2429 6527 6528
f 2429 6528 2427
f 2427 6528 2425
f 2425 6528 6529
f 2425 6529 2423
f 2423 6529 2421
f 2421 6529 6530
f 2421 6530 2419
f 2419 6530 6531
f 2419 6531 2417
f 2417 6531 2415
f 2415 6531 6532
f 2415 6532 2413
f 2413 6532 6533
f 2413 6533 2411
f 2411 6533 2408
f 2408 6533 6534
f 2408 6534 2406
f 2406 6534 6535
f 2406 6535 2405
f 2405 6535 6536
f 2405 6536 2404
f 6537 2395 6538
f 6538 2395 2397
f 6538 2397 6539
f 6539 2397 2399
f 6539 2399 6536
f 6536 2399 2401
f 6536 2401 2404
f 6540 2389 6541
f 6541 2389 2391
f 6541 2391 6537
f 6537 2391 2393
f 6537 2393 2395
f 6542 2383 6543
f 6543 2383 2385
f 6543 2385 6540
f 6540 2385 2387
f 6540 2387 2389
f 6544 2373 6545
f 6545 2373 2371
f 6545 2371 6546
f 6546 2371 2377
f 6546 2377 6547
f 6547 2377 2379
f 6547 2379 6542
f 6542 2379 2381
f 6542 2381 2383
f 6548 2343 6544
f 6544 2343 2374
f 6544 2374 2373
f 6464 6549 6465
f 6465 6549 6550
f 6465 6550 6466
f 6466 6550 6551
f 6466 6551 6467
f 6467 6551 6552
f 6467 6552 6468
f 6468 6552 6553
f 6468 6553 6469
f 6469 6553 6554
f 6469 6554 6470
f 6470 6554 6555
f 6470 6555 6472
f 6472 6555 6556
f 6472 6556 6473
f 6473 6556 6557
f 6473 6557 6475
f 6475 6557 6558
f 6475 6558 6476
f 6476 6558 6559
f 6476 6559 6477
f 6477 6559 6560
f 6477 6560 6478
f 6478 6560 6561
f 6478 6561 6479
f 6479 6561 6562
f 6479 6562 6487
f 6487 6562 6563
f 6487 6563 6488
f 6488 6563 6564
f 6488 6564 6489
f 6489 6564 6565
f 6489 6565 6490
f 6490 6565 6566
f 6490 6566 6499
f 6499 6566 6567
f 6499 6567 6498
f 6498 6567 6568
f 6498 6568 6497
f 6497 6568 6569
f 6497 6569 6496
f 6496 6569 6570
f 6496 6570 6503
f 6503 6570 6571
f 6503 6571 6502
f 6502 6571 6572
f 6502 6572 6505
f 6505 6572 6573
f 6505 6573 6504
f 6504 6573 6574
f 6504 6574 6511
f 6511 6574 6575
f 6511 6575 6510
f 6510 6575 6576
f 6510 6576 6514
f 6514 6576 6577
f 6514 6577 6513
f 6513 6577 6578
f 6513 6578 6512
f 6512 6578 6579
f 6512 6579 6522
f 6522 6579 6580
f 6522 6580 6523
f 6523 6580 6581
f 6523 6581 6524
f 6524 6581 6582
f 6524 6582 6525
f 6525 6582 6583
f 6525 6583 6526
f 6526 6583 6584
f 6526 6584 6527
f 6527 6584 6585
f 6527 6585 6528
f 6528 6585 6586
f 6528 6586 6529
f 6529 6586 6587
f 6529 6587 6530
f 6530 6587 6588
f 6530 6588 6531
f 6531 6588 6589
f 6531 6589 6532
f 6532 6589 6590
f 6532 6590 6533
f 6533 6590 6591
f 6533 6591 6534
f 6534 6591 6592
f 6534 6592 6535
f 6535 6592 6593
f 6535 6593 6536
f 6536 6593 6594
f 6536 6594 6539
f 6539 6594 6595
f 6539 6595 6538
f 6538 6595 6596
f 6538 6596 6537
f 6537 6596 6597
f 6537 6597 6541
f 6541 6597 6598
f 6541 6598 6540
f 6540 6598 6599
f 6540 6599 6543
f 6543 6599 6600
f 6543 6600 6542
f 6542 6600 6601
f 6542 6601 6547
f 6547 6601 6602
f 6547 6602 6546
f 6546 6602 6603
f 6546 6603 6545
f 6545 6603 6604
f 6545 6604 6544
f 6544 6604 6605
f 6544 6605 6548
f 6548 6605 6606
f 6607 2356 6608
f 6608 2356 2354
f 6608 2354 6606
f 6606 2354 2352
f 6606 2352 6548
f 6548 2352 2351
f 6548 2351 2343
f 2364 6463 2366
f 2366 6463 6609
f 2366 6609 2368
f 113 954 6515
f 6515 954 120
f 6515 120 6610
f 6610 120 58
f 6610 58 6611
f 6611 58 56
f 6611 56 6612
f 6612 56 55
f 6612 55 6613
f 6613 55 53
f 6613 53 6614
f 6614 53 52
f 6614 52 6615
f 6615 52 123
f 6615 123 6616
f 6616 123 50
f 6616 50 6617
f 6617 50 49
f 6617 49 6618
f 6618 49 124
f 6618 124 6619
f 6619 124 126
f 6619 126 6620
f 6620 126 130
f 6620 130 6621
f 6621 130 129
f 6621 129 6622
f 6622 129 128
f 6622 128 6623
f 6623 128 131
f 6623 131 6624
f 6624 131 133
f 6624 133 6625
f 6625 133 47
f 6625 47 6626
f 6626 47 46
f 6626 46 6627
f 6627 46 235
f 6627 235 6628
f 6628 235 44
f 6628 44 6629
f 6629 44 43
f 6629 43 6630
f 6630 43 134
f 6630 134 6631
f 6631 134 136
f 6631 136 6632
f 6632 136 135
f 6632 135 6633
f 6633 135 139
f 6633 139 6634
f 6634 139 138
f 6634 138 6635
f 6635 138 241
f 6635 241 6636
f 6636 241 41
f 6636 41 6637
f 6637 41 40
f 6637 40 6638
f 6638 40 144
f 6638 144 6639
f 6639 144 142
f 6639 142 6640
f 2368 6609 2369
f 2369 6609 6641
f 2369 6641 2348
f 2348 6641 6642
f 2348 6642 2349
f 2349 6642 2344
f 2344 6642 6643
f 2344 6643 2519
f 6644 6645 6646
f 6646 6645 6647
f 6646 6647 6648
f 6648 6647 6643
f 6648 6643 6649
f 6649 6643 6642
f 6649 6642 6650
f 6650 6642 6641
f 6650 6641 6651
f 6651 6641 6609
f 6651 6609 6652
f 6652 6609 6463
f 6652 6463 6653
f 6653 6463 2362
f 6653 2362 6654
f 6654 2362 2360
f 6654 2360 6607
f 6607 2360 2358
f 6607 2358 2356
f 2519 6643 2521
f 2521 6643 6647
f 2521 6647 2523
f 2523 6647 6645
f 2523 6645 2525
f 142 141 6640
f 6640 141 74
f 6640 74 6655
f 6655 74 72
f 6655 72 6656
f 6656 72 71
f 6656 71 6657
f 6657 71 79
f 6657 79 6658
f 6658 79 77
f 6658 77 6659
f 6659 77 76
f 6659 76 6660
f 6660 76 69
f 6660 69 6661
f 6661 69 68
f 6661 68 6662
f 6662 68 66
f 6662 66 6663
f 6663 66 65
f 6663 65 6664
f 6664 65 82
f 6664 82 6665
f 6665 82 81
f 6665 81 6666
f 6666 81 87
f 6666 6667 6665
f 6665 6667 6668
f 6665 6668 6664
f 6664 6668 6669
f 6664 6669 6663
f 6663 6669 6670
f 6663 6670 6662
f 6662 6670 6671
f 6662 6671 6661
f 6661 6671 6672
f 6661 6672 6660
f 6660 6672 6673
f 6660 6673 6659
f 6659 6673 6674
f 6659 6674 6658
f 6658 6674 6675
f 6658 6675 6657
f 6657 6675 6676
f 6657 6676 6656
f 6656 6676 6677
f 6656 6677 6655
f 6655 6677 6678
f 6655 6678 6640
f 6640 6678 6679
f 6640 6679 6639
f 6639 6679 6680
f 6639 6680 6638
f 6638 6680 6681
f 6638 6681 6637
f 6637 6681 6682
f 6637 6682 6636
f 6636 6682 6683
f 6636 6683 6635
f 6635 6683 6684
f 6635 6684 6634
f 6634 6684 6685
f 6634 6685 6633
f 6633 6685 6686
f 6633 6686 6632
f 6632 6686 6687
f 6632 6687 6631
f 6631 6687 6688
f 6631 6688 6630
f 6630 6688 6689
f 6630 6689 6629
f 6629 6689 6690
f 6629 6690 6628
f 6628 6690 6691
f 6628 6691 6627
f 6627 6691 6692
f 6627 6692 6626
f 6626 6692 6693
f 6626 6693 6625
f 6625 6693 6694
f 6625 6694 6624
f 6624 6694 6695
f 6624 6695 6623
f 6623 6695 6696
f 6623 6696 6622
f 6622 6696 6697
f 6622 6697 6621
f 6621 6697 6698
f 6621 6698 6620
f 6620 6698 6699
f 6620 6699 6619
f 6619 6699 6700
f 6619 6700 6618
f 6618 6700 6701
f 6618 6701 6617
f 6617 6701 6702
f 6617 6702 6616
f 6616 6702 6703
f 6616 6703 6615
f 6615 6703 6704
f 6615 6704 6614
f 6614 6704 6705
f 6614 6705 6613
f 6613 6705 6706
f 6613 6706 6612
f 6612 6706 6707
f 6612 6707 6611
f 6611 6707 6708
f 6611 6708 6610
f 6610 6708 6709
f 6610 6709 6515
f 6515 6709 6710
f 6515 6710 6516
f 6516 6710 6711
f 6516 6711 6521
f 6521 6711 6712
f 6521 6712 6520
f 6520 6712 6713
f 6520 6713 6519
f 6519 6713 6714
f 6519 6714 6518
f 6518 6714 6715
f 6518 6715 6517
f 6517 6715 6716
f 6517 6716 6509
f 6509 6716 6717
f 6509 6717 6508
f 6508 6717 6718
f 6508 6718 6507
f 6507 6718 6719
f 6507 6719 6506
f 6506 6719 6720
f 6506 6720 6500
f 6500 6720 6721
f 6500 6721 6501
f 6501 6721 6722
f 6501 6722 6495
f 6495 6722 6723
f 6495 6723 6494
f 6494 6723 6724
f 6494 6724 6493
f 6493 6724 6725
f 6493 6725 6492
f 6492 6725 6726
f 6492 6726 6491
f 6491 6726 6727
f 6491 6727 6486
f 6486 6727 6728
f 6486 6728 6485
f 6485 6728 6729
f 6485 6729 6484
f 6484 6729 6730
f 6484 6730 6483
f 6483 6730 6731
f 6483 6731 6482
f 6482 6731 6732
f 6482 6732 6481
f 6481 6732 6733
f 6481 6733 6480
f 6480 6733 6734
f 6480 6734 6474
f 6474 6734 6735
f 6667 6736 6668
f 6668 6736 6737
f 6668 6737 6669
f 6669 6737 6738
f 6669 6738 6670
f 6670 6738 6739
f 6670 6739 6671
f 6671 6739 6740
f 6671 6740 6672
f 6672 6740 6741
f 6672 6741 6673
f 6673 6741 6742
f 6673 6742 6674
f 6674 6742 6743
f 6674 6743 6675
f 6675 6743 6744
f 6675 6744 6676
f 6676 6744 6745
f 6676 6745 6677
f 6677 6745 6746
f 6677 6746 6678
f 6678 6746 6747
f 6678 6747 6679
f 6679 6747 6748
f 6679 6748 6680
f 6680 6748 6749
f 6680 6749 6681
f 6681 6749 6750
f 6681 6750 6682
f 6682 6750 6751
f 6682 6751 6683
f 6683 6751 6752
f 6683 6752 6684
f 6684 6752 6753
f 6684 6753 6685
f 6685 6753 6754
f 6685 6754 6686
f 6686 6754 6755
f 6686 6755 6687
f 6687 6755 6756
f 6687 6756 6688
f 6688 6756 6757
f 6688 6757 6689
f 6689 6757 6758
f 6689 6758 6690
f 6690 6758 6759
f 6690 6759 6691
f 6691 6759 6760
f 6691 6760 6692
f 6692 6760 6761
f 6692 6761 6693
f 6693 6761 6762
f 6693 6762 6694
f 6694 6762 6763
f 6694 6763 6695
f 6695 6763 6764
f 6695 6764 6696
f 6696 6764 6765
f 6696 6765 6697
f 6697 6765 6766
f 6697 6766 6698
f 6698 6766 6767
f 6698 6767 6699
f 6699 6767 6768
f 6699 6768 6700
f 6700 6768 6769
f 6700 6769 6701
f 6701 6769 6770
f 6701 6770 6702
f 6702 6770 6771
f 6702 6771 6703
f 6703 6771 6772
f 6703 6772 6704
f 6704 6772 6773
f 6704 6773 6705
f 6705 6773 6774
f 6705 6774 6706
f 6706 6774 6775
f 6706 6775 6707
f 6707 6775 6776
f 6707 6776 6708
f 6708 6776 6777
f 6708 6777 6709
f 6709 6777 6778
f 6709 6778 6710
f 6710 6778 6779
f 6710 6779 6711
f 6711 6779 6780
f 6711 6780 6712
f 6712 6780 6781
f 6712 6781 6713
f 6713 6781 6782
f 6713 6782 6714
f 6714 6782 6783
f 6714 6783 6715
f 6715 6783 6784
f 6715 6784 6716
f 6716 6784 6785
f 6716 6785 6717
f 6717 6785 6786
f 6717 6786 6718
f 6718 6786 6787
f 6718 6787 6719
f 6719 6787 6788
f 6719 6788 6720
f 6720 6788 6789
f 6720 6789 6721
f 6721 6789 6790
f 6721 6790 6722
f 6722 6790 6791
f 6722 6791 6723
f 6723 6791 6792
f 6723 6792 6724
f 6724 6792 6793
f 6724 6793 6725
f 6725 6793 6794
f 6725 6794 6726
f 6726 6794 6795
f 6726 6795 6727
f 6727 6795 6796
f 6727 6796 6728
f 6728 6796 6797
f 6728 6797 6729
f 6729 6797 6798
f 6729 6798 6730
f 6730 6798 6799
f 6730 6799 6731
f 6731 6799 6800
f 6731 6800 6732
f 6732 6800 6801
f 6732 6801 6733
f 6733 6801 6802
f 6733 6802 6734
f 6734 6802 6803
f 6734 6803 6735
f 6735 6803 6804
f 6736 6805 6737
f 6737 6805 6806
f 6737 6806 6738
f 6738 6806 6807
f 6738 6807 6739
f 6739 6807 6808
f 6739 6808 6740
f 6740 6808 6809
f 6740 6809 6741
f 6741 6809 6810
f 6741 6810 6742
f 6742 6810 6811
f 6742 6811 6743
f 6743 6811 6812
f 6743 6812 6744
f 6744 6812 6813
f 6744 6813 6745
f 6745 6813 6814
f 6745 6814 6746
f 6746 6814 6815
f 6746 6815 6747
f 6747 6815 6816
f 6747 6816 6748
f 6748 6816 6817
f 6748 6817 6749
f 6749 6817 6818
f 6749 6818 6750
f 6750 6818 6819
f 6750 6819 6751
f 6751 6819 6820
f 6751 6820 6752
f 6752 6820 6821
f 6752 6821 6753
f 6753 6821 6822
f 6753 6822 6754
f 6754 6822 6823
f 6754 6823 6755
f 6755 6823 6824
f 6755 6824 6756
f 6756 6824 6825
f 6756 6825 6757
f 6757 6825 6826
f 6757 6826 6758
f 6758 6826 6827
f 6758 6827 6759
f 6759 6827 6828
f 6759 6828 6760
f 6760 6828 6829
f 6760 6829 6761
f 6761 6829 6830
f 6761 6830 6762
f 6762 6830 6831
f 6762 6831 6763
f 6763 6831 6832
f 6763 6832 6764
f 6764 6832 6833
f 6764 6833 6765
f 6765 6833 6834
f 6765 6834 6766
f 6766 6834 6835
f 6766 6835 6767
f 6767 6835 6836
f 6767 6836 6768
f 6768 6836 6837
f 6768 6837 6769
f 6769 6837 6838
f 6769 6838 6770
f 6770 6838 6839
f 6770 6839 6771
f 6771 6839 6840
f 6771 6840 6772
f 6772 6840 6841
f 6772 6841 6773
f 6773 6841 6842
f 6773 6842 6774
f 6774 6842 6843
f 6774 6843 6775
f 6775 6843 6844
f 6775 6844 6776
f 6776 6844 6845
f 6776 6845 6777
f 6777 6845 6846
f 6777 6846 6778
f 6778 6846 6847
f 6778 6847 6779
f 6779 6847 6848
f 6779 6848 6780
f 6780 6848 6849
f 6780 6849 6781
f 6781 6849 6850
f 6781 6850 6782
f 6782 6850 6851
f 6782 6851 6783
f 6783 6851 6852
f 6783 6852 6784
f 6784 6852 6853
f 6784 6853 6785
f 6785 6853 6854
f 6785 6854 6786
f 6786 6854 6855
f 6786 6855 6787
f 6787 6855 6856
f 6787 6856 6788
f 6788 6856 6857
f 6788 6857 6789
f 6789 6857 6858
f 6789 6858 6790
f 6790 6858 6859
f 6790 6859 6791
f 6791 6859 6860
f 6791 6860 6792
f 6792 6860 6861
f 6792 6861 6793
f 6793 6861 6862
f 6793 6862 6794
f 6794 6862 6863
f 6794 6863 6795
f 6795 6863 6864
f 6795 6864 6796
f 6796 6864 6865
f 6796 6865 6797
f 6797 6865 6866
f 6797 6866 6798
f 6798 6866 6867
f 6798 6867 6799
f 6799 6867 6868
f 6799 6868 6800
f 6800 6868 6869
f 6800 6869 6801
f 6801 6869 6870
f 6801 6870 6802
f 6802 6870 6871
f 6802 6871 6803
f 6803 6871 6872
f 6803 6872 6804
f 6804 6872 6873
f 6805 6874 6806
f 6806 6874 6875
f 6806 6875 6807
f 6807 6875 6876
f 6807 6876 6808
f 6808 6876 6877
f 6808 6877 6809
f 6809 6877 6878
f 6809 6878 6810
f 6810 6878 6879
f 6810 6879 6811
f 6811 6879 6880
f 6811 6880 6812
f 6812 6880 6881
f 6812 6881 6813
f 6813 6881 6882
f 6813 6882 6814
f 6814 6882 6883
f 6814 6883 6815
f 6815 6883 6884
f 6815 6884 6816
f 6816 6884 6885
f 6816 6885 6817
f 6817 6885 6886
f 6817 6886 6818
f 6818 6886 6887
f 6818 6887 6819
f 6819 6887 6888
f 6819 6888 6820
f 6820 6888 6889
f 6820 6889 6821
f 6821 6889 6890
f 6821 6890 6822
f 6822 6890 6891
f 6822 6891 6823
f 6823 6891 6892
f 6823 6892 6824
f 6824 6892 6893
f 6824 6893 6825
f 6825 6893 6894
f 6825 6894 6826
f 6826 6894 6895
f 6826 6895 6827
f 6827 6895 6896
f 6827 6896 6828
f 6828 6896 6897
f 6828 6897 6829
f 6829 6897 6898
f 6829 6898 6830
f 6830 6898 6899
f 6830 6899 6831
f 6831 6899 6900
f 6831 6900 6832
f 6832 6900 6901
f 6832 6901 6833
f 6833 6901 6902
f 6833 6902 6834
f 6834 6902 6903
f 6834 6903 6835
f 6835 6903 6904
f 6835 6904 6836
f 6836 6904 6905
f 6836 6905 6837
f 6837 6905 6906
f 6837 6906 6838
f 6838 6906 6907
f 6838 6907 6839
f 6839 6907 6908
f 6839 6908 6840
f 6840 6908 6909
f 6840 6909 6841
f 6841 6909 6910
f 6841 6910 6842
f 6842 6910 6911
f 6842 6911 6843
f 6843 6911 6912
f 6843 6912 6844
f 6844 6912 6913
f 6844 6913 6845
f 6845 6913 6914
f 6845 6914 6846
f 6846 6914 6915
f 6846 6915 6847
f 6847 6915 6916
f 6847 6916 6848
f 6848 6916 6917
f 6848 6917 6849
f 6849 6917 6918
f 6849 6918 6850
f 6850 6918 6919
f 6850 6919 6851
f 6851 6919 6920
f 6851 6920 6852
f 6852 6920 6921
f 6852 6921 6853
f 6853 6921 6922
f 6853 6922 6854
f 6854 6922 6923
f 6854 6923 6855
f 6855 6923 6924
f 6855 6924 6856
f 6856 6924 6925
f 6856 6925 6857
f 6857 6925 6926
f 6857 6926 6858
f 6858 6926 6927
f 6858 6927 6859
f 6859 6927 6928
f 6859 6928 6860
f 6860 6928 6929
f 6860 6929 6861
f 6861 6929 6930
f 6861 6930 6862
f 6862 6930 6931
f 6862 6931 6863
f 6863 6931 6932
f 6863 6932 6864
f 6864 6932 6933
f 6864 6933 6865
f 6865 6933 6934
f 6865 6934 6866
f 6866 6934 6935
f 6866 6935 6867
f 6867 6935 6936
f 6867 6936 6868
f 6868 6936 6937
f 6868 6937 6869
f 6869 6937 6938
f 6869 6938 6870
f 6870 6938 6939
f 6870 6939 6871
f 6871 6939 6940
f 6871 6940 6872
f 6872 6940 6941
f 6872 6941 6873
f 6873 6941 6942
f 6874 6943 6875
f 6875 6943 6944
f 6875 6944 6876
f 6876 6944 6945
f 6876 6945 6877
f 6877 6945 6946
f 6877 6946 6878
f 6878 6946 6947
f 6878 6947 6879
f 6879 6947 6948
f 6879 6948 6880
f 6880 6948 6949
f 6880 6949 6881
f 6881 6949 6950
f 6881 6950 6882
f 6882 6950 6951
f 6882 6951 6883
f 6883 6951 6952
f 6883 6952 6884
f 6884 6952 6953
f 6884 6953 6885
f 6885 6953 6954
f 6885 6954 6886
f 6886 6954 6955
f 6886 6955 6887
f 6887 6955 6956
f 6887 6956 6888
f 6888 6956 6957
f 6888 6957 6889
f 6889 6957 6958
f 6889 6958 6890
f 6890 6958 6959
f 6890 6959 6891
f 6891 6959 6960
f 6891 6960 6892
f 6892 6960 6961
f 6892 6961 6893
f 6893 6961 6962
f 6893 6962 6894
f 6894 6962 6963
f 6894 6963 6895
f 6895 6963 6964
f 6895 6964 6896
f 6896 6964 6965
f 6896 6965 6897
f 6897 6965 6966
f 6897 6966 6898
f 6898 6966 6967
f 6898 6967 6899
f 6899 6967 6968
f 6899 6968 6900
f 6900 6968 6969
f 6900 6969 6901
f 6901 6969 6970
f 6901 6970 6902
f 6902 6970 6971
f 6902 6971 6903
f 6903 6971 6972
f 6903 6972 6904
f 6904 6972 6973
f 6904 6973 6905
f 6905 6973 6974
f 6905 6974 6906
f 6906 6974 6975
f 6906 6975 6907
f 6907 6975 6976
f 6907 6976 6908
f 6908 6976 6977
f 6908 6977 6909
f 6909 6977 6978
f 6909 6978 6910
f 6910 6978 6979
f 6910 6979 6911
f 6911 6979 6980
f 6911 6980 6912
f 6912 6980 6981
f 6912 6981 6913
f 6913 6981 6982
f 6913 6982 6914
f 6914 6982 6983
f 6914 6983 6915
f 6915 6983 6984
f 6915 6984 6916
f 6916 6984 6985
f 6916 6985 6917
f 6917 6985 6986
f 6917 6986 6918
f 6918 6986 6987
f 6918 6987 6919
f 6919 6987 6988
f 6919 6988 6920
f 6920 6988 6989
f 6920 6989 6921
f 6921 6989 6990
f 6921 6990 6922
f 6922 6990 6991
f 6922 6991 6923
f 6923 6991 6992
f 6923 6992 6924
f 6924 6992 6993
f 6924 6993 6925
f 6925 6993 6994
f 6925 6994 6926
f 6926 6994 6995
f 6926 6995 6927
f 6927 6995 6996
f 6927 6996 6928
f 6928 6996 6997
f 6928 6997 6929
f 6929 6997 6998
f 6929 6998 6930
f 6930 6998 6999
f 6930 6999 6931
f 6931 6999 7000
f 6931 7000 6932
f 6932 7000 7001
f 6932 7001 6933
f 6933 7001 7002
f 6933 7002 6934
f 6934 7002 7003
f 6934 7003 6935
f 6935 7003 7004
f 6935 7004 6936
f 6936 7004 7005
f 6936 7005 6937
f 6937 7005 7006
f 6937 7006 6938
f 6938 7006 7007
f 6938 7007 6939
f 6939 7007 7008
f 6939 7008 6940
f 6940 7008 7009
f 6940 7009 6941
f 6941 7009 7010
f 6941 7010 6942
f 6942 7010 7011
f 6943 7012 6944
f 6944 7012 7013
f 6944 7013 6945
f 6945 7013 7014
f 6945 7014 6946
f 6946 7014 7015
f 6946 7015 6947
f 6947 7015 7016
f 6947 7016 6948
f 6948 7016 7017
f 6948 7017 6949
f 6949 7017 7018
f 6949 7018 6950
f 6950 7018 7019
f 6950 7019 6951
f 6951 7019 7020
f 6951 7020 6952
f 6952 7020 7021
f 6952 7021 6953
f 6953 7021 7022
f 6953 7022 6954
f 6954 7022 7023
f 6954 7023 6955
f 6955 7023 7024
f 6955 7024 6956
f 6956 7024 7025
f 6956 7025 6957
f 6957 7025 7026
f 6957 7026 6958
f 6958 7026 7027
f 6958 7027 6959
f 6959 7027 7028
f 6959 7028 6960
f 6960 7028 7029
f 6960 7029 6961
f 6961 7029 7030
f 6961 7030 6962
f 6962 7030 7031
f 6962 7031 6963
f 6963 7031 7032
f 6963 7032 6964
f 6964 7032 7033
f 6964 7033 6965
f 6965 7033 7034
f 6965 7034 6966
f 6966 7034 7035
f 6966 7035 6967
f 6967 7035 7036
f 6967 7036 6968
f 6968 7036 7037
f 6968 7037 6969
f 6969 7037 7038
f 6969 7038 6970
f 6970 7038 7039
f 6970 7039 6971
f 6971 7039 7040
f 6971 7040 6972
f 6972 7040 7041
f 6972 7041 6973
f 6973 7041 7042
f 6973 7042 6974
f 6974 7042 7043
f 6974 7043 6975
f 6975 7043 7044
f 6975 7044 6976
f 6976 7044 7045
f 6976 7045 6977
f 6977 7045 7046
f 6977 7046 6978
f 6978 7046 7047
f 6978 7047 6979
f 6979 7047 7048
f 6979 7048 6980
f 6980 7048 7049
f 6980 7049 6981
f 6981 7049 7050
f 6981 7050 6982
f 6982 7050 7051
f 6982 7051 6983
f 6983 7051 7052
f 6983 7052 6984
f 6984 7052 7053
f 6984 7053 6985
f 6985 7053 7054
f 6985 7054 6986
f 6986 7054 7055
f 6986 7055 6987
f 6987 7055 7056
f 6987 7056 6988
f 6988 7056 7057
f 6988 7057 6989
f 6989 7057 7058
f 6989 7058 6990
f 6990 7058 7059
f 6990 7059 6991
f 6991 7059 7060
f 6991 7060 6992
f 6992 7060 7061
f 6992 7061 6993
f 6993 7061 7062
f 6993 7062 6994
f 6994 7062 7063
f 6994 7063 6995
f 6995 7063 7064
f 6995 7064 6996
f 6996 7064 7065
f 6996 7065 6997
f 6997 7065 7066
f 6997 7066 6998
f 6998 7066 7067
f 6998 7067 6999
f 6999 7067 7068
f 6999 7068 7000
f 7000 7068 7069
f 7000 7069 7001
f 7001 7069 7070
f 7001 7070 7002
f 7002 7070 7071
f 7002 7071 7003
f 7003 7071 7072
f 7003 7072 7004
f 7004 7072 7073
f 7004 7073 7005
f 7005 7073 7074
f 7005 7074 7006
f 7006 7074 7075
f 7006 7075 7007
f 7007 7075 7076
f 7007 7076 7008
f 7008 7076 7077
f 7008 7077 7009
f 7009 7077 7078
f 7009 7078 7010
f 7010 7078 7079
f 7010 7079 7011
f 7011 7079 7080
f 7012 6644 7013
f 7013 6644 6646
f 7013 6646 7014
f 7014 6646 6648
f 7014 6648 7015
f 7015 6648 6649
f 7015 6649 7016
f 7016 6649 6650
f 7016 6650 7017
f 7017 6650 6651
f 7017 6651 7018
f 7018 6651 6652
f 7018 6652 7019
f 7019 6652 6653
f 7019 6653 7020
f 7020 6653 6654
f 7020 6654 7021
f 7021 6654 6607
f 7021 6607 7022
f 7022 6607 6608
f 7022 6608 7023
f 7023 6608 6606
f 7023 6606 7024
f 7024 6606 6605
f 7024 6605 7025
f 7025 6605 6604
f 7025 6604 7026
f 7026 6604 6603
f 7026 6603 7027
f 7027 6603 6602
f 7027 6602 7028
f 7028 6602 6601
f 7028 6601 7029
f 7029 6601 6600
f 7029 6600 7030
f 7030 6600 6599
f 7030 6599 7031
f 7031 6599 6598
f 7031 6598 7032
f 7032 6598 6597
f 7032 6597 7033
f 7033 6597 6596
f 7033 6596 7034
f 7034 6596 6595
f 7034 6595 7035
f 7035 6595 6594
f 7035 6594 7036
f 7036 6594 6593
f 7036 6593 7037
f 7037 6593 6592
f 7037 6592 7038
f 7038 6592 6591
f 7038 6591 7039
f 7039 6591 6590
f 7039 6590 7040
f 7040 6590 6589
f 7040 6589 7041
f 7041 6589 6588
f 7041 6588 7042
f 7042 6588 6587
f 7042 6587 7043
f 7043 6587 6586
f 7043 6586 7044
f 7044 6586 6585
f 7044 6585 7045
f 7045 6585 6584
f 7045 6584 7046
f 7046 6584 6583
f 7046 6583 7047
f 7047 6583 6582
f 7047 6582 7048
f 7048 6582 6581
f 7048 6581 7049
f 7049 6581 6580
f 7049 6580 7050
f 7050 6580 6579
f 7050 6579 7051
f 7051 6579 6578
f 7051 6578 7052
f 7052 6578 6577
f 7052 6577 7053
f 7053 6577 6576
f 7053 6576 7054
f 7054 6576 6575
f 7054 6575 7055
f 7055 6575 6574
f 7055 6574 7056
f 7056 6574 6573
f 7056 6573 7057
f 7057 6573 6572
f 7057 6572 7058
f 7058 6572 6571
f 7058 6571 7059
f 7059 6571 6570
f 7059 6570 7060
f 7060 6570 6569
f 7060 6569 7061
f 7061 6569 6568
f 7061 6568 7062
f 7062 6568 6567
f 7062 6567 7063
f 7063 6567 6566
f 7063 6566 7064
f 7064 6566 6565
f 7064 6565 7065
f 7065 6565 6564
f 7065 6564 7066
f 7066 6564 6563
f 7066 6563 7067
f 7067 6563 6562
f 7067 6562 7068
f 7068 6562 6561
f 7068 6561 7069
f 7069 6561 6560
f 7069 6560 7070
f 7070 6560 6559
f 7070 6559 7071
f 7071 6559 6558
f 7071 6558 7072
f 7072 6558 6557
f 7072 6557 7073
f 7073 6557 6556
f 7073 6556 7074
f 7074 6556 6555
f 7074 6555 7075
f 7075 6555 6554
f 7075 6554 7076
f 7076 6554 6553
f 7076 6553 7077
f 7077 6553 6552
f 7077 6552 7078
f 7078 6552 6551
f 7078 6551 7079
f 7079 6551 6550
f 7079 6550 7080
f 7080 6550 6549
f 86 6474 6471
f 6471 6474 6735
f 6471 6735 7081
f 7081 6735 6804
f 7081 6804 7082
f 7082 6804 6873
f 7082 6873 7083
f 7083 6873 6942
f 7083 6942 7084
f 7084 6942 7011
f 7084 7011 7085
f 7085 7011 7080
f 7085 7080 7086
f 7086 7080 6549
f 7086 6549 7087
f 7087 6549 6464
f 7087 6464 7088
f 7088 6464 2529
f 7088 2529 2527
f 87 6471 6666
f 6666 6471 7081
f 6666 7081 6667
f 6667 7081 7082
f 6667 7082 6736
f 6736 7082 7083
f 6736 7083 6805
f 6805 7083 7084
f 6805 7084 6874
f 6874 7084 7085
f 6874 7085 6943
f 6943 7085 7086
f 6943 7086 7012
f 7012 7086 7087
f 7012 7087 6644
f 6644 7087 7088
f 6644 7088 6645
f 6645 7088 2527
f 6645 2527 2525
