# Nasal cavity asset - converted from SolidWorks STL
# units: 1 Unity unit = 100 mm  (scale 0.01, matches worldScale=0.01)
# origin = centre of the 10 mm entry hole; tube axis = +Y (up)
# import with Scale Factor = 1, Normals = Calculate
o NasalCavity
v 0.012558 0.600000 0.330405
v 0.012570 0.576369 0.330405
v 0.010419 0.576788 0.330528
v 0.005250 0.577470 0.330731
v 0.000000 0.577700 0.330800
v -0.012558 0.600000 0.330405
v -0.005247 0.577470 0.330731
v -0.010419 0.576788 0.330528
v 0.034403 0.566857 0.327819
v 0.030000 0.569662 0.328537
v 0.037476 0.600000 0.327257
v 0.025373 0.572071 0.329184
v 0.020521 0.574082 0.329744
v 0.015512 0.575660 0.330198
v 0.051962 0.487700 0.323932
v 0.054372 0.492329 0.323267
v 0.061803 0.000000 0.321011
v 0.056382 0.497179 0.322688
v 0.057955 0.502168 0.322219
v 0.042413 0.475260 0.326251
v 0.045963 0.479133 0.325447
v 0.049151 0.483289 0.324666
v 0.059088 0.507281 0.321872
v 0.059772 0.512475 0.321659
v 0.060000 0.517700 0.321588
v 0.059088 0.528119 0.321872
v 0.061803 0.600000 0.321011
v 0.059772 0.522927 0.321659
v 0.057951 0.533246 0.322220
v 0.056382 0.538221 0.322688
v 0.054379 0.543056 0.323265
v 0.051962 0.547700 0.323932
v 0.049139 0.552129 0.324669
v 0.045963 0.556267 0.325447
v 0.042432 0.560121 0.326247
v 0.038567 0.563663 0.327046
v 0.037502 0.564536 0.327253
v 0.025342 0.463314 0.329188
v 0.030000 0.465738 0.328537
v 0.037476 0.000000 0.327257
v 0.020521 0.461318 0.329744
v 0.034427 0.468559 0.327815
v 0.037502 0.470864 0.327253
v 0.038567 0.471737 0.327046
v 0.005209 0.457927 0.330732
v 0.012558 0.000000 0.330405
v 0.000000 0.457700 0.330800
v -0.012558 0.000000 0.330405
v -0.005214 0.457927 0.330732
v -0.010419 0.458612 0.330528
v 0.010419 0.458612 0.330528
v 0.012570 0.459031 0.330405
v 0.015547 0.459749 0.330195
v -0.034428 0.468560 0.327815
v -0.030000 0.465738 0.328537
v -0.037476 0.000000 0.327257
v -0.025343 0.463315 0.329188
v -0.020521 0.461318 0.329744
v -0.015552 0.459751 0.330194
v -0.012570 0.459031 0.330405
v -0.057956 0.533229 0.322219
v -0.059088 0.528119 0.321872
v -0.061803 0.600000 0.321011
v -0.059771 0.522936 0.321660
v -0.060000 0.517700 0.321588
v -0.051962 0.547700 0.323932
v -0.054377 0.543060 0.323266
v -0.056382 0.538221 0.322688
v -0.042431 0.560121 0.326247
v -0.045963 0.556267 0.325447
v -0.049141 0.552126 0.324669
v -0.061803 0.000000 0.321011
v -0.059770 0.512452 0.321660
v -0.059088 0.507281 0.321872
v -0.057956 0.502174 0.322219
v -0.056382 0.497179 0.322688
v -0.054369 0.492322 0.323268
v -0.051962 0.487700 0.323932
v -0.049153 0.483291 0.324666
v -0.045963 0.479133 0.325447
v -0.042414 0.475261 0.326251
v -0.038567 0.471737 0.327046
v -0.037502 0.470864 0.327253
v -0.012570 0.576369 0.330405
v -0.015517 0.575659 0.330197
v -0.037476 0.600000 0.327257
v -0.020521 0.574082 0.329744
v -0.025371 0.572072 0.329184
v -0.030000 0.569662 0.328537
v -0.034402 0.566858 0.327819
v -0.037502 0.564536 0.327253
v -0.038567 0.563663 0.327046
v 0.085156 0.600000 0.311765
v 0.085156 0.000000 0.311765
v 0.107165 0.600000 0.299666
v 0.107165 0.000000 0.299666
v 0.127485 0.600000 0.284903
v 0.127485 0.000000 0.284903
v 0.145794 0.600000 0.267709
v 0.145794 0.000000 0.267709
v 0.161803 0.600000 0.248357
v 0.161803 0.000000 0.248357
v 0.175261 0.600000 0.227151
v 0.175261 0.000000 0.227151
v 0.185955 0.600000 0.204425
v 0.185955 0.000000 0.204425
v 0.193717 0.600000 0.180538
v 0.193717 0.000000 0.180538
v 0.198423 0.600000 0.155867
v 0.198423 0.000000 0.155867
v 0.200000 0.600000 0.130800
v 0.200000 0.000000 0.130800
v 0.198423 0.600000 0.105733
v 0.198423 0.000000 0.105733
v 0.193717 0.600000 0.081062
v 0.193717 0.000000 0.081062
v 0.185955 0.600000 0.057175
v 0.185955 0.000000 0.057175
v 0.175261 0.600000 0.034449
v 0.175261 0.000000 0.034449
v 0.161803 0.600000 0.013243
v 0.161803 0.000000 0.013243
v 0.145794 0.600000 -0.006109
v 0.145794 0.000000 -0.006109
v 0.127485 0.600000 -0.023303
v 0.127485 0.000000 -0.023303
v 0.107165 0.600000 -0.038066
v 0.107165 0.000000 -0.038066
v 0.085156 0.600000 -0.050165
v 0.085156 0.000000 -0.050165
v 0.061803 0.600000 -0.059411
v 0.061803 0.000000 -0.059411
v 0.037476 0.600000 -0.065657
v 0.037476 0.000000 -0.065657
v 0.012558 0.600000 -0.068805
v 0.012558 0.000000 -0.068805
v -0.012558 0.600000 -0.068805
v -0.012558 0.000000 -0.068805
v -0.037476 0.600000 -0.065657
v -0.037476 0.000000 -0.065657
v -0.061803 0.600000 -0.059411
v -0.061803 0.000000 -0.059411
v -0.085156 0.600000 -0.050165
v -0.085156 0.000000 -0.050165
v -0.107165 0.600000 -0.038066
v -0.107165 0.000000 -0.038066
v -0.127485 0.600000 -0.023303
v -0.127485 0.000000 -0.023303
v -0.145794 0.600000 -0.006109
v -0.145794 0.000000 -0.006109
v -0.161803 0.600000 0.013243
v -0.161803 0.000000 0.013243
v -0.175261 0.600000 0.034449
v -0.175261 0.000000 0.034449
v -0.185955 0.600000 0.057175
v -0.185955 0.000000 0.057175
v -0.193717 0.600000 0.081062
v -0.193717 0.000000 0.081062
v -0.198423 0.600000 0.105733
v -0.198423 0.000000 0.105733
v -0.200000 0.600000 0.130800
v -0.200000 0.000000 0.130800
v -0.198423 0.600000 0.155867
v -0.198423 0.000000 0.155867
v -0.193717 0.600000 0.180538
v -0.193717 0.000000 0.180538
v -0.185955 0.600000 0.204425
v -0.185955 0.000000 0.204425
v -0.175261 0.600000 0.227151
v -0.175261 0.000000 0.227151
v -0.161803 0.600000 0.248357
v -0.161803 0.000000 0.248357
v -0.145794 0.600000 0.267709
v -0.145794 0.000000 0.267709
v -0.127485 0.600000 0.284903
v -0.127485 0.000000 0.284903
v -0.107165 0.600000 0.299666
v -0.107165 0.000000 0.299666
v -0.085156 0.600000 0.311765
v -0.085156 0.000000 0.311765
v 0.000000 0.600000 0.130800
v -0.039834 0.000000 -0.033294
v -0.033425 0.000000 -0.039703
v -0.017785 0.000000 -0.048733
v 0.000000 0.000000 0.052131
v -0.009030 0.000000 0.051341
v -0.017785 0.000000 0.048995
v -0.026000 0.000000 -0.044902
v -0.009030 0.000000 -0.051079
v 0.000000 0.000000 -0.051869
v 0.009030 0.000000 -0.051079
v -0.048864 0.000000 0.017916
v -0.051210 0.000000 0.009161
v 0.017785 0.000000 -0.048733
v 0.026000 0.000000 -0.044902
v -0.026000 0.000000 0.045164
v -0.039834 0.000000 0.033556
v -0.045033 0.000000 0.026131
v -0.045033 0.000000 -0.025869
v -0.048864 0.000000 -0.017654
v -0.051210 0.000000 -0.008899
v -0.052000 0.000000 0.000131
v 0.051210 0.000000 0.009161
v 0.048864 0.000000 0.017916
v 0.026000 0.000000 0.045164
v -0.033425 0.000000 0.039965
v 0.052000 0.000000 0.000131
v 0.051210 0.000000 -0.008899
v 0.048864 0.000000 -0.017654
v 0.045033 0.000000 -0.025869
v 0.039834 0.000000 -0.033294
v 0.033425 0.000000 -0.039703
v 0.033425 0.000000 0.039965
v 0.039834 0.000000 0.033556
v 0.045033 0.000000 0.026131
v 0.017785 0.000000 0.048995
v 0.009030 0.000000 0.051341
v 0.021392 0.573633 0.340800
v 0.020521 0.574082 0.340800
v 0.030000 0.569662 0.340800
v 0.056677 0.537035 0.340800
v 0.056382 0.538221 0.340800
v 0.059088 0.528119 0.340800
v 0.015529 0.575656 0.340800
v 0.013021 0.576151 0.340800
v 0.010419 0.576788 0.340800
v 0.008719 0.576946 0.340800
v 0.005229 0.577472 0.340800
v 0.004371 0.577424 0.340800
v 0.000000 0.577700 0.340800
v 0.051962 0.487700 0.340800
v 0.045963 0.479133 0.340800
v 0.051117 0.486504 0.340800
v 0.000000 0.577584 0.340800
v -0.004371 0.577424 0.340800
v -0.005229 0.577472 0.340800
v -0.008719 0.576946 0.340800
v -0.010419 0.576788 0.340800
v -0.013021 0.576151 0.340800
v -0.015529 0.575656 0.340800
v -0.017253 0.575045 0.340800
v -0.020521 0.574082 0.340800
v -0.021392 0.573633 0.340800
v -0.030000 0.569662 0.340800
v -0.029308 0.569922 0.340800
v -0.034415 0.566849 0.340800
v -0.036600 0.565098 0.340800
v -0.038567 0.563663 0.340800
v -0.039962 0.562300 0.340800
v -0.042426 0.560126 0.340800
v -0.043111 0.559264 0.340800
v -0.045963 0.556267 0.340800
v 0.054378 0.543057 0.340800
v 0.053257 0.545082 0.340800
v 0.051962 0.547700 0.340800
v 0.051117 0.548896 0.340800
v 0.049149 0.552115 0.340800
v 0.048703 0.552544 0.340800
v 0.045963 0.556267 0.340800
v 0.046030 0.556006 0.340800
v 0.043111 0.559264 0.340800
v 0.042426 0.560126 0.340800
v 0.039962 0.562300 0.340800
v 0.038567 0.563663 0.340800
v 0.036600 0.565098 0.340800
v 0.034415 0.566849 0.340800
v 0.033042 0.567643 0.340800
v 0.029308 0.569922 0.340800
v -0.046030 0.556006 0.340800
v -0.048703 0.552544 0.340800
v -0.049149 0.552115 0.340800
v -0.051117 0.548896 0.340800
v -0.051962 0.547700 0.340800
v -0.053257 0.545082 0.340800
v -0.054378 0.543057 0.340800
v -0.055114 0.541121 0.340800
v -0.056382 0.538221 0.340800
v -0.056677 0.537035 0.340800
v -0.059088 0.528119 0.340800
v -0.058888 0.528577 0.340800
v -0.059772 0.522929 0.340800
v -0.059844 0.519887 0.340800
v -0.060000 0.517700 0.340800
v -0.059844 0.515513 0.340800
v -0.059772 0.512471 0.340800
v -0.059525 0.511150 0.340800
v -0.059088 0.507281 0.340800
v -0.058888 0.506823 0.340800
v -0.057956 0.502171 0.340800
v 0.025357 0.463322 0.340800
v 0.029308 0.465478 0.340800
v 0.030000 0.465738 0.340800
v 0.033042 0.467757 0.340800
v 0.034415 0.468551 0.340800
v 0.036600 0.470302 0.340800
v 0.038567 0.471737 0.340800
v 0.039962 0.473100 0.340800
v 0.042426 0.475274 0.340800
v 0.043111 0.476136 0.340800
v 0.046030 0.479394 0.340800
v 0.054378 0.492343 0.340800
v 0.055114 0.494279 0.340800
v 0.056382 0.497179 0.340800
v 0.056677 0.498365 0.340800
v 0.057956 0.502171 0.340800
v 0.057937 0.502553 0.340800
v 0.058888 0.506823 0.340800
v 0.059088 0.507281 0.340800
v 0.059525 0.511150 0.340800
v 0.059772 0.512471 0.340800
v 0.059844 0.515513 0.340800
v 0.060000 0.517700 0.340800
v 0.059844 0.519887 0.340800
v 0.059772 0.522929 0.340800
v 0.059525 0.524250 0.340800
v 0.058888 0.528577 0.340800
v -0.057937 0.502553 0.340800
v -0.056677 0.498365 0.340800
v -0.056382 0.497179 0.340800
v -0.055114 0.494279 0.340800
v -0.054378 0.492343 0.340800
v -0.053257 0.490318 0.340800
v -0.051962 0.487700 0.340800
v -0.051117 0.486504 0.340800
v -0.045963 0.479133 0.340800
v -0.046030 0.479394 0.340800
v -0.042426 0.475274 0.340800
v -0.039962 0.473100 0.340800
v -0.038567 0.471737 0.340800
v -0.036600 0.470302 0.340800
v -0.034415 0.468551 0.340800
v -0.033042 0.467757 0.340800
v -0.030000 0.465738 0.340800
v -0.029308 0.465478 0.340800
v -0.025357 0.463322 0.340800
v -0.025418 0.463478 0.340800
v -0.021392 0.461767 0.340800
v -0.020521 0.461318 0.340800
v -0.017253 0.460355 0.340800
v -0.015529 0.459744 0.340800
v -0.013021 0.459249 0.340800
v -0.010419 0.458612 0.340800
v -0.008719 0.458454 0.340800
v -0.005229 0.457928 0.340800
v -0.004371 0.457976 0.340800
v 0.000000 0.457700 0.340800
v 0.000000 0.457816 0.340800
v 0.005229 0.457928 0.340800
v 0.008719 0.458454 0.340800
v 0.010419 0.458612 0.340800
v 0.013021 0.459249 0.340800
v 0.015529 0.459744 0.340800
v 0.017253 0.460355 0.340800
v 0.020521 0.461318 0.340800
v 0.021392 0.461767 0.340800
v 0.025418 0.463478 0.340800
v 0.018835 0.455095 0.345964
v 0.027750 0.458505 0.345964
v 0.036073 0.463176 0.345964
v 0.043627 0.469009 0.345964
v 0.014215 0.581513 0.345964
v 0.004772 0.582903 0.345964
v -0.004772 0.582903 0.345964
v -0.014215 0.581513 0.345964
v -0.039957 0.569446 0.345964
v -0.047065 0.563076 0.345964
v -0.053170 0.555740 0.345964
v -0.058142 0.547593 0.345964
v -0.065333 0.520088 0.345964
v -0.036073 0.463176 0.345964
v -0.027750 0.458505 0.345964
v 0.010951 0.501147 0.403485
v 0.003954 0.509265 0.404687
v 0.005140 0.509931 0.404687
v 0.000000 0.517700 0.405020
v -0.007576 0.523120 0.404687
v -0.006706 0.524166 0.404687
v -0.019517 0.521305 0.403485
v -0.008817 0.520708 0.404687
v -0.009161 0.519392 0.404687
v -0.029929 0.518794 0.401432
v -0.019834 0.518425 0.403485
v -0.009310 0.518040 0.404687
v 0.019986 0.495395 0.401432
v 0.013245 0.502918 0.403485
v 0.006217 0.510762 0.404687
v -0.039167 0.513390 0.398573
v -0.029770 0.514424 0.401432
v -0.019728 0.515529 0.403485
v -0.009260 0.516681 0.404687
v 0.030287 0.492495 0.398573
v 0.023020 0.498542 0.401432
v 0.015256 0.505004 0.403485
v 0.007161 0.511741 0.404687
v -0.046443 0.505558 0.394970
v -0.038122 0.507734 0.398573
v -0.028976 0.510125 0.401432
v -0.019202 0.512680 0.403485
v -0.009013 0.515344 0.404687
v 0.040976 0.492693 0.394970
v 0.033634 0.497173 0.398573
v 0.025565 0.502098 0.401432
v 0.016942 0.507361 0.403485
v 0.007952 0.512847 0.404687
v -0.051139 0.495968 0.390701
v -0.044180 0.498925 0.394970
v -0.036264 0.502289 0.398573
v -0.027564 0.505987 0.401432
v -0.018266 0.509938 0.403485
v -0.008574 0.514057 0.404687
v 0.051139 0.495968 0.390701
v 0.044180 0.498925 0.394970
v 0.036264 0.502289 0.398573
v 0.027564 0.505987 0.401432
v 0.018266 0.509938 0.403485
v 0.008574 0.514057 0.404687
v -0.052858 0.485441 0.385857
v -0.047430 0.488754 0.390701
v -0.040976 0.492693 0.394970
v -0.033634 0.497173 0.398573
v -0.025565 0.502098 0.401432
v -0.016942 0.507361 0.403485
v -0.007952 0.512847 0.404687
v 0.059911 0.502037 0.385857
v 0.053759 0.503646 0.390701
v 0.046443 0.505558 0.394970
v 0.038122 0.507734 0.398573
v 0.028976 0.510125 0.401432
v 0.019202 0.512680 0.403485
v 0.009013 0.515344 0.404687
v -0.051392 0.474932 0.380651
v -0.047598 0.478089 0.385857
v -0.042710 0.482156 0.390701
v -0.036898 0.486993 0.394970
v -0.030287 0.492495 0.398573
v -0.023020 0.498542 0.401432
v -0.015256 0.505004 0.403485
v -0.007161 0.511741 0.404687
v 0.066459 0.510387 0.380651
v 0.061553 0.510927 0.385857
v 0.055232 0.511623 0.390701
v 0.047716 0.512450 0.394970
v 0.039167 0.513390 0.398573
v 0.029770 0.514424 0.401432
v 0.019728 0.515529 0.403485
v 0.009260 0.516681 0.404687
v -0.046695 0.465585 0.375932
v -0.044617 0.467905 0.380651
v -0.041323 0.471580 0.385857
v -0.037080 0.476316 0.390701
v -0.032034 0.481948 0.394970
v -0.026294 0.488354 0.398573
v -0.019986 0.495395 0.401432
v -0.013245 0.502918 0.403485
v -0.006217 0.510762 0.404687
v 0.069927 0.520256 0.375932
v 0.066815 0.520142 0.380651
v 0.061883 0.519962 0.385857
v 0.055528 0.519729 0.390701
v 0.047972 0.519453 0.394970
v 0.039377 0.519139 0.398573
v 0.029929 0.518794 0.401432
v 0.019834 0.518425 0.403485
v 0.009310 0.518040 0.404687
v -0.039645 0.457777 0.371589
v -0.038609 0.459342 0.375932
v -0.036891 0.461939 0.380651
v -0.034168 0.466055 0.385857
v -0.030659 0.471359 0.390701
v -0.026487 0.477665 0.394970
v -0.021741 0.484838 0.398573
v -0.016525 0.492722 0.401432
v -0.010951 0.501147 0.403485
v -0.005140 0.509931 0.404687
v 0.070655 0.530751 0.371589
v 0.068810 0.530410 0.375932
v 0.065748 0.529844 0.380651
v 0.060894 0.528948 0.385857
v 0.054641 0.527793 0.390701
v 0.047205 0.526419 0.394970
v 0.038748 0.524857 0.398573
v 0.029451 0.523140 0.401432
v 0.019517 0.521305 0.403485
v 0.009161 0.519392 0.404687
v -0.030910 0.451764 0.367487
v -0.030497 0.452643 0.371589
v -0.029701 0.454342 0.375932
v -0.028379 0.457162 0.380651
v -0.026284 0.461631 0.385857
v -0.023585 0.467388 0.390701
v -0.020376 0.474235 0.394970
v -0.016725 0.482023 0.398573
v -0.012712 0.490582 0.401432
v -0.008424 0.499729 0.403485
v -0.003954 0.509265 0.404687
v 0.068921 0.541213 0.367487
v 0.068002 0.540899 0.371589
v 0.066226 0.540293 0.375932
v 0.063279 0.539288 0.380651
v 0.058608 0.537694 0.385857
v 0.052589 0.535641 0.390701
v 0.045433 0.533200 0.394970
v 0.037293 0.530422 0.398573
v 0.028345 0.527370 0.401432
v 0.018784 0.524108 0.403485
v 0.008817 0.520708 0.404687
v -0.021045 0.447748 0.363492
v -0.020980 0.447966 0.367487
v -0.020700 0.448896 0.371589
v -0.020159 0.450693 0.375932
v -0.019262 0.453675 0.380651
v -0.017840 0.458401 0.385857
v -0.016008 0.464490 0.390701
v -0.013830 0.471732 0.394970
v -0.011352 0.479968 0.398573
v -0.008628 0.489021 0.401432
v -0.005718 0.498694 0.403485
v -0.002684 0.508779 0.404687
v -0.016142 0.529248 0.403485
v -0.017651 0.526775 0.403485
v -0.026635 0.531394 0.401432
v -0.028345 0.527370 0.401432
v -0.037293 0.530422 0.398573
v -0.038748 0.524857 0.398573
v -0.047205 0.526419 0.394970
v -0.047972 0.519453 0.394970
v -0.055528 0.519729 0.390701
v -0.055232 0.511623 0.390701
v -0.061553 0.510927 0.385857
v -0.059911 0.502037 0.385857
v -0.064686 0.500789 0.380651
v -0.061534 0.491551 0.380651
v -0.064400 0.490333 0.375932
v -0.059729 0.481248 0.375932
v -0.061331 0.480270 0.371589
v -0.055228 0.471739 0.371589
v -0.055974 0.471118 0.367487
v -0.048595 0.463465 0.367487
v -0.048747 0.463295 0.363492
v -0.005694 0.525073 0.404687
v 0.064966 0.551101 0.363492
v 0.064763 0.550997 0.367487
v 0.063900 0.550553 0.371589
v 0.062231 0.549695 0.375932
v 0.059461 0.548271 0.380651
v 0.055072 0.546014 0.385857
v 0.049417 0.543107 0.390701
v 0.042692 0.539649 0.394970
v 0.035043 0.535717 0.398573
v 0.026635 0.531394 0.401432
v 0.017651 0.526775 0.403485
v 0.008285 0.521960 0.404687
v -0.010566 0.445902 0.359474
v -0.010636 0.445429 0.363492
v -0.010603 0.445654 0.367487
v -0.010462 0.446615 0.371589
v -0.010188 0.448472 0.375932
v -0.009735 0.451553 0.380651
v -0.009016 0.456436 0.385857
v -0.008090 0.462727 0.390701
v -0.006989 0.470208 0.394970
v -0.005737 0.478717 0.398573
v -0.004361 0.488070 0.401432
v -0.002890 0.498064 0.403485
v -0.001356 0.508484 0.404687
v -0.014288 0.531476 0.403485
v -0.024357 0.535126 0.401432
v -0.035043 0.535717 0.398573
v -0.045433 0.533200 0.394970
v -0.054641 0.527793 0.390701
v -0.061883 0.519962 0.385857
v -0.066459 0.510387 0.380651
v -0.067699 0.500001 0.375932
v -0.066127 0.489599 0.371589
v -0.062160 0.479764 0.367487
v -0.056149 0.470972 0.363492
v -0.048428 0.463651 0.359474
v -0.004559 0.525824 0.404687
v 0.059021 0.559926 0.359474
v 0.059410 0.560204 0.363492
v 0.059225 0.560072 0.367487
v 0.058435 0.559507 0.371589
v 0.056909 0.558415 0.375932
v 0.054376 0.556603 0.380651
v 0.050362 0.553731 0.385857
v 0.045191 0.550031 0.390701
v 0.039041 0.545631 0.394970
v 0.032046 0.540627 0.398573
v 0.024357 0.535126 0.401432
v 0.016142 0.529248 0.403485
v 0.007576 0.523120 0.404687
v 0.000000 0.446391 0.355303
v 0.000000 0.445129 0.359474
v 0.000000 0.444651 0.363492
v 0.000000 0.444879 0.367487
v 0.000000 0.445849 0.371589
v 0.000000 0.447726 0.375932
v 0.000000 0.450840 0.380651
v 0.000000 0.455776 0.385857
v 0.000000 0.462135 0.390701
v 0.000000 0.469696 0.394970
v 0.000000 0.478297 0.398573
v 0.000000 0.487751 0.401432
v 0.000000 0.497853 0.403485
v 0.000000 0.508384 0.404687
v -0.012130 0.533409 0.403485
v -0.021561 0.538487 0.401432
v -0.032046 0.540627 0.398573
v -0.042692 0.539649 0.394970
v -0.052589 0.535641 0.390701
v -0.060894 0.528948 0.385857
v -0.066815 0.520142 0.380651
v -0.069554 0.510047 0.375932
v -0.069514 0.499527 0.371589
v -0.067021 0.489219 0.367487
v -0.062354 0.479646 0.363492
v -0.055782 0.471278 0.359474
v -0.047586 0.464591 0.355303
v -0.003328 0.526401 0.404687
v 0.051335 0.567193 0.355303
v 0.052244 0.568070 0.359474
v 0.052588 0.568402 0.363492
v 0.052424 0.568244 0.367487
v 0.051725 0.567570 0.371589
v 0.050374 0.566267 0.375932
v 0.048133 0.564106 0.380651
v 0.044580 0.560680 0.385857
v 0.040002 0.556267 0.390701
v 0.034558 0.551018 0.394970
v 0.028366 0.545049 0.398573
v 0.021561 0.538487 0.401432
v 0.014288 0.531476 0.403485
v 0.006706 0.524166 0.404687
v -0.009714 0.535008 0.403485
v -0.018304 0.541405 0.401432
v -0.028366 0.545049 0.398573
v -0.039041 0.545631 0.394970
v -0.049417 0.543107 0.390701
v -0.058608 0.537694 0.385857
v -0.065748 0.529844 0.380651
v -0.069927 0.520256 0.375932
v -0.071420 0.509842 0.371589
v -0.070454 0.499281 0.367487
v -0.067231 0.489130 0.363492
v -0.061946 0.479895 0.359474
v -0.054811 0.472086 0.355303
v -0.046076 0.466276 0.350844
v -0.002026 0.526793 0.404687
v 0.042200 0.572350 0.350844
v 0.043582 0.574141 0.355303
v 0.044354 0.575140 0.359474
v 0.044646 0.575518 0.363492
v 0.044507 0.575338 0.367487
v 0.043913 0.574569 0.371589
v 0.042766 0.573084 0.375932
v 0.040863 0.570619 0.380651
v 0.037847 0.566713 0.385857
v 0.033960 0.561680 0.390701
v 0.029339 0.555695 0.394970
v 0.024082 0.548887 0.398573
v 0.018304 0.541405 0.401432
v 0.012130 0.533409 0.403485
v 0.005694 0.525073 0.404687
v 0.010053 0.449389 0.350844
v 0.010383 0.447151 0.355303
v 0.010566 0.445902 0.359474
v 0.010636 0.445429 0.363492
v 0.010603 0.445654 0.367487
v 0.010462 0.446615 0.371589
v 0.010188 0.448472 0.375932
v 0.009735 0.451553 0.380651
v 0.009016 0.456436 0.385857
v 0.008090 0.462727 0.390701
v 0.006989 0.470208 0.394970
v 0.005737 0.478717 0.398573
v 0.004361 0.488070 0.401432
v 0.002890 0.498064 0.403485
v 0.001356 0.508484 0.404687
v -0.007090 0.536238 0.403485
v -0.014658 0.543817 0.401432
v -0.024082 0.548887 0.398573
v -0.034558 0.551018 0.394970
v -0.045191 0.550031 0.390701
v -0.055072 0.546014 0.385857
v -0.063279 0.539288 0.380651
v -0.068810 0.530410 0.375932
v -0.071803 0.520324 0.371589
v -0.072385 0.509735 0.367487
v -0.070674 0.499223 0.363492
v -0.066791 0.489317 0.359474
v -0.060869 0.480552 0.355303
v -0.053073 0.473533 0.350844
v -0.043627 0.469009 0.345964
v 0.031997 0.574712 0.345964
v 0.033793 0.577912 0.350844
v 0.034900 0.579885 0.355303
v 0.035518 0.580986 0.359474
v 0.035752 0.581403 0.363492
v 0.035640 0.581204 0.367487
v 0.035165 0.580357 0.371589
v 0.034246 0.578721 0.375932
v 0.032722 0.576005 0.380651
v 0.030307 0.571701 0.385857
v 0.027195 0.566156 0.390701
v 0.023494 0.559562 0.394970
v 0.019285 0.552061 0.398573
v 0.014658 0.543817 0.401432
v 0.009714 0.535008 0.403485
v 0.004559 0.525824 0.404687
v 0.049707 0.565624 0.350844
v 0.056155 0.557875 0.350844
v 0.057995 0.559192 0.355303
v 0.019892 0.451581 0.350844
v 0.020544 0.449415 0.355303
v 0.020908 0.448206 0.359474
v 0.021045 0.447748 0.363492
v 0.020980 0.447966 0.367487
v 0.020700 0.448896 0.371589
v 0.020159 0.450693 0.375932
v 0.019262 0.453675 0.380651
v 0.017840 0.458401 0.385857
v 0.016008 0.464490 0.390701
v 0.013830 0.471732 0.394970
v 0.011352 0.479968 0.398573
v 0.008628 0.489021 0.401432
v 0.005718 0.498694 0.403485
v 0.002684 0.508779 0.404687
v -0.009519 0.453020 0.345964
v -0.018835 0.455095 0.345964
v -0.019892 0.451581 0.350844
v -0.063251 0.501164 0.345964
v -0.064985 0.510550 0.345964
v -0.068633 0.510148 0.350844
v 0.053170 0.555740 0.345964
v 0.047065 0.563076 0.345964
v 0.039957 0.569446 0.345964
v 0.071803 0.520324 0.371589
v 0.071610 0.530927 0.367487
v 0.072773 0.520360 0.367487
v 0.071834 0.530968 0.363492
v 0.073001 0.520368 0.363492
v 0.071364 0.530882 0.359474
v 0.072523 0.520350 0.359474
v 0.070122 0.530652 0.355303
v 0.071261 0.520304 0.355303
v 0.067898 0.530241 0.350844
v 0.069001 0.520222 0.350844
v 0.064289 0.529575 0.345964
v 0.065333 0.520088 0.345964
v 0.000000 0.452323 0.345964
v -0.010053 0.449389 0.350844
v -0.020544 0.449415 0.355303
v -0.030803 0.451991 0.359474
v -0.030267 0.453134 0.355303
v -0.029307 0.455182 0.350844
v -0.040306 0.456777 0.363492
v -0.040042 0.457176 0.359474
v -0.039346 0.458229 0.355303
v -0.038098 0.460115 0.350844
v -0.050252 0.475880 0.345964
v -0.058938 0.481731 0.350844
v -0.065629 0.489811 0.355303
v -0.070211 0.499344 0.359474
v -0.072611 0.509711 0.363492
v -0.072773 0.520360 0.367487
v -0.070655 0.530751 0.371589
v -0.066226 0.540293 0.375932
v -0.059461 0.548271 0.380651
v -0.050362 0.553731 0.385857
v -0.040002 0.556267 0.390701
v -0.029339 0.555695 0.394970
v -0.019285 0.552061 0.398573
v -0.010699 0.545673 0.401432
v -0.004315 0.537073 0.403485
v -0.000680 0.526991 0.404687
v -0.055805 0.483643 0.345964
v -0.063547 0.490695 0.350844
v -0.068990 0.499664 0.355303
v -0.072136 0.509763 0.359474
v -0.073001 0.520368 0.363492
v -0.071610 0.530927 0.367487
v -0.068002 0.540899 0.371589
v -0.062231 0.549695 0.375932
v -0.054376 0.556603 0.380651
v -0.044580 0.560680 0.385857
v -0.033960 0.561680 0.390701
v -0.023494 0.559562 0.394970
v -0.014076 0.554503 0.398573
v -0.006512 0.546933 0.401432
v -0.001449 0.537494 0.403485
v 0.000680 0.526991 0.404687
v -0.060169 0.492131 0.345964
v -0.066802 0.500236 0.350844
v -0.070881 0.509901 0.355303
v -0.072523 0.520350 0.359474
v -0.071261 0.520304 0.355303
v -0.069001 0.520222 0.350844
v -0.071834 0.530968 0.363492
v -0.071364 0.530882 0.359474
v -0.070122 0.530652 0.355303
v -0.067898 0.530241 0.350844
v -0.064289 0.529575 0.345964
v -0.068921 0.541213 0.367487
v -0.069137 0.541286 0.363492
v -0.068684 0.541132 0.359474
v -0.067489 0.540724 0.355303
v -0.065349 0.539994 0.350844
v -0.061875 0.538809 0.345964
v -0.063900 0.550553 0.371589
v -0.064763 0.550997 0.367487
v -0.064966 0.551101 0.363492
v -0.064541 0.550883 0.359474
v -0.063418 0.550305 0.355303
v -0.061406 0.549271 0.350844
v -0.056909 0.558415 0.375932
v -0.058435 0.559507 0.371589
v -0.059225 0.560072 0.367487
v -0.059410 0.560204 0.363492
v -0.059021 0.559926 0.359474
v -0.057995 0.559192 0.355303
v -0.056155 0.557875 0.350844
v -0.048133 0.564106 0.380651
v -0.050374 0.566267 0.375932
v -0.051725 0.567570 0.371589
v -0.052424 0.568244 0.367487
v -0.052588 0.568402 0.363492
v -0.052244 0.568070 0.359474
v -0.051335 0.567193 0.355303
v -0.049707 0.565624 0.350844
v -0.037847 0.566713 0.385857
v -0.040863 0.570619 0.380651
v -0.042766 0.573084 0.375932
v -0.043913 0.574569 0.371589
v -0.044507 0.575338 0.367487
v -0.044646 0.575518 0.363492
v -0.044354 0.575140 0.359474
v -0.043582 0.574141 0.355303
v -0.042200 0.572350 0.350844
v -0.027195 0.566156 0.390701
v -0.030307 0.571701 0.385857
v -0.032722 0.576005 0.380651
v -0.034247 0.578721 0.375932
v -0.035165 0.580357 0.371589
v -0.035640 0.581204 0.367487
v -0.035752 0.581403 0.363492
v -0.035518 0.580986 0.359474
v -0.034900 0.579885 0.355303
v -0.033793 0.577912 0.350844
v -0.031997 0.574712 0.345964
v -0.017148 0.562536 0.394970
v -0.019850 0.569599 0.390701
v -0.022121 0.575538 0.385857
v -0.023884 0.580148 0.380651
v -0.024997 0.583057 0.375932
v -0.025667 0.584810 0.371589
v -0.026014 0.585716 0.367487
v -0.026095 0.585929 0.363492
v -0.025925 0.585483 0.359474
v -0.025474 0.584303 0.355303
v -0.024666 0.582191 0.350844
v -0.023355 0.578763 0.345964
v -0.008567 0.556160 0.398573
v -0.010437 0.564555 0.394970
v -0.012082 0.571936 0.390701
v -0.013464 0.578143 0.385857
v -0.014537 0.582960 0.380651
v -0.015214 0.586000 0.375932
v -0.015622 0.587832 0.371589
v -0.015834 0.588779 0.367487
v -0.015883 0.589002 0.363492
v -0.015779 0.588535 0.359474
v -0.015505 0.587303 0.355303
v -0.015013 0.585095 0.350844
v -0.002186 0.547569 0.401432
v -0.002876 0.556998 0.398573
v -0.003504 0.565576 0.394970
v -0.004056 0.573117 0.390701
v -0.004520 0.579459 0.385857
v -0.004880 0.584382 0.380651
v -0.005108 0.587487 0.375932
v -0.005245 0.589359 0.371589
v -0.005316 0.590327 0.367487
v -0.005332 0.590554 0.363492
v -0.005297 0.590078 0.359474
v -0.005205 0.588818 0.355303
v -0.005040 0.586563 0.350844
v 0.001449 0.537494 0.403485
v 0.002186 0.547569 0.401432
v 0.002876 0.556998 0.398573
v 0.003504 0.565576 0.394970
v 0.004056 0.573117 0.390701
v 0.004520 0.579459 0.385857
v 0.004880 0.584382 0.380651
v 0.005108 0.587487 0.375932
v 0.005245 0.589359 0.371589
v 0.005316 0.590327 0.367487
v 0.005332 0.590554 0.363492
v 0.005297 0.590078 0.359474
v 0.005205 0.588818 0.355303
v 0.005040 0.586563 0.350844
v 0.002026 0.526793 0.404687
v 0.004315 0.537073 0.403485
v 0.006512 0.546933 0.401432
v 0.008567 0.556160 0.398573
v 0.010437 0.564555 0.394970
v 0.012082 0.571936 0.390701
v 0.013464 0.578143 0.385857
v 0.014537 0.582960 0.380651
v 0.015214 0.586000 0.375932
v 0.015622 0.587832 0.371589
v 0.015834 0.588779 0.367487
v 0.015883 0.589002 0.363492
v 0.015779 0.588535 0.359474
v 0.015505 0.587303 0.355303
v 0.015013 0.585095 0.350844
v 0.003328 0.526401 0.404687
v 0.007090 0.536238 0.403485
v 0.010699 0.545673 0.401432
v 0.014076 0.554503 0.398573
v 0.017148 0.562536 0.394970
v 0.019850 0.569599 0.390701
v 0.022121 0.575538 0.385857
v 0.023884 0.580148 0.380651
v 0.024997 0.583057 0.375932
v 0.025667 0.584810 0.371589
v 0.026014 0.585716 0.367487
v 0.026095 0.585929 0.363492
v 0.025925 0.585483 0.359474
v 0.025474 0.584303 0.355303
v 0.024666 0.582191 0.350844
v 0.023355 0.578763 0.345964
v 0.064541 0.550883 0.359474
v 0.063418 0.550305 0.355303
v 0.061406 0.549271 0.350844
v 0.058142 0.547593 0.345964
v 0.069137 0.541286 0.363492
v 0.068684 0.541132 0.359474
v 0.067489 0.540724 0.355303
v 0.065349 0.539994 0.350844
v 0.061875 0.538809 0.345964
v 0.069554 0.510047 0.375932
v 0.071420 0.509842 0.371589
v 0.072385 0.509735 0.367487
v 0.072611 0.509711 0.363492
v 0.072136 0.509763 0.359474
v 0.070881 0.509901 0.355303
v 0.068633 0.510148 0.350844
v 0.064985 0.510550 0.345964
v 0.064686 0.500789 0.380651
v 0.067699 0.500001 0.375932
v 0.069514 0.499527 0.371589
v 0.070454 0.499281 0.367487
v 0.070674 0.499223 0.363492
v 0.070211 0.499344 0.359474
v 0.068990 0.499664 0.355303
v 0.066802 0.500236 0.350844
v 0.063251 0.501164 0.345964
v 0.056992 0.493481 0.385857
v 0.061534 0.491551 0.380651
v 0.064400 0.490333 0.375932
v 0.066127 0.489599 0.371589
v 0.067021 0.489219 0.367487
v 0.067231 0.489130 0.363492
v 0.066791 0.489317 0.359474
v 0.065629 0.489811 0.355303
v 0.063547 0.490695 0.350844
v 0.060169 0.492131 0.345964
v 0.047430 0.488754 0.390701
v 0.052858 0.485441 0.385857
v 0.057071 0.482870 0.380651
v 0.059729 0.481248 0.375932
v 0.061331 0.480270 0.371589
v 0.062160 0.479764 0.367487
v 0.062354 0.479646 0.363492
v 0.061946 0.479895 0.359474
v 0.060869 0.480552 0.355303
v 0.058938 0.481731 0.350844
v 0.055805 0.483643 0.345964
v 0.036898 0.486993 0.394970
v 0.042710 0.482156 0.390701
v 0.047598 0.478089 0.385857
v 0.051392 0.474932 0.380651
v 0.053785 0.472940 0.375932
v 0.055228 0.471739 0.371589
v 0.055974 0.471118 0.367487
v 0.056149 0.470972 0.363492
v 0.055782 0.471278 0.359474
v 0.054811 0.472086 0.355303
v 0.053073 0.473533 0.350844
v 0.050252 0.475880 0.345964
v 0.026294 0.488354 0.398573
v 0.032034 0.481948 0.394970
v 0.037080 0.476316 0.390701
v 0.041323 0.471580 0.385857
v 0.044617 0.467905 0.380651
v 0.046695 0.465585 0.375932
v 0.047947 0.464188 0.371589
v 0.048595 0.463465 0.367487
v 0.048747 0.463295 0.363492
v 0.048428 0.463651 0.359474
v 0.047586 0.464591 0.355303
v 0.046076 0.466276 0.350844
v 0.016525 0.492722 0.401432
v 0.021741 0.484838 0.398573
v 0.026487 0.477665 0.394970
v 0.030659 0.471359 0.390701
v 0.034168 0.466055 0.385857
v 0.036891 0.461939 0.380651
v 0.038609 0.459342 0.375932
v 0.039645 0.457777 0.371589
v 0.040181 0.456967 0.367487
v 0.040306 0.456777 0.363492
v 0.040042 0.457176 0.359474
v 0.039346 0.458229 0.355303
v 0.038098 0.460115 0.350844
v 0.008424 0.499729 0.403485
v 0.012712 0.490582 0.401432
v 0.016725 0.482023 0.398573
v 0.020376 0.474235 0.394970
v 0.023585 0.467388 0.390701
v 0.026284 0.461631 0.385857
v 0.028379 0.457162 0.380651
v 0.029701 0.454342 0.375932
v 0.030497 0.452643 0.371589
v 0.030910 0.451764 0.367487
v 0.031006 0.451558 0.363492
v 0.030803 0.451991 0.359474
v 0.030267 0.453134 0.355303
v 0.029307 0.455182 0.350844
v 0.009519 0.453020 0.345964
v 0.000000 0.448653 0.350844
v -0.010383 0.447151 0.355303
v -0.020908 0.448206 0.359474
v -0.031006 0.451558 0.363492
v -0.040181 0.456967 0.367487
v -0.047947 0.464188 0.371589
v -0.053785 0.472940 0.375932
v -0.057071 0.482870 0.380651
v -0.056992 0.493481 0.385857
v -0.053759 0.503646 0.390701
v -0.047716 0.512450 0.394970
v -0.039377 0.519139 0.398573
v -0.029451 0.523140 0.401432
v -0.018784 0.524108 0.403485
v -0.008285 0.521960 0.404687
v -0.050000 0.003000 0.000131
v -0.050000 0.002000 0.000131
v -0.049240 0.003000 0.008813
v -0.049240 0.002000 0.008813
v -0.046985 0.003000 0.017232
v -0.046985 0.002000 0.017232
v -0.043301 0.003000 0.025131
v -0.043301 0.002000 0.025131
v -0.038302 0.003000 0.032270
v -0.038302 0.002000 0.032270
v -0.032139 0.003000 0.038433
v -0.032139 0.002000 0.038433
v -0.025000 0.003000 0.043432
v -0.025000 0.002000 0.043432
v -0.017101 0.003000 0.047115
v -0.017101 0.002000 0.047115
v -0.008682 0.003000 0.049371
v -0.008682 0.002000 0.049371
v 0.000000 0.003000 0.050131
v 0.000000 0.002000 0.050131
v 0.008682 0.003000 0.049371
v 0.008682 0.002000 0.049371
v 0.017101 0.003000 0.047115
v 0.017101 0.002000 0.047115
v 0.025000 0.003000 0.043432
v 0.025000 0.002000 0.043432
v 0.032139 0.003000 0.038433
v 0.032139 0.002000 0.038433
v 0.038302 0.003000 0.032270
v 0.038302 0.002000 0.032270
v 0.043301 0.003000 0.025131
v 0.043301 0.002000 0.025131
v 0.046985 0.003000 0.017232
v 0.046985 0.002000 0.017232
v 0.049240 0.003000 0.008813
v 0.049240 0.002000 0.008813
v 0.050000 0.003000 0.000131
v 0.050000 0.002000 0.000131
v 0.049240 0.003000 -0.008552
v 0.049240 0.002000 -0.008552
v 0.046985 0.003000 -0.016970
v 0.046985 0.002000 -0.016970
v 0.043301 0.003000 -0.024869
v 0.043301 0.002000 -0.024869
v 0.038302 0.003000 -0.032009
v 0.038302 0.002000 -0.032009
v 0.032139 0.003000 -0.038171
v 0.032139 0.002000 -0.038171
v 0.025000 0.003000 -0.043170
v 0.025000 0.002000 -0.043170
v 0.017101 0.003000 -0.046854
v 0.017101 0.002000 -0.046854
v 0.008682 0.003000 -0.049110
v 0.008682 0.002000 -0.049110
v 0.000000 0.003000 -0.049869
v 0.000000 0.002000 -0.049869
v -0.008682 0.003000 -0.049110
v -0.008682 0.002000 -0.049110
v -0.017101 0.003000 -0.046854
v -0.017101 0.002000 -0.046854
v -0.025000 0.003000 -0.043170
v -0.025000 0.002000 -0.043170
v -0.032139 0.003000 -0.038171
v -0.032139 0.002000 -0.038171
v -0.038302 0.003000 -0.032009
v -0.038302 0.002000 -0.032009
v -0.043301 0.003000 -0.024869
v -0.043301 0.002000 -0.024869
v -0.046985 0.003000 -0.016970
v -0.046985 0.002000 -0.016970
v -0.049240 0.003000 -0.008552
v -0.049240 0.002000 -0.008552
v 0.008312 0.461322 0.325623
v 0.008273 0.461316 0.325624
v 0.012244 0.007000 0.325415
v 0.002581 0.460760 0.325783
v 0.008749 0.007000 0.325604
v -0.003175 0.460790 0.325774
v -0.008947 0.461421 0.325595
v -0.012244 0.007000 0.325415
v -0.008749 0.007000 0.325604
v 0.036540 0.474268 0.322346
v 0.031881 0.470672 0.323176
v 0.036539 0.007000 0.322346
v 0.026841 0.467563 0.323944
v 0.026163 0.467199 0.324037
v 0.020875 0.464745 0.324679
v 0.015380 0.462859 0.325193
v 0.026175 0.007000 0.324035
v 0.012261 0.462062 0.325414
v 0.009689 0.461547 0.325559
v 0.047086 0.549104 0.320030
v 0.050342 0.543438 0.319190
v 0.060258 0.593000 0.316256
v 0.052700 0.538057 0.318544
v 0.054505 0.532429 0.318028
v 0.054800 0.531264 0.317941
v 0.055884 0.525549 0.317621
v 0.056385 0.519759 0.317470
v 0.060258 0.007000 0.316256
v 0.056296 0.513903 0.317497
v 0.056136 0.511974 0.317545
v 0.055268 0.506234 0.317804
v 0.053826 0.500611 0.318224
v 0.043392 0.007000 0.320911
v 0.051805 0.495120 0.318793
v 0.051141 0.493624 0.318974
v 0.048412 0.488426 0.319695
v 0.045165 0.483537 0.320498
v 0.041400 0.478974 0.321355
v 0.040818 0.478349 0.321480
v 0.026175 0.593000 0.324035
v 0.012244 0.593000 0.325415
v 0.012250 0.573340 0.325415
v 0.017425 0.571913 0.325020
v 0.019152 0.571316 0.324857
v 0.036539 0.593000 0.322346
v 0.024499 0.569046 0.324255
v 0.029589 0.566233 0.323542
v 0.034407 0.562874 0.322740
v 0.035218 0.562232 0.322593
v 0.036581 0.561097 0.322338
v 0.043392 0.593000 0.320911
v 0.039609 0.558293 0.321735
v 0.043571 0.553913 0.320870
v -0.008749 0.593000 0.325604
v -0.012244 0.593000 0.325415
v -0.012249 0.573341 0.325415
v -0.007107 0.574246 0.325670
v -0.001327 0.574684 0.325795
v 0.008749 0.593000 0.325604
v 0.000400 0.574699 0.325800
v 0.006144 0.574361 0.325703
v 0.011824 0.573434 0.325441
v -0.032552 0.564257 0.323064
v -0.036539 0.593000 0.322346
v -0.033742 0.563383 0.322858
v -0.036585 0.561093 0.322337
v -0.027607 0.567411 0.323836
v -0.022376 0.570026 0.324512
v -0.026175 0.593000 0.324035
v -0.016872 0.572092 0.325069
v -0.012786 0.573217 0.325380
v -0.042425 0.480123 0.321129
v -0.046061 0.484781 0.320282
v -0.060258 0.007000 0.316256
v -0.036539 0.007000 0.322346
v -0.036576 0.474300 0.322339
v -0.043392 0.007000 0.320911
v -0.037789 0.475374 0.322103
v -0.041957 0.479591 0.321233
v -0.049191 0.489783 0.319493
v -0.051805 0.495118 0.318793
v -0.052134 0.495906 0.318702
v -0.056337 0.514581 0.317485
v -0.056359 0.520383 0.317478
v -0.060258 0.593000 0.316256
v -0.054072 0.501424 0.318153
v -0.055437 0.507098 0.317754
v -0.056222 0.512918 0.317519
v -0.055797 0.526158 0.317647
v -0.054645 0.531892 0.317987
v -0.054141 0.533741 0.318133
v -0.052232 0.539255 0.318675
v -0.049772 0.544546 0.319341
v -0.046760 0.549597 0.320111
v -0.046028 0.550666 0.320290
v -0.042390 0.555316 0.321137
v -0.038294 0.559561 0.322003
v -0.043392 0.593000 0.320911
v -0.027108 0.467710 0.323907
v -0.028356 0.468422 0.323727
v -0.033250 0.471650 0.322944
v -0.010843 0.461763 0.325498
v -0.012258 0.462061 0.325414
v -0.026175 0.007000 0.324035
v -0.016440 0.463173 0.325106
v -0.021866 0.465155 0.324570
v 0.076640 0.593000 0.310108
v 0.076640 0.007000 0.310108
v 0.083027 0.593000 0.307241
v 0.083027 0.007000 0.307241
v 0.092404 0.593000 0.302516
v 0.092404 0.007000 0.302516
v 0.104486 0.593000 0.295444
v 0.104486 0.007000 0.295444
v 0.107425 0.593000 0.293542
v 0.107425 0.007000 0.293542
v 0.121581 0.593000 0.283257
v 0.121581 0.007000 0.283257
v 0.124298 0.593000 0.281050
v 0.124298 0.007000 0.281050
v 0.134757 0.593000 0.271745
v 0.134757 0.007000 0.271745
v 0.142149 0.593000 0.264287
v 0.142149 0.007000 0.264287
v 0.146849 0.593000 0.259098
v 0.146849 0.007000 0.259098
v 0.157758 0.593000 0.245418
v 0.157758 0.007000 0.245418
v 0.167397 0.593000 0.230815
v 0.167397 0.007000 0.230815
v 0.170880 0.593000 0.224742
v 0.170880 0.007000 0.224742
v 0.175689 0.593000 0.215407
v 0.175689 0.007000 0.215407
v 0.181306 0.593000 0.202584
v 0.181306 0.007000 0.202584
v 0.182566 0.593000 0.199318
v 0.182566 0.007000 0.199318
v 0.187973 0.593000 0.182677
v 0.187973 0.007000 0.182677
v 0.188874 0.593000 0.179295
v 0.188874 0.007000 0.179295
v 0.191866 0.593000 0.165619
v 0.191866 0.007000 0.165619
v 0.193462 0.593000 0.155240
v 0.193462 0.007000 0.155240
v 0.194215 0.593000 0.148280
v 0.194215 0.007000 0.148280
v 0.195000 0.593000 0.130800
v 0.195000 0.007000 0.130800
v 0.194215 0.593000 0.113320
v 0.194215 0.007000 0.113320
v 0.193462 0.593000 0.106360
v 0.193462 0.007000 0.106360
v 0.191866 0.593000 0.095981
v 0.191866 0.007000 0.095981
v 0.188874 0.593000 0.082305
v 0.188874 0.007000 0.082305
v 0.187973 0.593000 0.078923
v 0.187973 0.007000 0.078923
v 0.182566 0.593000 0.062282
v 0.182566 0.007000 0.062282
v 0.181306 0.593000 0.059016
v 0.181306 0.007000 0.059016
v 0.175689 0.593000 0.046193
v 0.175689 0.007000 0.046193
v 0.170880 0.593000 0.036858
v 0.170880 0.007000 0.036858
v 0.167397 0.593000 0.030785
v 0.167397 0.007000 0.030785
v 0.157758 0.593000 0.016182
v 0.157758 0.007000 0.016182
v 0.146849 0.593000 0.002502
v 0.146849 0.007000 0.002502
v 0.142149 0.593000 -0.002687
v 0.142149 0.007000 -0.002687
v 0.134757 0.593000 -0.010145
v 0.134757 0.007000 -0.010145
v 0.124298 0.593000 -0.019450
v 0.124298 0.007000 -0.019450
v 0.121581 0.593000 -0.021657
v 0.121581 0.007000 -0.021657
v 0.107425 0.593000 -0.031942
v 0.107425 0.007000 -0.031942
v 0.104486 0.593000 -0.033844
v 0.104486 0.007000 -0.033844
v 0.092404 0.593000 -0.040916
v 0.092404 0.007000 -0.040916
v 0.083027 0.593000 -0.045641
v 0.083027 0.007000 -0.045641
v 0.076640 0.593000 -0.048508
v 0.076640 0.007000 -0.048508
v 0.060258 0.593000 -0.054656
v 0.060258 0.007000 -0.054656
v 0.043392 0.593000 -0.059311
v 0.043392 0.007000 -0.059311
v 0.036539 0.593000 -0.060746
v 0.036539 0.007000 -0.060746
v 0.026175 0.593000 -0.062435
v 0.026175 0.007000 -0.062435
v 0.012244 0.593000 -0.063815
v 0.012244 0.007000 -0.063815
v 0.008749 0.593000 -0.064004
v 0.008749 0.007000 -0.064004
v -0.008749 0.593000 -0.064004
v -0.008749 0.007000 -0.064004
v -0.012244 0.593000 -0.063815
v -0.012244 0.007000 -0.063815
v -0.026175 0.593000 -0.062435
v -0.026175 0.007000 -0.062435
v -0.036539 0.593000 -0.060746
v -0.036539 0.007000 -0.060746
v -0.043392 0.593000 -0.059311
v -0.043392 0.007000 -0.059311
v -0.060258 0.593000 -0.054656
v -0.060258 0.007000 -0.054656
v -0.076640 0.593000 -0.048508
v -0.076640 0.007000 -0.048508
v -0.083027 0.593000 -0.045641
v -0.083027 0.007000 -0.045641
v -0.092404 0.593000 -0.040916
v -0.092404 0.007000 -0.040916
v -0.104486 0.593000 -0.033844
v -0.104486 0.007000 -0.033844
v -0.107425 0.593000 -0.031942
v -0.107425 0.007000 -0.031942
v -0.121581 0.593000 -0.021657
v -0.121581 0.007000 -0.021657
v -0.124298 0.593000 -0.019450
v -0.124298 0.007000 -0.019450
v -0.134757 0.593000 -0.010145
v -0.134757 0.007000 -0.010145
v -0.142149 0.593000 -0.002687
v -0.142149 0.007000 -0.002687
v -0.146849 0.593000 0.002502
v -0.146849 0.007000 0.002502
v -0.157758 0.593000 0.016182
v -0.157758 0.007000 0.016182
v -0.167398 0.593000 0.030785
v -0.167398 0.007000 0.030785
v -0.170880 0.593000 0.036858
v -0.170880 0.007000 0.036858
v -0.175689 0.593000 0.046193
v -0.175689 0.007000 0.046193
v -0.181306 0.593000 0.059016
v -0.181306 0.007000 0.059016
v -0.182566 0.593000 0.062282
v -0.182566 0.007000 0.062282
v -0.187973 0.593000 0.078923
v -0.187973 0.007000 0.078923
v -0.188874 0.593000 0.082305
v -0.188874 0.007000 0.082305
v -0.191866 0.593000 0.095981
v -0.191866 0.007000 0.095981
v -0.193462 0.593000 0.106360
v -0.193462 0.007000 0.106360
v -0.194215 0.593000 0.113320
v -0.194215 0.007000 0.113320
v -0.195000 0.593000 0.130800
v -0.195000 0.007000 0.130800
v -0.194215 0.593000 0.148280
v -0.194215 0.007000 0.148280
v -0.193462 0.593000 0.155240
v -0.193462 0.007000 0.155240
v -0.191866 0.593000 0.165619
v -0.191866 0.007000 0.165619
v -0.188874 0.593000 0.179295
v -0.188874 0.007000 0.179295
v -0.187973 0.593000 0.182677
v -0.187973 0.007000 0.182677
v -0.182566 0.593000 0.199318
v -0.182566 0.007000 0.199318
v -0.181306 0.593000 0.202584
v -0.181306 0.007000 0.202584
v -0.175689 0.593000 0.215407
v -0.175689 0.007000 0.215407
v -0.170880 0.593000 0.224742
v -0.170880 0.007000 0.224742
v -0.167398 0.593000 0.230815
v -0.167398 0.007000 0.230815
v -0.157758 0.593000 0.245418
v -0.157758 0.007000 0.245418
v -0.146849 0.593000 0.259098
v -0.146849 0.007000 0.259098
v -0.142149 0.593000 0.264287
v -0.142149 0.007000 0.264287
v -0.134757 0.593000 0.271745
v -0.134757 0.007000 0.271745
v -0.124298 0.593000 0.281050
v -0.124298 0.007000 0.281050
v -0.121581 0.593000 0.283257
v -0.121581 0.007000 0.283257
v -0.107425 0.593000 0.293542
v -0.107425 0.007000 0.293542
v -0.104486 0.593000 0.295444
v -0.104486 0.007000 0.295444
v -0.092404 0.593000 0.302516
v -0.092404 0.007000 0.302516
v -0.083027 0.593000 0.307241
v -0.083027 0.007000 0.307241
v -0.076640 0.593000 0.310108
v -0.076640 0.007000 0.310108
v 0.193000 0.595000 0.130800
v 0.192223 0.595000 0.113500
v 0.000000 0.595000 0.130800
v 0.186045 0.595000 0.182145
v 0.189898 0.595000 0.165261
v 0.192223 0.595000 0.148100
v 0.165681 0.595000 0.229790
v 0.173887 0.595000 0.214540
v 0.180693 0.595000 0.198615
v 0.133375 0.595000 0.270299
v 0.145343 0.595000 0.257782
v 0.156140 0.595000 0.244243
v 0.091457 0.595000 0.300755
v 0.106323 0.595000 0.291873
v 0.120334 0.595000 0.281693
v 0.042947 0.595000 0.318961
v 0.059640 0.595000 0.314354
v 0.075854 0.595000 0.308269
v -0.008659 0.595000 0.323606
v 0.008659 0.595000 0.323606
v 0.025907 0.595000 0.322053
v -0.059640 0.595000 0.314354
v -0.042947 0.595000 0.318961
v -0.025907 0.595000 0.322053
v -0.106323 0.595000 0.291873
v -0.091457 0.595000 0.300755
v -0.075854 0.595000 0.308269
v -0.145343 0.595000 0.257782
v -0.133375 0.595000 0.270299
v -0.120334 0.595000 0.281693
v -0.173887 0.595000 0.214540
v -0.165681 0.595000 0.229790
v -0.156140 0.595000 0.244243
v -0.189898 0.595000 0.165261
v -0.186045 0.595000 0.182145
v -0.180693 0.595000 0.198615
v -0.192223 0.595000 0.113500
v -0.193000 0.595000 0.130800
v -0.192223 0.595000 0.148100
v -0.180693 0.595000 0.062985
v -0.186045 0.595000 0.079455
v -0.189898 0.595000 0.096339
v -0.156140 0.595000 0.017357
v -0.165681 0.595000 0.031810
v -0.173887 0.595000 0.047060
v -0.120334 0.595000 -0.020093
v -0.133375 0.595000 -0.008699
v -0.145343 0.595000 0.003818
v -0.075854 0.595000 -0.046669
v -0.091457 0.595000 -0.039155
v -0.106323 0.595000 -0.030273
v -0.025907 0.595000 -0.060453
v -0.042947 0.595000 -0.057361
v -0.059640 0.595000 -0.052754
v 0.025907 0.595000 -0.060453
v 0.008659 0.595000 -0.062006
v -0.008659 0.595000 -0.062006
v 0.075854 0.595000 -0.046669
v 0.059640 0.595000 -0.052754
v 0.042947 0.595000 -0.057361
v 0.120334 0.595000 -0.020093
v 0.106323 0.595000 -0.030273
v 0.091457 0.595000 -0.039155
v 0.156140 0.595000 0.017357
v 0.145343 0.595000 0.003818
v 0.133375 0.595000 -0.008699
v 0.180693 0.595000 0.062985
v 0.173887 0.595000 0.047060
v 0.165681 0.595000 0.031810
v 0.189898 0.595000 0.096339
v 0.186045 0.595000 0.079455
v 0.052000 0.005000 0.000131
v 0.051210 0.005000 -0.008899
v 0.120334 0.005000 -0.020093
v 0.042947 0.005000 -0.057361
v 0.059640 0.005000 -0.052754
v 0.039834 0.005000 -0.033294
v 0.045033 0.005000 -0.025869
v 0.075854 0.005000 -0.046669
v 0.048864 0.005000 -0.017654
v 0.091457 0.005000 -0.039155
v 0.106323 0.005000 -0.030273
v 0.033425 0.005000 -0.039703
v 0.026000 0.005000 -0.044902
v 0.025907 0.005000 -0.060453
v 0.017785 0.005000 -0.048733
v 0.008659 0.005000 -0.062006
v 0.009030 0.005000 -0.051079
v -0.008659 0.005000 -0.062006
v 0.000000 0.005000 -0.051869
v -0.009030 0.005000 -0.051079
v -0.025907 0.005000 -0.060453
v -0.017785 0.005000 -0.048733
v -0.042947 0.005000 -0.057361
v -0.106323 0.005000 0.291873
v -0.017785 0.005000 0.048995
v -0.091457 0.005000 0.300755
v -0.009030 0.005000 0.051341
v -0.075854 0.005000 0.308269
v 0.048864 0.005000 0.017916
v 0.051210 0.005000 0.009161
v 0.165681 0.005000 0.031810
v -0.051210 0.005000 -0.008899
v -0.052000 0.005000 0.000131
v -0.133375 0.005000 -0.008699
v 0.000000 0.005000 0.052131
v -0.042947 0.005000 0.318961
v -0.059640 0.005000 0.314354
v 0.133375 0.005000 -0.008699
v 0.145343 0.005000 0.003818
v 0.156140 0.005000 0.017357
v -0.026000 0.005000 -0.044902
v -0.033425 0.005000 -0.039703
v -0.059640 0.005000 -0.052754
v -0.039834 0.005000 -0.033294
v -0.075854 0.005000 -0.046669
v -0.045033 0.005000 -0.025869
v -0.091457 0.005000 -0.039155
v -0.048864 0.005000 -0.017654
v -0.106323 0.005000 -0.030273
v -0.120334 0.005000 -0.020093
v -0.051210 0.005000 0.009161
v -0.156140 0.005000 0.017357
v -0.145343 0.005000 0.003818
v -0.192223 0.005000 0.113500
v -0.045033 0.005000 0.026131
v -0.193000 0.005000 0.130800
v -0.039834 0.005000 0.033556
v -0.192223 0.005000 0.148100
v -0.189898 0.005000 0.165261
v 0.008659 0.005000 0.323606
v -0.008659 0.005000 0.323606
v -0.025907 0.005000 0.322053
v 0.180693 0.005000 0.198615
v 0.173887 0.005000 0.214540
v 0.033425 0.005000 0.039965
v 0.165681 0.005000 0.229790
v 0.026000 0.005000 0.045164
v 0.173887 0.005000 0.047060
v 0.180693 0.005000 0.062985
v 0.045033 0.005000 0.026131
v 0.186045 0.005000 0.079455
v -0.048864 0.005000 0.017916
v -0.173887 0.005000 0.047060
v -0.165681 0.005000 0.031810
v -0.186045 0.005000 0.182145
v -0.033425 0.005000 0.039965
v -0.180693 0.005000 0.198615
v 0.156140 0.005000 0.244243
v 0.145343 0.005000 0.257782
v 0.017785 0.005000 0.048995
v 0.133375 0.005000 0.270299
v 0.120334 0.005000 0.281693
v 0.189898 0.005000 0.096339
v 0.192223 0.005000 0.113500
v 0.039834 0.005000 0.033556
v 0.193000 0.005000 0.130800
v 0.192223 0.005000 0.148100
v 0.189898 0.005000 0.165261
v 0.186045 0.005000 0.182145
v -0.189898 0.005000 0.096339
v -0.186045 0.005000 0.079455
v -0.180693 0.005000 0.062985
v -0.145343 0.005000 0.257782
v -0.026000 0.005000 0.045164
v -0.133375 0.005000 0.270299
v -0.120334 0.005000 0.281693
v 0.009030 0.005000 0.051341
v 0.059640 0.005000 0.314354
v 0.042947 0.005000 0.318961
v 0.025907 0.005000 0.322053
v 0.106323 0.005000 0.291873
v 0.091457 0.005000 0.300755
v 0.075854 0.005000 0.308269
v -0.156140 0.005000 0.244243
v -0.165681 0.005000 0.229790
v -0.173887 0.005000 0.214540
v -0.009551 0.463536 0.343265
v -0.008722 0.463396 0.327593
v -0.004794 0.462909 0.343265
v -0.003095 0.462787 0.327774
v 0.000000 0.462700 0.343265
v -0.000000 0.462700 0.327800
v 0.004794 0.462909 0.343265
v 0.002516 0.462758 0.327783
v 0.009551 0.463536 0.343265
v 0.008065 0.463294 0.327623
v 0.008102 0.463300 0.327621
v -0.018811 0.466017 0.343265
v -0.018813 0.466017 0.326833
v -0.016026 0.465086 0.327099
v -0.014235 0.464574 0.343265
v -0.010570 0.463725 0.327495
v -0.009551 0.463536 0.327551
v -0.021316 0.466998 0.326558
v -0.023244 0.467853 0.343265
v -0.026425 0.469464 0.325887
v -0.027500 0.470069 0.343265
v -0.027500 0.470069 0.325728
v -0.027642 0.470151 0.325706
v -0.031547 0.472647 0.343265
v -0.032413 0.473266 0.324915
v -0.035353 0.475568 0.343265
v -0.035354 0.475568 0.324363
v -0.036838 0.476859 0.324065
v -0.038891 0.478809 0.343265
v -0.040900 0.480928 0.323186
v -0.042132 0.482347 0.343265
v -0.041356 0.481441 0.323081
v -0.049847 0.494456 0.343265
v -0.047952 0.490763 0.321429
v -0.047631 0.490200 0.343265
v -0.047631 0.490200 0.321515
v -0.045053 0.486153 0.343265
v -0.044900 0.485936 0.322225
v -0.042132 0.482346 0.322900
v -0.051683 0.498889 0.343265
v -0.050821 0.496670 0.320629
v -0.050499 0.495910 0.320721
v -0.054164 0.508149 0.343265
v -0.054040 0.507470 0.319671
v -0.053126 0.503465 0.343265
v -0.052710 0.501995 0.320075
v -0.051683 0.498887 0.320379
v -0.055000 0.517700 0.343265
v -0.054918 0.514690 0.319399
v -0.054791 0.512906 0.343265
v -0.054806 0.513086 0.319434
v -0.054164 0.508149 0.319633
v -0.054164 0.527251 0.343265
v -0.054391 0.525862 0.319563
v -0.054791 0.522494 0.343265
v -0.054939 0.520289 0.319393
v -0.055000 0.517700 0.319374
v -0.051683 0.536511 0.343265
v -0.052777 0.533178 0.320055
v -0.053126 0.531935 0.343265
v -0.053268 0.531394 0.319907
v -0.054164 0.527252 0.319633
v -0.047631 0.545200 0.343265
v -0.048518 0.543604 0.321275
v -0.049847 0.540944 0.343265
v -0.050916 0.538499 0.320602
v -0.051683 0.536513 0.320379
v -0.045053 0.549247 0.343265
v -0.045582 0.548478 0.322052
v -0.047631 0.545201 0.321515
v -0.038891 0.556591 0.343265
v -0.035353 0.559832 0.343265
v -0.035354 0.559832 0.324363
v -0.037329 0.558092 0.323964
v -0.041323 0.553997 0.323089
v -0.042132 0.553053 0.343265
v -0.042132 0.553054 0.322900
v -0.044868 0.549510 0.322233
v -0.018811 0.569383 0.343265
v -0.018813 0.569383 0.326833
v -0.023244 0.567547 0.343265
v -0.021813 0.568190 0.326499
v -0.027500 0.565331 0.343265
v -0.026911 0.565666 0.325816
v -0.027501 0.565331 0.325727
v -0.031547 0.562753 0.343265
v -0.031732 0.562623 0.325036
v -0.032892 0.561780 0.324828
v 0.000000 0.572700 0.343265
v 0.000000 0.572700 0.327800
v -0.001294 0.572685 0.327795
v -0.004794 0.572491 0.343265
v -0.006928 0.572262 0.327669
v -0.009551 0.571864 0.343265
v -0.009552 0.571864 0.327551
v -0.014235 0.570826 0.343265
v -0.012464 0.571269 0.327376
v -0.016447 0.570183 0.327061
v 0.018811 0.569383 0.343265
v 0.016986 0.570011 0.327012
v 0.014235 0.570826 0.343265
v 0.011526 0.571479 0.327438
v 0.009551 0.571864 0.343265
v 0.009552 0.571864 0.327551
v 0.004794 0.572491 0.343265
v 0.005989 0.572373 0.327702
v 0.000390 0.572699 0.327800
v 0.027500 0.565331 0.343265
v 0.023881 0.567245 0.326239
v 0.023244 0.567547 0.343265
v 0.018811 0.569383 0.326833
v 0.018669 0.569435 0.326848
v 0.035353 0.559832 0.343265
v 0.033540 0.561289 0.324709
v 0.031547 0.562753 0.343265
v 0.028844 0.564530 0.325519
v 0.027501 0.565331 0.325727
v 0.042132 0.553053 0.343265
v 0.038612 0.556868 0.323693
v 0.038891 0.556591 0.343265
v 0.035354 0.559832 0.324363
v 0.034331 0.560670 0.324560
v 0.045053 0.549247 0.343265
v 0.042474 0.552643 0.322819
v 0.042132 0.553053 0.322900
v 0.051683 0.536511 0.343265
v 0.051373 0.537343 0.320469
v 0.049847 0.540944 0.343265
v 0.049074 0.542535 0.321122
v 0.047631 0.545200 0.343265
v 0.047631 0.545202 0.321515
v 0.045900 0.548002 0.321971
v 0.054164 0.527251 0.343265
v 0.053420 0.530789 0.319861
v 0.053126 0.531935 0.343265
v 0.053132 0.531913 0.319948
v 0.051683 0.536512 0.320379
v 0.054791 0.522494 0.343265
v 0.054476 0.525273 0.319537
v 0.054164 0.527252 0.319633
v 0.054791 0.512906 0.343265
v 0.054878 0.514036 0.319412
v 0.055000 0.517700 0.343265
v 0.055000 0.517700 0.319374
v 0.054964 0.519687 0.319385
v 0.053126 0.503465 0.343265
v 0.053876 0.506636 0.319722
v 0.054164 0.508149 0.343265
v 0.054164 0.508149 0.319633
v 0.054722 0.512175 0.319461
v 0.049847 0.494456 0.343265
v 0.050500 0.495912 0.320721
v 0.051683 0.498889 0.343265
v 0.051683 0.498887 0.320379
v 0.052470 0.501211 0.320146
v 0.045053 0.486153 0.343265
v 0.047192 0.489453 0.321632
v 0.047631 0.490200 0.343265
v 0.047631 0.490199 0.321515
v 0.049853 0.494469 0.320904
v 0.039790 0.479730 0.323436
v 0.040357 0.480333 0.323309
v 0.042132 0.482347 0.343265
v 0.042132 0.482346 0.322900
v 0.044027 0.484736 0.322443
v 0.035624 0.475796 0.324310
v 0.038891 0.478809 0.343265
v 0.035353 0.475568 0.324363
v 0.035353 0.475568 0.343265
v 0.031078 0.472322 0.325149
v 0.031547 0.472647 0.343265
v 0.027501 0.470069 0.325727
v 0.027500 0.470069 0.343265
v 0.026164 0.469322 0.325925
v 0.009445 0.463517 0.327557
v 0.009551 0.463536 0.327551
v 0.014235 0.464574 0.343265
v 0.014993 0.464783 0.327186
v 0.018811 0.466017 0.343265
v 0.018812 0.466017 0.326833
v 0.023244 0.467853 0.343265
v 0.020349 0.466603 0.326668
v 0.025504 0.468971 0.326019
v 0.000000 0.517700 0.400020
v 0.000227 0.516191 0.400011
v 0.000450 0.516241 0.400011
v 0.000000 0.516174 0.400011
v 0.000860 0.516439 0.400011
v 0.001038 0.516581 0.400011
v 0.000662 0.516325 0.400011
v 0.001322 0.516937 0.400011
v 0.001421 0.517142 0.400011
v 0.001193 0.516748 0.400011
v 0.001522 0.517586 0.400011
v 0.001522 0.517814 0.400011
v 0.001488 0.517360 0.400011
v 0.001421 0.518258 0.400011
v 0.001322 0.518463 0.400011
v 0.001488 0.518040 0.400011
v 0.001038 0.518819 0.400011
v 0.000860 0.518961 0.400011
v 0.001193 0.518652 0.400011
v 0.000450 0.519159 0.400011
v 0.000227 0.519209 0.400011
v 0.000662 0.519075 0.400011
v -0.000227 0.519209 0.400011
v -0.000450 0.519159 0.400011
v 0.000000 0.519226 0.400011
v -0.000860 0.518961 0.400011
v -0.001038 0.518819 0.400011
v -0.000662 0.519075 0.400011
v -0.001322 0.518463 0.400011
v -0.001421 0.518258 0.400011
v -0.001193 0.518652 0.400011
v -0.001522 0.517814 0.400011
v -0.001522 0.517586 0.400011
v -0.001488 0.518040 0.400011
v -0.001421 0.517142 0.400011
v -0.001322 0.516937 0.400011
v -0.001488 0.517360 0.400011
v -0.001038 0.516581 0.400011
v -0.000860 0.516439 0.400011
v -0.001193 0.516748 0.400011
v -0.000450 0.516241 0.400011
v -0.000227 0.516191 0.400011
v -0.000662 0.516325 0.400011
v 0.008726 0.459805 0.346212
v 0.008256 0.462927 0.343650
v 0.017258 0.461752 0.346212
v 0.016327 0.464770 0.343650
v 0.025403 0.464949 0.346212
v 0.024033 0.467794 0.343650
v 0.032982 0.469325 0.346212
v 0.031203 0.471934 0.343650
v 0.039823 0.474781 0.346212
v 0.037676 0.477095 0.343650
v 0.045775 0.481195 0.346212
v 0.043307 0.483164 0.343650
v 0.050705 0.488426 0.346212
v 0.047970 0.490004 0.343650
v 0.054502 0.496310 0.346212
v 0.051562 0.497463 0.343650
v 0.057081 0.504672 0.346212
v 0.054003 0.505374 0.343650
v 0.058385 0.513325 0.346212
v 0.055236 0.513561 0.343650
v 0.058385 0.522075 0.346212
v 0.055236 0.521839 0.343650
v 0.057081 0.530728 0.346212
v 0.054003 0.530026 0.343650
v 0.054502 0.539090 0.346212
v 0.051562 0.537937 0.343650
v 0.050705 0.546974 0.346212
v 0.047970 0.545396 0.343650
v 0.045775 0.554205 0.346212
v 0.043307 0.552236 0.343650
v 0.039823 0.560619 0.346212
v 0.037676 0.558305 0.343650
v 0.032982 0.566075 0.346212
v 0.031203 0.563466 0.343650
v 0.025403 0.570451 0.346212
v 0.024033 0.567606 0.343650
v 0.017258 0.573648 0.346212
v 0.016327 0.570630 0.343650
v 0.008726 0.575595 0.346212
v 0.008256 0.572473 0.343650
v 0.000000 0.576249 0.346212
v 0.000000 0.573091 0.343650
v -0.008726 0.575595 0.346212
v -0.008256 0.572473 0.343650
v -0.017258 0.573648 0.346212
v -0.016327 0.570630 0.343650
v -0.025403 0.570451 0.346212
v -0.024033 0.567606 0.343650
v -0.032982 0.566075 0.346212
v -0.031203 0.563466 0.343650
v -0.039823 0.560619 0.346212
v -0.037676 0.558305 0.343650
v -0.045775 0.554205 0.346212
v -0.043307 0.552236 0.343650
v -0.050705 0.546974 0.346212
v -0.047970 0.545396 0.343650
v -0.054502 0.539090 0.346212
v -0.051562 0.537937 0.343650
v -0.057081 0.530728 0.346212
v -0.054003 0.530026 0.343650
v -0.058385 0.522075 0.346212
v -0.055236 0.521839 0.343650
v -0.058385 0.513325 0.346212
v -0.055236 0.513561 0.343650
v -0.057081 0.504672 0.346212
v -0.054003 0.505374 0.343650
v -0.054502 0.496310 0.346212
v -0.051562 0.497463 0.343650
v -0.050705 0.488426 0.346212
v -0.047970 0.490004 0.343650
v -0.045775 0.481195 0.346212
v -0.043307 0.483164 0.343650
v -0.039823 0.474781 0.346212
v -0.037676 0.477095 0.343650
v -0.032982 0.469325 0.346212
v -0.031203 0.471934 0.343650
v -0.025403 0.464949 0.346212
v -0.024033 0.467794 0.343650
v -0.017258 0.461752 0.346212
v -0.016327 0.464770 0.343650
v -0.008726 0.459805 0.346212
v -0.008256 0.462927 0.343650
v 0.000000 0.459151 0.346212
v 0.000000 0.462309 0.343650
v 0.000000 0.456452 0.348854
v -0.009129 0.457136 0.348854
v -0.018053 0.459173 0.348854
v -0.026575 0.462517 0.348854
v -0.034502 0.467094 0.348854
v -0.041659 0.472802 0.348854
v -0.047886 0.479512 0.348854
v -0.053042 0.487076 0.348854
v -0.057014 0.495324 0.348854
v -0.059712 0.504071 0.348854
v -0.061077 0.513123 0.348854
v -0.061077 0.522277 0.348854
v -0.059712 0.531329 0.348854
v -0.057014 0.540076 0.348854
v -0.053042 0.548324 0.348854
v -0.047886 0.555888 0.348854
v -0.041659 0.562598 0.348854
v -0.034502 0.568306 0.348854
v -0.026575 0.572883 0.348854
v -0.018053 0.576227 0.348854
v -0.009129 0.578264 0.348854
v 0.000000 0.578948 0.348854
v 0.009129 0.578264 0.348854
v 0.018053 0.576227 0.348854
v 0.026575 0.572883 0.348854
v 0.034502 0.568306 0.348854
v 0.041659 0.562598 0.348854
v 0.047886 0.555888 0.348854
v 0.053042 0.548324 0.348854
v 0.057014 0.540076 0.348854
v 0.059712 0.531329 0.348854
v 0.061077 0.522277 0.348854
v 0.061077 0.513123 0.348854
v 0.059712 0.504071 0.348854
v 0.057014 0.495324 0.348854
v 0.053042 0.487076 0.348854
v 0.047886 0.479512 0.348854
v 0.041659 0.472802 0.348854
v 0.034502 0.467094 0.348854
v 0.026575 0.462517 0.348854
v 0.018053 0.459173 0.348854
v 0.009129 0.457136 0.348854
v 0.000000 0.454242 0.351510
v -0.009458 0.454951 0.351510
v -0.018704 0.457062 0.351510
v -0.027533 0.460527 0.351510
v -0.035747 0.465269 0.351510
v -0.043162 0.471182 0.351510
v -0.049613 0.478135 0.351510
v -0.054956 0.485971 0.351510
v -0.059071 0.494516 0.351510
v -0.061867 0.503579 0.351510
v -0.063280 0.512958 0.351510
v -0.063280 0.522442 0.351510
v -0.061867 0.531821 0.351510
v -0.059071 0.540884 0.351510
v -0.054956 0.549429 0.351510
v -0.049613 0.557265 0.351510
v -0.043162 0.564218 0.351510
v -0.035747 0.570131 0.351510
v -0.027533 0.574873 0.351510
v -0.018704 0.578338 0.351510
v -0.009458 0.580449 0.351510
v 0.000000 0.581158 0.351510
v 0.009458 0.580449 0.351510
v 0.018704 0.578338 0.351510
v 0.027533 0.574873 0.351510
v 0.035747 0.570131 0.351510
v 0.043162 0.564218 0.351510
v 0.049613 0.557265 0.351510
v 0.054956 0.549429 0.351510
v 0.059071 0.540884 0.351510
v 0.061867 0.531821 0.351510
v 0.063280 0.522442 0.351510
v 0.063280 0.512958 0.351510
v 0.061867 0.503579 0.351510
v 0.059071 0.494516 0.351510
v 0.054956 0.485971 0.351510
v 0.049613 0.478135 0.351510
v 0.043162 0.471182 0.351510
v 0.035747 0.465269 0.351510
v 0.027533 0.460527 0.351510
v 0.018704 0.457062 0.351510
v 0.009458 0.454951 0.351510
v 0.000000 0.452499 0.354153
v -0.009718 0.453228 0.354153
v -0.019218 0.455396 0.354153
v -0.028289 0.458956 0.354153
v -0.036729 0.463829 0.354153
v -0.044348 0.469905 0.354153
v -0.050976 0.477048 0.354153
v -0.056465 0.485100 0.354153
v -0.060694 0.493880 0.354153
v -0.063566 0.503191 0.354153
v -0.065018 0.512828 0.354153
v -0.065018 0.522572 0.354153
v -0.063566 0.532208 0.354153
v -0.060694 0.541520 0.354153
v -0.056465 0.550300 0.354153
v -0.050976 0.558352 0.354153
v -0.044348 0.565495 0.354153
v -0.036729 0.571571 0.354153
v -0.028289 0.576444 0.354153
v -0.019218 0.580004 0.354153
v -0.009718 0.582172 0.354153
v 0.000000 0.582901 0.354153
v 0.009718 0.582172 0.354153
v 0.019218 0.580004 0.354153
v 0.028289 0.576444 0.354153
v 0.036729 0.571571 0.354153
v 0.044348 0.565495 0.354153
v 0.050976 0.558352 0.354153
v 0.056465 0.550300 0.354153
v 0.060694 0.541520 0.354153
v 0.063566 0.532208 0.354153
v 0.065018 0.522572 0.354153
v 0.065018 0.512828 0.354153
v 0.063566 0.503191 0.354153
v 0.060694 0.493880 0.354153
v 0.056465 0.485100 0.354153
v 0.050976 0.477048 0.354153
v 0.044348 0.469905 0.354153
v 0.036729 0.463829 0.354153
v 0.028289 0.458956 0.354153
v 0.019218 0.455396 0.354153
v 0.009718 0.453228 0.354153
v 0.000000 0.451195 0.356767
v -0.009912 0.451938 0.356767
v -0.019603 0.454150 0.356767
v -0.028855 0.457781 0.356767
v -0.037464 0.462751 0.356767
v -0.045235 0.468948 0.356767
v -0.051996 0.476235 0.356767
v -0.057595 0.484448 0.356767
v -0.061908 0.493403 0.356767
v -0.064838 0.502901 0.356767
v -0.066319 0.512730 0.356767
v -0.066319 0.522670 0.356767
v -0.064838 0.532499 0.356767
v -0.061908 0.541997 0.356767
v -0.057595 0.550952 0.356767
v -0.051996 0.559165 0.356767
v -0.045235 0.566452 0.356767
v -0.037464 0.572649 0.356767
v -0.028855 0.577619 0.356767
v -0.019603 0.581250 0.356767
v -0.009912 0.583462 0.356767
v 0.000000 0.584205 0.356767
v 0.009912 0.583462 0.356767
v 0.019603 0.581250 0.356767
v 0.028855 0.577619 0.356767
v 0.037464 0.572649 0.356767
v 0.045235 0.566452 0.356767
v 0.051996 0.559165 0.356767
v 0.057595 0.550952 0.356767
v 0.061908 0.541997 0.356767
v 0.064838 0.532499 0.356767
v 0.066319 0.522670 0.356767
v 0.066319 0.512730 0.356767
v 0.064838 0.502901 0.356767
v 0.061908 0.493403 0.356767
v 0.057595 0.484448 0.356767
v 0.051996 0.476235 0.356767
v 0.045235 0.468948 0.356767
v 0.037464 0.462751 0.356767
v 0.028855 0.457781 0.356767
v 0.019603 0.454150 0.356767
v 0.009912 0.451938 0.356767
v 0.000000 0.450300 0.359346
v -0.010045 0.451053 0.359346
v -0.019867 0.453294 0.359346
v -0.029244 0.456975 0.359346
v -0.037968 0.462011 0.359346
v -0.045844 0.468292 0.359346
v -0.052696 0.475677 0.359346
v -0.058370 0.484000 0.359346
v -0.062741 0.493076 0.359346
v -0.065710 0.502702 0.359346
v -0.067212 0.512663 0.359346
v -0.067212 0.522737 0.359346
v -0.065710 0.532698 0.359346
v -0.062741 0.542324 0.359346
v -0.058370 0.551400 0.359346
v -0.052696 0.559723 0.359346
v -0.045844 0.567108 0.359346
v -0.037968 0.573389 0.359346
v -0.029244 0.578425 0.359346
v -0.019867 0.582106 0.359346
v -0.010045 0.584347 0.359346
v 0.000000 0.585100 0.359346
v 0.010045 0.584347 0.359346
v 0.019867 0.582106 0.359346
v 0.029244 0.578425 0.359346
v 0.037968 0.573389 0.359346
v 0.045844 0.567108 0.359346
v 0.052696 0.559723 0.359346
v 0.058370 0.551400 0.359346
v 0.062741 0.542324 0.359346
v 0.065710 0.532698 0.359346
v 0.067212 0.522737 0.359346
v 0.067212 0.512663 0.359346
v 0.065710 0.502702 0.359346
v 0.062741 0.493076 0.359346
v 0.058370 0.484000 0.359346
v 0.052696 0.475677 0.359346
v 0.045844 0.468292 0.359346
v 0.037968 0.462011 0.359346
v 0.029244 0.456975 0.359346
v 0.019867 0.453294 0.359346
v 0.010045 0.451053 0.359346
v 0.000000 0.449788 0.361894
v -0.010122 0.450546 0.361894
v -0.020017 0.452805 0.361894
v -0.029466 0.456513 0.361894
v -0.038256 0.461588 0.361894
v -0.046192 0.467917 0.361894
v -0.053096 0.475358 0.361894
v -0.058814 0.483744 0.361894
v -0.063218 0.492889 0.361894
v -0.066209 0.502588 0.361894
v -0.067722 0.512625 0.361894
v -0.067722 0.522775 0.361894
v -0.066209 0.532812 0.361894
v -0.063218 0.542511 0.361894
v -0.058814 0.551656 0.361894
v -0.053096 0.560042 0.361894
v -0.046192 0.567483 0.361894
v -0.038256 0.573812 0.361894
v -0.029466 0.578887 0.361894
v -0.020017 0.582595 0.361894
v -0.010122 0.584854 0.361894
v 0.000000 0.585612 0.361894
v 0.010122 0.584854 0.361894
v 0.020017 0.582595 0.361894
v 0.029466 0.578887 0.361894
v 0.038256 0.573812 0.361894
v 0.046192 0.567483 0.361894
v 0.053096 0.560042 0.361894
v 0.058814 0.551656 0.361894
v 0.063218 0.542511 0.361894
v 0.066209 0.532812 0.361894
v 0.067722 0.522775 0.361894
v 0.067722 0.512625 0.361894
v 0.066209 0.502588 0.361894
v 0.063218 0.492889 0.361894
v 0.058814 0.483744 0.361894
v 0.053096 0.475358 0.361894
v 0.046192 0.467917 0.361894
v 0.038256 0.461588 0.361894
v 0.029466 0.456513 0.361894
v 0.020017 0.452805 0.361894
v 0.010122 0.450546 0.361894
v 0.000000 0.449641 0.364424
v -0.010144 0.450402 0.364424
v -0.020061 0.452665 0.364424
v -0.029529 0.456381 0.364424
v -0.038339 0.461467 0.364424
v -0.046292 0.467810 0.364424
v -0.053210 0.475266 0.364424
v -0.058940 0.483671 0.364424
v -0.063354 0.492835 0.364424
v -0.066352 0.502556 0.364424
v -0.067868 0.512614 0.364424
v -0.067868 0.522786 0.364424
v -0.066352 0.532844 0.364424
v -0.063354 0.542565 0.364424
v -0.058940 0.551729 0.364424
v -0.053210 0.560134 0.364424
v -0.046292 0.567590 0.364424
v -0.038339 0.573933 0.364424
v -0.029529 0.579019 0.364424
v -0.020061 0.582735 0.364424
v -0.010144 0.584998 0.364424
v 0.000000 0.585759 0.364424
v 0.010144 0.584998 0.364424
v 0.020061 0.582735 0.364424
v 0.029529 0.579019 0.364424
v 0.038339 0.573933 0.364424
v 0.046292 0.567590 0.364424
v 0.053210 0.560134 0.364424
v 0.058940 0.551729 0.364424
v 0.063354 0.542565 0.364424
v 0.066352 0.532844 0.364424
v 0.067868 0.522786 0.364424
v 0.067868 0.512614 0.364424
v 0.066352 0.502556 0.364424
v 0.063354 0.492835 0.364424
v 0.058940 0.483671 0.364424
v 0.053210 0.475266 0.364424
v 0.046292 0.467810 0.364424
v 0.038339 0.461467 0.364424
v 0.029529 0.456381 0.364424
v 0.020061 0.452665 0.364424
v 0.010144 0.450402 0.364424
v 0.000000 0.449854 0.366953
v -0.010112 0.450612 0.366953
v -0.019998 0.452868 0.366953
v -0.029437 0.456573 0.366953
v -0.038219 0.461643 0.366953
v -0.046147 0.467966 0.366953
v -0.053044 0.475399 0.366953
v -0.058756 0.483777 0.366953
v -0.063156 0.492913 0.366953
v -0.066145 0.502603 0.366953
v -0.067656 0.512630 0.366953
v -0.067656 0.522770 0.366953
v -0.066145 0.532797 0.366953
v -0.063156 0.542487 0.366953
v -0.058756 0.551623 0.366953
v -0.053044 0.560001 0.366953
v -0.046147 0.567434 0.366953
v -0.038219 0.573757 0.366953
v -0.029437 0.578827 0.366953
v -0.019998 0.582532 0.366953
v -0.010112 0.584788 0.366953
v 0.000000 0.585546 0.366953
v 0.010112 0.584788 0.366953
v 0.019998 0.582532 0.366953
v 0.029437 0.578827 0.366953
v 0.038219 0.573757 0.366953
v 0.046147 0.567434 0.366953
v 0.053044 0.560001 0.366953
v 0.058756 0.551623 0.366953
v 0.063156 0.542487 0.366953
v 0.066145 0.532797 0.366953
v 0.067656 0.522770 0.366953
v 0.067656 0.512630 0.366953
v 0.066145 0.502603 0.366953
v 0.063156 0.492913 0.366953
v 0.058756 0.483777 0.366953
v 0.053044 0.475399 0.366953
v 0.046147 0.467966 0.366953
v 0.038219 0.461643 0.366953
v 0.029437 0.456573 0.366953
v 0.019998 0.452868 0.366953
v 0.010112 0.450612 0.366953
v 0.000000 0.450432 0.369494
v -0.010026 0.451183 0.369494
v -0.019828 0.453420 0.369494
v -0.029187 0.457093 0.369494
v -0.037894 0.462120 0.369494
v -0.045754 0.468389 0.369494
v -0.052593 0.475759 0.369494
v -0.058256 0.484066 0.369494
v -0.062618 0.493124 0.369494
v -0.065582 0.502731 0.369494
v -0.067080 0.512673 0.369494
v -0.067080 0.522727 0.369494
v -0.065582 0.532669 0.369494
v -0.062618 0.542276 0.369494
v -0.058256 0.551334 0.369494
v -0.052593 0.559641 0.369494
v -0.045754 0.567011 0.369494
v -0.037894 0.573280 0.369494
v -0.029187 0.578307 0.369494
v -0.019828 0.581980 0.369494
v -0.010026 0.584217 0.369494
v 0.000000 0.584968 0.369494
v 0.010026 0.584217 0.369494
v 0.019828 0.581980 0.369494
v 0.029187 0.578307 0.369494
v 0.037894 0.573280 0.369494
v 0.045754 0.567011 0.369494
v 0.052593 0.559641 0.369494
v 0.058256 0.551334 0.369494
v 0.062618 0.542276 0.369494
v 0.065582 0.532669 0.369494
v 0.067080 0.522727 0.369494
v 0.067080 0.512673 0.369494
v 0.065582 0.502731 0.369494
v 0.062618 0.493124 0.369494
v 0.058256 0.484066 0.369494
v 0.052593 0.475759 0.369494
v 0.045754 0.468389 0.369494
v 0.037894 0.462120 0.369494
v 0.029187 0.457093 0.369494
v 0.019828 0.453420 0.369494
v 0.010026 0.451183 0.369494
v 0.000000 0.451387 0.372055
v -0.009883 0.452128 0.372055
v -0.019546 0.454333 0.372055
v -0.028772 0.457954 0.372055
v -0.037355 0.462910 0.372055
v -0.045104 0.469089 0.372055
v -0.051845 0.476355 0.372055
v -0.057428 0.484544 0.372055
v -0.061729 0.493473 0.372055
v -0.064650 0.502944 0.372055
v -0.066127 0.512744 0.372055
v -0.066127 0.522656 0.372055
v -0.064650 0.532456 0.372055
v -0.061729 0.541927 0.372055
v -0.057428 0.550856 0.372055
v -0.051845 0.559045 0.372055
v -0.045104 0.566311 0.372055
v -0.037355 0.572490 0.372055
v -0.028772 0.577446 0.372055
v -0.019546 0.581067 0.372055
v -0.009883 0.583272 0.372055
v 0.000000 0.584013 0.372055
v 0.009883 0.583272 0.372055
v 0.019546 0.581067 0.372055
v 0.028772 0.577446 0.372055
v 0.037355 0.572490 0.372055
v 0.045104 0.566311 0.372055
v 0.051845 0.559045 0.372055
v 0.057428 0.550856 0.372055
v 0.061729 0.541927 0.372055
v 0.064650 0.532456 0.372055
v 0.066127 0.522656 0.372055
v 0.066127 0.512744 0.372055
v 0.064650 0.502944 0.372055
v 0.061729 0.493473 0.372055
v 0.057428 0.484544 0.372055
v 0.051845 0.476355 0.372055
v 0.045104 0.469089 0.372055
v 0.037355 0.462910 0.372055
v 0.028772 0.457954 0.372055
v 0.019546 0.454333 0.372055
v 0.009883 0.452128 0.372055
v 0.000000 0.452740 0.374636
v -0.009682 0.453466 0.374636
v -0.019147 0.455626 0.374636
v -0.028185 0.459174 0.374636
v -0.036593 0.464028 0.374636
v -0.044184 0.470081 0.374636
v -0.050787 0.477198 0.374636
v -0.056257 0.485220 0.374636
v -0.060469 0.493968 0.374636
v -0.063331 0.503245 0.374636
v -0.064778 0.512846 0.374636
v -0.064778 0.522554 0.374636
v -0.063331 0.532155 0.374636
v -0.060469 0.541432 0.374636
v -0.056257 0.550180 0.374636
v -0.050787 0.558202 0.374636
v -0.044184 0.565319 0.374636
v -0.036593 0.571372 0.374636
v -0.028185 0.576227 0.374636
v -0.019147 0.579774 0.374636
v -0.009682 0.581934 0.374636
v 0.000000 0.582659 0.374636
v 0.009682 0.581934 0.374636
v 0.019147 0.579774 0.374636
v 0.028185 0.576227 0.374636
v 0.036593 0.571372 0.374636
v 0.044184 0.565319 0.374636
v 0.050787 0.558202 0.374636
v 0.056257 0.550180 0.374636
v 0.060469 0.541432 0.374636
v 0.063331 0.532155 0.374636
v 0.064778 0.522554 0.374636
v 0.064778 0.512846 0.374636
v 0.063331 0.503245 0.374636
v 0.060469 0.493968 0.374636
v 0.056257 0.485220 0.374636
v 0.050787 0.477198 0.374636
v 0.044184 0.470081 0.374636
v 0.036593 0.464028 0.374636
v 0.028185 0.459174 0.374636
v 0.019147 0.455626 0.374636
v 0.009682 0.453466 0.374636
v 0.000000 0.454511 0.377226
v -0.009418 0.455217 0.377226
v -0.018625 0.457318 0.377226
v -0.027417 0.460769 0.377226
v -0.035596 0.465491 0.377226
v -0.042979 0.471379 0.377226
v -0.049403 0.478302 0.377226
v -0.054723 0.486106 0.377226
v -0.058821 0.494615 0.377226
v -0.061605 0.503639 0.377226
v -0.063012 0.512978 0.377226
v -0.063012 0.522422 0.377226
v -0.061605 0.531761 0.377226
v -0.058821 0.540785 0.377226
v -0.054723 0.549294 0.377226
v -0.049403 0.557098 0.377226
v -0.042979 0.564021 0.377226
v -0.035596 0.569909 0.377226
v -0.027417 0.574631 0.377226
v -0.018625 0.578082 0.377226
v -0.009418 0.580183 0.377226
v 0.000000 0.580889 0.377226
v 0.009418 0.580183 0.377226
v 0.018625 0.578082 0.377226
v 0.027417 0.574631 0.377226
v 0.035596 0.569909 0.377226
v 0.042979 0.564021 0.377226
v 0.049403 0.557098 0.377226
v 0.054723 0.549294 0.377226
v 0.058821 0.540785 0.377226
v 0.061605 0.531761 0.377226
v 0.063012 0.522422 0.377226
v 0.063012 0.512978 0.377226
v 0.061605 0.503639 0.377226
v 0.058821 0.494615 0.377226
v 0.054723 0.486106 0.377226
v 0.049403 0.478302 0.377226
v 0.042979 0.471379 0.377226
v 0.035596 0.465491 0.377226
v 0.027417 0.460769 0.377226
v 0.018625 0.457318 0.377226
v 0.009418 0.455217 0.377226
v 0.000000 0.456719 0.379812
v -0.009089 0.457400 0.379812
v -0.017975 0.459428 0.379812
v -0.026459 0.462758 0.379812
v -0.034352 0.467315 0.379812
v -0.041478 0.472998 0.379812
v -0.047677 0.479679 0.379812
v -0.052811 0.487209 0.379812
v -0.056766 0.495421 0.379812
v -0.059452 0.504130 0.379812
v -0.060811 0.513143 0.379812
v -0.060811 0.522257 0.379812
v -0.059452 0.531270 0.379812
v -0.056766 0.539979 0.379812
v -0.052811 0.548191 0.379812
v -0.047677 0.555721 0.379812
v -0.041478 0.562402 0.379812
v -0.034352 0.568085 0.379812
v -0.026459 0.572642 0.379812
v -0.017975 0.575972 0.379812
v -0.009089 0.578000 0.379812
v 0.000000 0.578681 0.379812
v 0.009089 0.578000 0.379812
v 0.017975 0.575972 0.379812
v 0.026459 0.572642 0.379812
v 0.034352 0.568085 0.379812
v 0.041478 0.562402 0.379812
v 0.047677 0.555721 0.379812
v 0.052811 0.548191 0.379812
v 0.056766 0.539979 0.379812
v 0.059452 0.531270 0.379812
v 0.060811 0.522257 0.379812
v 0.060811 0.513143 0.379812
v 0.059452 0.504130 0.379812
v 0.056766 0.495421 0.379812
v 0.052811 0.487209 0.379812
v 0.047677 0.479679 0.379812
v 0.041478 0.472998 0.379812
v 0.034352 0.467315 0.379812
v 0.026459 0.462758 0.379812
v 0.017975 0.459428 0.379812
v 0.009089 0.457400 0.379812
v 0.000000 0.459380 0.382370
v -0.008692 0.460032 0.382370
v -0.017190 0.461971 0.382370
v -0.025304 0.465156 0.382370
v -0.032853 0.469514 0.382370
v -0.039668 0.474949 0.382370
v -0.045596 0.481338 0.382370
v -0.050507 0.488540 0.382370
v -0.054288 0.496393 0.382370
v -0.056858 0.504723 0.382370
v -0.058157 0.513342 0.382370
v -0.058157 0.522058 0.382370
v -0.056858 0.530677 0.382370
v -0.054288 0.539007 0.382370
v -0.050507 0.546860 0.382370
v -0.045596 0.554062 0.382370
v -0.039668 0.560451 0.382370
v -0.032853 0.565886 0.382370
v -0.025304 0.570244 0.382370
v -0.017190 0.573429 0.382370
v -0.008692 0.575368 0.382370
v 0.000000 0.576020 0.382370
v 0.008692 0.575368 0.382370
v 0.017190 0.573429 0.382370
v 0.025304 0.570244 0.382370
v 0.032853 0.565886 0.382370
v 0.039668 0.560451 0.382370
v 0.045596 0.554062 0.382370
v 0.050506 0.546860 0.382370
v 0.054288 0.539007 0.382370
v 0.056858 0.530677 0.382370
v 0.058157 0.522058 0.382370
v 0.058157 0.513342 0.382370
v 0.056858 0.504723 0.382370
v 0.054288 0.496393 0.382370
v 0.050506 0.488540 0.382370
v 0.045596 0.481338 0.382370
v 0.039668 0.474949 0.382370
v 0.032853 0.469514 0.382370
v 0.025304 0.465156 0.382370
v 0.017190 0.461971 0.382370
v 0.008692 0.460032 0.382370
v 0.000000 0.462508 0.384877
v -0.008226 0.463124 0.384877
v -0.016268 0.464960 0.384877
v -0.023947 0.467973 0.384877
v -0.031091 0.472098 0.384877
v -0.037540 0.477241 0.384877
v -0.043151 0.483288 0.384877
v -0.047798 0.490104 0.384877
v -0.051377 0.497536 0.384877
v -0.053809 0.505419 0.384877
v -0.055038 0.513575 0.384877
v -0.055038 0.521825 0.384877
v -0.053809 0.529981 0.384877
v -0.051377 0.537864 0.384877
v -0.047798 0.545296 0.384877
v -0.043151 0.552112 0.384877
v -0.037540 0.558159 0.384877
v -0.031091 0.563302 0.384877
v -0.023947 0.567427 0.384877
v -0.016268 0.570440 0.384877
v -0.008226 0.572276 0.384877
v 0.000000 0.572892 0.384877
v 0.008226 0.572276 0.384877
v 0.016268 0.570440 0.384877
v 0.023947 0.567427 0.384877
v 0.031091 0.563302 0.384877
v 0.037540 0.558159 0.384877
v 0.043151 0.552112 0.384877
v 0.047798 0.545296 0.384877
v 0.051377 0.537864 0.384877
v 0.053809 0.529981 0.384877
v 0.055038 0.521825 0.384877
v 0.055038 0.513575 0.384877
v 0.053809 0.505419 0.384877
v 0.051377 0.497536 0.384877
v 0.047798 0.490104 0.384877
v 0.043151 0.483288 0.384877
v 0.037540 0.477241 0.384877
v 0.031091 0.472098 0.384877
v 0.023947 0.467973 0.384877
v 0.016268 0.464960 0.384877
v 0.008226 0.463124 0.384877
v 0.000000 0.466108 0.387303
v -0.007689 0.466684 0.387303
v -0.015207 0.468400 0.387303
v -0.022385 0.471217 0.387303
v -0.029063 0.475073 0.387303
v -0.035092 0.479880 0.387303
v -0.040336 0.485533 0.387303
v -0.044680 0.491904 0.387303
v -0.048026 0.498851 0.387303
v -0.050299 0.506220 0.387303
v -0.051448 0.513845 0.387303
v -0.051448 0.521556 0.387303
v -0.050299 0.529180 0.387303
v -0.048026 0.536549 0.387303
v -0.044680 0.543496 0.387303
v -0.040336 0.549867 0.387303
v -0.035092 0.555520 0.387303
v -0.029063 0.560327 0.387303
v -0.022385 0.564183 0.387303
v -0.015207 0.567000 0.387303
v -0.007689 0.568716 0.387303
v 0.000000 0.569292 0.387303
v 0.007689 0.568716 0.387303
v 0.015207 0.567000 0.387303
v 0.022385 0.564183 0.387303
v 0.029063 0.560327 0.387303
v 0.035092 0.555520 0.387303
v 0.040336 0.549867 0.387303
v 0.044680 0.543496 0.387303
v 0.048026 0.536549 0.387303
v 0.050299 0.529180 0.387303
v 0.051448 0.521556 0.387303
v 0.051448 0.513845 0.387303
v 0.050299 0.506220 0.387303
v 0.048026 0.498851 0.387303
v 0.044680 0.491904 0.387303
v 0.040336 0.485533 0.387303
v 0.035092 0.479880 0.387303
v 0.029063 0.475073 0.387303
v 0.022385 0.471217 0.387303
v 0.015207 0.468400 0.387303
v 0.007689 0.466684 0.387303
v 0.000000 0.470180 0.389616
v -0.007082 0.470711 0.389616
v -0.014007 0.472291 0.389616
v -0.020618 0.474886 0.389616
v -0.026769 0.478437 0.389616
v -0.032322 0.482866 0.389616
v -0.037152 0.488072 0.389616
v -0.041153 0.493940 0.389616
v -0.044235 0.500339 0.389616
v -0.046328 0.507126 0.389616
v -0.047387 0.514149 0.389616
v -0.047387 0.521251 0.389616
v -0.046328 0.528274 0.389616
v -0.044235 0.535061 0.389616
v -0.041153 0.541460 0.389616
v -0.037152 0.547328 0.389616
v -0.032322 0.552534 0.389616
v -0.026769 0.556963 0.389616
v -0.020618 0.560514 0.389616
v -0.014007 0.563109 0.389616
v -0.007082 0.564689 0.389616
v 0.000000 0.565220 0.389616
v 0.007082 0.564689 0.389616
v 0.014007 0.563109 0.389616
v 0.020618 0.560514 0.389616
v 0.026769 0.556963 0.389616
v 0.032322 0.552534 0.389616
v 0.037152 0.547328 0.389616
v 0.041153 0.541460 0.389616
v 0.044235 0.535061 0.389616
v 0.046328 0.528274 0.389616
v 0.047387 0.521251 0.389616
v 0.047387 0.514149 0.389616
v 0.046328 0.507126 0.389616
v 0.044235 0.500339 0.389616
v 0.041153 0.493940 0.389616
v 0.037152 0.488072 0.389616
v 0.032322 0.482866 0.389616
v 0.026769 0.478437 0.389616
v 0.020618 0.474886 0.389616
v 0.014007 0.472291 0.389616
v 0.007082 0.470711 0.389616
v 0.000000 0.474716 0.391780
v -0.006406 0.475196 0.391780
v -0.012670 0.476625 0.391780
v -0.018650 0.478973 0.391780
v -0.024214 0.482185 0.391780
v -0.029237 0.486190 0.391780
v -0.033606 0.490900 0.391780
v -0.037225 0.496208 0.391780
v -0.040013 0.501996 0.391780
v -0.041907 0.508135 0.391780
v -0.042864 0.514488 0.391780
v -0.042864 0.520912 0.391780
v -0.041907 0.527265 0.391780
v -0.040013 0.533404 0.391780
v -0.037225 0.539192 0.391780
v -0.033606 0.544500 0.391780
v -0.029237 0.549210 0.391780
v -0.024214 0.553215 0.391780
v -0.018650 0.556427 0.391780
v -0.012670 0.558775 0.391780
v -0.006406 0.560204 0.391780
v 0.000000 0.560684 0.391780
v 0.006406 0.560204 0.391780
v 0.012670 0.558775 0.391780
v 0.018650 0.556427 0.391780
v 0.024214 0.553215 0.391780
v 0.029237 0.549210 0.391780
v 0.033606 0.544500 0.391780
v 0.037225 0.539192 0.391780
v 0.040013 0.533404 0.391780
v 0.041907 0.527265 0.391780
v 0.042864 0.520912 0.391780
v 0.042864 0.514488 0.391780
v 0.041907 0.508135 0.391780
v 0.040013 0.501996 0.391780
v 0.037225 0.496208 0.391780
v 0.033606 0.490900 0.391780
v 0.029237 0.486190 0.391780
v 0.024214 0.482185 0.391780
v 0.018650 0.478973 0.391780
v 0.012670 0.476625 0.391780
v 0.006406 0.475196 0.391780
v 0.000000 0.479695 0.393762
v -0.005664 0.480120 0.393762
v -0.011202 0.481384 0.393762
v -0.016490 0.483459 0.393762
v -0.021409 0.486299 0.393762
v -0.025850 0.489840 0.393762
v -0.029713 0.494004 0.393762
v -0.032913 0.498698 0.393762
v -0.035378 0.503815 0.393762
v -0.037052 0.509243 0.393762
v -0.037899 0.514860 0.393762
v -0.037899 0.520540 0.393762
v -0.037052 0.526157 0.393762
v -0.035378 0.531585 0.393762
v -0.032913 0.536702 0.393762
v -0.029713 0.541396 0.393762
v -0.025850 0.545560 0.393762
v -0.021409 0.549101 0.393762
v -0.016490 0.551941 0.393762
v -0.011202 0.554016 0.393762
v -0.005664 0.555280 0.393762
v 0.000000 0.555705 0.393762
v 0.005664 0.555280 0.393762
v 0.011202 0.554016 0.393762
v 0.016490 0.551941 0.393762
v 0.021409 0.549101 0.393762
v 0.025850 0.545560 0.393762
v 0.029713 0.541396 0.393762
v 0.032913 0.536702 0.393762
v 0.035378 0.531585 0.393762
v 0.037052 0.526157 0.393762
v 0.037899 0.520540 0.393762
v 0.037899 0.514860 0.393762
v 0.037052 0.509243 0.393762
v 0.035378 0.503815 0.393762
v 0.032913 0.498698 0.393762
v 0.029713 0.494004 0.393762
v 0.025850 0.489840 0.393762
v 0.021409 0.486299 0.393762
v 0.016490 0.483459 0.393762
v 0.011202 0.481384 0.393762
v 0.005664 0.480120 0.393762
v 0.000000 0.485089 0.395526
v -0.004860 0.485453 0.395526
v -0.009612 0.486538 0.395526
v -0.014149 0.488319 0.395526
v -0.018370 0.490756 0.395526
v -0.022181 0.493794 0.395526
v -0.025496 0.497367 0.395526
v -0.028242 0.501395 0.395526
v -0.030357 0.505786 0.395526
v -0.031793 0.510443 0.395526
v -0.032520 0.515263 0.395526
v -0.032520 0.520137 0.395526
v -0.031793 0.524957 0.395526
v -0.030357 0.529614 0.395526
v -0.028242 0.534006 0.395526
v -0.025496 0.538033 0.395526
v -0.022181 0.541606 0.395526
v -0.018370 0.544644 0.395526
v -0.014149 0.547081 0.395526
v -0.009612 0.548862 0.395526
v -0.004860 0.549947 0.395526
v 0.000000 0.550311 0.395526
v 0.004860 0.549947 0.395526
v 0.009612 0.548862 0.395526
v 0.014149 0.547081 0.395526
v 0.018370 0.544644 0.395526
v 0.022181 0.541606 0.395526
v 0.025496 0.538033 0.395526
v 0.028242 0.534006 0.395526
v 0.030357 0.529614 0.395526
v 0.031793 0.524957 0.395526
v 0.032520 0.520137 0.395526
v 0.032520 0.515263 0.395526
v 0.031793 0.510443 0.395526
v 0.030357 0.505786 0.395526
v 0.028242 0.501395 0.395526
v 0.025496 0.497367 0.395526
v 0.022181 0.493794 0.395526
v 0.018370 0.490756 0.395526
v 0.014149 0.488319 0.395526
v 0.009612 0.486538 0.395526
v 0.004860 0.485453 0.395526
v 0.000000 0.490857 0.397038
v -0.004001 0.491157 0.397038
v -0.007912 0.492049 0.397038
v -0.011647 0.493515 0.397038
v -0.015121 0.495521 0.397038
v -0.018258 0.498023 0.397038
v -0.020987 0.500964 0.397038
v -0.023247 0.504278 0.397038
v -0.024988 0.507893 0.397038
v -0.026170 0.511727 0.397038
v -0.026768 0.515694 0.397038
v -0.026768 0.519706 0.397038
v -0.026170 0.523673 0.397038
v -0.024988 0.527507 0.397038
v -0.023247 0.531122 0.397038
v -0.020987 0.534436 0.397038
v -0.018258 0.537377 0.397038
v -0.015121 0.539879 0.397038
v -0.011647 0.541885 0.397038
v -0.007912 0.543351 0.397038
v -0.004001 0.544243 0.397038
v 0.000000 0.544543 0.397038
v 0.004001 0.544243 0.397038
v 0.007912 0.543351 0.397038
v 0.011647 0.541885 0.397038
v 0.015121 0.539879 0.397038
v 0.018258 0.537377 0.397038
v 0.020987 0.534436 0.397038
v 0.023247 0.531122 0.397038
v 0.024988 0.527507 0.397038
v 0.026170 0.523673 0.397038
v 0.026768 0.519706 0.397038
v 0.026768 0.515694 0.397038
v 0.026170 0.511727 0.397038
v 0.024988 0.507893 0.397038
v 0.023247 0.504278 0.397038
v 0.020987 0.500964 0.397038
v 0.018258 0.498023 0.397038
v 0.015121 0.495521 0.397038
v 0.011647 0.493515 0.397038
v 0.007912 0.492049 0.397038
v 0.004001 0.491157 0.397038
v 0.000000 0.496948 0.398268
v -0.003093 0.497180 0.398268
v -0.006117 0.497870 0.398268
v -0.009004 0.499003 0.398268
v -0.011690 0.500554 0.398268
v -0.014115 0.502488 0.398268
v -0.016225 0.504761 0.398268
v -0.017972 0.507324 0.398268
v -0.019318 0.510118 0.398268
v -0.020232 0.513082 0.398268
v -0.020694 0.516149 0.398268
v -0.020694 0.519251 0.398268
v -0.020232 0.522318 0.398268
v -0.019318 0.525282 0.398268
v -0.017972 0.528076 0.398268
v -0.016225 0.530639 0.398268
v -0.014115 0.532912 0.398268
v -0.011690 0.534846 0.398268
v -0.009004 0.536397 0.398268
v -0.006117 0.537530 0.398268
v -0.003093 0.538220 0.398268
v 0.000000 0.538452 0.398268
v 0.003093 0.538220 0.398268
v 0.006117 0.537530 0.398268
v 0.009004 0.536397 0.398268
v 0.011690 0.534846 0.398268
v 0.014115 0.532912 0.398268
v 0.016225 0.530639 0.398268
v 0.017972 0.528076 0.398268
v 0.019318 0.525282 0.398268
v 0.020232 0.522318 0.398268
v 0.020694 0.519251 0.398268
v 0.020694 0.516149 0.398268
v 0.020232 0.513082 0.398268
v 0.019318 0.510118 0.398268
v 0.017972 0.507324 0.398268
v 0.016225 0.504761 0.398268
v 0.014115 0.502488 0.398268
v 0.011690 0.500554 0.398268
v 0.009004 0.499003 0.398268
v 0.006117 0.497870 0.398268
v 0.003093 0.497180 0.398268
v 0.000000 0.503300 0.399187
v -0.002146 0.503461 0.399187
v -0.004244 0.503940 0.399187
v -0.006248 0.504726 0.399187
v -0.008112 0.505802 0.399187
v -0.009794 0.507144 0.399187
v -0.011258 0.508722 0.399187
v -0.012471 0.510500 0.399187
v -0.013404 0.512439 0.399187
v -0.014039 0.514496 0.399187
v -0.014359 0.516624 0.399187
v -0.014359 0.518776 0.399187
v -0.014039 0.520904 0.399187
v -0.013404 0.522961 0.399187
v -0.012471 0.524900 0.399187
v -0.011258 0.526678 0.399187
v -0.009794 0.528256 0.399187
v -0.008112 0.529598 0.399187
v -0.006248 0.530674 0.399187
v -0.004244 0.531460 0.399187
v -0.002146 0.531939 0.399187
v 0.000000 0.532100 0.399187
v 0.002146 0.531939 0.399187
v 0.004244 0.531460 0.399187
v 0.006248 0.530674 0.399187
v 0.008112 0.529598 0.399187
v 0.009794 0.528256 0.399187
v 0.011258 0.526678 0.399187
v 0.012471 0.524900 0.399187
v 0.013404 0.522961 0.399187
v 0.014039 0.520904 0.399187
v 0.014359 0.518776 0.399187
v 0.014359 0.516624 0.399187
v 0.014039 0.514496 0.399187
v 0.013404 0.512439 0.399187
v 0.012471 0.510500 0.399187
v 0.011258 0.508722 0.399187
v 0.009794 0.507144 0.399187
v 0.008112 0.505802 0.399187
v 0.006248 0.504726 0.399187
v 0.004244 0.503940 0.399187
v 0.002146 0.503461 0.399187
v 0.000000 0.509845 0.399774
v -0.001171 0.509932 0.399774
v -0.002315 0.510194 0.399774
v -0.003408 0.510623 0.399774
v -0.004425 0.511210 0.399774
v -0.005343 0.511942 0.399774
v -0.006142 0.512802 0.399774
v -0.006803 0.513772 0.399774
v -0.007312 0.514830 0.399774
v -0.007658 0.515952 0.399774
v -0.007833 0.517113 0.399774
v -0.007833 0.518287 0.399774
v -0.007658 0.519448 0.399774
v -0.007312 0.520570 0.399774
v -0.006803 0.521628 0.399774
v -0.006142 0.522598 0.399774
v -0.005343 0.523458 0.399774
v -0.004425 0.524190 0.399774
v -0.003408 0.524777 0.399774
v -0.002315 0.525206 0.399774
v -0.001171 0.525468 0.399774
v 0.000000 0.525555 0.399774
v 0.001171 0.525468 0.399774
v 0.002315 0.525206 0.399774
v 0.003408 0.524777 0.399774
v 0.004425 0.524190 0.399774
v 0.005343 0.523458 0.399774
v 0.006142 0.522598 0.399774
v 0.006803 0.521628 0.399774
v 0.007312 0.520570 0.399774
v 0.007658 0.519448 0.399774
v 0.007833 0.518287 0.399774
v 0.007833 0.517113 0.399774
v 0.007658 0.515952 0.399774
v 0.007312 0.514830 0.399774
v 0.006803 0.513772 0.399774
v 0.006142 0.512802 0.399774
v 0.005343 0.511942 0.399774
v 0.004425 0.511210 0.399774
v 0.003408 0.510623 0.399774
v 0.002315 0.510194 0.399774
v 0.001171 0.509932 0.399774
v 0.050868 0.000030 0.009100
v 0.048538 0.000030 0.017797
v 0.044733 0.000030 0.025957
v 0.039568 0.000030 0.033333
v 0.033202 0.000030 0.039699
v 0.025826 0.000030 0.044863
v 0.017666 0.000030 0.048668
v 0.008969 0.000030 0.050999
v 0.000000 0.000030 0.051784
v -0.008969 0.000030 0.050999
v -0.017666 0.000030 0.048668
v -0.025826 0.000030 0.044863
v -0.033202 0.000030 0.039699
v -0.039568 0.000030 0.033333
v -0.044733 0.000030 0.025957
v -0.048538 0.000030 0.017797
v -0.050868 0.000030 0.009100
v -0.051653 0.000030 0.000131
v -0.050868 0.000030 -0.008839
v -0.048538 0.000030 -0.017535
v -0.044733 0.000030 -0.025696
v -0.039568 0.000030 -0.033071
v -0.033202 0.000030 -0.039437
v -0.025826 0.000030 -0.044602
v -0.017666 0.000030 -0.048407
v -0.008969 0.000030 -0.050737
v 0.000000 0.000030 -0.051522
v 0.008969 0.000030 -0.050737
v 0.017666 0.000030 -0.048407
v 0.025826 0.000030 -0.044602
v 0.033202 0.000030 -0.039437
v 0.039568 0.000030 -0.033071
v 0.044733 0.000030 -0.025696
v 0.048538 0.000030 -0.017535
v 0.050868 0.000030 -0.008839
v 0.051653 0.000030 0.000131
v 0.050536 0.000121 0.009042
v 0.048221 0.000121 0.017682
v 0.044441 0.000121 0.025789
v 0.039310 0.000121 0.033116
v 0.032985 0.000121 0.039441
v 0.025658 0.000121 0.044572
v 0.017551 0.000121 0.048352
v 0.008911 0.000121 0.050667
v 0.000000 0.000121 0.051447
v -0.008911 0.000121 0.050667
v -0.017551 0.000121 0.048352
v -0.025658 0.000121 0.044572
v -0.032985 0.000121 0.039441
v -0.039310 0.000121 0.033116
v -0.044441 0.000121 0.025789
v -0.048221 0.000121 0.017682
v -0.050536 0.000121 0.009042
v -0.051316 0.000121 0.000131
v -0.050536 0.000121 -0.008780
v -0.048221 0.000121 -0.017420
v -0.044441 0.000121 -0.025527
v -0.039310 0.000121 -0.032854
v -0.032985 0.000121 -0.039179
v -0.025658 0.000121 -0.044310
v -0.017551 0.000121 -0.048090
v -0.008911 0.000121 -0.050406
v 0.000000 0.000121 -0.051185
v 0.008911 0.000121 -0.050406
v 0.017551 0.000121 -0.048090
v 0.025658 0.000121 -0.044310
v 0.032985 0.000121 -0.039179
v 0.039310 0.000121 -0.032854
v 0.044441 0.000121 -0.025527
v 0.048221 0.000121 -0.017420
v 0.050536 0.000121 -0.008780
v 0.051316 0.000121 0.000131
v 0.050225 0.000268 0.008987
v 0.047924 0.000268 0.017574
v 0.044167 0.000268 0.025631
v 0.039068 0.000268 0.032913
v 0.032782 0.000268 0.039199
v 0.025500 0.000268 0.044298
v 0.017443 0.000268 0.048055
v 0.008856 0.000268 0.050356
v 0.000000 0.000268 0.051131
v -0.008856 0.000268 0.050356
v -0.017443 0.000268 0.048055
v -0.025500 0.000268 0.044298
v -0.032782 0.000268 0.039199
v -0.039068 0.000268 0.032913
v -0.044167 0.000268 0.025631
v -0.047924 0.000268 0.017574
v -0.050225 0.000268 0.008987
v -0.051000 0.000268 0.000131
v -0.050225 0.000268 -0.008725
v -0.047924 0.000268 -0.017312
v -0.044167 0.000268 -0.025369
v -0.039068 0.000268 -0.032651
v -0.032782 0.000268 -0.038937
v -0.025500 0.000268 -0.044036
v -0.017443 0.000268 -0.047793
v -0.008856 0.000268 -0.050094
v 0.000000 0.000268 -0.050869
v 0.008856 0.000268 -0.050094
v 0.017443 0.000268 -0.047793
v 0.025500 0.000268 -0.044036
v 0.032782 0.000268 -0.038937
v 0.039068 0.000268 -0.032651
v 0.044167 0.000268 -0.025369
v 0.047924 0.000268 -0.017312
v 0.050225 0.000268 -0.008725
v 0.051000 0.000268 0.000131
v 0.049944 0.000468 0.008937
v 0.047656 0.000468 0.017476
v 0.043920 0.000468 0.025488
v 0.038850 0.000468 0.032729
v 0.032599 0.000468 0.038980
v 0.025357 0.000468 0.044051
v 0.017345 0.000468 0.047787
v 0.008806 0.000468 0.050075
v 0.000000 0.000468 0.050845
v -0.008806 0.000468 0.050075
v -0.017345 0.000468 0.047787
v -0.025357 0.000468 0.044051
v -0.032599 0.000468 0.038980
v -0.038850 0.000468 0.032729
v -0.043920 0.000468 0.025488
v -0.047656 0.000468 0.017476
v -0.049944 0.000468 0.008937
v -0.050714 0.000468 0.000131
v -0.049944 0.000468 -0.008676
v -0.047656 0.000468 -0.017215
v -0.043920 0.000468 -0.025226
v -0.038850 0.000468 -0.032468
v -0.032599 0.000468 -0.038719
v -0.025357 0.000468 -0.043789
v -0.017345 0.000468 -0.047525
v -0.008806 0.000468 -0.049813
v 0.000000 0.000468 -0.050584
v 0.008806 0.000468 -0.049813
v 0.017345 0.000468 -0.047525
v 0.025357 0.000468 -0.043789
v 0.032599 0.000468 -0.038719
v 0.038850 0.000468 -0.032468
v 0.043920 0.000468 -0.025226
v 0.047656 0.000468 -0.017215
v 0.049944 0.000468 -0.008676
v 0.050714 0.000468 0.000131
v 0.049701 0.000714 0.008895
v 0.047424 0.000714 0.017392
v 0.043706 0.000714 0.025365
v 0.038661 0.000714 0.032571
v 0.032440 0.000714 0.038791
v 0.025234 0.000714 0.043837
v 0.017261 0.000714 0.047555
v 0.008764 0.000714 0.049832
v 0.000000 0.000714 0.050599
v -0.008764 0.000714 0.049832
v -0.017261 0.000714 0.047555
v -0.025234 0.000714 0.043837
v -0.032440 0.000714 0.038791
v -0.038661 0.000714 0.032571
v -0.043706 0.000714 0.025365
v -0.047424 0.000714 0.017392
v -0.049701 0.000714 0.008895
v -0.050468 0.000714 0.000131
v -0.049701 0.000714 -0.008633
v -0.047424 0.000714 -0.017130
v -0.043706 0.000714 -0.025103
v -0.038661 0.000714 -0.032309
v -0.032440 0.000714 -0.038530
v -0.025234 0.000714 -0.043576
v -0.017261 0.000714 -0.047293
v -0.008764 0.000714 -0.049570
v 0.000000 0.000714 -0.050337
v 0.008764 0.000714 -0.049570
v 0.017261 0.000714 -0.047293
v 0.025234 0.000714 -0.043576
v 0.032440 0.000714 -0.038530
v 0.038661 0.000714 -0.032309
v 0.043706 0.000714 -0.025103
v 0.047424 0.000714 -0.017130
v 0.049701 0.000714 -0.008633
v 0.050468 0.000714 0.000131
v 0.049504 0.001000 0.008860
v 0.047236 0.001000 0.017323
v 0.043533 0.001000 0.025265
v 0.038507 0.001000 0.032442
v 0.032312 0.001000 0.038638
v 0.025134 0.001000 0.043664
v 0.017193 0.001000 0.047367
v 0.008729 0.001000 0.049635
v 0.000000 0.001000 0.050399
v -0.008729 0.001000 0.049635
v -0.017193 0.001000 0.047367
v -0.025134 0.001000 0.043664
v -0.032312 0.001000 0.038638
v -0.038507 0.001000 0.032442
v -0.043533 0.001000 0.025265
v -0.047236 0.001000 0.017323
v -0.049504 0.001000 0.008860
v -0.050268 0.001000 0.000131
v -0.049504 0.001000 -0.008598
v -0.047236 0.001000 -0.017062
v -0.043533 0.001000 -0.025003
v -0.038507 0.001000 -0.032181
v -0.032312 0.001000 -0.038377
v -0.025134 0.001000 -0.043402
v -0.017193 0.001000 -0.047106
v -0.008729 0.001000 -0.049373
v 0.000000 0.001000 -0.050137
v 0.008729 0.001000 -0.049373
v 0.017193 0.001000 -0.047106
v 0.025134 0.001000 -0.043402
v 0.032312 0.001000 -0.038377
v 0.038507 0.001000 -0.032181
v 0.043533 0.001000 -0.025003
v 0.047236 0.001000 -0.017062
v 0.049504 0.001000 -0.008598
v 0.050268 0.001000 0.000131
v 0.049359 0.001316 0.008834
v 0.047098 0.001316 0.017273
v 0.043406 0.001316 0.025191
v 0.038395 0.001316 0.032348
v 0.032217 0.001316 0.038525
v 0.025060 0.001316 0.043537
v 0.017142 0.001316 0.047229
v 0.008703 0.001316 0.049490
v 0.000000 0.001316 0.050251
v -0.008703 0.001316 0.049490
v -0.017142 0.001316 0.047229
v -0.025060 0.001316 0.043537
v -0.032217 0.001316 0.038525
v -0.038395 0.001316 0.032348
v -0.043406 0.001316 0.025191
v -0.047098 0.001316 0.017273
v -0.049359 0.001316 0.008834
v -0.050121 0.001316 0.000131
v -0.049359 0.001316 -0.008573
v -0.047098 0.001316 -0.017011
v -0.043406 0.001316 -0.024929
v -0.038395 0.001316 -0.032086
v -0.032217 0.001316 -0.038264
v -0.025060 0.001316 -0.043275
v -0.017142 0.001316 -0.046967
v -0.008703 0.001316 -0.049228
v 0.000000 0.001316 -0.049990
v 0.008703 0.001316 -0.049228
v 0.017142 0.001316 -0.046967
v 0.025060 0.001316 -0.043275
v 0.032217 0.001316 -0.038264
v 0.038395 0.001316 -0.032086
v 0.043406 0.001316 -0.024929
v 0.047098 0.001316 -0.017011
v 0.049359 0.001316 -0.008573
v 0.050121 0.001316 0.000131
v 0.049270 0.001653 0.008819
v 0.047013 0.001653 0.017242
v 0.043328 0.001653 0.025146
v 0.038326 0.001653 0.032290
v 0.032159 0.001653 0.038456
v 0.025015 0.001653 0.043458
v 0.017111 0.001653 0.047144
v 0.008688 0.001653 0.049401
v 0.000000 0.001653 0.050161
v -0.008688 0.001653 0.049401
v -0.017111 0.001653 0.047144
v -0.025015 0.001653 0.043458
v -0.032159 0.001653 0.038456
v -0.038326 0.001653 0.032290
v -0.043328 0.001653 0.025146
v -0.047013 0.001653 0.017242
v -0.049270 0.001653 0.008819
v -0.050030 0.001653 0.000131
v -0.049270 0.001653 -0.008557
v -0.047013 0.001653 -0.016981
v -0.043328 0.001653 -0.024884
v -0.038326 0.001653 -0.032028
v -0.032159 0.001653 -0.038195
v -0.025015 0.001653 -0.043197
v -0.017111 0.001653 -0.046882
v -0.008688 0.001653 -0.049139
v 0.000000 0.001653 -0.049900
v 0.008688 0.001653 -0.049139
v 0.017111 0.001653 -0.046882
v 0.025015 0.001653 -0.043197
v 0.032159 0.001653 -0.038195
v 0.038326 0.001653 -0.032028
v 0.043328 0.001653 -0.024884
v 0.047013 0.001653 -0.016981
v 0.049270 0.001653 -0.008557
v 0.050030 0.001653 0.000131
v 0.049270 0.003347 0.008819
v 0.047013 0.003347 0.017242
v 0.043328 0.003347 0.025146
v 0.038326 0.003347 0.032290
v 0.032159 0.003347 0.038456
v 0.025015 0.003347 0.043458
v 0.017111 0.003347 0.047144
v 0.008688 0.003347 0.049401
v 0.000000 0.003347 0.050161
v -0.008688 0.003347 0.049401
v -0.017111 0.003347 0.047144
v -0.025015 0.003347 0.043458
v -0.032159 0.003347 0.038456
v -0.038326 0.003347 0.032290
v -0.043328 0.003347 0.025146
v -0.047013 0.003347 0.017242
v -0.049270 0.003347 0.008819
v -0.050030 0.003347 0.000131
v -0.049270 0.003347 -0.008557
v -0.047013 0.003347 -0.016981
v -0.043328 0.003347 -0.024884
v -0.038326 0.003347 -0.032028
v -0.032159 0.003347 -0.038195
v -0.025015 0.003347 -0.043197
v -0.017111 0.003347 -0.046882
v -0.008688 0.003347 -0.049139
v 0.000000 0.003347 -0.049900
v 0.008688 0.003347 -0.049139
v 0.017111 0.003347 -0.046882
v 0.025015 0.003347 -0.043197
v 0.032159 0.003347 -0.038195
v 0.038326 0.003347 -0.032028
v 0.043328 0.003347 -0.024884
v 0.047013 0.003347 -0.016981
v 0.049270 0.003347 -0.008557
v 0.050030 0.003347 0.000131
v 0.049359 0.003684 0.008834
v 0.047098 0.003684 0.017273
v 0.043406 0.003684 0.025191
v 0.038395 0.003684 0.032348
v 0.032217 0.003684 0.038525
v 0.025060 0.003684 0.043537
v 0.017142 0.003684 0.047229
v 0.008703 0.003684 0.049490
v 0.000000 0.003684 0.050251
v -0.008703 0.003684 0.049490
v -0.017142 0.003684 0.047229
v -0.025060 0.003684 0.043537
v -0.032217 0.003684 0.038525
v -0.038395 0.003684 0.032348
v -0.043406 0.003684 0.025191
v -0.047098 0.003684 0.017273
v -0.049359 0.003684 0.008834
v -0.050121 0.003684 0.000131
v -0.049359 0.003684 -0.008573
v -0.047098 0.003684 -0.017011
v -0.043406 0.003684 -0.024929
v -0.038395 0.003684 -0.032086
v -0.032217 0.003684 -0.038264
v -0.025060 0.003684 -0.043275
v -0.017142 0.003684 -0.046967
v -0.008703 0.003684 -0.049228
v 0.000000 0.003684 -0.049990
v 0.008703 0.003684 -0.049228
v 0.017142 0.003684 -0.046967
v 0.025060 0.003684 -0.043275
v 0.032217 0.003684 -0.038264
v 0.038395 0.003684 -0.032086
v 0.043406 0.003684 -0.024929
v 0.047098 0.003684 -0.017011
v 0.049359 0.003684 -0.008573
v 0.050121 0.003684 0.000131
v 0.049504 0.004000 0.008860
v 0.047236 0.004000 0.017323
v 0.043533 0.004000 0.025265
v 0.038507 0.004000 0.032442
v 0.032312 0.004000 0.038638
v 0.025134 0.004000 0.043664
v 0.017193 0.004000 0.047367
v 0.008729 0.004000 0.049635
v 0.000000 0.004000 0.050399
v -0.008729 0.004000 0.049635
v -0.017193 0.004000 0.047367
v -0.025134 0.004000 0.043664
v -0.032312 0.004000 0.038638
v -0.038507 0.004000 0.032442
v -0.043533 0.004000 0.025265
v -0.047236 0.004000 0.017323
v -0.049504 0.004000 0.008860
v -0.050268 0.004000 0.000131
v -0.049504 0.004000 -0.008598
v -0.047236 0.004000 -0.017062
v -0.043533 0.004000 -0.025003
v -0.038507 0.004000 -0.032181
v -0.032312 0.004000 -0.038377
v -0.025134 0.004000 -0.043402
v -0.017193 0.004000 -0.047106
v -0.008729 0.004000 -0.049373
v 0.000000 0.004000 -0.050137
v 0.008729 0.004000 -0.049373
v 0.017193 0.004000 -0.047106
v 0.025134 0.004000 -0.043402
v 0.032312 0.004000 -0.038377
v 0.038507 0.004000 -0.032181
v 0.043533 0.004000 -0.025003
v 0.047236 0.004000 -0.017062
v 0.049504 0.004000 -0.008598
v 0.050268 0.004000 0.000131
v 0.049701 0.004286 0.008895
v 0.047424 0.004286 0.017392
v 0.043706 0.004286 0.025365
v 0.038661 0.004286 0.032571
v 0.032440 0.004286 0.038791
v 0.025234 0.004286 0.043837
v 0.017261 0.004286 0.047555
v 0.008764 0.004286 0.049832
v 0.000000 0.004286 0.050599
v -0.008764 0.004286 0.049832
v -0.017261 0.004286 0.047555
v -0.025234 0.004286 0.043837
v -0.032440 0.004286 0.038791
v -0.038661 0.004286 0.032571
v -0.043706 0.004286 0.025365
v -0.047424 0.004286 0.017392
v -0.049701 0.004286 0.008895
v -0.050468 0.004286 0.000131
v -0.049701 0.004286 -0.008633
v -0.047424 0.004286 -0.017130
v -0.043706 0.004286 -0.025103
v -0.038661 0.004286 -0.032309
v -0.032440 0.004286 -0.038530
v -0.025234 0.004286 -0.043576
v -0.017261 0.004286 -0.047293
v -0.008764 0.004286 -0.049570
v 0.000000 0.004286 -0.050337
v 0.008764 0.004286 -0.049570
v 0.017261 0.004286 -0.047293
v 0.025234 0.004286 -0.043576
v 0.032440 0.004286 -0.038530
v 0.038661 0.004286 -0.032309
v 0.043706 0.004286 -0.025103
v 0.047424 0.004286 -0.017130
v 0.049701 0.004286 -0.008633
v 0.050468 0.004286 0.000131
v 0.049944 0.004532 0.008937
v 0.047656 0.004532 0.017476
v 0.043920 0.004532 0.025488
v 0.038850 0.004532 0.032729
v 0.032599 0.004532 0.038980
v 0.025357 0.004532 0.044051
v 0.017345 0.004532 0.047787
v 0.008806 0.004532 0.050075
v 0.000000 0.004532 0.050845
v -0.008806 0.004532 0.050075
v -0.017345 0.004532 0.047787
v -0.025357 0.004532 0.044051
v -0.032599 0.004532 0.038980
v -0.038850 0.004532 0.032729
v -0.043920 0.004532 0.025488
v -0.047656 0.004532 0.017476
v -0.049944 0.004532 0.008937
v -0.050714 0.004532 0.000131
v -0.049944 0.004532 -0.008676
v -0.047656 0.004532 -0.017215
v -0.043920 0.004532 -0.025226
v -0.038850 0.004532 -0.032468
v -0.032599 0.004532 -0.038719
v -0.025357 0.004532 -0.043789
v -0.017345 0.004532 -0.047525
v -0.008806 0.004532 -0.049813
v 0.000000 0.004532 -0.050584
v 0.008806 0.004532 -0.049813
v 0.017345 0.004532 -0.047525
v 0.025357 0.004532 -0.043789
v 0.032599 0.004532 -0.038719
v 0.038850 0.004532 -0.032468
v 0.043920 0.004532 -0.025226
v 0.047656 0.004532 -0.017215
v 0.049944 0.004532 -0.008676
v 0.050714 0.004532 0.000131
v 0.050225 0.004732 0.008987
v 0.047924 0.004732 0.017574
v 0.044167 0.004732 0.025631
v 0.039068 0.004732 0.032913
v 0.032782 0.004732 0.039199
v 0.025500 0.004732 0.044298
v 0.017443 0.004732 0.048055
v 0.008856 0.004732 0.050356
v 0.000000 0.004732 0.051131
v -0.008856 0.004732 0.050356
v -0.017443 0.004732 0.048055
v -0.025500 0.004732 0.044298
v -0.032782 0.004732 0.039199
v -0.039068 0.004732 0.032913
v -0.044167 0.004732 0.025631
v -0.047924 0.004732 0.017574
v -0.050225 0.004732 0.008987
v -0.051000 0.004732 0.000131
v -0.050225 0.004732 -0.008725
v -0.047924 0.004732 -0.017312
v -0.044167 0.004732 -0.025369
v -0.039068 0.004732 -0.032651
v -0.032782 0.004732 -0.038937
v -0.025500 0.004732 -0.044036
v -0.017443 0.004732 -0.047793
v -0.008856 0.004732 -0.050094
v 0.000000 0.004732 -0.050869
v 0.008856 0.004732 -0.050094
v 0.017443 0.004732 -0.047793
v 0.025500 0.004732 -0.044036
v 0.032782 0.004732 -0.038937
v 0.039068 0.004732 -0.032651
v 0.044167 0.004732 -0.025369
v 0.047924 0.004732 -0.017312
v 0.050225 0.004732 -0.008725
v 0.051000 0.004732 0.000131
v 0.050536 0.004879 0.009042
v 0.048221 0.004879 0.017682
v 0.044441 0.004879 0.025789
v 0.039310 0.004879 0.033116
v 0.032985 0.004879 0.039441
v 0.025658 0.004879 0.044572
v 0.017551 0.004879 0.048352
v 0.008911 0.004879 0.050667
v 0.000000 0.004879 0.051447
v -0.008911 0.004879 0.050667
v -0.017551 0.004879 0.048352
v -0.025658 0.004879 0.044572
v -0.032985 0.004879 0.039441
v -0.039310 0.004879 0.033116
v -0.044441 0.004879 0.025789
v -0.048221 0.004879 0.017682
v -0.050536 0.004879 0.009042
v -0.051316 0.004879 0.000131
v -0.050536 0.004879 -0.008780
v -0.048221 0.004879 -0.017420
v -0.044441 0.004879 -0.025527
v -0.039310 0.004879 -0.032854
v -0.032985 0.004879 -0.039179
v -0.025658 0.004879 -0.044310
v -0.017551 0.004879 -0.048090
v -0.008911 0.004879 -0.050406
v 0.000000 0.004879 -0.051185
v 0.008911 0.004879 -0.050406
v 0.017551 0.004879 -0.048090
v 0.025658 0.004879 -0.044310
v 0.032985 0.004879 -0.039179
v 0.039310 0.004879 -0.032854
v 0.044441 0.004879 -0.025527
v 0.048221 0.004879 -0.017420
v 0.050536 0.004879 -0.008780
v 0.051316 0.004879 0.000131
v 0.050868 0.004970 0.009100
v 0.048538 0.004970 0.017797
v 0.044733 0.004970 0.025957
v 0.039568 0.004970 0.033333
v 0.033202 0.004970 0.039699
v 0.025826 0.004970 0.044863
v 0.017666 0.004970 0.048668
v 0.008969 0.004970 0.050999
v 0.000000 0.004970 0.051784
v -0.008969 0.004970 0.050999
v -0.017666 0.004970 0.048668
v -0.025826 0.004970 0.044863
v -0.033202 0.004970 0.039699
v -0.039568 0.004970 0.033333
v -0.044733 0.004970 0.025957
v -0.048538 0.004970 0.017797
v -0.050868 0.004970 0.009100
v -0.051653 0.004970 0.000131
v -0.050868 0.004970 -0.008839
v -0.048538 0.004970 -0.017535
v -0.044733 0.004970 -0.025696
v -0.039568 0.004970 -0.033071
v -0.033202 0.004970 -0.039437
v -0.025826 0.004970 -0.044602
v -0.017666 0.004970 -0.048407
v -0.008969 0.004970 -0.050737
v 0.000000 0.004970 -0.051522
v 0.008969 0.004970 -0.050737
v 0.017666 0.004970 -0.048407
v 0.025826 0.004970 -0.044602
v 0.033202 0.004970 -0.039437
v 0.039568 0.004970 -0.033071
v 0.044733 0.004970 -0.025696
v 0.048538 0.004970 -0.017535
v 0.050868 0.004970 -0.008839
v 0.051653 0.004970 0.000131
v 0.191836 0.593347 0.095987
v 0.194185 0.593347 0.113323
v 0.187943 0.593347 0.078931
v 0.182537 0.593347 0.062293
v 0.175662 0.593347 0.046206
v 0.167371 0.593347 0.030800
v 0.157734 0.593347 0.016200
v 0.146826 0.593347 0.002522
v 0.134736 0.593347 -0.010123
v 0.121562 0.593347 -0.021633
v 0.107408 0.593347 -0.031916
v 0.092390 0.593347 -0.040889
v 0.076628 0.593347 -0.048480
v 0.060249 0.593347 -0.054627
v 0.043385 0.593347 -0.059281
v 0.026171 0.593347 -0.062405
v 0.008747 0.593347 -0.063973
v -0.008747 0.593347 -0.063973
v -0.026171 0.593347 -0.062405
v -0.043385 0.593347 -0.059281
v -0.060249 0.593347 -0.054627
v -0.076628 0.593347 -0.048480
v -0.092390 0.593347 -0.040889
v -0.107408 0.593347 -0.031916
v -0.121562 0.593347 -0.021633
v -0.134736 0.593347 -0.010123
v -0.146826 0.593347 0.002522
v -0.157734 0.593347 0.016200
v -0.167371 0.593347 0.030800
v -0.175662 0.593347 0.046206
v -0.182537 0.593347 0.062293
v -0.187943 0.593347 0.078931
v -0.191836 0.593347 0.095987
v -0.194185 0.593347 0.113323
v -0.194970 0.593347 0.130800
v -0.194185 0.593347 0.148277
v -0.191836 0.593347 0.165613
v -0.187943 0.593347 0.182669
v -0.182537 0.593347 0.199307
v -0.175662 0.593347 0.215394
v -0.167371 0.593347 0.230800
v -0.157734 0.593347 0.245400
v -0.146826 0.593347 0.259078
v -0.134736 0.593347 0.271723
v -0.121562 0.593347 0.283233
v -0.107408 0.593347 0.293516
v -0.092390 0.593347 0.302489
v -0.076628 0.593347 0.310080
v -0.060249 0.593347 0.316227
v -0.043385 0.593347 0.320881
v -0.026171 0.593347 0.324005
v -0.008747 0.593347 0.325573
v 0.008747 0.593347 0.325573
v 0.026171 0.593347 0.324005
v 0.043385 0.593347 0.320881
v 0.060249 0.593347 0.316227
v 0.076628 0.593347 0.310080
v 0.092390 0.593347 0.302489
v 0.107408 0.593347 0.293516
v 0.121562 0.593347 0.283233
v 0.134736 0.593347 0.271723
v 0.146826 0.593347 0.259078
v 0.157734 0.593347 0.245400
v 0.167371 0.593347 0.230800
v 0.175662 0.593347 0.215394
v 0.182537 0.593347 0.199307
v 0.187943 0.593347 0.182669
v 0.191836 0.593347 0.165613
v 0.194185 0.593347 0.148277
v 0.194970 0.593347 0.130800
v 0.194095 0.593684 0.148269
v 0.191748 0.593684 0.165597
v 0.187856 0.593684 0.182645
v 0.182453 0.593684 0.199276
v 0.175580 0.593684 0.215355
v 0.167294 0.593684 0.230753
v 0.157661 0.593684 0.245347
v 0.146758 0.593684 0.259019
v 0.134674 0.593684 0.271658
v 0.121505 0.593684 0.283163
v 0.107358 0.593684 0.293441
v 0.092347 0.593684 0.302410
v 0.076592 0.593684 0.309997
v 0.060221 0.593684 0.316141
v 0.043365 0.593684 0.320793
v 0.026159 0.593684 0.323916
v 0.008743 0.593684 0.325483
v -0.008743 0.593684 0.325483
v -0.026159 0.593684 0.323916
v -0.043365 0.593684 0.320793
v -0.060221 0.593684 0.316141
v -0.076592 0.593684 0.309997
v -0.092347 0.593684 0.302410
v -0.107358 0.593684 0.293441
v -0.121505 0.593684 0.283163
v -0.134674 0.593684 0.271658
v -0.146758 0.593684 0.259019
v -0.157661 0.593684 0.245347
v -0.167294 0.593684 0.230753
v -0.175580 0.593684 0.215355
v -0.182453 0.593684 0.199276
v -0.187856 0.593684 0.182645
v -0.191748 0.593684 0.165597
v -0.194095 0.593684 0.148269
v -0.194879 0.593684 0.130800
v -0.194095 0.593684 0.113331
v -0.191748 0.593684 0.096003
v -0.187856 0.593684 0.078955
v -0.182453 0.593684 0.062324
v -0.175580 0.593684 0.046245
v -0.167294 0.593684 0.030847
v -0.157661 0.593684 0.016253
v -0.146758 0.593684 0.002581
v -0.134674 0.593684 -0.010058
v -0.121505 0.593684 -0.021563
v -0.107358 0.593684 -0.031841
v -0.092347 0.593684 -0.040810
v -0.076592 0.593684 -0.048397
v -0.060221 0.593684 -0.054541
v -0.043365 0.593684 -0.059193
v -0.026159 0.593684 -0.062316
v -0.008743 0.593684 -0.063883
v 0.008743 0.593684 -0.063883
v 0.026159 0.593684 -0.062316
v 0.043365 0.593684 -0.059193
v 0.060221 0.593684 -0.054541
v 0.076592 0.593684 -0.048397
v 0.092347 0.593684 -0.040810
v 0.107358 0.593684 -0.031841
v 0.121505 0.593684 -0.021563
v 0.134674 0.593684 -0.010058
v 0.146758 0.593684 0.002581
v 0.157661 0.593684 0.016253
v 0.167294 0.593684 0.030847
v 0.175580 0.593684 0.046245
v 0.182453 0.593684 0.062324
v 0.187856 0.593684 0.078955
v 0.191748 0.593684 0.096003
v 0.194095 0.593684 0.113331
v 0.194879 0.593684 0.130800
v 0.193948 0.594000 0.148256
v 0.191603 0.594000 0.165571
v 0.187714 0.594000 0.182606
v 0.182315 0.594000 0.199224
v 0.175448 0.594000 0.215291
v 0.167168 0.594000 0.230678
v 0.157542 0.594000 0.245261
v 0.146647 0.594000 0.258922
v 0.134572 0.594000 0.271551
v 0.121413 0.594000 0.283048
v 0.107277 0.594000 0.293318
v 0.092277 0.594000 0.302280
v 0.076535 0.594000 0.309862
v 0.060176 0.594000 0.316001
v 0.043332 0.594000 0.320650
v 0.026140 0.594000 0.323770
v 0.008737 0.594000 0.325336
v -0.008737 0.594000 0.325336
v -0.026140 0.594000 0.323770
v -0.043332 0.594000 0.320650
v -0.060176 0.594000 0.316001
v -0.076535 0.594000 0.309862
v -0.092277 0.594000 0.302280
v -0.107277 0.594000 0.293318
v -0.121413 0.594000 0.283048
v -0.134572 0.594000 0.271551
v -0.146647 0.594000 0.258922
v -0.157542 0.594000 0.245261
v -0.167168 0.594000 0.230678
v -0.175448 0.594000 0.215291
v -0.182315 0.594000 0.199224
v -0.187714 0.594000 0.182606
v -0.191603 0.594000 0.165571
v -0.193948 0.594000 0.148256
v -0.194732 0.594000 0.130800
v -0.193948 0.594000 0.113344
v -0.191603 0.594000 0.096029
v -0.187714 0.594000 0.078994
v -0.182315 0.594000 0.062376
v -0.175448 0.594000 0.046309
v -0.167168 0.594000 0.030922
v -0.157542 0.594000 0.016339
v -0.146647 0.594000 0.002678
v -0.134572 0.594000 -0.009951
v -0.121413 0.594000 -0.021448
v -0.107277 0.594000 -0.031718
v -0.092277 0.594000 -0.040680
v -0.076535 0.594000 -0.048262
v -0.060176 0.594000 -0.054401
v -0.043332 0.594000 -0.059050
v -0.026140 0.594000 -0.062170
v -0.008737 0.594000 -0.063736
v 0.008737 0.594000 -0.063736
v 0.026140 0.594000 -0.062170
v 0.043332 0.594000 -0.059050
v 0.060176 0.594000 -0.054401
v 0.076535 0.594000 -0.048262
v 0.092277 0.594000 -0.040680
v 0.107277 0.594000 -0.031718
v 0.121413 0.594000 -0.021448
v 0.134572 0.594000 -0.009951
v 0.146647 0.594000 0.002678
v 0.157542 0.594000 0.016339
v 0.167168 0.594000 0.030922
v 0.175448 0.594000 0.046309
v 0.182315 0.594000 0.062376
v 0.187714 0.594000 0.078994
v 0.191603 0.594000 0.096029
v 0.193948 0.594000 0.113344
v 0.194732 0.594000 0.130800
v 0.193749 0.594286 0.148238
v 0.191406 0.594286 0.165535
v 0.187522 0.594286 0.182553
v 0.182128 0.594286 0.199154
v 0.175267 0.594286 0.215204
v 0.166996 0.594286 0.230575
v 0.157380 0.594286 0.245143
v 0.146497 0.594286 0.258790
v 0.134434 0.594286 0.271407
v 0.121289 0.594286 0.282891
v 0.107167 0.594286 0.293151
v 0.092183 0.594286 0.302104
v 0.076456 0.594286 0.309678
v 0.060114 0.594286 0.315811
v 0.043287 0.594286 0.320455
v 0.026113 0.594286 0.323572
v 0.008728 0.594286 0.325136
v -0.008728 0.594286 0.325136
v -0.026113 0.594286 0.323572
v -0.043287 0.594286 0.320455
v -0.060114 0.594286 0.315811
v -0.076456 0.594286 0.309678
v -0.092183 0.594286 0.302104
v -0.107167 0.594286 0.293151
v -0.121289 0.594286 0.282891
v -0.134434 0.594286 0.271407
v -0.146497 0.594286 0.258790
v -0.157380 0.594286 0.245143
v -0.166996 0.594286 0.230575
v -0.175267 0.594286 0.215204
v -0.182128 0.594286 0.199154
v -0.187522 0.594286 0.182553
v -0.191406 0.594286 0.165535
v -0.193749 0.594286 0.148238
v -0.194532 0.594286 0.130800
v -0.193749 0.594286 0.113362
v -0.191406 0.594286 0.096065
v -0.187522 0.594286 0.079047
v -0.182128 0.594286 0.062446
v -0.175267 0.594286 0.046396
v -0.166996 0.594286 0.031025
v -0.157380 0.594286 0.016457
v -0.146497 0.594286 0.002810
v -0.134434 0.594286 -0.009807
v -0.121289 0.594286 -0.021291
v -0.107167 0.594286 -0.031551
v -0.092183 0.594286 -0.040504
v -0.076456 0.594286 -0.048078
v -0.060114 0.594286 -0.054211
v -0.043287 0.594286 -0.058855
v -0.026113 0.594286 -0.061972
v -0.008728 0.594286 -0.063536
v 0.008728 0.594286 -0.063536
v 0.026113 0.594286 -0.061972
v 0.043287 0.594286 -0.058855
v 0.060114 0.594286 -0.054211
v 0.076456 0.594286 -0.048078
v 0.092183 0.594286 -0.040504
v 0.107167 0.594286 -0.031551
v 0.121289 0.594286 -0.021291
v 0.134434 0.594286 -0.009807
v 0.146497 0.594286 0.002810
v 0.157380 0.594286 0.016457
v 0.166996 0.594286 0.031025
v 0.175267 0.594286 0.046396
v 0.182128 0.594286 0.062446
v 0.187522 0.594286 0.079047
v 0.191406 0.594286 0.096065
v 0.193749 0.594286 0.113362
v 0.194532 0.594286 0.130800
v 0.193503 0.594532 0.148216
v 0.191163 0.594532 0.165491
v 0.187284 0.594532 0.182487
v 0.181897 0.594532 0.199067
v 0.175045 0.594532 0.215097
v 0.166784 0.594532 0.230449
v 0.157180 0.594532 0.244998
v 0.146311 0.594532 0.258628
v 0.134263 0.594532 0.271229
v 0.121135 0.594532 0.282699
v 0.107031 0.594532 0.292946
v 0.092066 0.594532 0.301887
v 0.076359 0.594532 0.309451
v 0.060038 0.594532 0.315577
v 0.043233 0.594532 0.320214
v 0.026080 0.594532 0.323327
v 0.008717 0.594532 0.324890
v -0.008717 0.594532 0.324890
v -0.026080 0.594532 0.323327
v -0.043233 0.594532 0.320214
v -0.060038 0.594532 0.315577
v -0.076359 0.594532 0.309451
v -0.092066 0.594532 0.301887
v -0.107031 0.594532 0.292946
v -0.121135 0.594532 0.282699
v -0.134264 0.594532 0.271229
v -0.146311 0.594532 0.258628
v -0.157180 0.594532 0.244998
v -0.166784 0.594532 0.230449
v -0.175045 0.594532 0.215097
v -0.181897 0.594532 0.199067
v -0.187284 0.594532 0.182487
v -0.191163 0.594532 0.165491
v -0.193503 0.594532 0.148216
v -0.194286 0.594532 0.130800
v -0.193503 0.594532 0.113384
v -0.191163 0.594532 0.096109
v -0.187284 0.594532 0.079113
v -0.181897 0.594532 0.062533
v -0.175045 0.594532 0.046503
v -0.166784 0.594532 0.031151
v -0.157180 0.594532 0.016602
v -0.146311 0.594532 0.002972
v -0.134264 0.594532 -0.009629
v -0.121135 0.594532 -0.021099
v -0.107031 0.594532 -0.031346
v -0.092066 0.594532 -0.040287
v -0.076359 0.594532 -0.047851
v -0.060038 0.594532 -0.053977
v -0.043233 0.594532 -0.058614
v -0.026080 0.594532 -0.061727
v -0.008717 0.594532 -0.063290
v 0.008717 0.594532 -0.063290
v 0.026080 0.594532 -0.061727
v 0.043233 0.594532 -0.058614
v 0.060038 0.594532 -0.053977
v 0.076359 0.594532 -0.047851
v 0.092066 0.594532 -0.040287
v 0.107031 0.594532 -0.031346
v 0.121135 0.594532 -0.021099
v 0.134263 0.594532 -0.009629
v 0.146311 0.594532 0.002972
v 0.157180 0.594532 0.016602
v 0.166784 0.594532 0.031151
v 0.175045 0.594532 0.046503
v 0.181897 0.594532 0.062533
v 0.187284 0.594532 0.079113
v 0.191163 0.594532 0.096109
v 0.193503 0.594532 0.113384
v 0.194286 0.594532 0.130800
v 0.193219 0.594732 0.148190
v 0.190882 0.594732 0.165440
v 0.187009 0.594732 0.182411
v 0.181630 0.594732 0.198967
v 0.174788 0.594732 0.214973
v 0.166539 0.594732 0.230302
v 0.156949 0.594732 0.244830
v 0.146096 0.594732 0.258440
v 0.134066 0.594732 0.271022
v 0.120957 0.594732 0.282475
v 0.106874 0.594732 0.292707
v 0.091931 0.594732 0.301636
v 0.076247 0.594732 0.309188
v 0.059949 0.594732 0.315305
v 0.043169 0.594732 0.319936
v 0.026041 0.594732 0.323044
v 0.008704 0.594732 0.324605
v -0.008704 0.594732 0.324605
v -0.026041 0.594732 0.323044
v -0.043169 0.594732 0.319936
v -0.059949 0.594732 0.315305
v -0.076247 0.594732 0.309188
v -0.091931 0.594732 0.301636
v -0.106874 0.594732 0.292707
v -0.120957 0.594732 0.282475
v -0.134066 0.594732 0.271022
v -0.146096 0.594732 0.258440
v -0.156949 0.594732 0.244830
v -0.166539 0.594732 0.230302
v -0.174788 0.594732 0.214973
v -0.181630 0.594732 0.198967
v -0.187009 0.594732 0.182411
v -0.190882 0.594732 0.165440
v -0.193219 0.594732 0.148190
v -0.194000 0.594732 0.130800
v -0.193219 0.594732 0.113410
v -0.190882 0.594732 0.096160
v -0.187009 0.594732 0.079189
v -0.181630 0.594732 0.062633
v -0.174788 0.594732 0.046627
v -0.166539 0.594732 0.031298
v -0.156949 0.594732 0.016770
v -0.146096 0.594732 0.003160
v -0.134066 0.594732 -0.009422
v -0.120957 0.594732 -0.020875
v -0.106874 0.594732 -0.031107
v -0.091931 0.594732 -0.040036
v -0.076247 0.594732 -0.047588
v -0.059949 0.594732 -0.053705
v -0.043169 0.594732 -0.058336
v -0.026041 0.594732 -0.061444
v -0.008704 0.594732 -0.063005
v 0.008704 0.594732 -0.063005
v 0.026041 0.594732 -0.061444
v 0.043169 0.594732 -0.058336
v 0.059949 0.594732 -0.053705
v 0.076247 0.594732 -0.047588
v 0.091931 0.594732 -0.040036
v 0.106874 0.594732 -0.031107
v 0.120957 0.594732 -0.020875
v 0.134066 0.594732 -0.009422
v 0.146096 0.594732 0.003160
v 0.156949 0.594732 0.016770
v 0.166539 0.594732 0.031298
v 0.174788 0.594732 0.046627
v 0.181630 0.594732 0.062633
v 0.187009 0.594732 0.079189
v 0.190882 0.594732 0.096160
v 0.193219 0.594732 0.113410
v 0.194000 0.594732 0.130800
v 0.192904 0.594879 0.148162
v 0.190571 0.594879 0.165384
v 0.186704 0.594879 0.182327
v 0.181334 0.594879 0.198856
v 0.174503 0.594879 0.214836
v 0.166268 0.594879 0.230140
v 0.156694 0.594879 0.244645
v 0.145858 0.594879 0.258232
v 0.133848 0.594879 0.270794
v 0.120760 0.594879 0.282228
v 0.106700 0.594879 0.292444
v 0.091781 0.594879 0.301357
v 0.076123 0.594879 0.308898
v 0.059852 0.594879 0.315004
v 0.043099 0.594879 0.319628
v 0.025999 0.594879 0.322731
v 0.008690 0.594879 0.324289
v -0.008690 0.594879 0.324289
v -0.025999 0.594879 0.322731
v -0.043099 0.594879 0.319628
v -0.059852 0.594879 0.315004
v -0.076123 0.594879 0.308898
v -0.091781 0.594879 0.301357
v -0.106700 0.594879 0.292444
v -0.120760 0.594879 0.282228
v -0.133848 0.594879 0.270794
v -0.145858 0.594879 0.258232
v -0.156694 0.594879 0.244645
v -0.166268 0.594879 0.230140
v -0.174503 0.594879 0.214836
v -0.181334 0.594879 0.198856
v -0.186704 0.594879 0.182327
v -0.190571 0.594879 0.165384
v -0.192904 0.594879 0.148162
v -0.193684 0.594879 0.130800
v -0.192904 0.594879 0.113438
v -0.190571 0.594879 0.096216
v -0.186704 0.594879 0.079273
v -0.181334 0.594879 0.062744
v -0.174503 0.594879 0.046764
v -0.166268 0.594879 0.031460
v -0.156694 0.594879 0.016955
v -0.145858 0.594879 0.003368
v -0.133848 0.594879 -0.009194
v -0.120760 0.594879 -0.020628
v -0.106700 0.594879 -0.030844
v -0.091781 0.594879 -0.039757
v -0.076123 0.594879 -0.047298
v -0.059852 0.594879 -0.053404
v -0.043099 0.594879 -0.058028
v -0.025999 0.594879 -0.061131
v -0.008690 0.594879 -0.062689
v 0.008690 0.594879 -0.062689
v 0.025999 0.594879 -0.061131
v 0.043099 0.594879 -0.058028
v 0.059852 0.594879 -0.053404
v 0.076123 0.594879 -0.047298
v 0.091781 0.594879 -0.039757
v 0.106700 0.594879 -0.030844
v 0.120760 0.594879 -0.020628
v 0.133848 0.594879 -0.009194
v 0.145858 0.594879 0.003368
v 0.156694 0.594879 0.016955
v 0.166268 0.594879 0.031460
v 0.174503 0.594879 0.046764
v 0.181334 0.594879 0.062744
v 0.186704 0.594879 0.079273
v 0.190571 0.594879 0.096216
v 0.192904 0.594879 0.113438
v 0.193684 0.594879 0.130800
v 0.192569 0.594970 0.148132
v 0.190240 0.594970 0.165323
v 0.186380 0.594970 0.182237
v 0.181018 0.594970 0.198737
v 0.174200 0.594970 0.214690
v 0.165979 0.594970 0.229968
v 0.156421 0.594970 0.244447
v 0.145604 0.594970 0.258011
v 0.133615 0.594970 0.270550
v 0.120550 0.594970 0.281965
v 0.106514 0.594970 0.292162
v 0.091621 0.594970 0.301061
v 0.075990 0.594970 0.308588
v 0.059748 0.594970 0.314684
v 0.043024 0.594970 0.319300
v 0.025954 0.594970 0.322397
v 0.008674 0.594970 0.323953
v -0.008675 0.594970 0.323953
v -0.025954 0.594970 0.322397
v -0.043024 0.594970 0.319300
v -0.059748 0.594970 0.314684
v -0.075990 0.594970 0.308588
v -0.091621 0.594970 0.301061
v -0.106514 0.594970 0.292162
v -0.120550 0.594970 0.281965
v -0.133615 0.594970 0.270550
v -0.145604 0.594970 0.258011
v -0.156421 0.594970 0.244447
v -0.165979 0.594970 0.229968
v -0.174200 0.594970 0.214690
v -0.181018 0.594970 0.198737
v -0.186380 0.594970 0.182237
v -0.190240 0.594970 0.165323
v -0.192569 0.594970 0.148132
v -0.193347 0.594970 0.130800
v -0.192569 0.594970 0.113468
v -0.190240 0.594970 0.096276
v -0.186380 0.594970 0.079362
v -0.181018 0.594970 0.062863
v -0.174200 0.594970 0.046910
v -0.165979 0.594970 0.031632
v -0.156421 0.594970 0.017153
v -0.145604 0.594970 0.003589
v -0.133615 0.594970 -0.008950
v -0.120550 0.594970 -0.020365
v -0.106514 0.594970 -0.030562
v -0.091621 0.594970 -0.039461
v -0.075990 0.594970 -0.046988
v -0.059748 0.594970 -0.053084
v -0.043024 0.594970 -0.057700
v -0.025954 0.594970 -0.060797
v -0.008675 0.594970 -0.062353
v 0.008674 0.594970 -0.062353
v 0.025954 0.594970 -0.060797
v 0.043024 0.594970 -0.057700
v 0.059748 0.594970 -0.053084
v 0.075990 0.594970 -0.046988
v 0.091621 0.594970 -0.039461
v 0.106514 0.594970 -0.030562
v 0.120550 0.594970 -0.020365
v 0.133615 0.594970 -0.008950
v 0.145604 0.594970 0.003589
v 0.156421 0.594970 0.017153
v 0.165979 0.594970 0.031632
v 0.174200 0.594970 0.046910
v 0.181018 0.594970 0.062863
v 0.186380 0.594970 0.079362
v 0.190240 0.594970 0.096276
v 0.192569 0.594970 0.113468
v 0.193347 0.594970 0.130800
v 0.133615 0.005030 0.270550
v 0.145604 0.005030 0.258011
v 0.145858 0.005121 0.258232
v 0.192569 0.005030 0.148132
v 0.156949 0.005268 0.244830
v 0.156694 0.005121 0.244645
v 0.156421 0.005030 0.244447
v 0.166784 0.005468 0.230449
v 0.166539 0.005268 0.230302
v 0.166268 0.005121 0.230140
v 0.165979 0.005030 0.229968
v 0.193503 0.005468 0.113384
v 0.194286 0.005468 0.130800
v 0.194000 0.005268 0.130800
v 0.175267 0.005714 0.215204
v 0.175045 0.005468 0.215097
v 0.174788 0.005268 0.214973
v 0.174503 0.005121 0.214836
v 0.174200 0.005030 0.214690
v 0.182315 0.006000 0.199224
v 0.182128 0.005714 0.199154
v 0.181897 0.005468 0.199067
v 0.181630 0.005268 0.198967
v 0.181334 0.005121 0.198856
v 0.181018 0.005030 0.198737
v 0.187856 0.006316 0.182645
v 0.187714 0.006000 0.182606
v 0.187522 0.005714 0.182553
v 0.187284 0.005468 0.182487
v 0.187009 0.005268 0.182411
v 0.186704 0.005121 0.182327
v 0.186380 0.005030 0.182237
v 0.191836 0.006653 0.165613
v 0.191748 0.006316 0.165597
v 0.191603 0.006000 0.165571
v 0.191406 0.005714 0.165535
v 0.191163 0.005468 0.165491
v 0.190882 0.005268 0.165440
v 0.190571 0.005121 0.165384
v 0.190240 0.005030 0.165323
v 0.187943 0.006653 0.078931
v 0.191836 0.006653 0.095987
v 0.191748 0.006316 0.096003
v 0.182537 0.006653 0.062293
v 0.187856 0.006316 0.078955
v 0.191603 0.006000 0.096029
v 0.167371 0.006653 0.030800
v 0.175662 0.006653 0.046206
v 0.175580 0.006316 0.046245
v 0.182453 0.006316 0.062324
v 0.182315 0.006000 0.062376
v 0.187714 0.006000 0.078994
v 0.187522 0.005714 0.079047
v 0.191406 0.005714 0.096065
v 0.191163 0.005468 0.096109
v 0.193219 0.005268 0.113410
v 0.193684 0.005121 0.130800
v 0.193347 0.005030 0.130800
v 0.192569 0.005030 0.113468
v 0.192904 0.005121 0.113438
v 0.190571 0.005121 0.096216
v 0.190882 0.005268 0.096160
v 0.187009 0.005268 0.079189
v 0.187284 0.005468 0.079113
v 0.181897 0.005468 0.062533
v 0.182128 0.005714 0.062446
v 0.175267 0.005714 0.046396
v 0.175448 0.006000 0.046309
v 0.167168 0.006000 0.030922
v 0.167294 0.006316 0.030847
v 0.157661 0.006316 0.016253
v 0.157734 0.006653 0.016200
v 0.146826 0.006653 0.002522
v 0.190240 0.005030 0.096276
v 0.186380 0.005030 0.079362
v 0.186704 0.005121 0.079273
v 0.181334 0.005121 0.062744
v 0.181630 0.005268 0.062633
v 0.174788 0.005268 0.046627
v 0.175045 0.005468 0.046503
v 0.166784 0.005468 0.031151
v 0.166996 0.005714 0.031025
v 0.157380 0.005714 0.016457
v 0.157542 0.006000 0.016339
v 0.146647 0.006000 0.002678
v 0.146758 0.006316 0.002581
v 0.134674 0.006316 -0.010058
v 0.134736 0.006653 -0.010123
v 0.121562 0.006653 -0.021633
v 0.181018 0.005030 0.062863
v 0.174503 0.005121 0.046764
v 0.166539 0.005268 0.031298
v 0.157180 0.005468 0.016602
v 0.146497 0.005714 0.002810
v 0.134572 0.006000 -0.009951
v 0.121505 0.006316 -0.021563
v 0.107408 0.006653 -0.031916
v 0.174200 0.005030 0.046910
v 0.165979 0.005030 0.031632
v 0.166268 0.005121 0.031460
v 0.156694 0.005121 0.016955
v 0.156949 0.005268 0.016770
v 0.146096 0.005268 0.003160
v 0.146311 0.005468 0.002972
v 0.134263 0.005468 -0.009629
v 0.134434 0.005714 -0.009807
v 0.121289 0.005714 -0.021291
v 0.121413 0.006000 -0.021448
v 0.107277 0.006000 -0.031718
v 0.107358 0.006316 -0.031841
v 0.092347 0.006316 -0.040810
v 0.092390 0.006653 -0.040889
v 0.076628 0.006653 -0.048480
v 0.156421 0.005030 0.017153
v 0.145604 0.005030 0.003589
v 0.145858 0.005121 0.003368
v 0.133848 0.005121 -0.009194
v 0.134066 0.005268 -0.009422
v 0.120957 0.005268 -0.020875
v 0.121135 0.005468 -0.021099
v 0.107031 0.005468 -0.031346
v 0.107167 0.005714 -0.031551
v 0.092183 0.005714 -0.040504
v 0.092277 0.006000 -0.040680
v 0.076535 0.006000 -0.048262
v 0.076592 0.006316 -0.048397
v 0.060221 0.006316 -0.054541
v 0.060249 0.006653 -0.054627
v 0.043385 0.006653 -0.059281
v 0.133615 0.005030 -0.008950
v 0.120550 0.005030 -0.020365
v 0.120760 0.005121 -0.020628
v 0.106700 0.005121 -0.030844
v 0.106874 0.005268 -0.031107
v 0.091931 0.005268 -0.040036
v 0.092066 0.005468 -0.040287
v 0.076359 0.005468 -0.047851
v 0.076456 0.005714 -0.048078
v 0.060114 0.005714 -0.054211
v 0.060176 0.006000 -0.054401
v 0.043332 0.006000 -0.059050
v 0.043365 0.006316 -0.059193
v 0.026159 0.006316 -0.062316
v 0.026171 0.006653 -0.062405
v 0.008747 0.006653 -0.063973
v 0.106514 0.005030 -0.030562
v 0.091781 0.005121 -0.039757
v 0.076247 0.005268 -0.047588
v 0.060038 0.005468 -0.053977
v 0.043287 0.005714 -0.058855
v 0.026140 0.006000 -0.062170
v 0.008743 0.006316 -0.063883
v -0.008747 0.006653 -0.063973
v 0.091621 0.005030 -0.039461
v 0.075990 0.005030 -0.046988
v 0.076123 0.005121 -0.047298
v 0.059852 0.005121 -0.053404
v 0.059949 0.005268 -0.053705
v 0.043169 0.005268 -0.058336
v 0.043233 0.005468 -0.058614
v 0.026080 0.005468 -0.061727
v 0.026113 0.005714 -0.061972
v 0.008728 0.005714 -0.063536
v 0.008737 0.006000 -0.063736
v -0.008737 0.006000 -0.063736
v -0.008743 0.006316 -0.063883
v -0.026159 0.006316 -0.062316
v -0.026171 0.006653 -0.062405
v -0.043385 0.006653 -0.059281
v 0.059748 0.005030 -0.053084
v 0.043024 0.005030 -0.057700
v 0.043099 0.005121 -0.058028
v 0.025999 0.005121 -0.061131
v 0.026041 0.005268 -0.061444
v 0.008704 0.005268 -0.063005
v 0.008717 0.005468 -0.063290
v -0.008717 0.005468 -0.063290
v -0.008728 0.005714 -0.063536
v -0.026113 0.005714 -0.061972
v -0.026140 0.006000 -0.062170
v -0.043332 0.006000 -0.059050
v -0.043365 0.006316 -0.059193
v -0.060221 0.006316 -0.054541
v -0.060249 0.006653 -0.054627
v -0.076628 0.006653 -0.048480
v 0.025954 0.005030 -0.060797
v 0.008674 0.005030 -0.062353
v 0.008690 0.005121 -0.062689
v -0.008690 0.005121 -0.062689
v -0.008704 0.005268 -0.063005
v -0.026041 0.005268 -0.061444
v -0.026080 0.005468 -0.061727
v -0.043233 0.005468 -0.058614
v -0.043287 0.005714 -0.058855
v -0.060114 0.005714 -0.054211
v -0.060176 0.006000 -0.054401
v -0.076535 0.006000 -0.048262
v -0.076592 0.006316 -0.048397
v -0.092347 0.006316 -0.040810
v -0.092390 0.006653 -0.040889
v -0.107408 0.006653 -0.031916
v -0.008675 0.005030 -0.062353
v -0.025999 0.005121 -0.061131
v -0.043169 0.005268 -0.058336
v -0.060038 0.005468 -0.053977
v -0.076456 0.005714 -0.048078
v -0.092277 0.006000 -0.040680
v -0.107358 0.006316 -0.031841
v -0.121562 0.006653 -0.021633
v -0.025954 0.005030 -0.060797
v -0.043024 0.005030 -0.057700
v -0.043099 0.005121 -0.058028
v -0.059852 0.005121 -0.053404
v -0.059949 0.005268 -0.053705
v -0.076247 0.005268 -0.047588
v -0.076359 0.005468 -0.047851
v -0.092066 0.005468 -0.040287
v -0.092183 0.005714 -0.040504
v -0.107167 0.005714 -0.031551
v -0.107277 0.006000 -0.031718
v -0.121413 0.006000 -0.021448
v -0.121505 0.006316 -0.021563
v -0.134674 0.006316 -0.010058
v -0.134736 0.006653 -0.010123
v -0.146826 0.006653 0.002522
v -0.059748 0.005030 -0.053084
v -0.075990 0.005030 -0.046988
v -0.076123 0.005121 -0.047298
v -0.091781 0.005121 -0.039757
v -0.091931 0.005268 -0.040036
v -0.106874 0.005268 -0.031107
v -0.107031 0.005468 -0.031346
v -0.121135 0.005468 -0.021099
v -0.121289 0.005714 -0.021291
v -0.134434 0.005714 -0.009807
v -0.134572 0.006000 -0.009951
v -0.146647 0.006000 0.002678
v -0.146758 0.006316 0.002581
v -0.157661 0.006316 0.016253
v -0.157734 0.006653 0.016200
v -0.167371 0.006653 0.030800
v -0.091621 0.005030 -0.039461
v -0.106514 0.005030 -0.030562
v -0.106700 0.005121 -0.030844
v -0.120760 0.005121 -0.020628
v -0.120957 0.005268 -0.020875
v -0.134066 0.005268 -0.009422
v -0.134264 0.005468 -0.009629
v -0.146311 0.005468 0.002972
v -0.146497 0.005714 0.002810
v -0.157380 0.005714 0.016457
v -0.157542 0.006000 0.016339
v -0.167168 0.006000 0.030922
v -0.167294 0.006316 0.030847
v -0.175580 0.006316 0.046245
v -0.175662 0.006653 0.046206
v -0.182537 0.006653 0.062293
v -0.120550 0.005030 -0.020365
v -0.133848 0.005121 -0.009194
v -0.146096 0.005268 0.003160
v -0.157180 0.005468 0.016602
v -0.166996 0.005714 0.031025
v -0.175448 0.006000 0.046309
v -0.182453 0.006316 0.062324
v -0.187943 0.006653 0.078931
v -0.133615 0.005030 -0.008950
v -0.145604 0.005030 0.003589
v -0.145858 0.005121 0.003368
v -0.156694 0.005121 0.016955
v -0.156949 0.005268 0.016770
v -0.166539 0.005268 0.031298
v -0.166784 0.005468 0.031151
v -0.175045 0.005468 0.046503
v -0.175267 0.005714 0.046396
v -0.182128 0.005714 0.062446
v -0.182315 0.006000 0.062376
v -0.187714 0.006000 0.078994
v -0.187856 0.006316 0.078955
v -0.191748 0.006316 0.096003
v -0.191836 0.006653 0.095987
v -0.194185 0.006653 0.113323
v -0.156421 0.005030 0.017153
v -0.165979 0.005030 0.031632
v -0.166268 0.005121 0.031460
v -0.174503 0.005121 0.046764
v -0.174788 0.005268 0.046627
v -0.181630 0.005268 0.062633
v -0.181897 0.005468 0.062533
v -0.187284 0.005468 0.079113
v -0.187522 0.005714 0.079047
v -0.191406 0.005714 0.096065
v -0.191603 0.006000 0.096029
v -0.193948 0.006000 0.113344
v -0.194095 0.006316 0.113331
v -0.194879 0.006316 0.130800
v -0.194970 0.006653 0.130800
v -0.194185 0.006653 0.148277
v -0.174200 0.005030 0.046910
v -0.181018 0.005030 0.062863
v -0.181334 0.005121 0.062744
v -0.186704 0.005121 0.079273
v -0.187009 0.005268 0.079189
v -0.190882 0.005268 0.096160
v -0.191163 0.005468 0.096109
v -0.193503 0.005468 0.113384
v -0.193749 0.005714 0.113362
v -0.194532 0.005714 0.130800
v -0.194732 0.006000 0.130800
v -0.193948 0.006000 0.148256
v -0.194095 0.006316 0.148269
v -0.191748 0.006316 0.165597
v -0.191836 0.006653 0.165613
v -0.187943 0.006653 0.182669
v -0.186380 0.005030 0.079362
v -0.190571 0.005121 0.096216
v -0.193219 0.005268 0.113410
v -0.194286 0.005468 0.130800
v -0.193749 0.005714 0.148238
v -0.191603 0.006000 0.165571
v -0.187856 0.006316 0.182645
v -0.182537 0.006653 0.199307
v -0.190240 0.005030 0.096276
v -0.192569 0.005030 0.113468
v -0.192904 0.005121 0.113438
v -0.193684 0.005121 0.130800
v -0.194000 0.005268 0.130800
v -0.193219 0.005268 0.148190
v -0.193503 0.005468 0.148216
v -0.191163 0.005468 0.165491
v -0.191406 0.005714 0.165535
v -0.187522 0.005714 0.182553
v -0.187714 0.006000 0.182606
v -0.182315 0.006000 0.199224
v -0.182453 0.006316 0.199276
v -0.175580 0.006316 0.215355
v -0.175662 0.006653 0.215394
v -0.167371 0.006653 0.230800
v -0.193347 0.005030 0.130800
v -0.192569 0.005030 0.148132
v -0.192904 0.005121 0.148162
v -0.190571 0.005121 0.165384
v -0.190882 0.005268 0.165440
v -0.187009 0.005268 0.182411
v -0.187284 0.005468 0.182487
v -0.181897 0.005468 0.199067
v -0.182128 0.005714 0.199154
v -0.175267 0.005714 0.215204
v -0.175448 0.006000 0.215291
v -0.167168 0.006000 0.230678
v -0.167294 0.006316 0.230753
v -0.157661 0.006316 0.245347
v -0.157734 0.006653 0.245400
v -0.146826 0.006653 0.259078
v -0.190240 0.005030 0.165323
v -0.186380 0.005030 0.182237
v -0.186704 0.005121 0.182327
v -0.181334 0.005121 0.198856
v -0.181630 0.005268 0.198967
v -0.174788 0.005268 0.214973
v -0.175045 0.005468 0.215097
v -0.166784 0.005468 0.230449
v -0.166996 0.005714 0.230575
v -0.157380 0.005714 0.245143
v -0.157542 0.006000 0.245261
v -0.146647 0.006000 0.258922
v -0.146758 0.006316 0.259019
v -0.134674 0.006316 0.271658
v -0.134736 0.006653 0.271723
v -0.121562 0.006653 0.283233
v -0.181018 0.005030 0.198737
v -0.174503 0.005121 0.214836
v -0.166539 0.005268 0.230302
v -0.157180 0.005468 0.244998
v -0.146497 0.005714 0.258790
v -0.134572 0.006000 0.271551
v -0.121505 0.006316 0.283163
v -0.107408 0.006653 0.293516
v -0.174200 0.005030 0.214690
v -0.165979 0.005030 0.229968
v -0.166268 0.005121 0.230140
v -0.156694 0.005121 0.244645
v -0.156949 0.005268 0.244830
v -0.146096 0.005268 0.258440
v -0.146311 0.005468 0.258628
v -0.134264 0.005468 0.271229
v -0.134434 0.005714 0.271407
v -0.121289 0.005714 0.282891
v -0.121413 0.006000 0.283048
v -0.107277 0.006000 0.293318
v -0.107358 0.006316 0.293441
v -0.092347 0.006316 0.302410
v -0.092390 0.006653 0.302489
v -0.076628 0.006653 0.310080
v -0.156421 0.005030 0.244447
v -0.145604 0.005030 0.258011
v -0.145858 0.005121 0.258232
v -0.133848 0.005121 0.270794
v -0.134066 0.005268 0.271022
v -0.120957 0.005268 0.282475
v -0.121135 0.005468 0.282699
v -0.107031 0.005468 0.292946
v -0.107167 0.005714 0.293151
v -0.092183 0.005714 0.302104
v -0.092277 0.006000 0.302280
v -0.076535 0.006000 0.309862
v -0.076592 0.006316 0.309997
v -0.060221 0.006316 0.316141
v -0.060249 0.006653 0.316227
v -0.043385 0.006653 0.320881
v -0.133615 0.005030 0.270550
v -0.120550 0.005030 0.281965
v -0.120760 0.005121 0.282228
v -0.106700 0.005121 0.292444
v -0.106874 0.005268 0.292707
v -0.091931 0.005268 0.301636
v -0.092066 0.005468 0.301887
v -0.076359 0.005468 0.309451
v -0.076456 0.005714 0.309678
v -0.060114 0.005714 0.315811
v -0.060176 0.006000 0.316001
v -0.043332 0.006000 0.320650
v -0.043365 0.006316 0.320793
v -0.026159 0.006316 0.323916
v -0.026171 0.006653 0.324005
v -0.008747 0.006653 0.325573
v -0.106514 0.005030 0.292162
v -0.091781 0.005121 0.301357
v -0.076247 0.005268 0.309188
v -0.060038 0.005468 0.315577
v -0.043287 0.005714 0.320455
v -0.026140 0.006000 0.323770
v -0.008743 0.006316 0.325483
v 0.008747 0.006653 0.325573
v -0.091621 0.005030 0.301061
v -0.075990 0.005030 0.308588
v -0.076123 0.005121 0.308898
v -0.059852 0.005121 0.315004
v -0.059949 0.005268 0.315305
v -0.043169 0.005268 0.319936
v -0.043233 0.005468 0.320214
v -0.026080 0.005468 0.323327
v -0.026113 0.005714 0.323572
v -0.008728 0.005714 0.325136
v -0.008737 0.006000 0.325336
v 0.008737 0.006000 0.325336
v 0.008743 0.006316 0.325483
v 0.026159 0.006316 0.323916
v 0.026171 0.006653 0.324005
v 0.043385 0.006653 0.320881
v -0.059748 0.005030 0.314684
v -0.043024 0.005030 0.319300
v -0.043099 0.005121 0.319628
v -0.025999 0.005121 0.322731
v -0.026041 0.005268 0.323044
v -0.008704 0.005268 0.324605
v -0.008717 0.005468 0.324890
v 0.008717 0.005468 0.324890
v 0.008728 0.005714 0.325136
v 0.026113 0.005714 0.323572
v 0.026140 0.006000 0.323770
v 0.043332 0.006000 0.320650
v 0.043365 0.006316 0.320793
v 0.060221 0.006316 0.316141
v 0.060249 0.006653 0.316227
v 0.076628 0.006653 0.310080
v -0.025954 0.005030 0.322397
v -0.008675 0.005030 0.323953
v -0.008690 0.005121 0.324289
v 0.008690 0.005121 0.324289
v 0.008704 0.005268 0.324605
v 0.026041 0.005268 0.323044
v 0.026080 0.005468 0.323327
v 0.043233 0.005468 0.320214
v 0.043287 0.005714 0.320455
v 0.060114 0.005714 0.315811
v 0.060176 0.006000 0.316001
v 0.076535 0.006000 0.309862
v 0.076592 0.006316 0.309997
v 0.092347 0.006316 0.302410
v 0.092390 0.006653 0.302489
v 0.107408 0.006653 0.293516
v 0.008674 0.005030 0.323953
v 0.025999 0.005121 0.322731
v 0.043169 0.005268 0.319936
v 0.060038 0.005468 0.315577
v 0.076456 0.005714 0.309678
v 0.092277 0.006000 0.302280
v 0.107358 0.006316 0.293441
v 0.121562 0.006653 0.283233
v 0.025954 0.005030 0.322397
v 0.043024 0.005030 0.319300
v 0.043099 0.005121 0.319628
v 0.059852 0.005121 0.315004
v 0.059949 0.005268 0.315305
v 0.076247 0.005268 0.309188
v 0.076359 0.005468 0.309451
v 0.092066 0.005468 0.301887
v 0.092183 0.005714 0.302104
v 0.107167 0.005714 0.293151
v 0.107277 0.006000 0.293318
v 0.121413 0.006000 0.283048
v 0.121505 0.006316 0.283163
v 0.134674 0.006316 0.271658
v 0.134736 0.006653 0.271723
v 0.146826 0.006653 0.259078
v 0.059748 0.005030 0.314684
v 0.075990 0.005030 0.308588
v 0.076123 0.005121 0.308898
v 0.091781 0.005121 0.301357
v 0.091931 0.005268 0.301636
v 0.106874 0.005268 0.292707
v 0.107031 0.005468 0.292946
v 0.121135 0.005468 0.282699
v 0.121289 0.005714 0.282891
v 0.134434 0.005714 0.271407
v 0.134572 0.006000 0.271551
v 0.146647 0.006000 0.258922
v 0.146758 0.006316 0.259019
v 0.157661 0.006316 0.245347
v 0.157734 0.006653 0.245400
v 0.167371 0.006653 0.230800
v 0.091621 0.005030 0.301061
v 0.106514 0.005030 0.292162
v 0.106700 0.005121 0.292444
v 0.120760 0.005121 0.282228
v 0.120957 0.005268 0.282475
v 0.134066 0.005268 0.271022
v 0.134263 0.005468 0.271229
v 0.146311 0.005468 0.258628
v 0.146497 0.005714 0.258790
v 0.157380 0.005714 0.245143
v 0.157542 0.006000 0.245261
v 0.167168 0.006000 0.230678
v 0.167294 0.006316 0.230753
v 0.175580 0.006316 0.215355
v 0.175662 0.006653 0.215394
v 0.182537 0.006653 0.199307
v 0.120550 0.005030 0.281965
v 0.133848 0.005121 0.270794
v 0.146096 0.005268 0.258440
v 0.157180 0.005468 0.244998
v 0.166996 0.005714 0.230575
v 0.175448 0.006000 0.215291
v 0.182453 0.006316 0.199276
v 0.187943 0.006653 0.182669
v 0.193749 0.005714 0.113362
v 0.194532 0.005714 0.130800
v 0.193948 0.006000 0.113344
v 0.194732 0.006000 0.130800
v 0.194095 0.006316 0.113331
v 0.194879 0.006316 0.130800
v 0.194185 0.006653 0.113323
v 0.194970 0.006653 0.130800
v 0.194185 0.006653 0.148277
v 0.192904 0.005121 0.148162
v 0.193219 0.005268 0.148190
v 0.193503 0.005468 0.148216
v 0.193749 0.005714 0.148238
v 0.193948 0.006000 0.148256
v 0.194095 0.006316 0.148269
v 0.009433 0.463484 0.327212
v 0.008092 0.463268 0.327275
v 0.002513 0.462727 0.327436
v -0.003091 0.462757 0.327427
v -0.008711 0.463364 0.327247
v -0.010557 0.463692 0.327151
v -0.010779 0.462101 0.325532
v -0.008894 0.461763 0.325627
v -0.003156 0.461137 0.325805
v 0.002566 0.461106 0.325814
v 0.008262 0.461664 0.325655
v -0.016008 0.465050 0.326758
v -0.021294 0.466958 0.326222
v -0.026403 0.469420 0.325557
v -0.027619 0.470106 0.325377
v -0.033068 0.471914 0.323003
v -0.028196 0.468709 0.323779
v -0.026954 0.468002 0.323956
v -0.021740 0.465466 0.324613
v -0.016343 0.463500 0.325143
v -0.032392 0.473218 0.324593
v -0.036820 0.476809 0.323750
v -0.040888 0.480878 0.322877
v -0.041344 0.481391 0.322773
v -0.044895 0.485888 0.321924
v -0.047953 0.490719 0.321133
v -0.050507 0.495872 0.320429
v -0.050829 0.496634 0.320338
v -0.052723 0.501966 0.319787
v -0.054057 0.507450 0.319387
v -0.054826 0.513077 0.319151
v -0.054937 0.514684 0.319116
v -0.054959 0.520294 0.319110
v -0.054409 0.525877 0.319279
v -0.053283 0.531419 0.319621
v -0.052791 0.533207 0.319767
v -0.050924 0.538535 0.320311
v -0.048520 0.543647 0.320980
v -0.045578 0.548526 0.321752
v -0.044863 0.549558 0.321932
v -0.041311 0.554047 0.322781
v -0.038090 0.559325 0.322070
v -0.042170 0.555108 0.321211
v -0.045794 0.550487 0.320371
v -0.046523 0.549424 0.320193
v -0.049526 0.544402 0.319429
v -0.051978 0.539141 0.318767
v -0.053882 0.533657 0.318230
v -0.054384 0.531817 0.318085
v -0.055533 0.526114 0.317747
v -0.056094 0.520369 0.317579
v -0.056072 0.514597 0.317586
v -0.055958 0.512943 0.317620
v -0.055174 0.507153 0.317853
v -0.053813 0.501509 0.318250
v -0.051881 0.496021 0.318794
v -0.051552 0.495238 0.318885
v -0.048947 0.489933 0.319580
v -0.045827 0.484960 0.320363
v -0.042204 0.480331 0.321203
v -0.041738 0.479802 0.321306
v -0.037587 0.475612 0.322169
v -0.037313 0.558142 0.323649
v -0.032872 0.561829 0.324507
v -0.026889 0.565711 0.325486
v -0.031711 0.562671 0.324713
v -0.021792 0.568230 0.326163
v -0.016429 0.570220 0.326721
v -0.012711 0.572882 0.325415
v -0.016773 0.571766 0.325107
v -0.022248 0.569716 0.324556
v -0.027451 0.567120 0.323886
v -0.032372 0.563989 0.323121
v -0.033558 0.563122 0.322918
v -0.012450 0.571303 0.327033
v -0.006920 0.572293 0.327323
v 0.000389 0.572729 0.327452
v -0.001292 0.572715 0.327448
v 0.005981 0.572404 0.327356
v 0.011512 0.571512 0.327094
v -0.007065 0.573902 0.325702
v -0.001319 0.574337 0.325826
v 0.000398 0.574351 0.325830
v 0.006107 0.574017 0.325735
v 0.011753 0.573097 0.325475
v 0.028822 0.564576 0.325192
v 0.023860 0.567287 0.325906
v 0.016968 0.570048 0.326672
v 0.018650 0.569473 0.326509
v 0.017323 0.571589 0.325058
v 0.019040 0.570996 0.324897
v 0.024359 0.568744 0.324301
v 0.029424 0.565951 0.323595
v 0.034219 0.562616 0.322801
v 0.035027 0.561979 0.322655
v 0.033520 0.561338 0.324389
v 0.034311 0.560719 0.324241
v 0.038596 0.556918 0.323381
v 0.042464 0.552692 0.322513
v 0.045897 0.548049 0.321671
v 0.049077 0.542577 0.320828
v 0.051382 0.537378 0.320179
v 0.053146 0.531939 0.319661
v 0.053435 0.530813 0.319575
v 0.054495 0.525288 0.319253
v 0.054984 0.519690 0.319102
v 0.054898 0.514029 0.319129
v 0.054741 0.512164 0.319177
v 0.053892 0.506616 0.319437
v 0.052483 0.501181 0.319859
v 0.050508 0.495874 0.320429
v 0.047192 0.489408 0.321335
v 0.049859 0.494430 0.320612
v 0.044020 0.484687 0.322140
v 0.040344 0.480283 0.322999
v 0.039400 0.558065 0.321804
v 0.043346 0.553714 0.320946
v 0.046849 0.548933 0.320113
v 0.050094 0.543301 0.319279
v 0.052445 0.537950 0.318637
v 0.054245 0.532352 0.318125
v 0.054540 0.531194 0.318039
v 0.055620 0.525508 0.317721
v 0.056120 0.519748 0.317571
v 0.056031 0.513923 0.317598
v 0.055872 0.512004 0.317646
v 0.055006 0.506294 0.317903
v 0.053568 0.500701 0.318320
v 0.051553 0.495240 0.318884
v 0.050891 0.493753 0.319065
v 0.048170 0.488584 0.319780
v 0.044934 0.483724 0.320577
v 0.041183 0.479189 0.321427
v 0.040604 0.478568 0.321551
v 0.036347 0.474518 0.322409
v 0.026142 0.469278 0.325594
v 0.031057 0.472275 0.324825
v 0.039776 0.479679 0.323125
v 0.035605 0.475746 0.323992
v 0.025482 0.468927 0.325688
v 0.020328 0.466564 0.326331
v 0.014976 0.464747 0.326845
v 0.009578 0.462217 0.325684
v 0.015290 0.463188 0.325229
v 0.015207 0.463508 0.325324
v 0.020754 0.465060 0.324722
v 0.020643 0.465365 0.324820
v 0.026015 0.467495 0.324085
v 0.025878 0.467783 0.324188
v 0.026689 0.467856 0.323993
v 0.026549 0.468142 0.324096
v 0.031705 0.470943 0.323233
v 0.031542 0.471207 0.323341
v 0.036165 0.474758 0.322522
v 0.040405 0.478782 0.321669
v 0.040982 0.479399 0.321546
v 0.044720 0.483907 0.320700
v 0.047945 0.488738 0.319908
v 0.050658 0.493878 0.319196
v 0.051318 0.495357 0.319016
v 0.053327 0.500789 0.318454
v 0.054761 0.506353 0.318039
v 0.055624 0.512033 0.317783
v 0.055784 0.513942 0.317735
v 0.055872 0.519738 0.317709
v 0.055374 0.525468 0.317858
v 0.054296 0.531124 0.318175
v 0.054002 0.532277 0.318260
v 0.052207 0.537844 0.318770
v 0.049863 0.543166 0.319409
v 0.046628 0.548767 0.320238
v 0.043137 0.553519 0.321067
v 0.039205 0.557844 0.321921
v 0.034850 0.561732 0.322767
v 0.034046 0.562365 0.322912
v 0.029271 0.565677 0.323701
v 0.024230 0.568450 0.324402
v 0.018938 0.570685 0.324995
v 0.017229 0.571274 0.325154
v 0.011689 0.572771 0.325568
v 0.006073 0.573683 0.325826
v 0.000395 0.574015 0.325920
v -0.001312 0.574000 0.325916
v -0.007026 0.573569 0.325793
v -0.012641 0.572557 0.325508
v -0.016682 0.571449 0.325202
v -0.022129 0.569414 0.324655
v -0.027308 0.566838 0.323990
v -0.032207 0.563729 0.323230
v -0.033387 0.562867 0.323028
v -0.037901 0.559095 0.322185
v -0.041965 0.554905 0.321331
v -0.045577 0.550311 0.320495
v -0.046304 0.549255 0.320318
v -0.049296 0.544261 0.319558
v -0.051741 0.539029 0.318900
v -0.053640 0.533575 0.318364
v -0.054141 0.531745 0.318220
v -0.055287 0.526071 0.317883
v -0.055846 0.520355 0.317716
v -0.055824 0.514613 0.317723
v -0.055710 0.512967 0.317757
v -0.054929 0.507207 0.317989
v -0.053572 0.501593 0.318384
v -0.051645 0.496134 0.318926
v -0.051317 0.495355 0.319016
v -0.048719 0.490080 0.319709
v -0.045609 0.485135 0.320487
v -0.041999 0.480534 0.321323
v -0.041535 0.480008 0.321425
v -0.037400 0.475845 0.322284
v -0.032899 0.472171 0.323112
v -0.028050 0.468988 0.323883
v -0.026813 0.468286 0.324060
v -0.021624 0.465769 0.324712
v -0.016255 0.463818 0.325239
v -0.010720 0.462430 0.325624
v -0.008845 0.462094 0.325719
v -0.003138 0.461473 0.325895
v 0.002552 0.461443 0.325904
v -0.010557 0.463601 0.326817
v -0.008710 0.463273 0.326912
v -0.003091 0.462666 0.327090
v 0.002513 0.462637 0.327099
v 0.008092 0.463177 0.326940
v 0.009432 0.463394 0.326877
v 0.014975 0.464656 0.326513
v 0.020330 0.466472 0.326004
v 0.025486 0.468836 0.325366
v 0.026147 0.469187 0.325273
v 0.031066 0.472185 0.324510
v 0.035621 0.475659 0.323683
v 0.039799 0.479596 0.322822
v 0.040368 0.480200 0.322697
v 0.044051 0.484611 0.321844
v 0.047230 0.489341 0.321044
v 0.049904 0.494372 0.320325
v 0.050554 0.495820 0.320144
v 0.052535 0.501139 0.319577
v 0.053949 0.506587 0.319158
v 0.054800 0.512150 0.318899
v 0.054957 0.514020 0.318851
v 0.055044 0.519696 0.318825
v 0.054553 0.525307 0.318975
v 0.053490 0.530846 0.319295
v 0.053201 0.531975 0.319381
v 0.051431 0.537427 0.319896
v 0.049120 0.542637 0.320540
v 0.045932 0.548120 0.321377
v 0.042492 0.552771 0.322215
v 0.038617 0.557003 0.323076
v 0.034325 0.560807 0.323930
v 0.033533 0.561427 0.324077
v 0.028829 0.564667 0.324874
v 0.023863 0.567379 0.325582
v 0.018650 0.569564 0.326180
v 0.016968 0.570140 0.326342
v 0.011511 0.571603 0.326760
v 0.005981 0.572495 0.327020
v 0.000389 0.572819 0.327116
v -0.001292 0.572805 0.327111
v -0.006919 0.572384 0.326987
v -0.012449 0.571394 0.326700
v -0.016429 0.570311 0.326390
v -0.021794 0.568322 0.325837
v -0.026895 0.565802 0.325166
v -0.031721 0.562761 0.324398
v -0.032884 0.561918 0.324194
v -0.037331 0.558228 0.323343
v -0.041336 0.554128 0.322480
v -0.044895 0.549632 0.321637
v -0.045612 0.548598 0.321458
v -0.048562 0.543709 0.320691
v -0.050972 0.538587 0.320026
v -0.052844 0.533246 0.319486
v -0.053338 0.531454 0.319340
v -0.054467 0.525898 0.319001
v -0.055019 0.520300 0.318832
v -0.054997 0.514676 0.318839
v -0.054885 0.513065 0.318873
v -0.054114 0.507424 0.319108
v -0.052776 0.501926 0.319506
v -0.050877 0.496581 0.320053
v -0.050554 0.495818 0.320144
v -0.047993 0.490654 0.320843
v -0.044928 0.485814 0.321629
v -0.041370 0.481310 0.322473
v -0.040912 0.480796 0.322576
v -0.036838 0.476722 0.323443
v -0.032403 0.473128 0.324279
v -0.027625 0.470014 0.325058
v -0.026408 0.469328 0.325236
v -0.021296 0.466867 0.325895
v -0.008720 0.463127 0.326598
v -0.003094 0.462519 0.326775
v 0.002515 0.462490 0.326783
v 0.008100 0.463031 0.326625
v 0.009442 0.463247 0.326563
v 0.014992 0.464512 0.326202
v 0.020353 0.466330 0.325696
v 0.025517 0.468698 0.325062
v 0.026179 0.469050 0.324970
v 0.031107 0.472053 0.324212
v 0.035670 0.475535 0.323390
v 0.039857 0.479482 0.322534
v 0.040427 0.480087 0.322410
v 0.044119 0.484510 0.321562
v 0.047306 0.489252 0.320766
v 0.049987 0.494299 0.320051
v 0.050640 0.495751 0.319871
v 0.052626 0.501086 0.319307
v 0.054044 0.506551 0.318890
v 0.054898 0.512132 0.318633
v 0.055055 0.514008 0.318585
v 0.055142 0.519702 0.318559
v 0.054650 0.525332 0.318708
v 0.053584 0.530889 0.319026
v 0.053294 0.532021 0.319112
v 0.051519 0.537490 0.319624
v 0.049202 0.542716 0.320265
v 0.046005 0.548214 0.321098
v 0.042556 0.552878 0.321930
v 0.038672 0.557120 0.322787
v 0.034372 0.560933 0.323636
v 0.033578 0.561555 0.323781
v 0.028865 0.564801 0.324573
v 0.023891 0.567518 0.325277
v 0.018671 0.569707 0.325871
v 0.016987 0.570283 0.326031
v 0.011523 0.571749 0.326447
v 0.005987 0.572642 0.326705
v 0.000390 0.572967 0.326800
v -0.001293 0.572953 0.326796
v -0.006926 0.572531 0.326672
v -0.012462 0.571540 0.326387
v -0.016447 0.570455 0.326080
v -0.021819 0.568463 0.325530
v -0.026928 0.565938 0.324863
v -0.031763 0.562891 0.324101
v -0.032928 0.562047 0.323898
v -0.037384 0.558348 0.323052
v -0.041398 0.554238 0.322195
v -0.044966 0.549730 0.321356
v -0.045684 0.548693 0.321178
v -0.048642 0.543791 0.320415
v -0.051059 0.538653 0.319754
v -0.052936 0.533296 0.319217
v -0.053431 0.531498 0.319072
v -0.054564 0.525925 0.318734
v -0.055117 0.520309 0.318566
v -0.055095 0.514667 0.318573
v -0.054983 0.513050 0.318607
v -0.054210 0.507391 0.318840
v -0.052868 0.501876 0.319237
v -0.050963 0.496514 0.319781
v -0.050639 0.495749 0.319871
v -0.048071 0.490570 0.320566
v -0.044998 0.485716 0.321348
v -0.041432 0.481200 0.322187
v -0.040973 0.480685 0.322290
v -0.036889 0.476601 0.323151
v -0.032446 0.472999 0.323983
v -0.027660 0.469879 0.324756
v -0.026440 0.469192 0.324933
v -0.021321 0.466726 0.325588
v -0.016025 0.464815 0.326116
v -0.003100 0.462319 0.326489
v 0.002521 0.462290 0.326498
v 0.008117 0.462833 0.326341
v 0.009462 0.463050 0.326278
v 0.015024 0.464318 0.325919
v 0.020398 0.466143 0.325416
v 0.025574 0.468518 0.324785
v 0.026237 0.468871 0.324694
v 0.031177 0.471885 0.323939
v 0.035752 0.475379 0.323121
v 0.039949 0.479339 0.322269
v 0.040521 0.479947 0.322145
v 0.044223 0.484386 0.321300
v 0.047419 0.489145 0.320508
v 0.050107 0.494210 0.319796
v 0.050762 0.495668 0.319617
v 0.052754 0.501023 0.319055
v 0.054176 0.506509 0.318639
v 0.055032 0.512111 0.318383
v 0.055190 0.513994 0.318336
v 0.055277 0.519710 0.318309
v 0.054783 0.525361 0.318458
v 0.053715 0.530939 0.318775
v 0.053423 0.532075 0.318861
v 0.051644 0.537564 0.319371
v 0.049319 0.542810 0.320009
v 0.046114 0.548329 0.320839
v 0.042656 0.553009 0.321668
v 0.038761 0.557267 0.322520
v 0.034450 0.561093 0.323366
v 0.033654 0.561717 0.323510
v 0.028930 0.564974 0.324299
v 0.023944 0.567700 0.324999
v 0.018712 0.569896 0.325590
v 0.017023 0.570475 0.325750
v 0.011548 0.571945 0.326163
v 0.006000 0.572841 0.326420
v 0.000391 0.573167 0.326514
v -0.001296 0.573153 0.326510
v -0.006941 0.572729 0.326388
v -0.012489 0.571735 0.326103
v -0.016482 0.570647 0.325798
v -0.021867 0.568648 0.325251
v -0.026988 0.566116 0.324587
v -0.031834 0.563058 0.323829
v -0.033002 0.562211 0.323626
v -0.037470 0.558499 0.322784
v -0.041495 0.554374 0.321931
v -0.045072 0.549850 0.321096
v -0.045792 0.548809 0.320919
v -0.048758 0.543889 0.320159
v -0.051182 0.538732 0.319500
v -0.053064 0.533355 0.318965
v -0.053561 0.531550 0.318820
v -0.054697 0.525956 0.318484
v -0.055252 0.520319 0.318317
v -0.055230 0.514655 0.318323
v -0.055117 0.513033 0.318358
v -0.054342 0.507352 0.318590
v -0.052996 0.501816 0.318985
v -0.051086 0.496434 0.319527
v -0.050761 0.495666 0.319617
v -0.048186 0.490467 0.320309
v -0.045104 0.485596 0.321088
v -0.041528 0.481064 0.321923
v -0.041068 0.480547 0.322025
v -0.036974 0.476449 0.322883
v -0.032520 0.472834 0.323711
v -0.027722 0.469703 0.324481
v -0.026499 0.469014 0.324657
v -0.021368 0.466539 0.325309
v -0.016060 0.464622 0.325834
v -0.010590 0.463259 0.326219
v 0.002529 0.462043 0.326251
v 0.008143 0.462589 0.326095
v 0.009492 0.462808 0.326033
v 0.015072 0.464082 0.325674
v 0.020462 0.465915 0.325172
v 0.025654 0.468302 0.324543
v 0.026320 0.468656 0.324452
v 0.031275 0.471684 0.323699
v 0.035863 0.475194 0.322883
v 0.040074 0.479173 0.322033
v 0.040647 0.479783 0.321909
v 0.044360 0.484241 0.321066
v 0.047565 0.489022 0.320276
v 0.050261 0.494109 0.319565
v 0.050918 0.495573 0.319386
v 0.052915 0.500952 0.318826
v 0.054342 0.506461 0.318411
v 0.055200 0.512087 0.318155
v 0.055359 0.513978 0.318108
v 0.055446 0.519718 0.318082
v 0.054951 0.525393 0.318230
v 0.053879 0.530995 0.318547
v 0.053587 0.532137 0.318632
v 0.051802 0.537650 0.319141
v 0.049471 0.542918 0.319778
v 0.046256 0.548461 0.320606
v 0.042788 0.553163 0.321433
v 0.038882 0.557439 0.322283
v 0.034558 0.561283 0.323127
v 0.033760 0.561909 0.323271
v 0.029021 0.565182 0.324058
v 0.024019 0.567920 0.324756
v 0.018771 0.570127 0.325346
v 0.017077 0.570708 0.325505
v 0.011585 0.572186 0.325917
v 0.006019 0.573085 0.326173
v 0.000392 0.573413 0.326267
v -0.001300 0.573399 0.326263
v -0.006963 0.572974 0.326141
v -0.012529 0.571975 0.325858
v -0.016534 0.570882 0.325553
v -0.021936 0.568873 0.325008
v -0.027073 0.566329 0.324346
v -0.031934 0.563257 0.323589
v -0.033106 0.562405 0.323387
v -0.037587 0.558677 0.322547
v -0.041623 0.554533 0.321695
v -0.045211 0.549989 0.320862
v -0.045934 0.548944 0.320685
v -0.048908 0.544002 0.319927
v -0.051339 0.538823 0.319270
v -0.053227 0.533422 0.318736
v -0.053725 0.531610 0.318592
v -0.054865 0.525991 0.318256
v -0.055421 0.520330 0.318089
v -0.055399 0.514642 0.318096
v -0.055286 0.513013 0.318130
v -0.054508 0.507307 0.318362
v -0.053159 0.501748 0.318756
v -0.051243 0.496343 0.319297
v -0.050917 0.495571 0.319387
v -0.048335 0.490350 0.320077
v -0.045244 0.485457 0.320854
v -0.041657 0.480905 0.321688
v -0.041196 0.480385 0.321790
v -0.037089 0.476269 0.322645
v -0.032622 0.472637 0.323471
v -0.027809 0.469492 0.324239
v -0.026582 0.468799 0.324415
v -0.021435 0.466313 0.325065
v -0.016111 0.464387 0.325589
v -0.010624 0.463017 0.325973
v -0.008766 0.462686 0.326067
v 0.008177 0.462307 0.325895
v 0.009531 0.462527 0.325832
v 0.015133 0.463809 0.325474
v 0.020545 0.465653 0.324971
v 0.025756 0.468054 0.324342
v 0.026425 0.468411 0.324251
v 0.031398 0.471456 0.323497
v 0.036002 0.474985 0.322681
v 0.040227 0.478985 0.321831
v 0.040802 0.479599 0.321708
v 0.044527 0.484080 0.320864
v 0.047742 0.488885 0.320074
v 0.050446 0.493998 0.319364
v 0.051104 0.495469 0.319185
v 0.053108 0.500873 0.318624
v 0.054538 0.506409 0.318209
v 0.055399 0.512061 0.317954
v 0.055558 0.513960 0.317906
v 0.055646 0.519728 0.317880
v 0.055149 0.525429 0.318029
v 0.054074 0.531058 0.318345
v 0.053781 0.532204 0.318430
v 0.051992 0.537744 0.318939
v 0.049654 0.543038 0.319576
v 0.046429 0.548608 0.320404
v 0.042950 0.553334 0.321231
v 0.039031 0.557633 0.322082
v 0.034692 0.561498 0.322925
v 0.033891 0.562127 0.323070
v 0.029136 0.565418 0.323856
v 0.024116 0.568173 0.324555
v 0.018847 0.570393 0.325145
v 0.017147 0.570977 0.325305
v 0.011632 0.572464 0.325717
v 0.006043 0.573369 0.325973
v 0.000394 0.573699 0.326068
v -0.001306 0.573685 0.326064
v -0.006992 0.573257 0.325941
v -0.012580 0.572251 0.325657
v -0.016602 0.571152 0.325353
v -0.022024 0.569131 0.324807
v -0.027180 0.566572 0.324145
v -0.032059 0.563482 0.323387
v -0.033235 0.562626 0.323186
v -0.037731 0.558878 0.322345
v -0.041782 0.554712 0.321493
v -0.045381 0.550144 0.320660
v -0.046106 0.549094 0.320484
v -0.049089 0.544127 0.319725
v -0.051527 0.538922 0.319068
v -0.053420 0.533496 0.318534
v -0.053920 0.531675 0.318390
v -0.055063 0.526030 0.318054
v -0.055620 0.520342 0.317888
v -0.055598 0.514628 0.317894
v -0.055485 0.512991 0.317928
v -0.054705 0.507259 0.318160
v -0.053352 0.501673 0.318554
v -0.051430 0.496242 0.319095
v -0.051104 0.495467 0.319185
v -0.048514 0.490220 0.319876
v -0.045414 0.485302 0.320652
v -0.041815 0.480727 0.321486
v -0.041353 0.480204 0.321588
v -0.037233 0.476066 0.322444
v -0.032749 0.472414 0.323270
v -0.027919 0.469252 0.324038
v -0.026688 0.468555 0.324214
v -0.021521 0.466054 0.324864
v -0.016176 0.464117 0.325389
v -0.010668 0.462738 0.325773
v -0.008802 0.462404 0.325867
v -0.003123 0.461788 0.326043
v -0.016008 0.464959 0.326427
v -0.010568 0.463455 0.326503
v -0.008738 0.462929 0.326313
v -0.003110 0.462073 0.326243
v 0.002539 0.461758 0.326051
v 0.008217 0.461996 0.325747
v 0.009631 0.461887 0.325592
v 0.051661 0.536723 0.343330
v 0.009356 0.571951 0.343330
v -0.042305 0.552928 0.343330
v -0.051661 0.498677 0.343330
v -0.009356 0.463449 0.343330
v 0.005025 0.462902 0.343301
v 0.035546 0.475690 0.343303
v 0.049969 0.494653 0.343301
v 0.055182 0.517700 0.343471
v 0.044944 0.549451 0.343301
v 0.027591 0.565489 0.343471
v -0.005025 0.572498 0.343301
v -0.027591 0.565489 0.343471
v -0.049969 0.540747 0.343301
v -0.055182 0.517700 0.343471
v -0.044944 0.485949 0.343301
v -0.027591 0.469911 0.343471
v -0.023440 0.467841 0.343378
v -0.018608 0.465912 0.343303
v -0.014455 0.464596 0.343311
v -0.054899 0.513070 0.343378
v -0.054154 0.507921 0.343303
v -0.053217 0.503666 0.343311
v -0.031459 0.562929 0.343378
v -0.035546 0.559709 0.343303
v -0.038762 0.556770 0.343311
v 0.023440 0.567559 0.343378
v 0.018608 0.569488 0.343303
v 0.014455 0.570804 0.343311
v 0.054899 0.522330 0.343378
v 0.054154 0.527479 0.343303
v 0.053217 0.531734 0.343311
v 0.047789 0.490109 0.343471
v 0.044940 0.485953 0.343294
v 0.038762 0.478630 0.343311
v 0.042305 0.482472 0.343330
v 0.009357 0.463449 0.343330
v 0.014457 0.464596 0.343312
v -0.005024 0.462907 0.343294
v 0.000000 0.462518 0.343471
v -0.031651 0.472497 0.343471
v -0.035543 0.475691 0.343301
v -0.038761 0.478628 0.343312
v -0.042304 0.482471 0.343330
v -0.049964 0.494654 0.343294
v -0.047789 0.490109 0.343471
v -0.054972 0.522509 0.343471
v -0.054152 0.527477 0.343301
v -0.053218 0.531732 0.343312
v -0.051661 0.536721 0.343330
v -0.044940 0.549447 0.343294
v -0.047789 0.545291 0.343471
v -0.023321 0.567712 0.343471
v -0.018609 0.569486 0.343301
v -0.014457 0.570804 0.343312
v -0.009357 0.571951 0.343330
v 0.005024 0.572493 0.343294
v 0.000000 0.572882 0.343471
v 0.031651 0.562903 0.343471
v 0.035543 0.559709 0.343301
v 0.038761 0.556772 0.343312
v 0.042304 0.552929 0.343330
v 0.049964 0.540746 0.343294
v 0.047789 0.545291 0.343471
v 0.054972 0.512891 0.343471
v 0.054152 0.507923 0.343301
v 0.053218 0.503668 0.343312
v 0.051661 0.498679 0.343330
v 0.031459 0.472471 0.343378
v 0.023321 0.467688 0.343471
v 0.027591 0.469911 0.343471
v 0.018609 0.465914 0.343301
f 1 2 3
f 3 4 1
f 1 4 5
f 1 5 6
f 6 5 7
f 6 7 8
f 9 10 11
f 10 12 11
f 11 12 13
f 11 13 1
f 1 13 14
f 1 14 2
f 15 16 17
f 17 16 18
f 17 18 19
f 20 21 17
f 17 21 22
f 17 22 15
f 19 23 17
f 17 23 24
f 17 24 25
f 26 27 28
f 28 27 25
f 26 29 27
f 27 29 30
f 27 30 31
f 31 32 27
f 27 32 33
f 27 33 34
f 34 35 27
f 27 35 36
f 27 36 11
f 11 36 37
f 11 37 9
f 38 39 40
f 38 40 41
f 39 42 40
f 40 42 43
f 40 43 17
f 17 43 44
f 17 44 20
f 45 46 47
f 47 46 48
f 47 48 49
f 49 48 50
f 45 51 46
f 46 51 52
f 46 52 40
f 40 52 53
f 40 53 41
f 54 55 56
f 56 55 57
f 57 58 56
f 56 58 59
f 56 59 48
f 48 59 60
f 48 60 50
f 61 62 63
f 63 62 64
f 63 64 65
f 66 67 63
f 63 67 68
f 63 68 61
f 69 70 63
f 63 70 71
f 63 71 66
f 72 73 56
f 56 73 74
f 56 74 75
f 75 76 56
f 56 76 77
f 56 77 78
f 78 79 56
f 56 79 80
f 56 80 81
f 81 82 56
f 56 82 83
f 56 83 54
f 8 84 6
f 6 84 85
f 6 85 86
f 85 87 86
f 86 87 88
f 86 88 89
f 89 90 86
f 86 90 91
f 86 91 63
f 63 91 92
f 63 92 69
f 25 27 17
f 17 27 93
f 17 93 94
f 94 93 95
f 94 95 96
f 96 95 97
f 96 97 98
f 98 97 99
f 98 99 100
f 100 99 101
f 100 101 102
f 102 101 103
f 102 103 104
f 104 103 105
f 104 105 106
f 106 105 107
f 106 107 108
f 108 107 109
f 108 109 110
f 110 109 111
f 110 111 112
f 112 111 113
f 112 113 114
f 114 113 115
f 114 115 116
f 116 115 117
f 116 117 118
f 118 117 119
f 118 119 120
f 120 119 121
f 120 121 122
f 122 121 123
f 122 123 124
f 124 123 125
f 124 125 126
f 126 125 127
f 126 127 128
f 128 127 129
f 128 129 130
f 130 129 131
f 130 131 132
f 132 131 133
f 132 133 134
f 134 133 135
f 134 135 136
f 136 135 137
f 136 137 138
f 138 137 139
f 138 139 140
f 140 139 141
f 140 141 142
f 142 141 143
f 142 143 144
f 144 143 145
f 144 145 146
f 146 145 147
f 146 147 148
f 148 147 149
f 148 149 150
f 150 149 151
f 150 151 152
f 152 151 153
f 152 153 154
f 154 153 155
f 154 155 156
f 156 155 157
f 156 157 158
f 158 157 159
f 158 159 160
f 160 159 161
f 160 161 162
f 162 161 163
f 162 163 164
f 164 163 165
f 164 165 166
f 166 165 167
f 166 167 168
f 168 167 169
f 168 169 170
f 170 169 171
f 170 171 172
f 172 171 173
f 172 173 174
f 174 173 175
f 174 175 176
f 176 175 177
f 176 177 178
f 178 177 179
f 178 179 180
f 180 179 63
f 180 63 72
f 72 63 65
f 72 65 73
f 111 109 181
f 111 181 113
f 119 117 181
f 181 117 115
f 181 115 113
f 125 123 181
f 181 123 121
f 181 121 119
f 131 129 181
f 181 129 127
f 181 127 125
f 137 135 181
f 181 135 133
f 181 133 131
f 143 141 181
f 181 141 139
f 181 139 137
f 149 147 181
f 181 147 145
f 181 145 143
f 155 153 181
f 181 153 151
f 181 151 149
f 161 159 181
f 181 159 157
f 181 157 155
f 167 165 181
f 181 165 163
f 181 163 161
f 173 171 181
f 181 171 169
f 181 169 167
f 179 177 181
f 181 177 175
f 181 175 173
f 6 86 181
f 181 86 63
f 181 63 179
f 27 11 181
f 181 11 1
f 181 1 6
f 97 95 181
f 181 95 93
f 181 93 27
f 103 101 181
f 181 101 99
f 181 99 97
f 109 107 181
f 181 107 105
f 181 105 103
f 182 183 142
f 138 140 184
f 48 185 56
f 56 185 186
f 187 180 186
f 186 180 72
f 186 72 56
f 142 183 140
f 140 183 188
f 140 188 184
f 184 189 138
f 138 189 190
f 138 190 136
f 136 190 191
f 136 191 134
f 192 193 154
f 191 194 134
f 134 194 195
f 134 195 132
f 172 174 196
f 196 174 176
f 196 176 187
f 187 176 178
f 187 178 180
f 162 197 160
f 160 197 198
f 160 198 158
f 158 198 192
f 158 192 156
f 156 192 154
f 182 142 199
f 199 142 144
f 199 144 200
f 200 144 146
f 200 146 201
f 201 146 148
f 201 148 202
f 202 148 150
f 202 150 193
f 193 150 152
f 193 152 154
f 203 204 118
f 102 104 205
f 162 164 197
f 197 164 166
f 197 166 206
f 206 166 168
f 206 168 196
f 196 168 170
f 196 170 172
f 118 120 203
f 203 120 122
f 203 122 207
f 207 122 124
f 207 124 208
f 208 124 126
f 208 126 209
f 209 126 128
f 209 128 210
f 210 128 130
f 210 130 211
f 211 130 132
f 211 132 212
f 212 132 195
f 205 104 213
f 214 112 215
f 215 112 114
f 215 114 204
f 204 114 116
f 204 116 118
f 104 106 213
f 213 106 108
f 213 108 214
f 214 108 110
f 214 110 112
f 216 98 205
f 205 98 100
f 205 100 102
f 217 94 216
f 216 94 96
f 216 96 98
f 48 46 185
f 185 46 40
f 185 40 217
f 217 40 17
f 217 17 94
f 218 219 220
f 221 222 223
f 219 218 224
f 224 218 225
f 224 225 226
f 226 225 227
f 226 227 228
f 228 227 229
f 228 229 230
f 231 232 233
f 229 234 230
f 230 234 235
f 230 235 236
f 236 235 237
f 236 237 238
f 238 237 239
f 238 239 240
f 240 239 241
f 240 241 242
f 242 241 243
f 242 243 244
f 244 243 245
f 244 245 246
f 246 245 247
f 246 247 248
f 248 247 249
f 248 249 250
f 250 249 251
f 250 251 252
f 222 221 253
f 253 221 254
f 253 254 255
f 255 254 256
f 255 256 257
f 257 256 258
f 257 258 259
f 258 260 259
f 259 260 261
f 259 261 262
f 262 261 263
f 262 263 264
f 264 263 265
f 264 265 266
f 266 265 267
f 266 267 220
f 220 267 268
f 220 268 218
f 251 269 252
f 252 269 270
f 252 270 271
f 271 270 272
f 271 272 273
f 273 272 274
f 273 274 275
f 275 274 276
f 275 276 277
f 277 276 278
f 277 278 279
f 279 278 280
f 279 280 281
f 281 280 282
f 281 282 283
f 283 282 284
f 283 284 285
f 285 284 286
f 285 286 287
f 287 286 288
f 287 288 289
f 290 291 292
f 292 291 293
f 292 293 294
f 294 293 295
f 294 295 296
f 296 295 297
f 296 297 298
f 298 297 299
f 298 299 232
f 232 299 300
f 232 300 233
f 231 233 301
f 301 233 302
f 301 302 303
f 303 302 304
f 303 304 305
f 304 306 305
f 305 306 307
f 305 307 308
f 308 307 309
f 308 309 310
f 310 309 311
f 310 311 312
f 312 311 313
f 312 313 314
f 314 313 315
f 314 315 223
f 223 315 316
f 223 316 221
f 288 317 289
f 289 317 318
f 289 318 319
f 319 318 320
f 319 320 321
f 321 320 322
f 321 322 323
f 323 322 324
f 323 324 325
f 325 324 326
f 325 326 327
f 327 326 328
f 327 328 329
f 329 328 330
f 329 330 331
f 331 330 332
f 331 332 333
f 333 332 334
f 333 334 335
f 334 336 335
f 335 336 337
f 335 337 338
f 338 337 339
f 338 339 340
f 340 339 341
f 340 341 342
f 342 341 343
f 342 343 344
f 344 343 345
f 344 345 346
f 346 345 347
f 346 347 348
f 348 347 349
f 348 349 350
f 350 349 351
f 350 351 352
f 352 351 353
f 352 353 354
f 354 353 355
f 354 355 290
f 290 355 356
f 290 356 291
f 244 88 242
f 242 88 87
f 242 87 240
f 248 91 246
f 246 91 90
f 246 90 244
f 244 90 89
f 244 89 88
f 279 61 277
f 277 61 68
f 277 68 275
f 275 68 67
f 275 67 273
f 273 67 66
f 273 66 271
f 271 66 71
f 271 71 252
f 252 71 70
f 252 70 250
f 250 70 69
f 250 69 248
f 248 69 92
f 248 92 91
f 325 79 323
f 323 79 78
f 323 78 321
f 321 78 77
f 321 77 319
f 319 77 76
f 319 76 289
f 289 76 75
f 289 75 287
f 287 75 74
f 287 74 285
f 285 74 73
f 285 73 283
f 283 73 65
f 283 65 281
f 281 65 64
f 281 64 279
f 279 64 62
f 279 62 61
f 329 82 327
f 327 82 81
f 327 81 325
f 325 81 80
f 325 80 79
f 340 59 338
f 338 59 58
f 338 58 335
f 335 58 57
f 335 57 333
f 333 57 55
f 333 55 331
f 331 55 54
f 331 54 329
f 329 54 83
f 329 83 82
f 352 52 350
f 350 52 51
f 350 51 348
f 348 51 45
f 348 45 346
f 346 45 47
f 346 47 344
f 344 47 49
f 344 49 342
f 342 49 50
f 342 50 340
f 340 50 60
f 340 60 59
f 296 43 294
f 294 43 42
f 294 42 292
f 292 42 39
f 292 39 290
f 290 39 38
f 290 38 354
f 354 38 41
f 354 41 352
f 352 41 53
f 352 53 52
f 231 22 232
f 232 22 21
f 232 21 298
f 298 21 20
f 298 20 296
f 296 20 44
f 296 44 43
f 222 29 223
f 223 29 26
f 223 26 314
f 314 26 28
f 314 28 312
f 312 28 25
f 312 25 310
f 310 25 24
f 310 24 308
f 308 24 23
f 308 23 305
f 305 23 19
f 305 19 303
f 303 19 18
f 303 18 301
f 301 18 16
f 301 16 231
f 231 16 15
f 231 15 22
f 220 10 266
f 266 10 9
f 266 9 264
f 9 37 264
f 264 37 36
f 264 36 262
f 262 36 35
f 262 35 259
f 259 35 34
f 259 34 257
f 257 34 33
f 257 33 255
f 255 33 32
f 255 32 253
f 253 32 31
f 253 31 222
f 222 31 30
f 222 30 29
f 224 14 219
f 219 14 13
f 219 13 220
f 220 13 12
f 220 12 10
f 87 85 240
f 240 85 84
f 240 84 238
f 238 84 8
f 238 8 236
f 236 8 7
f 236 7 230
f 230 7 5
f 230 5 228
f 228 5 4
f 228 4 226
f 226 4 3
f 226 3 224
f 224 3 2
f 224 2 14
f 355 353 357
f 291 356 358
f 295 293 359
f 299 297 360
f 227 225 361
f 234 229 362
f 237 235 363
f 241 239 364
f 249 247 365
f 269 251 366
f 272 270 367
f 276 274 368
f 284 282 369
f 334 332 370
f 337 336 371
f 372 373 374
f 374 373 375
f 376 377 375
f 378 379 380
f 380 379 375
f 381 378 382
f 382 378 380
f 382 380 383
f 383 380 375
f 384 372 385
f 385 372 374
f 385 374 386
f 386 374 375
f 387 381 388
f 388 381 382
f 388 382 389
f 389 382 383
f 389 383 390
f 390 383 375
f 391 384 392
f 392 384 385
f 392 385 393
f 393 385 386
f 393 386 394
f 394 386 375
f 395 387 396
f 396 387 388
f 396 388 397
f 397 388 389
f 397 389 398
f 398 389 390
f 398 390 399
f 399 390 375
f 400 391 401
f 401 391 392
f 401 392 402
f 402 392 393
f 402 393 403
f 403 393 394
f 403 394 404
f 404 394 375
f 405 395 406
f 406 395 396
f 406 396 407
f 407 396 397
f 407 397 408
f 408 397 398
f 408 398 409
f 409 398 399
f 409 399 410
f 410 399 375
f 411 400 412
f 412 400 401
f 412 401 413
f 413 401 402
f 413 402 414
f 414 402 403
f 414 403 415
f 415 403 404
f 415 404 416
f 416 404 375
f 417 405 418
f 418 405 406
f 418 406 419
f 419 406 407
f 419 407 420
f 420 407 408
f 420 408 421
f 421 408 409
f 421 409 422
f 422 409 410
f 422 410 423
f 423 410 375
f 424 411 425
f 425 411 412
f 425 412 426
f 426 412 413
f 426 413 427
f 427 413 414
f 427 414 428
f 428 414 415
f 428 415 429
f 429 415 416
f 429 416 430
f 430 416 375
f 431 417 432
f 432 417 418
f 432 418 433
f 433 418 419
f 433 419 434
f 434 419 420
f 434 420 435
f 435 420 421
f 435 421 436
f 436 421 422
f 436 422 437
f 437 422 423
f 437 423 438
f 438 423 375
f 439 424 440
f 440 424 425
f 440 425 441
f 441 425 426
f 441 426 442
f 442 426 427
f 442 427 443
f 443 427 428
f 443 428 444
f 444 428 429
f 444 429 445
f 445 429 430
f 445 430 446
f 446 430 375
f 447 431 448
f 448 431 432
f 448 432 449
f 449 432 433
f 449 433 450
f 450 433 434
f 450 434 451
f 451 434 435
f 451 435 452
f 452 435 436
f 452 436 453
f 453 436 437
f 453 437 454
f 454 437 438
f 454 438 455
f 455 438 375
f 456 439 457
f 457 439 440
f 457 440 458
f 458 440 441
f 458 441 459
f 459 441 442
f 459 442 460
f 460 442 443
f 460 443 461
f 461 443 444
f 461 444 462
f 462 444 445
f 462 445 463
f 463 445 446
f 463 446 464
f 464 446 375
f 465 447 466
f 466 447 448
f 466 448 467
f 467 448 449
f 467 449 468
f 468 449 450
f 468 450 469
f 469 450 451
f 469 451 470
f 470 451 452
f 470 452 471
f 471 452 453
f 471 453 472
f 472 453 454
f 472 454 473
f 473 454 455
f 473 455 474
f 474 455 375
f 475 456 476
f 476 456 457
f 476 457 477
f 477 457 458
f 477 458 478
f 478 458 459
f 478 459 479
f 479 459 460
f 479 460 480
f 480 460 461
f 480 461 481
f 481 461 462
f 481 462 482
f 482 462 463
f 482 463 483
f 483 463 464
f 483 464 484
f 484 464 375
f 485 465 486
f 486 465 466
f 486 466 487
f 487 466 467
f 487 467 488
f 488 467 468
f 488 468 489
f 489 468 469
f 489 469 490
f 490 469 470
f 490 470 491
f 491 470 471
f 491 471 492
f 492 471 472
f 492 472 493
f 493 472 473
f 493 473 494
f 494 473 474
f 494 474 495
f 495 474 375
f 496 475 497
f 497 475 476
f 497 476 498
f 498 476 477
f 498 477 499
f 499 477 478
f 499 478 500
f 500 478 479
f 500 479 501
f 501 479 480
f 501 480 502
f 502 480 481
f 502 481 503
f 503 481 482
f 503 482 504
f 504 482 483
f 504 483 505
f 505 483 484
f 505 484 506
f 506 484 375
f 507 485 508
f 508 485 486
f 508 486 509
f 509 486 487
f 509 487 510
f 510 487 488
f 510 488 511
f 511 488 489
f 511 489 512
f 512 489 490
f 512 490 513
f 513 490 491
f 513 491 514
f 514 491 492
f 514 492 515
f 515 492 493
f 515 493 516
f 516 493 494
f 516 494 517
f 517 494 495
f 517 495 518
f 518 495 375
f 377 376 519
f 519 376 520
f 519 520 521
f 521 520 522
f 521 522 523
f 523 522 524
f 523 524 525
f 525 524 526
f 525 526 527
f 527 526 528
f 527 528 529
f 529 528 530
f 529 530 531
f 531 530 532
f 531 532 533
f 533 532 534
f 533 534 535
f 535 534 536
f 535 536 537
f 537 536 538
f 537 538 539
f 540 375 377
f 541 496 542
f 542 496 497
f 542 497 543
f 543 497 498
f 543 498 544
f 544 498 499
f 544 499 545
f 545 499 500
f 545 500 546
f 546 500 501
f 546 501 547
f 547 501 502
f 547 502 548
f 548 502 503
f 548 503 549
f 549 503 504
f 549 504 550
f 550 504 505
f 550 505 551
f 551 505 506
f 551 506 552
f 552 506 375
f 553 507 554
f 554 507 508
f 554 508 555
f 555 508 509
f 555 509 556
f 556 509 510
f 556 510 557
f 557 510 511
f 557 511 558
f 558 511 512
f 558 512 559
f 559 512 513
f 559 513 560
f 560 513 514
f 560 514 561
f 561 514 515
f 561 515 562
f 562 515 516
f 562 516 563
f 563 516 517
f 563 517 564
f 564 517 518
f 564 518 565
f 565 518 375
f 540 377 566
f 566 377 519
f 566 519 567
f 567 519 521
f 567 521 568
f 568 521 523
f 568 523 569
f 569 523 525
f 569 525 570
f 570 525 527
f 570 527 571
f 571 527 529
f 571 529 572
f 572 529 531
f 572 531 573
f 573 531 533
f 573 533 574
f 574 533 535
f 574 535 575
f 575 535 537
f 575 537 576
f 576 537 539
f 576 539 577
f 578 375 540
f 579 541 580
f 580 541 542
f 580 542 581
f 581 542 543
f 581 543 582
f 582 543 544
f 582 544 583
f 583 544 545
f 583 545 584
f 584 545 546
f 584 546 585
f 585 546 547
f 585 547 586
f 586 547 548
f 586 548 587
f 587 548 549
f 587 549 588
f 588 549 550
f 588 550 589
f 589 550 551
f 589 551 590
f 590 551 552
f 590 552 591
f 591 552 375
f 592 553 593
f 593 553 554
f 593 554 594
f 594 554 555
f 594 555 595
f 595 555 556
f 595 556 596
f 596 556 557
f 596 557 597
f 597 557 558
f 597 558 598
f 598 558 559
f 598 559 599
f 599 559 560
f 599 560 600
f 600 560 561
f 600 561 601
f 601 561 562
f 601 562 602
f 602 562 563
f 602 563 603
f 603 563 564
f 603 564 604
f 604 564 565
f 604 565 605
f 605 565 375
f 578 540 606
f 606 540 566
f 606 566 607
f 607 566 567
f 607 567 608
f 608 567 568
f 608 568 609
f 609 568 569
f 609 569 610
f 610 569 570
f 610 570 611
f 611 570 571
f 611 571 612
f 612 571 572
f 612 572 613
f 613 572 573
f 613 573 614
f 614 573 574
f 614 574 615
f 615 574 575
f 615 575 616
f 616 575 576
f 616 576 617
f 617 576 577
f 617 577 618
f 619 375 578
f 620 579 621
f 621 579 580
f 621 580 622
f 622 580 581
f 622 581 623
f 623 581 582
f 623 582 624
f 624 582 583
f 624 583 625
f 625 583 584
f 625 584 626
f 626 584 585
f 626 585 627
f 627 585 586
f 627 586 628
f 628 586 587
f 628 587 629
f 629 587 588
f 629 588 630
f 630 588 589
f 630 589 631
f 631 589 590
f 631 590 632
f 632 590 591
f 632 591 633
f 633 591 375
f 619 578 634
f 634 578 606
f 634 606 635
f 635 606 607
f 635 607 636
f 636 607 608
f 636 608 637
f 637 608 609
f 637 609 638
f 638 609 610
f 638 610 639
f 639 610 611
f 639 611 640
f 640 611 612
f 640 612 641
f 641 612 613
f 641 613 642
f 642 613 614
f 642 614 643
f 643 614 615
f 643 615 644
f 644 615 616
f 644 616 645
f 645 616 617
f 645 617 646
f 646 617 618
f 646 618 647
f 648 375 619
f 649 620 650
f 650 620 621
f 650 621 651
f 651 621 622
f 651 622 652
f 652 622 623
f 652 623 653
f 653 623 624
f 653 624 654
f 654 624 625
f 654 625 655
f 655 625 626
f 655 626 656
f 656 626 627
f 656 627 657
f 657 627 628
f 657 628 658
f 658 628 629
f 658 629 659
f 659 629 630
f 659 630 660
f 660 630 631
f 660 631 661
f 661 631 632
f 661 632 662
f 662 632 633
f 662 633 663
f 663 633 375
f 664 592 665
f 665 592 593
f 665 593 666
f 666 593 594
f 666 594 667
f 667 594 595
f 667 595 668
f 668 595 596
f 668 596 669
f 669 596 597
f 669 597 670
f 670 597 598
f 670 598 671
f 671 598 599
f 671 599 672
f 672 599 600
f 672 600 673
f 673 600 601
f 673 601 674
f 674 601 602
f 674 602 675
f 675 602 603
f 675 603 676
f 676 603 604
f 676 604 677
f 677 604 605
f 677 605 678
f 678 605 375
f 648 619 679
f 679 619 634
f 679 634 680
f 680 634 635
f 680 635 681
f 681 635 636
f 681 636 682
f 682 636 637
f 682 637 683
f 683 637 638
f 683 638 684
f 684 638 639
f 684 639 685
f 685 639 640
f 685 640 686
f 686 640 641
f 686 641 687
f 687 641 642
f 687 642 688
f 688 642 643
f 688 643 689
f 689 643 644
f 689 644 690
f 690 644 645
f 690 645 691
f 691 645 646
f 691 646 692
f 692 646 647
f 692 647 693
f 694 649 695
f 695 649 650
f 695 650 696
f 696 650 651
f 696 651 697
f 697 651 652
f 697 652 698
f 698 652 653
f 698 653 699
f 699 653 654
f 699 654 700
f 700 654 655
f 700 655 701
f 701 655 656
f 701 656 702
f 702 656 657
f 702 657 703
f 703 657 658
f 703 658 704
f 704 658 659
f 704 659 705
f 705 659 660
f 705 660 706
f 706 660 661
f 706 661 707
f 707 661 662
f 707 662 708
f 708 662 663
f 708 663 709
f 709 663 375
f 710 711 712
f 357 664 713
f 713 664 665
f 713 665 714
f 714 665 666
f 714 666 715
f 715 666 667
f 715 667 716
f 716 667 668
f 716 668 717
f 717 668 669
f 717 669 718
f 718 669 670
f 718 670 719
f 719 670 671
f 719 671 720
f 720 671 672
f 720 672 721
f 721 672 673
f 721 673 722
f 722 673 674
f 722 674 723
f 723 674 675
f 723 675 724
f 724 675 676
f 724 676 725
f 725 676 677
f 725 677 726
f 726 677 678
f 726 678 727
f 727 678 375
f 728 729 730
f 731 732 733
f 734 711 735
f 735 711 710
f 735 710 736
f 737 738 739
f 739 738 740
f 739 740 741
f 741 740 742
f 741 742 743
f 743 742 744
f 743 744 745
f 745 744 746
f 745 746 747
f 747 746 748
f 747 748 749
f 349 347 750
f 750 347 728
f 750 728 751
f 751 728 730
f 751 730 752
f 347 345 728
f 728 345 343
f 728 343 729
f 729 343 341
f 729 341 339
f 753 752 754
f 754 752 730
f 754 730 755
f 755 730 729
f 755 729 371
f 371 729 339
f 371 339 337
f 756 753 757
f 757 753 754
f 757 754 758
f 758 754 755
f 758 755 759
f 759 755 371
f 759 371 370
f 370 371 336
f 370 336 334
f 538 756 539
f 539 756 757
f 539 757 577
f 577 757 758
f 577 758 618
f 618 758 759
f 618 759 647
f 647 759 370
f 647 370 693
f 693 370 332
f 693 332 330
f 330 328 693
f 693 328 760
f 693 760 692
f 692 760 761
f 692 761 691
f 691 761 762
f 691 762 690
f 690 762 763
f 690 763 689
f 689 763 764
f 689 764 688
f 688 764 765
f 688 765 687
f 687 765 766
f 687 766 686
f 686 766 767
f 686 767 685
f 685 767 768
f 685 768 684
f 684 768 769
f 684 769 683
f 683 769 770
f 683 770 682
f 682 770 771
f 682 771 681
f 681 771 772
f 681 772 680
f 680 772 773
f 680 773 679
f 679 773 774
f 679 774 648
f 648 774 775
f 648 775 375
f 328 326 760
f 760 326 776
f 760 776 761
f 761 776 777
f 761 777 762
f 762 777 778
f 762 778 763
f 763 778 779
f 763 779 764
f 764 779 780
f 764 780 765
f 765 780 781
f 765 781 766
f 766 781 782
f 766 782 767
f 767 782 783
f 767 783 768
f 768 783 784
f 768 784 769
f 769 784 785
f 769 785 770
f 770 785 786
f 770 786 771
f 771 786 787
f 771 787 772
f 772 787 788
f 772 788 773
f 773 788 789
f 773 789 774
f 774 789 790
f 774 790 775
f 775 790 791
f 775 791 375
f 324 322 792
f 322 320 792
f 792 320 731
f 792 731 793
f 793 731 733
f 793 733 794
f 320 318 731
f 731 318 317
f 731 317 732
f 732 317 288
f 732 288 286
f 795 794 796
f 796 794 733
f 796 733 797
f 797 733 732
f 797 732 369
f 369 732 286
f 369 286 284
f 798 795 799
f 799 795 796
f 799 796 800
f 800 796 797
f 800 797 801
f 801 797 369
f 801 369 802
f 802 369 282
f 802 282 280
f 803 798 804
f 804 798 799
f 804 799 805
f 805 799 800
f 805 800 806
f 806 800 801
f 806 801 807
f 807 801 802
f 807 802 808
f 808 802 280
f 808 280 278
f 809 803 810
f 810 803 804
f 810 804 811
f 811 804 805
f 811 805 812
f 812 805 806
f 812 806 813
f 813 806 807
f 813 807 814
f 814 807 808
f 814 808 368
f 368 808 278
f 368 278 276
f 815 809 816
f 816 809 810
f 816 810 817
f 817 810 811
f 817 811 818
f 818 811 812
f 818 812 819
f 819 812 813
f 819 813 820
f 820 813 814
f 820 814 821
f 821 814 368
f 821 368 367
f 367 368 274
f 367 274 272
f 822 815 823
f 823 815 816
f 823 816 824
f 824 816 817
f 824 817 825
f 825 817 818
f 825 818 826
f 826 818 819
f 826 819 827
f 827 819 820
f 827 820 828
f 828 820 821
f 828 821 829
f 829 821 367
f 829 367 366
f 366 367 270
f 366 270 269
f 830 822 831
f 831 822 823
f 831 823 832
f 832 823 824
f 832 824 833
f 833 824 825
f 833 825 834
f 834 825 826
f 834 826 835
f 835 826 827
f 835 827 836
f 836 827 828
f 836 828 837
f 837 828 829
f 837 829 838
f 838 829 366
f 838 366 365
f 365 366 251
f 365 251 249
f 839 830 840
f 840 830 831
f 840 831 841
f 841 831 832
f 841 832 842
f 842 832 833
f 842 833 843
f 843 833 834
f 843 834 844
f 844 834 835
f 844 835 845
f 845 835 836
f 845 836 846
f 846 836 837
f 846 837 847
f 847 837 838
f 847 838 848
f 848 838 365
f 848 365 849
f 849 365 247
f 849 247 245
f 850 839 851
f 851 839 840
f 851 840 852
f 852 840 841
f 852 841 853
f 853 841 842
f 853 842 854
f 854 842 843
f 854 843 855
f 855 843 844
f 855 844 856
f 856 844 845
f 856 845 857
f 857 845 846
f 857 846 858
f 858 846 847
f 858 847 859
f 859 847 848
f 859 848 860
f 860 848 849
f 860 849 861
f 861 849 245
f 861 245 243
f 862 850 863
f 863 850 851
f 863 851 864
f 864 851 852
f 864 852 865
f 865 852 853
f 865 853 866
f 866 853 854
f 866 854 867
f 867 854 855
f 867 855 868
f 868 855 856
f 868 856 869
f 869 856 857
f 869 857 870
f 870 857 858
f 870 858 871
f 871 858 859
f 871 859 872
f 872 859 860
f 872 860 873
f 873 860 861
f 873 861 364
f 364 861 243
f 364 243 241
f 874 862 875
f 875 862 863
f 875 863 876
f 876 863 864
f 876 864 877
f 877 864 865
f 877 865 878
f 878 865 866
f 878 866 879
f 879 866 867
f 879 867 880
f 880 867 868
f 880 868 881
f 881 868 869
f 881 869 882
f 882 869 870
f 882 870 883
f 883 870 871
f 883 871 884
f 884 871 872
f 884 872 885
f 885 872 873
f 885 873 886
f 886 873 364
f 886 364 363
f 363 364 239
f 363 239 237
f 887 874 888
f 888 874 875
f 888 875 889
f 889 875 876
f 889 876 890
f 890 876 877
f 890 877 891
f 891 877 878
f 891 878 892
f 892 878 879
f 892 879 893
f 893 879 880
f 893 880 894
f 894 880 881
f 894 881 895
f 895 881 882
f 895 882 896
f 896 882 883
f 896 883 897
f 897 883 884
f 897 884 898
f 898 884 885
f 898 885 899
f 899 885 886
f 899 886 900
f 900 886 363
f 900 363 362
f 362 363 235
f 362 235 234
f 901 887 902
f 902 887 888
f 902 888 903
f 903 888 889
f 903 889 904
f 904 889 890
f 904 890 905
f 905 890 891
f 905 891 906
f 906 891 892
f 906 892 907
f 907 892 893
f 907 893 908
f 908 893 894
f 908 894 909
f 909 894 895
f 909 895 910
f 910 895 896
f 910 896 911
f 911 896 897
f 911 897 912
f 912 897 898
f 912 898 913
f 913 898 899
f 913 899 914
f 914 899 900
f 914 900 915
f 915 900 362
f 915 362 361
f 361 362 229
f 361 229 227
f 375 901 916
f 916 901 902
f 916 902 917
f 917 902 903
f 917 903 918
f 918 903 904
f 918 904 919
f 919 904 905
f 919 905 920
f 920 905 906
f 920 906 921
f 921 906 907
f 921 907 922
f 922 907 908
f 922 908 923
f 923 908 909
f 923 909 924
f 924 909 910
f 924 910 925
f 925 910 911
f 925 911 926
f 926 911 912
f 926 912 927
f 927 912 913
f 927 913 928
f 928 913 914
f 928 914 929
f 929 914 915
f 929 915 930
f 930 915 361
f 930 361 931
f 931 361 225
f 931 225 218
f 218 694 931
f 931 694 695
f 931 695 930
f 930 695 696
f 930 696 929
f 929 696 697
f 929 697 928
f 928 697 698
f 928 698 927
f 927 698 699
f 927 699 926
f 926 699 700
f 926 700 925
f 925 700 701
f 925 701 924
f 924 701 702
f 924 702 923
f 923 702 703
f 923 703 922
f 922 703 704
f 922 704 921
f 921 704 705
f 921 705 920
f 920 705 706
f 920 706 919
f 919 706 707
f 919 707 918
f 918 707 708
f 918 708 917
f 917 708 709
f 917 709 916
f 916 709 375
f 326 324 776
f 776 324 792
f 776 792 777
f 777 792 793
f 777 793 778
f 778 793 794
f 778 794 779
f 779 794 795
f 779 795 780
f 780 795 798
f 780 798 781
f 781 798 803
f 781 803 782
f 782 803 809
f 782 809 783
f 783 809 815
f 783 815 784
f 784 815 822
f 784 822 785
f 785 822 830
f 785 830 786
f 786 830 839
f 786 839 787
f 787 839 850
f 787 850 788
f 788 850 862
f 788 862 789
f 789 862 874
f 789 874 790
f 790 874 887
f 790 887 791
f 791 887 901
f 791 901 375
f 268 267 736
f 736 267 265
f 736 265 735
f 735 265 263
f 263 261 735
f 735 261 260
f 735 260 734
f 734 260 258
f 734 258 256
f 932 712 933
f 933 712 711
f 933 711 934
f 934 711 734
f 934 734 935
f 935 734 256
f 935 256 254
f 936 932 937
f 937 932 933
f 937 933 938
f 938 933 934
f 938 934 939
f 939 934 935
f 939 935 940
f 940 935 254
f 940 254 221
f 738 936 740
f 740 936 937
f 740 937 742
f 742 937 938
f 742 938 744
f 744 938 939
f 744 939 746
f 746 939 940
f 746 940 748
f 748 940 221
f 221 316 748
f 748 316 315
f 748 315 749
f 749 315 313
f 749 313 311
f 941 737 942
f 942 737 739
f 942 739 943
f 943 739 741
f 943 741 944
f 944 741 743
f 944 743 945
f 945 743 745
f 945 745 946
f 946 745 747
f 946 747 947
f 947 747 749
f 947 749 948
f 948 749 311
f 948 311 309
f 949 941 950
f 950 941 942
f 950 942 951
f 951 942 943
f 951 943 952
f 952 943 944
f 952 944 953
f 953 944 945
f 953 945 954
f 954 945 946
f 954 946 955
f 955 946 947
f 955 947 956
f 956 947 948
f 956 948 957
f 957 948 309
f 309 307 957
f 957 307 306
f 957 306 304
f 958 949 959
f 959 949 950
f 959 950 960
f 960 950 951
f 960 951 961
f 961 951 952
f 961 952 962
f 962 952 953
f 962 953 963
f 963 953 954
f 963 954 964
f 964 954 955
f 964 955 965
f 965 955 956
f 965 956 966
f 966 956 957
f 966 957 967
f 967 957 304
f 967 304 302
f 968 958 969
f 969 958 959
f 969 959 970
f 970 959 960
f 970 960 971
f 971 960 961
f 971 961 972
f 972 961 962
f 972 962 973
f 973 962 963
f 973 963 974
f 974 963 964
f 974 964 975
f 975 964 965
f 975 965 976
f 976 965 966
f 976 966 977
f 977 966 967
f 977 967 978
f 978 967 302
f 978 302 233
f 979 968 980
f 980 968 969
f 980 969 981
f 981 969 970
f 981 970 982
f 982 970 971
f 982 971 983
f 983 971 972
f 983 972 984
f 984 972 973
f 984 973 985
f 985 973 974
f 985 974 986
f 986 974 975
f 986 975 987
f 987 975 976
f 987 976 988
f 988 976 977
f 988 977 989
f 989 977 978
f 989 978 990
f 990 978 233
f 990 233 300
f 991 979 992
f 992 979 980
f 992 980 993
f 993 980 981
f 993 981 994
f 994 981 982
f 994 982 995
f 995 982 983
f 995 983 996
f 996 983 984
f 996 984 997
f 997 984 985
f 997 985 998
f 998 985 986
f 998 986 999
f 999 986 987
f 999 987 1000
f 1000 987 988
f 1000 988 1001
f 1001 988 989
f 1001 989 1002
f 1002 989 990
f 1002 990 360
f 360 990 300
f 360 300 299
f 1003 991 1004
f 1004 991 992
f 1004 992 1005
f 1005 992 993
f 1005 993 1006
f 1006 993 994
f 1006 994 1007
f 1007 994 995
f 1007 995 1008
f 1008 995 996
f 1008 996 1009
f 1009 996 997
f 1009 997 1010
f 1010 997 998
f 1010 998 1011
f 1011 998 999
f 1011 999 1012
f 1012 999 1000
f 1012 1000 1013
f 1013 1000 1001
f 1013 1001 1014
f 1014 1001 1002
f 1014 1002 1015
f 1015 1002 360
f 1015 360 359
f 359 360 297
f 359 297 295
f 1016 1003 1017
f 1017 1003 1004
f 1017 1004 1018
f 1018 1004 1005
f 1018 1005 1019
f 1019 1005 1006
f 1019 1006 1020
f 1020 1006 1007
f 1020 1007 1021
f 1021 1007 1008
f 1021 1008 1022
f 1022 1008 1009
f 1022 1009 1023
f 1023 1009 1010
f 1023 1010 1024
f 1024 1010 1011
f 1024 1011 1025
f 1025 1011 1012
f 1025 1012 1026
f 1026 1012 1013
f 1026 1013 1027
f 1027 1013 1014
f 1027 1014 1028
f 1028 1014 1015
f 1028 1015 1029
f 1029 1015 359
f 1029 359 358
f 358 359 293
f 358 293 291
f 727 1016 726
f 726 1016 1017
f 726 1017 725
f 725 1017 1018
f 725 1018 724
f 724 1018 1019
f 724 1019 723
f 723 1019 1020
f 723 1020 722
f 722 1020 1021
f 722 1021 721
f 721 1021 1022
f 721 1022 720
f 720 1022 1023
f 720 1023 719
f 719 1023 1024
f 719 1024 718
f 718 1024 1025
f 718 1025 717
f 717 1025 1026
f 717 1026 716
f 716 1026 1027
f 716 1027 715
f 715 1027 1028
f 715 1028 714
f 714 1028 1029
f 714 1029 713
f 713 1029 358
f 713 358 357
f 357 358 356
f 357 356 355
f 353 351 357
f 357 351 1030
f 357 1030 664
f 664 1030 1031
f 664 1031 592
f 592 1031 1032
f 592 1032 553
f 553 1032 1033
f 553 1033 507
f 507 1033 1034
f 507 1034 485
f 485 1034 1035
f 485 1035 465
f 465 1035 1036
f 465 1036 447
f 447 1036 1037
f 447 1037 431
f 431 1037 1038
f 431 1038 417
f 417 1038 1039
f 417 1039 405
f 405 1039 1040
f 405 1040 395
f 395 1040 1041
f 395 1041 387
f 387 1041 1042
f 387 1042 381
f 381 1042 1043
f 381 1043 378
f 378 1043 1044
f 378 1044 379
f 379 1044 1045
f 379 1045 375
f 351 349 1030
f 1030 349 750
f 1030 750 1031
f 1031 750 751
f 1031 751 1032
f 1032 751 752
f 1032 752 1033
f 1033 752 753
f 1033 753 1034
f 1034 753 756
f 1034 756 1035
f 1035 756 538
f 1035 538 1036
f 1036 538 536
f 1036 536 1037
f 1037 536 534
f 1037 534 1038
f 1038 534 532
f 1038 532 1039
f 1039 532 530
f 1039 530 1040
f 1040 530 528
f 1040 528 1041
f 1041 528 526
f 1041 526 1042
f 1042 526 524
f 1042 524 1043
f 1043 524 522
f 1043 522 1044
f 1044 522 520
f 1044 520 1045
f 1045 520 376
f 1045 376 375
f 218 268 694
f 694 268 736
f 694 736 649
f 649 736 710
f 649 710 620
f 620 710 712
f 620 712 579
f 579 712 932
f 579 932 541
f 541 932 936
f 541 936 496
f 496 936 738
f 496 738 475
f 475 738 737
f 475 737 456
f 456 737 941
f 456 941 439
f 439 941 949
f 439 949 424
f 424 949 958
f 424 958 411
f 411 958 968
f 411 968 400
f 400 968 979
f 400 979 391
f 391 979 991
f 391 991 384
f 384 991 1003
f 384 1003 372
f 372 1003 1016
f 372 1016 373
f 373 1016 727
f 373 727 375
f 1046 1047 1048
f 1048 1047 1049
f 1048 1049 1050
f 1050 1049 1051
f 1050 1051 1052
f 1052 1051 1053
f 1052 1053 1054
f 1054 1053 1055
f 1054 1055 1056
f 1056 1055 1057
f 1056 1057 1058
f 1058 1057 1059
f 1058 1059 1060
f 1060 1059 1061
f 1060 1061 1062
f 1062 1061 1063
f 1062 1063 1064
f 1064 1063 1065
f 1064 1065 1066
f 1066 1065 1067
f 1066 1067 1068
f 1068 1067 1069
f 1068 1069 1070
f 1070 1069 1071
f 1070 1071 1072
f 1072 1071 1073
f 1072 1073 1074
f 1074 1073 1075
f 1074 1075 1076
f 1076 1075 1077
f 1076 1077 1078
f 1078 1077 1079
f 1078 1079 1080
f 1080 1079 1081
f 1080 1081 1082
f 1082 1081 1083
f 1082 1083 1084
f 1084 1083 1085
f 1084 1085 1086
f 1086 1085 1087
f 1086 1087 1088
f 1088 1087 1089
f 1088 1089 1090
f 1090 1089 1091
f 1090 1091 1092
f 1092 1091 1093
f 1092 1093 1094
f 1094 1093 1095
f 1094 1095 1096
f 1096 1095 1097
f 1096 1097 1098
f 1098 1097 1099
f 1098 1099 1100
f 1100 1099 1101
f 1100 1101 1102
f 1102 1101 1103
f 1102 1103 1104
f 1104 1103 1105
f 1104 1105 1106
f 1106 1105 1107
f 1106 1107 1108
f 1108 1107 1109
f 1108 1109 1110
f 1110 1109 1111
f 1110 1111 1112
f 1112 1111 1113
f 1112 1113 1114
f 1114 1113 1115
f 1114 1115 1116
f 1116 1115 1117
f 1116 1117 1046
f 1046 1117 1047
f 1118 1119 1120
f 1120 1119 1121
f 1120 1121 1122
f 1122 1121 1123
f 1124 1125 1123
f 1123 1125 1126
f 1123 1126 1122
f 1127 1128 1129
f 1129 1128 1130
f 1129 1130 1131
f 1131 1132 1129
f 1129 1132 1133
f 1129 1133 1134
f 1134 1133 1135
f 1134 1135 1120
f 1120 1135 1136
f 1120 1136 1118
f 1137 1138 1139
f 1139 1138 1140
f 1139 1140 1141
f 1141 1142 1139
f 1139 1142 1143
f 1139 1143 1144
f 1145 1146 1147
f 1147 1148 1145
f 1145 1148 1149
f 1145 1149 1150
f 1150 1149 1129
f 1129 1149 1151
f 1129 1151 1152
f 1152 1153 1129
f 1129 1153 1154
f 1129 1154 1155
f 1155 1156 1129
f 1129 1156 1127
f 1157 1158 1159
f 1159 1160 1157
f 1157 1160 1161
f 1157 1161 1162
f 1161 1163 1162
f 1162 1163 1164
f 1162 1164 1165
f 1165 1166 1162
f 1162 1166 1167
f 1162 1167 1168
f 1168 1167 1169
f 1168 1169 1139
f 1139 1169 1170
f 1139 1170 1137
f 1171 1172 1173
f 1173 1174 1171
f 1171 1174 1175
f 1171 1175 1176
f 1175 1177 1176
f 1176 1177 1178
f 1176 1178 1158
f 1158 1178 1179
f 1158 1179 1159
f 1180 1181 1182
f 1182 1181 1183
f 1180 1184 1181
f 1181 1184 1185
f 1181 1185 1186
f 1186 1185 1187
f 1186 1187 1172
f 1172 1187 1188
f 1172 1188 1173
f 1189 1190 1191
f 1192 1193 1194
f 1194 1193 1195
f 1194 1195 1191
f 1191 1195 1196
f 1191 1196 1189
f 1190 1197 1191
f 1191 1197 1198
f 1191 1198 1199
f 1200 1201 1202
f 1199 1203 1191
f 1191 1203 1204
f 1191 1204 1205
f 1201 1206 1202
f 1202 1206 1207
f 1202 1207 1208
f 1208 1209 1202
f 1202 1209 1210
f 1202 1210 1211
f 1211 1212 1202
f 1202 1212 1213
f 1202 1213 1214
f 1183 1181 1214
f 1214 1181 1215
f 1214 1215 1202
f 1216 1217 1192
f 1192 1217 1218
f 1192 1218 1193
f 1124 1219 1125
f 1125 1219 1220
f 1125 1220 1221
f 1221 1220 1222
f 1221 1222 1192
f 1192 1222 1223
f 1192 1223 1216
f 1144 1146 1139
f 1139 1146 1145
f 1139 1145 1224
f 1224 1145 1225
f 1224 1225 1226
f 1226 1225 1227
f 1226 1227 1228
f 1228 1227 1229
f 1228 1229 1230
f 1230 1229 1231
f 1230 1231 1232
f 1232 1231 1233
f 1232 1233 1234
f 1234 1233 1235
f 1234 1235 1236
f 1236 1235 1237
f 1236 1237 1238
f 1238 1237 1239
f 1238 1239 1240
f 1240 1239 1241
f 1240 1241 1242
f 1242 1241 1243
f 1242 1243 1244
f 1244 1243 1245
f 1244 1245 1246
f 1246 1245 1247
f 1246 1247 1248
f 1248 1247 1249
f 1248 1249 1250
f 1250 1249 1251
f 1250 1251 1252
f 1252 1251 1253
f 1252 1253 1254
f 1254 1253 1255
f 1254 1255 1256
f 1256 1255 1257
f 1256 1257 1258
f 1258 1257 1259
f 1258 1259 1260
f 1260 1259 1261
f 1260 1261 1262
f 1262 1261 1263
f 1262 1263 1264
f 1264 1263 1265
f 1264 1265 1266
f 1266 1265 1267
f 1266 1267 1268
f 1268 1267 1269
f 1268 1269 1270
f 1270 1269 1271
f 1270 1271 1272
f 1272 1271 1273
f 1272 1273 1274
f 1274 1273 1275
f 1274 1275 1276
f 1276 1275 1277
f 1276 1277 1278
f 1278 1277 1279
f 1278 1279 1280
f 1280 1279 1281
f 1280 1281 1282
f 1282 1281 1283
f 1282 1283 1284
f 1284 1283 1285
f 1284 1285 1286
f 1286 1285 1287
f 1286 1287 1288
f 1288 1287 1289
f 1288 1289 1290
f 1290 1289 1291
f 1290 1291 1292
f 1292 1291 1293
f 1292 1293 1294
f 1294 1293 1295
f 1294 1295 1296
f 1296 1295 1297
f 1296 1297 1298
f 1298 1297 1299
f 1298 1299 1300
f 1300 1299 1301
f 1300 1301 1302
f 1302 1301 1303
f 1302 1303 1304
f 1304 1303 1305
f 1304 1305 1306
f 1306 1305 1307
f 1306 1307 1308
f 1308 1307 1309
f 1308 1309 1310
f 1310 1309 1311
f 1310 1311 1312
f 1312 1311 1313
f 1312 1313 1314
f 1314 1313 1315
f 1314 1315 1316
f 1316 1315 1317
f 1316 1317 1318
f 1318 1317 1319
f 1318 1319 1320
f 1320 1319 1321
f 1320 1321 1322
f 1322 1321 1323
f 1322 1323 1324
f 1324 1323 1325
f 1324 1325 1326
f 1326 1325 1327
f 1326 1327 1328
f 1328 1327 1329
f 1328 1329 1330
f 1330 1329 1331
f 1330 1331 1332
f 1332 1331 1333
f 1332 1333 1334
f 1334 1333 1335
f 1334 1335 1336
f 1336 1335 1337
f 1336 1337 1338
f 1338 1337 1339
f 1338 1339 1340
f 1340 1339 1341
f 1340 1341 1342
f 1342 1341 1343
f 1342 1343 1344
f 1344 1343 1345
f 1344 1345 1346
f 1346 1345 1347
f 1346 1347 1348
f 1348 1347 1349
f 1348 1349 1350
f 1350 1349 1351
f 1350 1351 1352
f 1352 1351 1353
f 1352 1353 1354
f 1354 1353 1355
f 1354 1355 1356
f 1356 1355 1357
f 1356 1357 1358
f 1358 1357 1359
f 1358 1359 1360
f 1360 1359 1361
f 1360 1361 1362
f 1362 1361 1363
f 1362 1363 1364
f 1364 1363 1365
f 1364 1365 1366
f 1366 1365 1367
f 1366 1367 1368
f 1368 1367 1369
f 1368 1369 1370
f 1370 1369 1371
f 1370 1371 1372
f 1372 1371 1373
f 1372 1373 1374
f 1374 1373 1375
f 1374 1375 1376
f 1376 1375 1377
f 1376 1377 1378
f 1378 1377 1379
f 1378 1379 1380
f 1380 1379 1381
f 1380 1381 1382
f 1382 1381 1383
f 1382 1383 1384
f 1384 1383 1385
f 1384 1385 1386
f 1386 1385 1387
f 1386 1387 1388
f 1388 1387 1389
f 1388 1389 1390
f 1390 1389 1391
f 1390 1391 1392
f 1392 1391 1393
f 1392 1393 1394
f 1394 1393 1395
f 1394 1395 1396
f 1396 1395 1397
f 1396 1397 1398
f 1398 1397 1399
f 1398 1399 1400
f 1400 1399 1401
f 1400 1401 1402
f 1402 1401 1403
f 1402 1403 1404
f 1404 1403 1405
f 1404 1405 1406
f 1406 1405 1407
f 1406 1407 1408
f 1408 1407 1409
f 1408 1409 1410
f 1410 1409 1411
f 1410 1411 1412
f 1412 1411 1413
f 1412 1413 1414
f 1414 1413 1415
f 1414 1415 1416
f 1416 1415 1417
f 1416 1417 1418
f 1418 1417 1419
f 1418 1419 1202
f 1202 1419 1191
f 1202 1191 1200
f 1200 1191 1205
f 1420 1421 1422
f 1423 1424 1422
f 1422 1424 1425
f 1422 1425 1420
f 1426 1427 1422
f 1422 1427 1428
f 1422 1428 1423
f 1429 1430 1422
f 1422 1430 1431
f 1422 1431 1426
f 1432 1433 1422
f 1422 1433 1434
f 1422 1434 1429
f 1435 1436 1422
f 1422 1436 1437
f 1422 1437 1432
f 1438 1439 1422
f 1422 1439 1440
f 1422 1440 1435
f 1441 1442 1422
f 1422 1442 1443
f 1422 1443 1438
f 1444 1445 1422
f 1422 1445 1446
f 1422 1446 1441
f 1447 1448 1422
f 1422 1448 1449
f 1422 1449 1444
f 1450 1451 1422
f 1422 1451 1452
f 1422 1452 1447
f 1453 1454 1422
f 1422 1454 1455
f 1422 1455 1450
f 1456 1457 1422
f 1422 1457 1458
f 1422 1458 1453
f 1459 1460 1422
f 1422 1460 1461
f 1422 1461 1456
f 1462 1463 1422
f 1422 1463 1464
f 1422 1464 1459
f 1465 1466 1422
f 1422 1466 1467
f 1422 1467 1462
f 1468 1469 1422
f 1422 1469 1470
f 1422 1470 1465
f 1471 1472 1422
f 1422 1472 1473
f 1422 1473 1468
f 1474 1475 1422
f 1422 1475 1476
f 1422 1476 1471
f 1477 1478 1422
f 1422 1478 1479
f 1422 1479 1474
f 1480 1481 1422
f 1422 1481 1482
f 1422 1482 1477
f 1483 1484 1422
f 1422 1484 1485
f 1422 1485 1480
f 1486 1487 1422
f 1422 1487 1488
f 1422 1488 1483
f 1421 1489 1422
f 1422 1489 1490
f 1422 1490 1486
f 1491 1492 1493
f 1494 1495 1496
f 1496 1495 1497
f 1497 1495 1498
f 1497 1498 1499
f 1499 1498 1500
f 1499 1500 1492
f 1492 1500 1501
f 1492 1501 1493
f 1496 1502 1494
f 1494 1502 1503
f 1494 1503 1504
f 1504 1503 1505
f 1504 1505 1506
f 1506 1505 1507
f 1506 1507 1508
f 1507 1509 1508
f 1508 1509 1510
f 1508 1510 1511
f 1511 1510 1512
f 1511 1512 1513
f 1514 1515 1516
f 1516 1515 1517
f 1516 1517 1518
f 1519 1520 1521
f 1522 1523 1524
f 1525 1526 1517
f 1517 1526 1527
f 1517 1527 1518
f 1493 1528 1491
f 1491 1528 1529
f 1491 1529 1520
f 1520 1529 1530
f 1520 1530 1521
f 1512 1531 1513
f 1513 1531 1532
f 1513 1532 1533
f 1533 1532 1534
f 1533 1534 1535
f 1535 1534 1536
f 1535 1536 1537
f 1537 1536 1538
f 1537 1538 1539
f 1539 1538 1522
f 1539 1522 1540
f 1540 1522 1524
f 1541 1542 1523
f 1523 1542 1543
f 1523 1543 1524
f 1544 1545 1546
f 1546 1545 1547
f 1546 1547 1548
f 1548 1547 1549
f 1550 1551 1525
f 1525 1551 1552
f 1525 1552 1526
f 1553 1554 1555
f 1555 1554 1556
f 1555 1556 1557
f 1521 1558 1519
f 1519 1558 1559
f 1519 1559 1560
f 1560 1559 1561
f 1562 1563 1541
f 1541 1563 1564
f 1541 1564 1542
f 1549 1547 1565
f 1565 1547 1566
f 1565 1566 1567
f 1556 1568 1557
f 1557 1568 1569
f 1557 1569 1570
f 1570 1569 1571
f 1570 1571 1572
f 1561 1573 1560
f 1560 1573 1574
f 1560 1574 1575
f 1575 1574 1576
f 1576 1577 1575
f 1575 1577 1578
f 1575 1578 1555
f 1555 1578 1579
f 1555 1579 1553
f 1544 1580 1545
f 1545 1580 1581
f 1545 1581 1562
f 1562 1581 1582
f 1562 1582 1563
f 1583 1584 1585
f 1585 1584 1515
f 1585 1515 1586
f 1586 1515 1514
f 1587 1588 1589
f 1587 1589 1525
f 1525 1589 1590
f 1525 1590 1550
f 1572 1591 1570
f 1570 1591 1592
f 1570 1592 1587
f 1587 1592 1593
f 1587 1593 1588
f 1583 1594 1584
f 1584 1594 1595
f 1584 1595 1566
f 1566 1595 1596
f 1566 1596 1567
f 1597 1598 1599
f 1599 1598 1600
f 1599 1600 1601
f 1601 1600 1602
f 1601 1602 1603
f 1603 1602 1604
f 1603 1604 1605
f 1605 1604 1606
f 1605 1606 1607
f 1608 1609 1610
f 1608 1610 1611
f 1611 1610 1612
f 1611 1612 1597
f 1597 1612 1613
f 1597 1613 1598
f 1609 1608 1614
f 1614 1608 1615
f 1614 1615 1616
f 1616 1615 1617
f 1616 1617 1618
f 1618 1617 1619
f 1619 1617 1620
f 1619 1620 1621
f 1621 1620 1622
f 1621 1622 1623
f 1623 1622 1624
f 1624 1622 1625
f 1624 1625 1626
f 1626 1625 1627
f 1626 1627 1628
f 1629 1630 1631
f 1631 1630 1632
f 1631 1632 1633
f 1633 1632 1634
f 1633 1634 1627
f 1627 1634 1635
f 1627 1635 1628
f 1636 1637 1629
f 1629 1637 1638
f 1629 1638 1630
f 1639 1640 1641
f 1641 1640 1642
f 1641 1642 1636
f 1636 1642 1643
f 1636 1643 1637
f 1644 1645 1646
f 1646 1645 1647
f 1646 1647 1639
f 1639 1647 1648
f 1639 1648 1640
f 1649 1650 1651
f 1651 1650 1652
f 1651 1652 1644
f 1644 1652 1653
f 1644 1653 1645
f 1654 1655 1656
f 1656 1655 1657
f 1656 1657 1649
f 1649 1657 1658
f 1649 1658 1650
f 1659 1660 1661
f 1661 1660 1662
f 1661 1662 1654
f 1654 1662 1663
f 1654 1663 1655
f 1664 1665 1659
f 1659 1665 1666
f 1659 1666 1660
f 1667 1668 1669
f 1669 1670 1667
f 1667 1670 1671
f 1667 1671 1672
f 1672 1671 1673
f 1672 1673 1664
f 1664 1673 1674
f 1664 1674 1665
f 1675 1676 1677
f 1677 1676 1678
f 1677 1678 1679
f 1678 1680 1679
f 1679 1680 1681
f 1679 1681 1682
f 1682 1681 1683
f 1682 1683 1668
f 1668 1683 1684
f 1668 1684 1669
f 1685 1686 1687
f 1685 1687 1688
f 1688 1687 1689
f 1688 1689 1690
f 1690 1689 1691
f 1690 1691 1692
f 1692 1691 1693
f 1692 1693 1675
f 1675 1693 1694
f 1675 1694 1676
f 1695 1696 1697
f 1697 1696 1698
f 1697 1698 1699
f 1699 1698 1700
f 1699 1700 1701
f 1701 1700 1702
f 1701 1702 1685
f 1685 1702 1703
f 1685 1703 1686
f 1704 1705 1706
f 1706 1705 1707
f 1706 1707 1695
f 1695 1707 1708
f 1695 1708 1696
f 1709 1710 1711
f 1711 1710 1712
f 1711 1712 1704
f 1704 1712 1713
f 1704 1713 1705
f 1714 1715 1716
f 1716 1715 1717
f 1716 1717 1709
f 1709 1717 1718
f 1709 1718 1710
f 1719 1720 1714
f 1714 1720 1721
f 1714 1721 1715
f 1722 1723 1724
f 1724 1723 1725
f 1724 1725 1726
f 1726 1725 1727
f 1726 1727 1719
f 1719 1727 1728
f 1719 1728 1720
f 1729 1730 1731
f 1731 1730 1732
f 1731 1732 1722
f 1722 1732 1733
f 1722 1733 1723
f 1734 1735 1729
f 1729 1735 1736
f 1729 1736 1730
f 1737 1738 1739
f 1739 1738 1740
f 1739 1740 1734
f 1734 1740 1741
f 1734 1741 1735
f 1742 1743 1744
f 1744 1743 1745
f 1744 1745 1737
f 1737 1745 1746
f 1737 1746 1738
f 1747 1748 1749
f 1749 1748 1750
f 1749 1750 1742
f 1742 1750 1751
f 1742 1751 1743
f 1752 1753 1754
f 1754 1753 1755
f 1754 1755 1747
f 1747 1755 1756
f 1747 1756 1748
f 1757 1758 1759
f 1759 1758 1760
f 1759 1760 1752
f 1752 1760 1761
f 1752 1761 1753
f 1757 1759 1762
f 1762 1759 1763
f 1762 1763 1764
f 1764 1763 1765
f 1764 1765 1766
f 1766 1765 1767
f 1766 1767 1768
f 1768 1767 1769
f 1768 1769 1770
f 1607 1771 1605
f 1605 1771 1772
f 1605 1772 1773
f 1773 1772 1774
f 1773 1774 1775
f 1775 1774 1776
f 1775 1776 1777
f 1777 1776 1778
f 1777 1778 1769
f 1769 1778 1779
f 1769 1779 1770
f 1780 1781 1782
f 1783 1781 1780
f 1780 1784 1785
f 1786 1784 1780
f 1782 1786 1780
f 1780 1787 1788
f 1789 1787 1780
f 1785 1789 1780
f 1780 1790 1791
f 1792 1790 1780
f 1788 1792 1780
f 1780 1793 1794
f 1795 1793 1780
f 1791 1795 1780
f 1780 1796 1797
f 1798 1796 1780
f 1794 1798 1780
f 1780 1799 1800
f 1801 1799 1780
f 1797 1801 1780
f 1780 1802 1803
f 1804 1802 1780
f 1800 1804 1780
f 1780 1805 1806
f 1807 1805 1780
f 1803 1807 1780
f 1780 1808 1809
f 1810 1808 1780
f 1806 1810 1780
f 1780 1811 1812
f 1813 1811 1780
f 1809 1813 1780
f 1780 1814 1815
f 1816 1814 1780
f 1812 1816 1780
f 1780 1817 1818
f 1819 1817 1780
f 1815 1819 1780
f 1780 1820 1821
f 1822 1820 1780
f 1818 1822 1780
f 1821 1783 1780
f 1823 1824 1825
f 1825 1824 1826
f 1825 1826 1827
f 1827 1826 1828
f 1827 1828 1829
f 1829 1828 1830
f 1829 1830 1831
f 1831 1830 1832
f 1831 1832 1833
f 1833 1832 1834
f 1833 1834 1835
f 1835 1834 1836
f 1835 1836 1837
f 1837 1836 1838
f 1837 1838 1839
f 1839 1838 1840
f 1839 1840 1841
f 1841 1840 1842
f 1841 1842 1843
f 1843 1842 1844
f 1843 1844 1845
f 1845 1844 1846
f 1845 1846 1847
f 1847 1846 1848
f 1847 1848 1849
f 1849 1848 1850
f 1849 1850 1851
f 1851 1850 1852
f 1851 1852 1853
f 1853 1852 1854
f 1853 1854 1855
f 1855 1854 1856
f 1855 1856 1857
f 1857 1856 1858
f 1857 1858 1859
f 1859 1858 1860
f 1859 1860 1861
f 1861 1860 1862
f 1861 1862 1863
f 1863 1862 1864
f 1863 1864 1865
f 1865 1864 1866
f 1865 1866 1867
f 1867 1866 1868
f 1867 1868 1869
f 1869 1868 1870
f 1869 1870 1871
f 1871 1870 1872
f 1871 1872 1873
f 1873 1872 1874
f 1873 1874 1875
f 1875 1874 1876
f 1875 1876 1877
f 1877 1876 1878
f 1877 1878 1879
f 1879 1878 1880
f 1879 1880 1881
f 1881 1880 1882
f 1881 1882 1883
f 1883 1882 1884
f 1883 1884 1885
f 1885 1884 1886
f 1885 1886 1887
f 1887 1886 1888
f 1887 1888 1889
f 1889 1888 1890
f 1889 1890 1891
f 1891 1890 1892
f 1891 1892 1893
f 1893 1892 1894
f 1893 1894 1895
f 1895 1894 1896
f 1895 1896 1897
f 1897 1896 1898
f 1897 1898 1899
f 1899 1898 1900
f 1899 1900 1901
f 1901 1900 1902
f 1901 1902 1903
f 1903 1902 1904
f 1903 1904 1905
f 1905 1904 1906
f 1905 1906 1823
f 1823 1906 1824
f 1823 1907 1905
f 1905 1907 1908
f 1905 1908 1903
f 1903 1908 1909
f 1903 1909 1901
f 1901 1909 1910
f 1901 1910 1899
f 1899 1910 1911
f 1899 1911 1897
f 1897 1911 1912
f 1897 1912 1895
f 1895 1912 1913
f 1895 1913 1893
f 1893 1913 1914
f 1893 1914 1891
f 1891 1914 1915
f 1891 1915 1889
f 1889 1915 1916
f 1889 1916 1887
f 1887 1916 1917
f 1887 1917 1885
f 1885 1917 1918
f 1885 1918 1883
f 1883 1918 1919
f 1883 1919 1881
f 1881 1919 1920
f 1881 1920 1879
f 1879 1920 1921
f 1879 1921 1877
f 1877 1921 1922
f 1877 1922 1875
f 1875 1922 1923
f 1875 1923 1873
f 1873 1923 1924
f 1873 1924 1871
f 1871 1924 1925
f 1871 1925 1869
f 1869 1925 1926
f 1869 1926 1867
f 1867 1926 1927
f 1867 1927 1865
f 1865 1927 1928
f 1865 1928 1863
f 1863 1928 1929
f 1863 1929 1861
f 1861 1929 1930
f 1861 1930 1859
f 1859 1930 1931
f 1859 1931 1857
f 1857 1931 1932
f 1857 1932 1855
f 1855 1932 1933
f 1855 1933 1853
f 1853 1933 1934
f 1853 1934 1851
f 1851 1934 1935
f 1851 1935 1849
f 1849 1935 1936
f 1849 1936 1847
f 1847 1936 1937
f 1847 1937 1845
f 1845 1937 1938
f 1845 1938 1843
f 1843 1938 1939
f 1843 1939 1841
f 1841 1939 1940
f 1841 1940 1839
f 1839 1940 1941
f 1839 1941 1837
f 1837 1941 1942
f 1837 1942 1835
f 1835 1942 1943
f 1835 1943 1833
f 1833 1943 1944
f 1833 1944 1831
f 1831 1944 1945
f 1831 1945 1829
f 1829 1945 1946
f 1829 1946 1827
f 1827 1946 1947
f 1827 1947 1825
f 1825 1947 1948
f 1825 1948 1823
f 1823 1948 1907
f 1948 1949 1907
f 1907 1949 1950
f 1907 1950 1908
f 1908 1950 1951
f 1908 1951 1909
f 1909 1951 1952
f 1909 1952 1910
f 1910 1952 1953
f 1910 1953 1911
f 1911 1953 1954
f 1911 1954 1912
f 1912 1954 1955
f 1912 1955 1913
f 1913 1955 1956
f 1913 1956 1914
f 1914 1956 1957
f 1914 1957 1915
f 1915 1957 1958
f 1915 1958 1916
f 1916 1958 1959
f 1916 1959 1917
f 1917 1959 1960
f 1917 1960 1918
f 1918 1960 1961
f 1918 1961 1919
f 1919 1961 1962
f 1919 1962 1920
f 1920 1962 1963
f 1920 1963 1921
f 1921 1963 1964
f 1921 1964 1922
f 1922 1964 1965
f 1922 1965 1923
f 1923 1965 1966
f 1923 1966 1924
f 1924 1966 1967
f 1924 1967 1925
f 1925 1967 1968
f 1925 1968 1926
f 1926 1968 1969
f 1926 1969 1927
f 1927 1969 1970
f 1927 1970 1928
f 1928 1970 1971
f 1928 1971 1929
f 1929 1971 1972
f 1929 1972 1930
f 1930 1972 1973
f 1930 1973 1931
f 1931 1973 1974
f 1931 1974 1932
f 1932 1974 1975
f 1932 1975 1933
f 1933 1975 1976
f 1933 1976 1934
f 1934 1976 1977
f 1934 1977 1935
f 1935 1977 1978
f 1935 1978 1936
f 1936 1978 1979
f 1936 1979 1937
f 1937 1979 1980
f 1937 1980 1938
f 1938 1980 1981
f 1938 1981 1939
f 1939 1981 1982
f 1939 1982 1940
f 1940 1982 1983
f 1940 1983 1941
f 1941 1983 1984
f 1941 1984 1942
f 1942 1984 1985
f 1942 1985 1943
f 1943 1985 1986
f 1943 1986 1944
f 1944 1986 1987
f 1944 1987 1945
f 1945 1987 1988
f 1945 1988 1946
f 1946 1988 1989
f 1946 1989 1947
f 1947 1989 1990
f 1947 1990 1948
f 1948 1990 1949
f 1990 1991 1949
f 1949 1991 1992
f 1949 1992 1950
f 1950 1992 1993
f 1950 1993 1951
f 1951 1993 1994
f 1951 1994 1952
f 1952 1994 1995
f 1952 1995 1953
f 1953 1995 1996
f 1953 1996 1954
f 1954 1996 1997
f 1954 1997 1955
f 1955 1997 1998
f 1955 1998 1956
f 1956 1998 1999
f 1956 1999 1957
f 1957 1999 2000
f 1957 2000 1958
f 1958 2000 2001
f 1958 2001 1959
f 1959 2001 2002
f 1959 2002 1960
f 1960 2002 2003
f 1960 2003 1961
f 1961 2003 2004
f 1961 2004 1962
f 1962 2004 2005
f 1962 2005 1963
f 1963 2005 2006
f 1963 2006 1964
f 1964 2006 2007
f 1964 2007 1965
f 1965 2007 2008
f 1965 2008 1966
f 1966 2008 2009
f 1966 2009 1967
f 1967 2009 2010
f 1967 2010 1968
f 1968 2010 2011
f 1968 2011 1969
f 1969 2011 2012
f 1969 2012 1970
f 1970 2012 2013
f 1970 2013 1971
f 1971 2013 2014
f 1971 2014 1972
f 1972 2014 2015
f 1972 2015 1973
f 1973 2015 2016
f 1973 2016 1974
f 1974 2016 2017
f 1974 2017 1975
f 1975 2017 2018
f 1975 2018 1976
f 1976 2018 2019
f 1976 2019 1977
f 1977 2019 2020
f 1977 2020 1978
f 1978 2020 2021
f 1978 2021 1979
f 1979 2021 2022
f 1979 2022 1980
f 1980 2022 2023
f 1980 2023 1981
f 1981 2023 2024
f 1981 2024 1982
f 1982 2024 2025
f 1982 2025 1983
f 1983 2025 2026
f 1983 2026 1984
f 1984 2026 2027
f 1984 2027 1985
f 1985 2027 2028
f 1985 2028 1986
f 1986 2028 2029
f 1986 2029 1987
f 1987 2029 2030
f 1987 2030 1988
f 1988 2030 2031
f 1988 2031 1989
f 1989 2031 2032
f 1989 2032 1990
f 1990 2032 1991
f 2032 2033 1991
f 1991 2033 2034
f 1991 2034 1992
f 1992 2034 2035
f 1992 2035 1993
f 1993 2035 2036
f 1993 2036 1994
f 1994 2036 2037
f 1994 2037 1995
f 1995 2037 2038
f 1995 2038 1996
f 1996 2038 2039
f 1996 2039 1997
f 1997 2039 2040
f 1997 2040 1998
f 1998 2040 2041
f 1998 2041 1999
f 1999 2041 2042
f 1999 2042 2000
f 2000 2042 2043
f 2000 2043 2001
f 2001 2043 2044
f 2001 2044 2002
f 2002 2044 2045
f 2002 2045 2003
f 2003 2045 2046
f 2003 2046 2004
f 2004 2046 2047
f 2004 2047 2005
f 2005 2047 2048
f 2005 2048 2006
f 2006 2048 2049
f 2006 2049 2007
f 2007 2049 2050
f 2007 2050 2008
f 2008 2050 2051
f 2008 2051 2009
f 2009 2051 2052
f 2009 2052 2010
f 2010 2052 2053
f 2010 2053 2011
f 2011 2053 2054
f 2011 2054 2012
f 2012 2054 2055
f 2012 2055 2013
f 2013 2055 2056
f 2013 2056 2014
f 2014 2056 2057
f 2014 2057 2015
f 2015 2057 2058
f 2015 2058 2016
f 2016 2058 2059
f 2016 2059 2017
f 2017 2059 2060
f 2017 2060 2018
f 2018 2060 2061
f 2018 2061 2019
f 2019 2061 2062
f 2019 2062 2020
f 2020 2062 2063
f 2020 2063 2021
f 2021 2063 2064
f 2021 2064 2022
f 2022 2064 2065
f 2022 2065 2023
f 2023 2065 2066
f 2023 2066 2024
f 2024 2066 2067
f 2024 2067 2025
f 2025 2067 2068
f 2025 2068 2026
f 2026 2068 2069
f 2026 2069 2027
f 2027 2069 2070
f 2027 2070 2028
f 2028 2070 2071
f 2028 2071 2029
f 2029 2071 2072
f 2029 2072 2030
f 2030 2072 2073
f 2030 2073 2031
f 2031 2073 2074
f 2031 2074 2032
f 2032 2074 2033
f 2074 2075 2033
f 2033 2075 2076
f 2033 2076 2034
f 2034 2076 2077
f 2034 2077 2035
f 2035 2077 2078
f 2035 2078 2036
f 2036 2078 2079
f 2036 2079 2037
f 2037 2079 2080
f 2037 2080 2038
f 2038 2080 2081
f 2038 2081 2039
f 2039 2081 2082
f 2039 2082 2040
f 2040 2082 2083
f 2040 2083 2041
f 2041 2083 2084
f 2041 2084 2042
f 2042 2084 2085
f 2042 2085 2043
f 2043 2085 2086
f 2043 2086 2044
f 2044 2086 2087
f 2044 2087 2045
f 2045 2087 2088
f 2045 2088 2046
f 2046 2088 2089
f 2046 2089 2047
f 2047 2089 2090
f 2047 2090 2048
f 2048 2090 2091
f 2048 2091 2049
f 2049 2091 2092
f 2049 2092 2050
f 2050 2092 2093
f 2050 2093 2051
f 2051 2093 2094
f 2051 2094 2052
f 2052 2094 2095
f 2052 2095 2053
f 2053 2095 2096
f 2053 2096 2054
f 2054 2096 2097
f 2054 2097 2055
f 2055 2097 2098
f 2055 2098 2056
f 2056 2098 2099
f 2056 2099 2057
f 2057 2099 2100
f 2057 2100 2058
f 2058 2100 2101
f 2058 2101 2059
f 2059 2101 2102
f 2059 2102 2060
f 2060 2102 2103
f 2060 2103 2061
f 2061 2103 2104
f 2061 2104 2062
f 2062 2104 2105
f 2062 2105 2063
f 2063 2105 2106
f 2063 2106 2064
f 2064 2106 2107
f 2064 2107 2065
f 2065 2107 2108
f 2065 2108 2066
f 2066 2108 2109
f 2066 2109 2067
f 2067 2109 2110
f 2067 2110 2068
f 2068 2110 2111
f 2068 2111 2069
f 2069 2111 2112
f 2069 2112 2070
f 2070 2112 2113
f 2070 2113 2071
f 2071 2113 2114
f 2071 2114 2072
f 2072 2114 2115
f 2072 2115 2073
f 2073 2115 2116
f 2073 2116 2074
f 2074 2116 2075
f 2116 2117 2075
f 2075 2117 2118
f 2075 2118 2076
f 2076 2118 2119
f 2076 2119 2077
f 2077 2119 2120
f 2077 2120 2078
f 2078 2120 2121
f 2078 2121 2079
f 2079 2121 2122
f 2079 2122 2080
f 2080 2122 2123
f 2080 2123 2081
f 2081 2123 2124
f 2081 2124 2082
f 2082 2124 2125
f 2082 2125 2083
f 2083 2125 2126
f 2083 2126 2084
f 2084 2126 2127
f 2084 2127 2085
f 2085 2127 2128
f 2085 2128 2086
f 2086 2128 2129
f 2086 2129 2087
f 2087 2129 2130
f 2087 2130 2088
f 2088 2130 2131
f 2088 2131 2089
f 2089 2131 2132
f 2089 2132 2090
f 2090 2132 2133
f 2090 2133 2091
f 2091 2133 2134
f 2091 2134 2092
f 2092 2134 2135
f 2092 2135 2093
f 2093 2135 2136
f 2093 2136 2094
f 2094 2136 2137
f 2094 2137 2095
f 2095 2137 2138
f 2095 2138 2096
f 2096 2138 2139
f 2096 2139 2097
f 2097 2139 2140
f 2097 2140 2098
f 2098 2140 2141
f 2098 2141 2099
f 2099 2141 2142
f 2099 2142 2100
f 2100 2142 2143
f 2100 2143 2101
f 2101 2143 2144
f 2101 2144 2102
f 2102 2144 2145
f 2102 2145 2103
f 2103 2145 2146
f 2103 2146 2104
f 2104 2146 2147
f 2104 2147 2105
f 2105 2147 2148
f 2105 2148 2106
f 2106 2148 2149
f 2106 2149 2107
f 2107 2149 2150
f 2107 2150 2108
f 2108 2150 2151
f 2108 2151 2109
f 2109 2151 2152
f 2109 2152 2110
f 2110 2152 2153
f 2110 2153 2111
f 2111 2153 2154
f 2111 2154 2112
f 2112 2154 2155
f 2112 2155 2113
f 2113 2155 2156
f 2113 2156 2114
f 2114 2156 2157
f 2114 2157 2115
f 2115 2157 2158
f 2115 2158 2116
f 2116 2158 2117
f 2158 2159 2117
f 2117 2159 2160
f 2117 2160 2118
f 2118 2160 2161
f 2118 2161 2119
f 2119 2161 2162
f 2119 2162 2120
f 2120 2162 2163
f 2120 2163 2121
f 2121 2163 2164
f 2121 2164 2122
f 2122 2164 2165
f 2122 2165 2123
f 2123 2165 2166
f 2123 2166 2124
f 2124 2166 2167
f 2124 2167 2125
f 2125 2167 2168
f 2125 2168 2126
f 2126 2168 2169
f 2126 2169 2127
f 2127 2169 2170
f 2127 2170 2128
f 2128 2170 2171
f 2128 2171 2129
f 2129 2171 2172
f 2129 2172 2130
f 2130 2172 2173
f 2130 2173 2131
f 2131 2173 2174
f 2131 2174 2132
f 2132 2174 2175
f 2132 2175 2133
f 2133 2175 2176
f 2133 2176 2134
f 2134 2176 2177
f 2134 2177 2135
f 2135 2177 2178
f 2135 2178 2136
f 2136 2178 2179
f 2136 2179 2137
f 2137 2179 2180
f 2137 2180 2138
f 2138 2180 2181
f 2138 2181 2139
f 2139 2181 2182
f 2139 2182 2140
f 2140 2182 2183
f 2140 2183 2141
f 2141 2183 2184
f 2141 2184 2142
f 2142 2184 2185
f 2142 2185 2143
f 2143 2185 2186
f 2143 2186 2144
f 2144 2186 2187
f 2144 2187 2145
f 2145 2187 2188
f 2145 2188 2146
f 2146 2188 2189
f 2146 2189 2147
f 2147 2189 2190
f 2147 2190 2148
f 2148 2190 2191
f 2148 2191 2149
f 2149 2191 2192
f 2149 2192 2150
f 2150 2192 2193
f 2150 2193 2151
f 2151 2193 2194
f 2151 2194 2152
f 2152 2194 2195
f 2152 2195 2153
f 2153 2195 2196
f 2153 2196 2154
f 2154 2196 2197
f 2154 2197 2155
f 2155 2197 2198
f 2155 2198 2156
f 2156 2198 2199
f 2156 2199 2157
f 2157 2199 2200
f 2157 2200 2158
f 2158 2200 2159
f 2200 2201 2159
f 2159 2201 2202
f 2159 2202 2160
f 2160 2202 2203
f 2160 2203 2161
f 2161 2203 2204
f 2161 2204 2162
f 2162 2204 2205
f 2162 2205 2163
f 2163 2205 2206
f 2163 2206 2164
f 2164 2206 2207
f 2164 2207 2165
f 2165 2207 2208
f 2165 2208 2166
f 2166 2208 2209
f 2166 2209 2167
f 2167 2209 2210
f 2167 2210 2168
f 2168 2210 2211
f 2168 2211 2169
f 2169 2211 2212
f 2169 2212 2170
f 2170 2212 2213
f 2170 2213 2171
f 2171 2213 2214
f 2171 2214 2172
f 2172 2214 2215
f 2172 2215 2173
f 2173 2215 2216
f 2173 2216 2174
f 2174 2216 2217
f 2174 2217 2175
f 2175 2217 2218
f 2175 2218 2176
f 2176 2218 2219
f 2176 2219 2177
f 2177 2219 2220
f 2177 2220 2178
f 2178 2220 2221
f 2178 2221 2179
f 2179 2221 2222
f 2179 2222 2180
f 2180 2222 2223
f 2180 2223 2181
f 2181 2223 2224
f 2181 2224 2182
f 2182 2224 2225
f 2182 2225 2183
f 2183 2225 2226
f 2183 2226 2184
f 2184 2226 2227
f 2184 2227 2185
f 2185 2227 2228
f 2185 2228 2186
f 2186 2228 2229
f 2186 2229 2187
f 2187 2229 2230
f 2187 2230 2188
f 2188 2230 2231
f 2188 2231 2189
f 2189 2231 2232
f 2189 2232 2190
f 2190 2232 2233
f 2190 2233 2191
f 2191 2233 2234
f 2191 2234 2192
f 2192 2234 2235
f 2192 2235 2193
f 2193 2235 2236
f 2193 2236 2194
f 2194 2236 2237
f 2194 2237 2195
f 2195 2237 2238
f 2195 2238 2196
f 2196 2238 2239
f 2196 2239 2197
f 2197 2239 2240
f 2197 2240 2198
f 2198 2240 2241
f 2198 2241 2199
f 2199 2241 2242
f 2199 2242 2200
f 2200 2242 2201
f 2242 2243 2201
f 2201 2243 2244
f 2201 2244 2202
f 2202 2244 2245
f 2202 2245 2203
f 2203 2245 2246
f 2203 2246 2204
f 2204 2246 2247
f 2204 2247 2205
f 2205 2247 2248
f 2205 2248 2206
f 2206 2248 2249
f 2206 2249 2207
f 2207 2249 2250
f 2207 2250 2208
f 2208 2250 2251
f 2208 2251 2209
f 2209 2251 2252
f 2209 2252 2210
f 2210 2252 2253
f 2210 2253 2211
f 2211 2253 2254
f 2211 2254 2212
f 2212 2254 2255
f 2212 2255 2213
f 2213 2255 2256
f 2213 2256 2214
f 2214 2256 2257
f 2214 2257 2215
f 2215 2257 2258
f 2215 2258 2216
f 2216 2258 2259
f 2216 2259 2217
f 2217 2259 2260
f 2217 2260 2218
f 2218 2260 2261
f 2218 2261 2219
f 2219 2261 2262
f 2219 2262 2220
f 2220 2262 2263
f 2220 2263 2221
f 2221 2263 2264
f 2221 2264 2222
f 2222 2264 2265
f 2222 2265 2223
f 2223 2265 2266
f 2223 2266 2224
f 2224 2266 2267
f 2224 2267 2225
f 2225 2267 2268
f 2225 2268 2226
f 2226 2268 2269
f 2226 2269 2227
f 2227 2269 2270
f 2227 2270 2228
f 2228 2270 2271
f 2228 2271 2229
f 2229 2271 2272
f 2229 2272 2230
f 2230 2272 2273
f 2230 2273 2231
f 2231 2273 2274
f 2231 2274 2232
f 2232 2274 2275
f 2232 2275 2233
f 2233 2275 2276
f 2233 2276 2234
f 2234 2276 2277
f 2234 2277 2235
f 2235 2277 2278
f 2235 2278 2236
f 2236 2278 2279
f 2236 2279 2237
f 2237 2279 2280
f 2237 2280 2238
f 2238 2280 2281
f 2238 2281 2239
f 2239 2281 2282
f 2239 2282 2240
f 2240 2282 2283
f 2240 2283 2241
f 2241 2283 2284
f 2241 2284 2242
f 2242 2284 2243
f 2284 2285 2243
f 2243 2285 2286
f 2243 2286 2244
f 2244 2286 2287
f 2244 2287 2245
f 2245 2287 2288
f 2245 2288 2246
f 2246 2288 2289
f 2246 2289 2247
f 2247 2289 2290
f 2247 2290 2248
f 2248 2290 2291
f 2248 2291 2249
f 2249 2291 2292
f 2249 2292 2250
f 2250 2292 2293
f 2250 2293 2251
f 2251 2293 2294
f 2251 2294 2252
f 2252 2294 2295
f 2252 2295 2253
f 2253 2295 2296
f 2253 2296 2254
f 2254 2296 2297
f 2254 2297 2255
f 2255 2297 2298
f 2255 2298 2256
f 2256 2298 2299
f 2256 2299 2257
f 2257 2299 2300
f 2257 2300 2258
f 2258 2300 2301
f 2258 2301 2259
f 2259 2301 2302
f 2259 2302 2260
f 2260 2302 2303
f 2260 2303 2261
f 2261 2303 2304
f 2261 2304 2262
f 2262 2304 2305
f 2262 2305 2263
f 2263 2305 2306
f 2263 2306 2264
f 2264 2306 2307
f 2264 2307 2265
f 2265 2307 2308
f 2265 2308 2266
f 2266 2308 2309
f 2266 2309 2267
f 2267 2309 2310
f 2267 2310 2268
f 2268 2310 2311
f 2268 2311 2269
f 2269 2311 2312
f 2269 2312 2270
f 2270 2312 2313
f 2270 2313 2271
f 2271 2313 2314
f 2271 2314 2272
f 2272 2314 2315
f 2272 2315 2273
f 2273 2315 2316
f 2273 2316 2274
f 2274 2316 2317
f 2274 2317 2275
f 2275 2317 2318
f 2275 2318 2276
f 2276 2318 2319
f 2276 2319 2277
f 2277 2319 2320
f 2277 2320 2278
f 2278 2320 2321
f 2278 2321 2279
f 2279 2321 2322
f 2279 2322 2280
f 2280 2322 2323
f 2280 2323 2281
f 2281 2323 2324
f 2281 2324 2282
f 2282 2324 2325
f 2282 2325 2283
f 2283 2325 2326
f 2283 2326 2284
f 2284 2326 2285
f 2326 2327 2285
f 2285 2327 2328
f 2285 2328 2286
f 2286 2328 2329
f 2286 2329 2287
f 2287 2329 2330
f 2287 2330 2288
f 2288 2330 2331
f 2288 2331 2289
f 2289 2331 2332
f 2289 2332 2290
f 2290 2332 2333
f 2290 2333 2291
f 2291 2333 2334
f 2291 2334 2292
f 2292 2334 2335
f 2292 2335 2293
f 2293 2335 2336
f 2293 2336 2294
f 2294 2336 2337
f 2294 2337 2295
f 2295 2337 2338
f 2295 2338 2296
f 2296 2338 2339
f 2296 2339 2297
f 2297 2339 2340
f 2297 2340 2298
f 2298 2340 2341
f 2298 2341 2299
f 2299 2341 2342
f 2299 2342 2300
f 2300 2342 2343
f 2300 2343 2301
f 2301 2343 2344
f 2301 2344 2302
f 2302 2344 2345
f 2302 2345 2303
f 2303 2345 2346
f 2303 2346 2304
f 2304 2346 2347
f 2304 2347 2305
f 2305 2347 2348
f 2305 2348 2306
f 2306 2348 2349
f 2306 2349 2307
f 2307 2349 2350
f 2307 2350 2308
f 2308 2350 2351
f 2308 2351 2309
f 2309 2351 2352
f 2309 2352 2310
f 2310 2352 2353
f 2310 2353 2311
f 2311 2353 2354
f 2311 2354 2312
f 2312 2354 2355
f 2312 2355 2313
f 2313 2355 2356
f 2313 2356 2314
f 2314 2356 2357
f 2314 2357 2315
f 2315 2357 2358
f 2315 2358 2316
f 2316 2358 2359
f 2316 2359 2317
f 2317 2359 2360
f 2317 2360 2318
f 2318 2360 2361
f 2318 2361 2319
f 2319 2361 2362
f 2319 2362 2320
f 2320 2362 2363
f 2320 2363 2321
f 2321 2363 2364
f 2321 2364 2322
f 2322 2364 2365
f 2322 2365 2323
f 2323 2365 2366
f 2323 2366 2324
f 2324 2366 2367
f 2324 2367 2325
f 2325 2367 2368
f 2325 2368 2326
f 2326 2368 2327
f 2368 2369 2327
f 2327 2369 2370
f 2327 2370 2328
f 2328 2370 2371
f 2328 2371 2329
f 2329 2371 2372
f 2329 2372 2330
f 2330 2372 2373
f 2330 2373 2331
f 2331 2373 2374
f 2331 2374 2332
f 2332 2374 2375
f 2332 2375 2333
f 2333 2375 2376
f 2333 2376 2334
f 2334 2376 2377
f 2334 2377 2335
f 2335 2377 2378
f 2335 2378 2336
f 2336 2378 2379
f 2336 2379 2337
f 2337 2379 2380
f 2337 2380 2338
f 2338 2380 2381
f 2338 2381 2339
f 2339 2381 2382
f 2339 2382 2340
f 2340 2382 2383
f 2340 2383 2341
f 2341 2383 2384
f 2341 2384 2342
f 2342 2384 2385
f 2342 2385 2343
f 2343 2385 2386
f 2343 2386 2344
f 2344 2386 2387
f 2344 2387 2345
f 2345 2387 2388
f 2345 2388 2346
f 2346 2388 2389
f 2346 2389 2347
f 2347 2389 2390
f 2347 2390 2348
f 2348 2390 2391
f 2348 2391 2349
f 2349 2391 2392
f 2349 2392 2350
f 2350 2392 2393
f 2350 2393 2351
f 2351 2393 2394
f 2351 2394 2352
f 2352 2394 2395
f 2352 2395 2353
f 2353 2395 2396
f 2353 2396 2354
f 2354 2396 2397
f 2354 2397 2355
f 2355 2397 2398
f 2355 2398 2356
f 2356 2398 2399
f 2356 2399 2357
f 2357 2399 2400
f 2357 2400 2358
f 2358 2400 2401
f 2358 2401 2359
f 2359 2401 2402
f 2359 2402 2360
f 2360 2402 2403
f 2360 2403 2361
f 2361 2403 2404
f 2361 2404 2362
f 2362 2404 2405
f 2362 2405 2363
f 2363 2405 2406
f 2363 2406 2364
f 2364 2406 2407
f 2364 2407 2365
f 2365 2407 2408
f 2365 2408 2366
f 2366 2408 2409
f 2366 2409 2367
f 2367 2409 2410
f 2367 2410 2368
f 2368 2410 2369
f 2410 2411 2369
f 2369 2411 2412
f 2369 2412 2370
f 2370 2412 2413
f 2370 2413 2371
f 2371 2413 2414
f 2371 2414 2372
f 2372 2414 2415
f 2372 2415 2373
f 2373 2415 2416
f 2373 2416 2374
f 2374 2416 2417
f 2374 2417 2375
f 2375 2417 2418
f 2375 2418 2376
f 2376 2418 2419
f 2376 2419 2377
f 2377 2419 2420
f 2377 2420 2378
f 2378 2420 2421
f 2378 2421 2379
f 2379 2421 2422
f 2379 2422 2380
f 2380 2422 2423
f 2380 2423 2381
f 2381 2423 2424
f 2381 2424 2382
f 2382 2424 2425
f 2382 2425 2383
f 2383 2425 2426
f 2383 2426 2384
f 2384 2426 2427
f 2384 2427 2385
f 2385 2427 2428
f 2385 2428 2386
f 2386 2428 2429
f 2386 2429 2387
f 2387 2429 2430
f 2387 2430 2388
f 2388 2430 2431
f 2388 2431 2389
f 2389 2431 2432
f 2389 2432 2390
f 2390 2432 2433
f 2390 2433 2391
f 2391 2433 2434
f 2391 2434 2392
f 2392 2434 2435
f 2392 2435 2393
f 2393 2435 2436
f 2393 2436 2394
f 2394 2436 2437
f 2394 2437 2395
f 2395 2437 2438
f 2395 2438 2396
f 2396 2438 2439
f 2396 2439 2397
f 2397 2439 2440
f 2397 2440 2398
f 2398 2440 2441
f 2398 2441 2399
f 2399 2441 2442
f 2399 2442 2400
f 2400 2442 2443
f 2400 2443 2401
f 2401 2443 2444
f 2401 2444 2402
f 2402 2444 2445
f 2402 2445 2403
f 2403 2445 2446
f 2403 2446 2404
f 2404 2446 2447
f 2404 2447 2405
f 2405 2447 2448
f 2405 2448 2406
f 2406 2448 2449
f 2406 2449 2407
f 2407 2449 2450
f 2407 2450 2408
f 2408 2450 2451
f 2408 2451 2409
f 2409 2451 2452
f 2409 2452 2410
f 2410 2452 2411
f 2452 2453 2411
f 2411 2453 2454
f 2411 2454 2412
f 2412 2454 2455
f 2412 2455 2413
f 2413 2455 2456
f 2413 2456 2414
f 2414 2456 2457
f 2414 2457 2415
f 2415 2457 2458
f 2415 2458 2416
f 2416 2458 2459
f 2416 2459 2417
f 2417 2459 2460
f 2417 2460 2418
f 2418 2460 2461
f 2418 2461 2419
f 2419 2461 2462
f 2419 2462 2420
f 2420 2462 2463
f 2420 2463 2421
f 2421 2463 2464
f 2421 2464 2422
f 2422 2464 2465
f 2422 2465 2423
f 2423 2465 2466
f 2423 2466 2424
f 2424 2466 2467
f 2424 2467 2425
f 2425 2467 2468
f 2425 2468 2426
f 2426 2468 2469
f 2426 2469 2427
f 2427 2469 2470
f 2427 2470 2428
f 2428 2470 2471
f 2428 2471 2429
f 2429 2471 2472
f 2429 2472 2430
f 2430 2472 2473
f 2430 2473 2431
f 2431 2473 2474
f 2431 2474 2432
f 2432 2474 2475
f 2432 2475 2433
f 2433 2475 2476
f 2433 2476 2434
f 2434 2476 2477
f 2434 2477 2435
f 2435 2477 2478
f 2435 2478 2436
f 2436 2478 2479
f 2436 2479 2437
f 2437 2479 2480
f 2437 2480 2438
f 2438 2480 2481
f 2438 2481 2439
f 2439 2481 2482
f 2439 2482 2440
f 2440 2482 2483
f 2440 2483 2441
f 2441 2483 2484
f 2441 2484 2442
f 2442 2484 2485
f 2442 2485 2443
f 2443 2485 2486
f 2443 2486 2444
f 2444 2486 2487
f 2444 2487 2445
f 2445 2487 2488
f 2445 2488 2446
f 2446 2488 2489
f 2446 2489 2447
f 2447 2489 2490
f 2447 2490 2448
f 2448 2490 2491
f 2448 2491 2449
f 2449 2491 2492
f 2449 2492 2450
f 2450 2492 2493
f 2450 2493 2451
f 2451 2493 2494
f 2451 2494 2452
f 2452 2494 2453
f 2494 2495 2453
f 2453 2495 2496
f 2453 2496 2454
f 2454 2496 2497
f 2454 2497 2455
f 2455 2497 2498
f 2455 2498 2456
f 2456 2498 2499
f 2456 2499 2457
f 2457 2499 2500
f 2457 2500 2458
f 2458 2500 2501
f 2458 2501 2459
f 2459 2501 2502
f 2459 2502 2460
f 2460 2502 2503
f 2460 2503 2461
f 2461 2503 2504
f 2461 2504 2462
f 2462 2504 2505
f 2462 2505 2463
f 2463 2505 2506
f 2463 2506 2464
f 2464 2506 2507
f 2464 2507 2465
f 2465 2507 2508
f 2465 2508 2466
f 2466 2508 2509
f 2466 2509 2467
f 2467 2509 2510
f 2467 2510 2468
f 2468 2510 2511
f 2468 2511 2469
f 2469 2511 2512
f 2469 2512 2470
f 2470 2512 2513
f 2470 2513 2471
f 2471 2513 2514
f 2471 2514 2472
f 2472 2514 2515
f 2472 2515 2473
f 2473 2515 2516
f 2473 2516 2474
f 2474 2516 2517
f 2474 2517 2475
f 2475 2517 2518
f 2475 2518 2476
f 2476 2518 2519
f 2476 2519 2477
f 2477 2519 2520
f 2477 2520 2478
f 2478 2520 2521
f 2478 2521 2479
f 2479 2521 2522
f 2479 2522 2480
f 2480 2522 2523
f 2480 2523 2481
f 2481 2523 2524
f 2481 2524 2482
f 2482 2524 2525
f 2482 2525 2483
f 2483 2525 2526
f 2483 2526 2484
f 2484 2526 2527
f 2484 2527 2485
f 2485 2527 2528
f 2485 2528 2486
f 2486 2528 2529
f 2486 2529 2487
f 2487 2529 2530
f 2487 2530 2488
f 2488 2530 2531
f 2488 2531 2489
f 2489 2531 2532
f 2489 2532 2490
f 2490 2532 2533
f 2490 2533 2491
f 2491 2533 2534
f 2491 2534 2492
f 2492 2534 2535
f 2492 2535 2493
f 2493 2535 2536
f 2493 2536 2494
f 2494 2536 2495
f 2536 2537 2495
f 2495 2537 2538
f 2495 2538 2496
f 2496 2538 2539
f 2496 2539 2497
f 2497 2539 2540
f 2497 2540 2498
f 2498 2540 2541
f 2498 2541 2499
f 2499 2541 2542
f 2499 2542 2500
f 2500 2542 2543
f 2500 2543 2501
f 2501 2543 2544
f 2501 2544 2502
f 2502 2544 2545
f 2502 2545 2503
f 2503 2545 2546
f 2503 2546 2504
f 2504 2546 2547
f 2504 2547 2505
f 2505 2547 2548
f 2505 2548 2506
f 2506 2548 2549
f 2506 2549 2507
f 2507 2549 2550
f 2507 2550 2508
f 2508 2550 2551
f 2508 2551 2509
f 2509 2551 2552
f 2509 2552 2510
f 2510 2552 2553
f 2510 2553 2511
f 2511 2553 2554
f 2511 2554 2512
f 2512 2554 2555
f 2512 2555 2513
f 2513 2555 2556
f 2513 2556 2514
f 2514 2556 2557
f 2514 2557 2515
f 2515 2557 2558
f 2515 2558 2516
f 2516 2558 2559
f 2516 2559 2517
f 2517 2559 2560
f 2517 2560 2518
f 2518 2560 2561
f 2518 2561 2519
f 2519 2561 2562
f 2519 2562 2520
f 2520 2562 2563
f 2520 2563 2521
f 2521 2563 2564
f 2521 2564 2522
f 2522 2564 2565
f 2522 2565 2523
f 2523 2565 2566
f 2523 2566 2524
f 2524 2566 2567
f 2524 2567 2525
f 2525 2567 2568
f 2525 2568 2526
f 2526 2568 2569
f 2526 2569 2527
f 2527 2569 2570
f 2527 2570 2528
f 2528 2570 2571
f 2528 2571 2529
f 2529 2571 2572
f 2529 2572 2530
f 2530 2572 2573
f 2530 2573 2531
f 2531 2573 2574
f 2531 2574 2532
f 2532 2574 2575
f 2532 2575 2533
f 2533 2575 2576
f 2533 2576 2534
f 2534 2576 2577
f 2534 2577 2535
f 2535 2577 2578
f 2535 2578 2536
f 2536 2578 2537
f 2578 2579 2537
f 2537 2579 2580
f 2537 2580 2538
f 2538 2580 2581
f 2538 2581 2539
f 2539 2581 2582
f 2539 2582 2540
f 2540 2582 2583
f 2540 2583 2541
f 2541 2583 2584
f 2541 2584 2542
f 2542 2584 2585
f 2542 2585 2543
f 2543 2585 2586
f 2543 2586 2544
f 2544 2586 2587
f 2544 2587 2545
f 2545 2587 2588
f 2545 2588 2546
f 2546 2588 2589
f 2546 2589 2547
f 2547 2589 2590
f 2547 2590 2548
f 2548 2590 2591
f 2548 2591 2549
f 2549 2591 2592
f 2549 2592 2550
f 2550 2592 2593
f 2550 2593 2551
f 2551 2593 2594
f 2551 2594 2552
f 2552 2594 2595
f 2552 2595 2553
f 2553 2595 2596
f 2553 2596 2554
f 2554 2596 2597
f 2554 2597 2555
f 2555 2597 2598
f 2555 2598 2556
f 2556 2598 2599
f 2556 2599 2557
f 2557 2599 2600
f 2557 2600 2558
f 2558 2600 2601
f 2558 2601 2559
f 2559 2601 2602
f 2559 2602 2560
f 2560 2602 2603
f 2560 2603 2561
f 2561 2603 2604
f 2561 2604 2562
f 2562 2604 2605
f 2562 2605 2563
f 2563 2605 2606
f 2563 2606 2564
f 2564 2606 2607
f 2564 2607 2565
f 2565 2607 2608
f 2565 2608 2566
f 2566 2608 2609
f 2566 2609 2567
f 2567 2609 2610
f 2567 2610 2568
f 2568 2610 2611
f 2568 2611 2569
f 2569 2611 2612
f 2569 2612 2570
f 2570 2612 2613
f 2570 2613 2571
f 2571 2613 2614
f 2571 2614 2572
f 2572 2614 2615
f 2572 2615 2573
f 2573 2615 2616
f 2573 2616 2574
f 2574 2616 2617
f 2574 2617 2575
f 2575 2617 2618
f 2575 2618 2576
f 2576 2618 2619
f 2576 2619 2577
f 2577 2619 2620
f 2577 2620 2578
f 2578 2620 2579
f 2620 2621 2579
f 2579 2621 2622
f 2579 2622 2580
f 2580 2622 2623
f 2580 2623 2581
f 2581 2623 2624
f 2581 2624 2582
f 2582 2624 2625
f 2582 2625 2583
f 2583 2625 2626
f 2583 2626 2584
f 2584 2626 2627
f 2584 2627 2585
f 2585 2627 2628
f 2585 2628 2586
f 2586 2628 2629
f 2586 2629 2587
f 2587 2629 2630
f 2587 2630 2588
f 2588 2630 2631
f 2588 2631 2589
f 2589 2631 2632
f 2589 2632 2590
f 2590 2632 2633
f 2590 2633 2591
f 2591 2633 2634
f 2591 2634 2592
f 2592 2634 2635
f 2592 2635 2593
f 2593 2635 2636
f 2593 2636 2594
f 2594 2636 2637
f 2594 2637 2595
f 2595 2637 2638
f 2595 2638 2596
f 2596 2638 2639
f 2596 2639 2597
f 2597 2639 2640
f 2597 2640 2598
f 2598 2640 2641
f 2598 2641 2599
f 2599 2641 2642
f 2599 2642 2600
f 2600 2642 2643
f 2600 2643 2601
f 2601 2643 2644
f 2601 2644 2602
f 2602 2644 2645
f 2602 2645 2603
f 2603 2645 2646
f 2603 2646 2604
f 2604 2646 2647
f 2604 2647 2605
f 2605 2647 2648
f 2605 2648 2606
f 2606 2648 2649
f 2606 2649 2607
f 2607 2649 2650
f 2607 2650 2608
f 2608 2650 2651
f 2608 2651 2609
f 2609 2651 2652
f 2609 2652 2610
f 2610 2652 2653
f 2610 2653 2611
f 2611 2653 2654
f 2611 2654 2612
f 2612 2654 2655
f 2612 2655 2613
f 2613 2655 2656
f 2613 2656 2614
f 2614 2656 2657
f 2614 2657 2615
f 2615 2657 2658
f 2615 2658 2616
f 2616 2658 2659
f 2616 2659 2617
f 2617 2659 2660
f 2617 2660 2618
f 2618 2660 2661
f 2618 2661 2619
f 2619 2661 2662
f 2619 2662 2620
f 2620 2662 2621
f 2662 2663 2621
f 2621 2663 2664
f 2621 2664 2622
f 2622 2664 2665
f 2622 2665 2623
f 2623 2665 2666
f 2623 2666 2624
f 2624 2666 2667
f 2624 2667 2625
f 2625 2667 2668
f 2625 2668 2626
f 2626 2668 2669
f 2626 2669 2627
f 2627 2669 2670
f 2627 2670 2628
f 2628 2670 2671
f 2628 2671 2629
f 2629 2671 2672
f 2629 2672 2630
f 2630 2672 2673
f 2630 2673 2631
f 2631 2673 2674
f 2631 2674 2632
f 2632 2674 2675
f 2632 2675 2633
f 2633 2675 2676
f 2633 2676 2634
f 2634 2676 2677
f 2634 2677 2635
f 2635 2677 2678
f 2635 2678 2636
f 2636 2678 2679
f 2636 2679 2637
f 2637 2679 2680
f 2637 2680 2638
f 2638 2680 2681
f 2638 2681 2639
f 2639 2681 2682
f 2639 2682 2640
f 2640 2682 2683
f 2640 2683 2641
f 2641 2683 2684
f 2641 2684 2642
f 2642 2684 2685
f 2642 2685 2643
f 2643 2685 2686
f 2643 2686 2644
f 2644 2686 2687
f 2644 2687 2645
f 2645 2687 2688
f 2645 2688 2646
f 2646 2688 2689
f 2646 2689 2647
f 2647 2689 2690
f 2647 2690 2648
f 2648 2690 2691
f 2648 2691 2649
f 2649 2691 2692
f 2649 2692 2650
f 2650 2692 2693
f 2650 2693 2651
f 2651 2693 2694
f 2651 2694 2652
f 2652 2694 2695
f 2652 2695 2653
f 2653 2695 2696
f 2653 2696 2654
f 2654 2696 2697
f 2654 2697 2655
f 2655 2697 2698
f 2655 2698 2656
f 2656 2698 2699
f 2656 2699 2657
f 2657 2699 2700
f 2657 2700 2658
f 2658 2700 2701
f 2658 2701 2659
f 2659 2701 2702
f 2659 2702 2660
f 2660 2702 2703
f 2660 2703 2661
f 2661 2703 2704
f 2661 2704 2662
f 2662 2704 2663
f 2704 2705 2663
f 2663 2705 2706
f 2663 2706 2664
f 2664 2706 2707
f 2664 2707 2665
f 2665 2707 2708
f 2665 2708 2666
f 2666 2708 2709
f 2666 2709 2667
f 2667 2709 2710
f 2667 2710 2668
f 2668 2710 2711
f 2668 2711 2669
f 2669 2711 2712
f 2669 2712 2670
f 2670 2712 2713
f 2670 2713 2671
f 2671 2713 2714
f 2671 2714 2672
f 2672 2714 2715
f 2672 2715 2673
f 2673 2715 2716
f 2673 2716 2674
f 2674 2716 2717
f 2674 2717 2675
f 2675 2717 2718
f 2675 2718 2676
f 2676 2718 2719
f 2676 2719 2677
f 2677 2719 2720
f 2677 2720 2678
f 2678 2720 2721
f 2678 2721 2679
f 2679 2721 2722
f 2679 2722 2680
f 2680 2722 2723
f 2680 2723 2681
f 2681 2723 2724
f 2681 2724 2682
f 2682 2724 2725
f 2682 2725 2683
f 2683 2725 2726
f 2683 2726 2684
f 2684 2726 2727
f 2684 2727 2685
f 2685 2727 2728
f 2685 2728 2686
f 2686 2728 2729
f 2686 2729 2687
f 2687 2729 2730
f 2687 2730 2688
f 2688 2730 2731
f 2688 2731 2689
f 2689 2731 2732
f 2689 2732 2690
f 2690 2732 2733
f 2690 2733 2691
f 2691 2733 2734
f 2691 2734 2692
f 2692 2734 2735
f 2692 2735 2693
f 2693 2735 2736
f 2693 2736 2694
f 2694 2736 2737
f 2694 2737 2695
f 2695 2737 2738
f 2695 2738 2696
f 2696 2738 2739
f 2696 2739 2697
f 2697 2739 2740
f 2697 2740 2698
f 2698 2740 2741
f 2698 2741 2699
f 2699 2741 2742
f 2699 2742 2700
f 2700 2742 2743
f 2700 2743 2701
f 2701 2743 2744
f 2701 2744 2702
f 2702 2744 2745
f 2702 2745 2703
f 2703 2745 2746
f 2703 2746 2704
f 2704 2746 2705
f 2746 2747 2705
f 2705 2747 2748
f 2705 2748 2706
f 2706 2748 2749
f 2706 2749 2707
f 2707 2749 2750
f 2707 2750 2708
f 2708 2750 2751
f 2708 2751 2709
f 2709 2751 2752
f 2709 2752 2710
f 2710 2752 2753
f 2710 2753 2711
f 2711 2753 2754
f 2711 2754 2712
f 2712 2754 2755
f 2712 2755 2713
f 2713 2755 2756
f 2713 2756 2714
f 2714 2756 2757
f 2714 2757 2715
f 2715 2757 2758
f 2715 2758 2716
f 2716 2758 2759
f 2716 2759 2717
f 2717 2759 2760
f 2717 2760 2718
f 2718 2760 2761
f 2718 2761 2719
f 2719 2761 2762
f 2719 2762 2720
f 2720 2762 2763
f 2720 2763 2721
f 2721 2763 2764
f 2721 2764 2722
f 2722 2764 2765
f 2722 2765 2723
f 2723 2765 2766
f 2723 2766 2724
f 2724 2766 2767
f 2724 2767 2725
f 2725 2767 2768
f 2725 2768 2726
f 2726 2768 2769
f 2726 2769 2727
f 2727 2769 2770
f 2727 2770 2728
f 2728 2770 2771
f 2728 2771 2729
f 2729 2771 2772
f 2729 2772 2730
f 2730 2772 2773
f 2730 2773 2731
f 2731 2773 2774
f 2731 2774 2732
f 2732 2774 2775
f 2732 2775 2733
f 2733 2775 2776
f 2733 2776 2734
f 2734 2776 2777
f 2734 2777 2735
f 2735 2777 2778
f 2735 2778 2736
f 2736 2778 2779
f 2736 2779 2737
f 2737 2779 2780
f 2737 2780 2738
f 2738 2780 2781
f 2738 2781 2739
f 2739 2781 2782
f 2739 2782 2740
f 2740 2782 2783
f 2740 2783 2741
f 2741 2783 2784
f 2741 2784 2742
f 2742 2784 2785
f 2742 2785 2743
f 2743 2785 2786
f 2743 2786 2744
f 2744 2786 2787
f 2744 2787 2745
f 2745 2787 2788
f 2745 2788 2746
f 2746 2788 2747
f 2788 2789 2747
f 2747 2789 2790
f 2747 2790 2748
f 2748 2790 2791
f 2748 2791 2749
f 2749 2791 2792
f 2749 2792 2750
f 2750 2792 2793
f 2750 2793 2751
f 2751 2793 2794
f 2751 2794 2752
f 2752 2794 2795
f 2752 2795 2753
f 2753 2795 2796
f 2753 2796 2754
f 2754 2796 2797
f 2754 2797 2755
f 2755 2797 2798
f 2755 2798 2756
f 2756 2798 2799
f 2756 2799 2757
f 2757 2799 2800
f 2757 2800 2758
f 2758 2800 2801
f 2758 2801 2759
f 2759 2801 2802
f 2759 2802 2760
f 2760 2802 2803
f 2760 2803 2761
f 2761 2803 2804
f 2761 2804 2762
f 2762 2804 2805
f 2762 2805 2763
f 2763 2805 2806
f 2763 2806 2764
f 2764 2806 2807
f 2764 2807 2765
f 2765 2807 2808
f 2765 2808 2766
f 2766 2808 2809
f 2766 2809 2767
f 2767 2809 2810
f 2767 2810 2768
f 2768 2810 2811
f 2768 2811 2769
f 2769 2811 2812
f 2769 2812 2770
f 2770 2812 2813
f 2770 2813 2771
f 2771 2813 2814
f 2771 2814 2772
f 2772 2814 2815
f 2772 2815 2773
f 2773 2815 2816
f 2773 2816 2774
f 2774 2816 2817
f 2774 2817 2775
f 2775 2817 2818
f 2775 2818 2776
f 2776 2818 2819
f 2776 2819 2777
f 2777 2819 2820
f 2777 2820 2778
f 2778 2820 2821
f 2778 2821 2779
f 2779 2821 2822
f 2779 2822 2780
f 2780 2822 2823
f 2780 2823 2781
f 2781 2823 2824
f 2781 2824 2782
f 2782 2824 2825
f 2782 2825 2783
f 2783 2825 2826
f 2783 2826 2784
f 2784 2826 2827
f 2784 2827 2785
f 2785 2827 2828
f 2785 2828 2786
f 2786 2828 2829
f 2786 2829 2787
f 2787 2829 2830
f 2787 2830 2788
f 2788 2830 2789
f 2830 2831 2789
f 2789 2831 2832
f 2789 2832 2790
f 2790 2832 2833
f 2790 2833 2791
f 2791 2833 2834
f 2791 2834 2792
f 2792 2834 2835
f 2792 2835 2793
f 2793 2835 2836
f 2793 2836 2794
f 2794 2836 2837
f 2794 2837 2795
f 2795 2837 2838
f 2795 2838 2796
f 2796 2838 2839
f 2796 2839 2797
f 2797 2839 2840
f 2797 2840 2798
f 2798 2840 2841
f 2798 2841 2799
f 2799 2841 2842
f 2799 2842 2800
f 2800 2842 2843
f 2800 2843 2801
f 2801 2843 2844
f 2801 2844 2802
f 2802 2844 2845
f 2802 2845 2803
f 2803 2845 2846
f 2803 2846 2804
f 2804 2846 2847
f 2804 2847 2805
f 2805 2847 2848
f 2805 2848 2806
f 2806 2848 2849
f 2806 2849 2807
f 2807 2849 2850
f 2807 2850 2808
f 2808 2850 2851
f 2808 2851 2809
f 2809 2851 2852
f 2809 2852 2810
f 2810 2852 2853
f 2810 2853 2811
f 2811 2853 2854
f 2811 2854 2812
f 2812 2854 2855
f 2812 2855 2813
f 2813 2855 2856
f 2813 2856 2814
f 2814 2856 2857
f 2814 2857 2815
f 2815 2857 2858
f 2815 2858 2816
f 2816 2858 2859
f 2816 2859 2817
f 2817 2859 2860
f 2817 2860 2818
f 2818 2860 2861
f 2818 2861 2819
f 2819 2861 2862
f 2819 2862 2820
f 2820 2862 2863
f 2820 2863 2821
f 2821 2863 2864
f 2821 2864 2822
f 2822 2864 2865
f 2822 2865 2823
f 2823 2865 2866
f 2823 2866 2824
f 2824 2866 2867
f 2824 2867 2825
f 2825 2867 2868
f 2825 2868 2826
f 2826 2868 2869
f 2826 2869 2827
f 2827 2869 2870
f 2827 2870 2828
f 2828 2870 2871
f 2828 2871 2829
f 2829 2871 2872
f 2829 2872 2830
f 2830 2872 2831
f 2872 2873 2831
f 2831 2873 2874
f 2831 2874 2832
f 2832 2874 2875
f 2832 2875 2833
f 2833 2875 2876
f 2833 2876 2834
f 2834 2876 2877
f 2834 2877 2835
f 2835 2877 2878
f 2835 2878 2836
f 2836 2878 2879
f 2836 2879 2837
f 2837 2879 2880
f 2837 2880 2838
f 2838 2880 2881
f 2838 2881 2839
f 2839 2881 2882
f 2839 2882 2840
f 2840 2882 2883
f 2840 2883 2841
f 2841 2883 2884
f 2841 2884 2842
f 2842 2884 2885
f 2842 2885 2843
f 2843 2885 2886
f 2843 2886 2844
f 2844 2886 2887
f 2844 2887 2845
f 2845 2887 2888
f 2845 2888 2846
f 2846 2888 2889
f 2846 2889 2847
f 2847 2889 2890
f 2847 2890 2848
f 2848 2890 2891
f 2848 2891 2849
f 2849 2891 2892
f 2849 2892 2850
f 2850 2892 2893
f 2850 2893 2851
f 2851 2893 2894
f 2851 2894 2852
f 2852 2894 2895
f 2852 2895 2853
f 2853 2895 2896
f 2853 2896 2854
f 2854 2896 2897
f 2854 2897 2855
f 2855 2897 2898
f 2855 2898 2856
f 2856 2898 2899
f 2856 2899 2857
f 2857 2899 2900
f 2857 2900 2858
f 2858 2900 2901
f 2858 2901 2859
f 2859 2901 2902
f 2859 2902 2860
f 2860 2902 2903
f 2860 2903 2861
f 2861 2903 2904
f 2861 2904 2862
f 2862 2904 2905
f 2862 2905 2863
f 2863 2905 2906
f 2863 2906 2864
f 2864 2906 2907
f 2864 2907 2865
f 2865 2907 2908
f 2865 2908 2866
f 2866 2908 2909
f 2866 2909 2867
f 2867 2909 2910
f 2867 2910 2868
f 2868 2910 2911
f 2868 2911 2869
f 2869 2911 2912
f 2869 2912 2870
f 2870 2912 2913
f 2870 2913 2871
f 2871 2913 2914
f 2871 2914 2872
f 2872 2914 2873
f 2914 1783 2873
f 2873 1783 1821
f 2873 1821 2874
f 2874 1821 1820
f 2874 1820 2875
f 2875 1820 1822
f 2875 1822 2876
f 2876 1822 1818
f 2876 1818 2877
f 2877 1818 1817
f 2877 1817 2878
f 2878 1817 1819
f 2878 1819 2879
f 2879 1819 1815
f 2879 1815 2880
f 2880 1815 1814
f 2880 1814 2881
f 2881 1814 1816
f 2881 1816 2882
f 2882 1816 1812
f 2882 1812 2883
f 2883 1812 1811
f 2883 1811 2884
f 2884 1811 1813
f 2884 1813 2885
f 2885 1813 1809
f 2885 1809 2886
f 2886 1809 1808
f 2886 1808 2887
f 2887 1808 1810
f 2887 1810 2888
f 2888 1810 1806
f 2888 1806 2889
f 2889 1806 1805
f 2889 1805 2890
f 2890 1805 1807
f 2890 1807 2891
f 2891 1807 1803
f 2891 1803 2892
f 2892 1803 1802
f 2892 1802 2893
f 2893 1802 1804
f 2893 1804 2894
f 2894 1804 1800
f 2894 1800 2895
f 2895 1800 1799
f 2895 1799 2896
f 2896 1799 1801
f 2896 1801 2897
f 2897 1801 1797
f 2897 1797 2898
f 2898 1797 1796
f 2898 1796 2899
f 2899 1796 1798
f 2899 1798 2900
f 2900 1798 1794
f 2900 1794 2901
f 2901 1794 1793
f 2901 1793 2902
f 2902 1793 1795
f 2902 1795 2903
f 2903 1795 1791
f 2903 1791 2904
f 2904 1791 1790
f 2904 1790 2905
f 2905 1790 1792
f 2905 1792 2906
f 2906 1792 1788
f 2906 1788 2907
f 2907 1788 1787
f 2907 1787 2908
f 2908 1787 1789
f 2908 1789 2909
f 2909 1789 1785
f 2909 1785 2910
f 2910 1785 1784
f 2910 1784 2911
f 2911 1784 1786
f 2911 1786 2912
f 2912 1786 1782
f 2912 1782 2913
f 2913 1782 1781
f 2913 1781 2914
f 2914 1781 1783
f 207 2915 203
f 203 2915 2916
f 203 2916 204
f 204 2916 2917
f 204 2917 215
f 215 2917 2918
f 215 2918 214
f 214 2918 2919
f 214 2919 213
f 213 2919 2920
f 213 2920 205
f 205 2920 2921
f 205 2921 216
f 216 2921 2922
f 216 2922 217
f 217 2922 2923
f 217 2923 185
f 185 2923 2924
f 185 2924 186
f 186 2924 2925
f 186 2925 187
f 187 2925 2926
f 187 2926 196
f 196 2926 2927
f 196 2927 206
f 206 2927 2928
f 206 2928 197
f 197 2928 2929
f 197 2929 198
f 198 2929 2930
f 198 2930 192
f 192 2930 2931
f 192 2931 193
f 193 2931 2932
f 193 2932 202
f 202 2932 2933
f 202 2933 201
f 201 2933 2934
f 201 2934 200
f 200 2934 2935
f 200 2935 199
f 199 2935 2936
f 199 2936 182
f 182 2936 2937
f 182 2937 183
f 183 2937 2938
f 183 2938 188
f 188 2938 2939
f 188 2939 184
f 184 2939 2940
f 184 2940 189
f 189 2940 2941
f 189 2941 190
f 190 2941 2942
f 190 2942 191
f 191 2942 2943
f 191 2943 194
f 194 2943 2944
f 194 2944 195
f 195 2944 2945
f 195 2945 212
f 212 2945 2946
f 212 2946 211
f 211 2946 2947
f 211 2947 210
f 210 2947 2948
f 210 2948 209
f 209 2948 2949
f 209 2949 208
f 208 2949 2950
f 208 2950 207
f 207 2950 2915
f 2950 2951 2915
f 2915 2951 2952
f 2915 2952 2916
f 2916 2952 2953
f 2916 2953 2917
f 2917 2953 2954
f 2917 2954 2918
f 2918 2954 2955
f 2918 2955 2919
f 2919 2955 2956
f 2919 2956 2920
f 2920 2956 2957
f 2920 2957 2921
f 2921 2957 2958
f 2921 2958 2922
f 2922 2958 2959
f 2922 2959 2923
f 2923 2959 2960
f 2923 2960 2924
f 2924 2960 2961
f 2924 2961 2925
f 2925 2961 2962
f 2925 2962 2926
f 2926 2962 2963
f 2926 2963 2927
f 2927 2963 2964
f 2927 2964 2928
f 2928 2964 2965
f 2928 2965 2929
f 2929 2965 2966
f 2929 2966 2930
f 2930 2966 2967
f 2930 2967 2931
f 2931 2967 2968
f 2931 2968 2932
f 2932 2968 2969
f 2932 2969 2933
f 2933 2969 2970
f 2933 2970 2934
f 2934 2970 2971
f 2934 2971 2935
f 2935 2971 2972
f 2935 2972 2936
f 2936 2972 2973
f 2936 2973 2937
f 2937 2973 2974
f 2937 2974 2938
f 2938 2974 2975
f 2938 2975 2939
f 2939 2975 2976
f 2939 2976 2940
f 2940 2976 2977
f 2940 2977 2941
f 2941 2977 2978
f 2941 2978 2942
f 2942 2978 2979
f 2942 2979 2943
f 2943 2979 2980
f 2943 2980 2944
f 2944 2980 2981
f 2944 2981 2945
f 2945 2981 2982
f 2945 2982 2946
f 2946 2982 2983
f 2946 2983 2947
f 2947 2983 2984
f 2947 2984 2948
f 2948 2984 2985
f 2948 2985 2949
f 2949 2985 2986
f 2949 2986 2950
f 2950 2986 2951
f 2986 2987 2951
f 2951 2987 2988
f 2951 2988 2952
f 2952 2988 2989
f 2952 2989 2953
f 2953 2989 2990
f 2953 2990 2954
f 2954 2990 2991
f 2954 2991 2955
f 2955 2991 2992
f 2955 2992 2956
f 2956 2992 2993
f 2956 2993 2957
f 2957 2993 2994
f 2957 2994 2958
f 2958 2994 2995
f 2958 2995 2959
f 2959 2995 2996
f 2959 2996 2960
f 2960 2996 2997
f 2960 2997 2961
f 2961 2997 2998
f 2961 2998 2962
f 2962 2998 2999
f 2962 2999 2963
f 2963 2999 3000
f 2963 3000 2964
f 2964 3000 3001
f 2964 3001 2965
f 2965 3001 3002
f 2965 3002 2966
f 2966 3002 3003
f 2966 3003 2967
f 2967 3003 3004
f 2967 3004 2968
f 2968 3004 3005
f 2968 3005 2969
f 2969 3005 3006
f 2969 3006 2970
f 2970 3006 3007
f 2970 3007 2971
f 2971 3007 3008
f 2971 3008 2972
f 2972 3008 3009
f 2972 3009 2973
f 2973 3009 3010
f 2973 3010 2974
f 2974 3010 3011
f 2974 3011 2975
f 2975 3011 3012
f 2975 3012 2976
f 2976 3012 3013
f 2976 3013 2977
f 2977 3013 3014
f 2977 3014 2978
f 2978 3014 3015
f 2978 3015 2979
f 2979 3015 3016
f 2979 3016 2980
f 2980 3016 3017
f 2980 3017 2981
f 2981 3017 3018
f 2981 3018 2982
f 2982 3018 3019
f 2982 3019 2983
f 2983 3019 3020
f 2983 3020 2984
f 2984 3020 3021
f 2984 3021 2985
f 2985 3021 3022
f 2985 3022 2986
f 2986 3022 2987
f 3022 3023 2987
f 2987 3023 3024
f 2987 3024 2988
f 2988 3024 3025
f 2988 3025 2989
f 2989 3025 3026
f 2989 3026 2990
f 2990 3026 3027
f 2990 3027 2991
f 2991 3027 3028
f 2991 3028 2992
f 2992 3028 3029
f 2992 3029 2993
f 2993 3029 3030
f 2993 3030 2994
f 2994 3030 3031
f 2994 3031 2995
f 2995 3031 3032
f 2995 3032 2996
f 2996 3032 3033
f 2996 3033 2997
f 2997 3033 3034
f 2997 3034 2998
f 2998 3034 3035
f 2998 3035 2999
f 2999 3035 3036
f 2999 3036 3000
f 3000 3036 3037
f 3000 3037 3001
f 3001 3037 3038
f 3001 3038 3002
f 3002 3038 3039
f 3002 3039 3003
f 3003 3039 3040
f 3003 3040 3004
f 3004 3040 3041
f 3004 3041 3005
f 3005 3041 3042
f 3005 3042 3006
f 3006 3042 3043
f 3006 3043 3007
f 3007 3043 3044
f 3007 3044 3008
f 3008 3044 3045
f 3008 3045 3009
f 3009 3045 3046
f 3009 3046 3010
f 3010 3046 3047
f 3010 3047 3011
f 3011 3047 3048
f 3011 3048 3012
f 3012 3048 3049
f 3012 3049 3013
f 3013 3049 3050
f 3013 3050 3014
f 3014 3050 3051
f 3014 3051 3015
f 3015 3051 3052
f 3015 3052 3016
f 3016 3052 3053
f 3016 3053 3017
f 3017 3053 3054
f 3017 3054 3018
f 3018 3054 3055
f 3018 3055 3019
f 3019 3055 3056
f 3019 3056 3020
f 3020 3056 3057
f 3020 3057 3021
f 3021 3057 3058
f 3021 3058 3022
f 3022 3058 3023
f 3058 3059 3023
f 3023 3059 3060
f 3023 3060 3024
f 3024 3060 3061
f 3024 3061 3025
f 3025 3061 3062
f 3025 3062 3026
f 3026 3062 3063
f 3026 3063 3027
f 3027 3063 3064
f 3027 3064 3028
f 3028 3064 3065
f 3028 3065 3029
f 3029 3065 3066
f 3029 3066 3030
f 3030 3066 3067
f 3030 3067 3031
f 3031 3067 3068
f 3031 3068 3032
f 3032 3068 3069
f 3032 3069 3033
f 3033 3069 3070
f 3033 3070 3034
f 3034 3070 3071
f 3034 3071 3035
f 3035 3071 3072
f 3035 3072 3036
f 3036 3072 3073
f 3036 3073 3037
f 3037 3073 3074
f 3037 3074 3038
f 3038 3074 3075
f 3038 3075 3039
f 3039 3075 3076
f 3039 3076 3040
f 3040 3076 3077
f 3040 3077 3041
f 3041 3077 3078
f 3041 3078 3042
f 3042 3078 3079
f 3042 3079 3043
f 3043 3079 3080
f 3043 3080 3044
f 3044 3080 3081
f 3044 3081 3045
f 3045 3081 3082
f 3045 3082 3046
f 3046 3082 3083
f 3046 3083 3047
f 3047 3083 3084
f 3047 3084 3048
f 3048 3084 3085
f 3048 3085 3049
f 3049 3085 3086
f 3049 3086 3050
f 3050 3086 3087
f 3050 3087 3051
f 3051 3087 3088
f 3051 3088 3052
f 3052 3088 3089
f 3052 3089 3053
f 3053 3089 3090
f 3053 3090 3054
f 3054 3090 3091
f 3054 3091 3055
f 3055 3091 3092
f 3055 3092 3056
f 3056 3092 3093
f 3056 3093 3057
f 3057 3093 3094
f 3057 3094 3058
f 3058 3094 3059
f 3094 3095 3059
f 3059 3095 3096
f 3059 3096 3060
f 3060 3096 3097
f 3060 3097 3061
f 3061 3097 3098
f 3061 3098 3062
f 3062 3098 3099
f 3062 3099 3063
f 3063 3099 3100
f 3063 3100 3064
f 3064 3100 3101
f 3064 3101 3065
f 3065 3101 3102
f 3065 3102 3066
f 3066 3102 3103
f 3066 3103 3067
f 3067 3103 3104
f 3067 3104 3068
f 3068 3104 3105
f 3068 3105 3069
f 3069 3105 3106
f 3069 3106 3070
f 3070 3106 3107
f 3070 3107 3071
f 3071 3107 3108
f 3071 3108 3072
f 3072 3108 3109
f 3072 3109 3073
f 3073 3109 3110
f 3073 3110 3074
f 3074 3110 3111
f 3074 3111 3075
f 3075 3111 3112
f 3075 3112 3076
f 3076 3112 3113
f 3076 3113 3077
f 3077 3113 3114
f 3077 3114 3078
f 3078 3114 3115
f 3078 3115 3079
f 3079 3115 3116
f 3079 3116 3080
f 3080 3116 3117
f 3080 3117 3081
f 3081 3117 3118
f 3081 3118 3082
f 3082 3118 3119
f 3082 3119 3083
f 3083 3119 3120
f 3083 3120 3084
f 3084 3120 3121
f 3084 3121 3085
f 3085 3121 3122
f 3085 3122 3086
f 3086 3122 3123
f 3086 3123 3087
f 3087 3123 3124
f 3087 3124 3088
f 3088 3124 3125
f 3088 3125 3089
f 3089 3125 3126
f 3089 3126 3090
f 3090 3126 3127
f 3090 3127 3091
f 3091 3127 3128
f 3091 3128 3092
f 3092 3128 3129
f 3092 3129 3093
f 3093 3129 3130
f 3093 3130 3094
f 3094 3130 3095
f 3130 3131 3095
f 3095 3131 3132
f 3095 3132 3096
f 3096 3132 3133
f 3096 3133 3097
f 3097 3133 3134
f 3097 3134 3098
f 3098 3134 3135
f 3098 3135 3099
f 3099 3135 3136
f 3099 3136 3100
f 3100 3136 3137
f 3100 3137 3101
f 3101 3137 3138
f 3101 3138 3102
f 3102 3138 3139
f 3102 3139 3103
f 3103 3139 3140
f 3103 3140 3104
f 3104 3140 3141
f 3104 3141 3105
f 3105 3141 3142
f 3105 3142 3106
f 3106 3142 3143
f 3106 3143 3107
f 3107 3143 3144
f 3107 3144 3108
f 3108 3144 3145
f 3108 3145 3109
f 3109 3145 3146
f 3109 3146 3110
f 3110 3146 3147
f 3110 3147 3111
f 3111 3147 3148
f 3111 3148 3112
f 3112 3148 3149
f 3112 3149 3113
f 3113 3149 3150
f 3113 3150 3114
f 3114 3150 3151
f 3114 3151 3115
f 3115 3151 3152
f 3115 3152 3116
f 3116 3152 3153
f 3116 3153 3117
f 3117 3153 3154
f 3117 3154 3118
f 3118 3154 3155
f 3118 3155 3119
f 3119 3155 3156
f 3119 3156 3120
f 3120 3156 3157
f 3120 3157 3121
f 3121 3157 3158
f 3121 3158 3122
f 3122 3158 3159
f 3122 3159 3123
f 3123 3159 3160
f 3123 3160 3124
f 3124 3160 3161
f 3124 3161 3125
f 3125 3161 3162
f 3125 3162 3126
f 3126 3162 3163
f 3126 3163 3127
f 3127 3163 3164
f 3127 3164 3128
f 3128 3164 3165
f 3128 3165 3129
f 3129 3165 3166
f 3129 3166 3130
f 3130 3166 3131
f 3166 3167 3131
f 3131 3167 3168
f 3131 3168 3132
f 3132 3168 3169
f 3132 3169 3133
f 3133 3169 3170
f 3133 3170 3134
f 3134 3170 3171
f 3134 3171 3135
f 3135 3171 3172
f 3135 3172 3136
f 3136 3172 3173
f 3136 3173 3137
f 3137 3173 3174
f 3137 3174 3138
f 3138 3174 3175
f 3138 3175 3139
f 3139 3175 3176
f 3139 3176 3140
f 3140 3176 3177
f 3140 3177 3141
f 3141 3177 3178
f 3141 3178 3142
f 3142 3178 3179
f 3142 3179 3143
f 3143 3179 3180
f 3143 3180 3144
f 3144 3180 3181
f 3144 3181 3145
f 3145 3181 3182
f 3145 3182 3146
f 3146 3182 3183
f 3146 3183 3147
f 3147 3183 3184
f 3147 3184 3148
f 3148 3184 3185
f 3148 3185 3149
f 3149 3185 3186
f 3149 3186 3150
f 3150 3186 3187
f 3150 3187 3151
f 3151 3187 3188
f 3151 3188 3152
f 3152 3188 3189
f 3152 3189 3153
f 3153 3189 3190
f 3153 3190 3154
f 3154 3190 3191
f 3154 3191 3155
f 3155 3191 3192
f 3155 3192 3156
f 3156 3192 3193
f 3156 3193 3157
f 3157 3193 3194
f 3157 3194 3158
f 3158 3194 3195
f 3158 3195 3159
f 3159 3195 3196
f 3159 3196 3160
f 3160 3196 3197
f 3160 3197 3161
f 3161 3197 3198
f 3161 3198 3162
f 3162 3198 3199
f 3162 3199 3163
f 3163 3199 3200
f 3163 3200 3164
f 3164 3200 3201
f 3164 3201 3165
f 3165 3201 3202
f 3165 3202 3166
f 3166 3202 3167
f 3202 1081 3167
f 3167 1081 1079
f 3167 1079 3168
f 3168 1079 1077
f 3168 1077 3169
f 3169 1077 1075
f 3169 1075 3170
f 3170 1075 1073
f 3170 1073 3171
f 3171 1073 1071
f 3171 1071 3172
f 3172 1071 1069
f 3172 1069 3173
f 3173 1069 1067
f 3173 1067 3174
f 3174 1067 1065
f 3174 1065 3175
f 3175 1065 1063
f 3175 1063 3176
f 3176 1063 1061
f 3176 1061 3177
f 3177 1061 1059
f 3177 1059 3178
f 3178 1059 1057
f 3178 1057 3179
f 3179 1057 1055
f 3179 1055 3180
f 3180 1055 1053
f 3180 1053 3181
f 3181 1053 1051
f 3181 1051 3182
f 3182 1051 1049
f 3182 1049 3183
f 3183 1049 1047
f 3183 1047 3184
f 3184 1047 1117
f 3184 1117 3185
f 3185 1117 1115
f 3185 1115 3186
f 3186 1115 1113
f 3186 1113 3187
f 3187 1113 1111
f 3187 1111 3188
f 3188 1111 1109
f 3188 1109 3189
f 3189 1109 1107
f 3189 1107 3190
f 3190 1107 1105
f 3190 1105 3191
f 3191 1105 1103
f 3191 1103 3192
f 3192 1103 1101
f 3192 1101 3193
f 3193 1101 1099
f 3193 1099 3194
f 3194 1099 1097
f 3194 1097 3195
f 3195 1097 1095
f 3195 1095 3196
f 3196 1095 1093
f 3196 1093 3197
f 3197 1093 1091
f 3197 1091 3198
f 3198 1091 1089
f 3198 1089 3199
f 3199 1089 1087
f 3199 1087 3200
f 3200 1087 1085
f 3200 1085 3201
f 3201 1085 1083
f 3201 1083 3202
f 3202 1083 1081
f 1082 3203 1080
f 1080 3203 3204
f 1080 3204 1078
f 1078 3204 3205
f 1078 3205 1076
f 1076 3205 3206
f 1076 3206 1074
f 1074 3206 3207
f 1074 3207 1072
f 1072 3207 3208
f 1072 3208 1070
f 1070 3208 3209
f 1070 3209 1068
f 1068 3209 3210
f 1068 3210 1066
f 1066 3210 3211
f 1066 3211 1064
f 1064 3211 3212
f 1064 3212 1062
f 1062 3212 3213
f 1062 3213 1060
f 1060 3213 3214
f 1060 3214 1058
f 1058 3214 3215
f 1058 3215 1056
f 1056 3215 3216
f 1056 3216 1054
f 1054 3216 3217
f 1054 3217 1052
f 1052 3217 3218
f 1052 3218 1050
f 1050 3218 3219
f 1050 3219 1048
f 1048 3219 3220
f 1048 3220 1046
f 1046 3220 3221
f 1046 3221 1116
f 1116 3221 3222
f 1116 3222 1114
f 1114 3222 3223
f 1114 3223 1112
f 1112 3223 3224
f 1112 3224 1110
f 1110 3224 3225
f 1110 3225 1108
f 1108 3225 3226
f 1108 3226 1106
f 1106 3226 3227
f 1106 3227 1104
f 1104 3227 3228
f 1104 3228 1102
f 1102 3228 3229
f 1102 3229 1100
f 1100 3229 3230
f 1100 3230 1098
f 1098 3230 3231
f 1098 3231 1096
f 1096 3231 3232
f 1096 3232 1094
f 1094 3232 3233
f 1094 3233 1092
f 1092 3233 3234
f 1092 3234 1090
f 1090 3234 3235
f 1090 3235 1088
f 1088 3235 3236
f 1088 3236 1086
f 1086 3236 3237
f 1086 3237 1084
f 1084 3237 3238
f 1084 3238 1082
f 1082 3238 3203
f 3238 3239 3203
f 3203 3239 3240
f 3203 3240 3204
f 3204 3240 3241
f 3204 3241 3205
f 3205 3241 3242
f 3205 3242 3206
f 3206 3242 3243
f 3206 3243 3207
f 3207 3243 3244
f 3207 3244 3208
f 3208 3244 3245
f 3208 3245 3209
f 3209 3245 3246
f 3209 3246 3210
f 3210 3246 3247
f 3210 3247 3211
f 3211 3247 3248
f 3211 3248 3212
f 3212 3248 3249
f 3212 3249 3213
f 3213 3249 3250
f 3213 3250 3214
f 3214 3250 3251
f 3214 3251 3215
f 3215 3251 3252
f 3215 3252 3216
f 3216 3252 3253
f 3216 3253 3217
f 3217 3253 3254
f 3217 3254 3218
f 3218 3254 3255
f 3218 3255 3219
f 3219 3255 3256
f 3219 3256 3220
f 3220 3256 3257
f 3220 3257 3221
f 3221 3257 3258
f 3221 3258 3222
f 3222 3258 3259
f 3222 3259 3223
f 3223 3259 3260
f 3223 3260 3224
f 3224 3260 3261
f 3224 3261 3225
f 3225 3261 3262
f 3225 3262 3226
f 3226 3262 3263
f 3226 3263 3227
f 3227 3263 3264
f 3227 3264 3228
f 3228 3264 3265
f 3228 3265 3229
f 3229 3265 3266
f 3229 3266 3230
f 3230 3266 3267
f 3230 3267 3231
f 3231 3267 3268
f 3231 3268 3232
f 3232 3268 3269
f 3232 3269 3233
f 3233 3269 3270
f 3233 3270 3234
f 3234 3270 3271
f 3234 3271 3235
f 3235 3271 3272
f 3235 3272 3236
f 3236 3272 3273
f 3236 3273 3237
f 3237 3273 3274
f 3237 3274 3238
f 3238 3274 3239
f 3274 3275 3239
f 3239 3275 3276
f 3239 3276 3240
f 3240 3276 3277
f 3240 3277 3241
f 3241 3277 3278
f 3241 3278 3242
f 3242 3278 3279
f 3242 3279 3243
f 3243 3279 3280
f 3243 3280 3244
f 3244 3280 3281
f 3244 3281 3245
f 3245 3281 3282
f 3245 3282 3246
f 3246 3282 3283
f 3246 3283 3247
f 3247 3283 3284
f 3247 3284 3248
f 3248 3284 3285
f 3248 3285 3249
f 3249 3285 3286
f 3249 3286 3250
f 3250 3286 3287
f 3250 3287 3251
f 3251 3287 3288
f 3251 3288 3252
f 3252 3288 3289
f 3252 3289 3253
f 3253 3289 3290
f 3253 3290 3254
f 3254 3290 3291
f 3254 3291 3255
f 3255 3291 3292
f 3255 3292 3256
f 3256 3292 3293
f 3256 3293 3257
f 3257 3293 3294
f 3257 3294 3258
f 3258 3294 3295
f 3258 3295 3259
f 3259 3295 3296
f 3259 3296 3260
f 3260 3296 3297
f 3260 3297 3261
f 3261 3297 3298
f 3261 3298 3262
f 3262 3298 3299
f 3262 3299 3263
f 3263 3299 3300
f 3263 3300 3264
f 3264 3300 3301
f 3264 3301 3265
f 3265 3301 3302
f 3265 3302 3266
f 3266 3302 3303
f 3266 3303 3267
f 3267 3303 3304
f 3267 3304 3268
f 3268 3304 3305
f 3268 3305 3269
f 3269 3305 3306
f 3269 3306 3270
f 3270 3306 3307
f 3270 3307 3271
f 3271 3307 3308
f 3271 3308 3272
f 3272 3308 3309
f 3272 3309 3273
f 3273 3309 3310
f 3273 3310 3274
f 3274 3310 3275
f 3310 3311 3275
f 3275 3311 3312
f 3275 3312 3276
f 3276 3312 3313
f 3276 3313 3277
f 3277 3313 3314
f 3277 3314 3278
f 3278 3314 3315
f 3278 3315 3279
f 3279 3315 3316
f 3279 3316 3280
f 3280 3316 3317
f 3280 3317 3281
f 3281 3317 3318
f 3281 3318 3282
f 3282 3318 3319
f 3282 3319 3283
f 3283 3319 3320
f 3283 3320 3284
f 3284 3320 3321
f 3284 3321 3285
f 3285 3321 3322
f 3285 3322 3286
f 3286 3322 3323
f 3286 3323 3287
f 3287 3323 3324
f 3287 3324 3288
f 3288 3324 3325
f 3288 3325 3289
f 3289 3325 3326
f 3289 3326 3290
f 3290 3326 3327
f 3290 3327 3291
f 3291 3327 3328
f 3291 3328 3292
f 3292 3328 3329
f 3292 3329 3293
f 3293 3329 3330
f 3293 3330 3294
f 3294 3330 3331
f 3294 3331 3295
f 3295 3331 3332
f 3295 3332 3296
f 3296 3332 3333
f 3296 3333 3297
f 3297 3333 3334
f 3297 3334 3298
f 3298 3334 3335
f 3298 3335 3299
f 3299 3335 3336
f 3299 3336 3300
f 3300 3336 3337
f 3300 3337 3301
f 3301 3337 3338
f 3301 3338 3302
f 3302 3338 3339
f 3302 3339 3303
f 3303 3339 3340
f 3303 3340 3304
f 3304 3340 3341
f 3304 3341 3305
f 3305 3341 3342
f 3305 3342 3306
f 3306 3342 3343
f 3306 3343 3307
f 3307 3343 3344
f 3307 3344 3308
f 3308 3344 3345
f 3308 3345 3309
f 3309 3345 3346
f 3309 3346 3310
f 3310 3346 3311
f 3346 3347 3311
f 3311 3347 3348
f 3311 3348 3312
f 3312 3348 3349
f 3312 3349 3313
f 3313 3349 3350
f 3313 3350 3314
f 3314 3350 3351
f 3314 3351 3315
f 3315 3351 3352
f 3315 3352 3316
f 3316 3352 3353
f 3316 3353 3317
f 3317 3353 3354
f 3317 3354 3318
f 3318 3354 3355
f 3318 3355 3319
f 3319 3355 3356
f 3319 3356 3320
f 3320 3356 3357
f 3320 3357 3321
f 3321 3357 3358
f 3321 3358 3322
f 3322 3358 3359
f 3322 3359 3323
f 3323 3359 3360
f 3323 3360 3324
f 3324 3360 3361
f 3324 3361 3325
f 3325 3361 3362
f 3325 3362 3326
f 3326 3362 3363
f 3326 3363 3327
f 3327 3363 3364
f 3327 3364 3328
f 3328 3364 3365
f 3328 3365 3329
f 3329 3365 3366
f 3329 3366 3330
f 3330 3366 3367
f 3330 3367 3331
f 3331 3367 3368
f 3331 3368 3332
f 3332 3368 3369
f 3332 3369 3333
f 3333 3369 3370
f 3333 3370 3334
f 3334 3370 3371
f 3334 3371 3335
f 3335 3371 3372
f 3335 3372 3336
f 3336 3372 3373
f 3336 3373 3337
f 3337 3373 3374
f 3337 3374 3338
f 3338 3374 3375
f 3338 3375 3339
f 3339 3375 3376
f 3339 3376 3340
f 3340 3376 3377
f 3340 3377 3341
f 3341 3377 3378
f 3341 3378 3342
f 3342 3378 3379
f 3342 3379 3343
f 3343 3379 3380
f 3343 3380 3344
f 3344 3380 3381
f 3344 3381 3345
f 3345 3381 3382
f 3345 3382 3346
f 3346 3382 3347
f 3382 3383 3347
f 3347 3383 3384
f 3347 3384 3348
f 3348 3384 3385
f 3348 3385 3349
f 3349 3385 3386
f 3349 3386 3350
f 3350 3386 3387
f 3350 3387 3351
f 3351 3387 3388
f 3351 3388 3352
f 3352 3388 3389
f 3352 3389 3353
f 3353 3389 3390
f 3353 3390 3354
f 3354 3390 3391
f 3354 3391 3355
f 3355 3391 3392
f 3355 3392 3356
f 3356 3392 3393
f 3356 3393 3357
f 3357 3393 3394
f 3357 3394 3358
f 3358 3394 3395
f 3358 3395 3359
f 3359 3395 3396
f 3359 3396 3360
f 3360 3396 3397
f 3360 3397 3361
f 3361 3397 3398
f 3361 3398 3362
f 3362 3398 3399
f 3362 3399 3363
f 3363 3399 3400
f 3363 3400 3364
f 3364 3400 3401
f 3364 3401 3365
f 3365 3401 3402
f 3365 3402 3366
f 3366 3402 3403
f 3366 3403 3367
f 3367 3403 3404
f 3367 3404 3368
f 3368 3404 3405
f 3368 3405 3369
f 3369 3405 3406
f 3369 3406 3370
f 3370 3406 3407
f 3370 3407 3371
f 3371 3407 3408
f 3371 3408 3372
f 3372 3408 3409
f 3372 3409 3373
f 3373 3409 3410
f 3373 3410 3374
f 3374 3410 3411
f 3374 3411 3375
f 3375 3411 3412
f 3375 3412 3376
f 3376 3412 3413
f 3376 3413 3377
f 3377 3413 3414
f 3377 3414 3378
f 3378 3414 3415
f 3378 3415 3379
f 3379 3415 3416
f 3379 3416 3380
f 3380 3416 3417
f 3380 3417 3381
f 3381 3417 3418
f 3381 3418 3382
f 3382 3418 3383
f 3418 3419 3383
f 3383 3419 3420
f 3383 3420 3384
f 3384 3420 3421
f 3384 3421 3385
f 3385 3421 3422
f 3385 3422 3386
f 3386 3422 3423
f 3386 3423 3387
f 3387 3423 3424
f 3387 3424 3388
f 3388 3424 3425
f 3388 3425 3389
f 3389 3425 3426
f 3389 3426 3390
f 3390 3426 3427
f 3390 3427 3391
f 3391 3427 3428
f 3391 3428 3392
f 3392 3428 3429
f 3392 3429 3393
f 3393 3429 3430
f 3393 3430 3394
f 3394 3430 3431
f 3394 3431 3395
f 3395 3431 3432
f 3395 3432 3396
f 3396 3432 3433
f 3396 3433 3397
f 3397 3433 3434
f 3397 3434 3398
f 3398 3434 3435
f 3398 3435 3399
f 3399 3435 3436
f 3399 3436 3400
f 3400 3436 3437
f 3400 3437 3401
f 3401 3437 3438
f 3401 3438 3402
f 3402 3438 3439
f 3402 3439 3403
f 3403 3439 3440
f 3403 3440 3404
f 3404 3440 3441
f 3404 3441 3405
f 3405 3441 3442
f 3405 3442 3406
f 3406 3442 3443
f 3406 3443 3407
f 3407 3443 3444
f 3407 3444 3408
f 3408 3444 3445
f 3408 3445 3409
f 3409 3445 3446
f 3409 3446 3410
f 3410 3446 3447
f 3410 3447 3411
f 3411 3447 3448
f 3411 3448 3412
f 3412 3448 3449
f 3412 3449 3413
f 3413 3449 3450
f 3413 3450 3414
f 3414 3450 3451
f 3414 3451 3415
f 3415 3451 3452
f 3415 3452 3416
f 3416 3452 3453
f 3416 3453 3417
f 3417 3453 3454
f 3417 3454 3418
f 3418 3454 3419
f 3454 3455 3419
f 3419 3455 3456
f 3419 3456 3420
f 3420 3456 3457
f 3420 3457 3421
f 3421 3457 3458
f 3421 3458 3422
f 3422 3458 3459
f 3422 3459 3423
f 3423 3459 3460
f 3423 3460 3424
f 3424 3460 3461
f 3424 3461 3425
f 3425 3461 3462
f 3425 3462 3426
f 3426 3462 3463
f 3426 3463 3427
f 3427 3463 3464
f 3427 3464 3428
f 3428 3464 3465
f 3428 3465 3429
f 3429 3465 3466
f 3429 3466 3430
f 3430 3466 3467
f 3430 3467 3431
f 3431 3467 3468
f 3431 3468 3432
f 3432 3468 3469
f 3432 3469 3433
f 3433 3469 3470
f 3433 3470 3434
f 3434 3470 3471
f 3434 3471 3435
f 3435 3471 3472
f 3435 3472 3436
f 3436 3472 3473
f 3436 3473 3437
f 3437 3473 3474
f 3437 3474 3438
f 3438 3474 3475
f 3438 3475 3439
f 3439 3475 3476
f 3439 3476 3440
f 3440 3476 3477
f 3440 3477 3441
f 3441 3477 3478
f 3441 3478 3442
f 3442 3478 3479
f 3442 3479 3443
f 3443 3479 3480
f 3443 3480 3444
f 3444 3480 3481
f 3444 3481 3445
f 3445 3481 3482
f 3445 3482 3446
f 3446 3482 3483
f 3446 3483 3447
f 3447 3483 3484
f 3447 3484 3448
f 3448 3484 3485
f 3448 3485 3449
f 3449 3485 3486
f 3449 3486 3450
f 3450 3486 3487
f 3450 3487 3451
f 3451 3487 3488
f 3451 3488 3452
f 3452 3488 3489
f 3452 3489 3453
f 3453 3489 3490
f 3453 3490 3454
f 3454 3490 3455
f 3490 1520 3455
f 3455 1520 1519
f 3455 1519 3456
f 3456 1519 1560
f 3456 1560 3457
f 3457 1560 1575
f 3457 1575 3458
f 3458 1575 1555
f 3458 1555 3459
f 3459 1555 1557
f 3459 1557 3460
f 3460 1557 1570
f 3460 1570 3461
f 3461 1570 1587
f 3461 1587 3462
f 3462 1587 1525
f 3462 1525 3463
f 3463 1525 1517
f 3463 1517 3464
f 3464 1517 1515
f 3464 1515 3465
f 3465 1515 1584
f 3465 1584 3466
f 3466 1584 1566
f 3466 1566 3467
f 3467 1566 1547
f 3467 1547 3468
f 3468 1547 1545
f 3468 1545 3469
f 3469 1545 1562
f 3469 1562 3470
f 3470 1562 1541
f 3470 1541 3471
f 3471 1541 1523
f 3471 1523 3472
f 3472 1523 1522
f 3472 1522 3473
f 3473 1522 1538
f 3473 1538 3474
f 3474 1538 1536
f 3474 1536 3475
f 3475 1536 1534
f 3475 1534 3476
f 3476 1534 1532
f 3476 1532 3477
f 3477 1532 1531
f 3477 1531 3478
f 3478 1531 1512
f 3478 1512 3479
f 3479 1512 1510
f 3479 1510 3480
f 3480 1510 1509
f 3480 1509 3481
f 3481 1509 1507
f 3481 1507 3482
f 3482 1507 1505
f 3482 1505 3483
f 3483 1505 1503
f 3483 1503 3484
f 3484 1503 1502
f 3484 1502 3485
f 3485 1502 1496
f 3485 1496 3486
f 3486 1496 1497
f 3486 1497 3487
f 3487 1497 1499
f 3487 1499 3488
f 3488 1499 1492
f 3488 1492 3489
f 3489 1492 1491
f 3489 1491 3490
f 3490 1491 1520
f 3491 3492 1270
f 1270 1272 3491
f 3491 1272 1274
f 3491 1274 3493
f 3493 1274 1276
f 3493 1276 3494
f 1276 1278 3494
f 3494 1278 1280
f 3494 1280 3495
f 1280 1282 3495
f 3495 1282 1284
f 3495 1284 3496
f 3496 1284 1286
f 3496 1286 3497
f 3497 1286 1288
f 3497 1288 3498
f 1288 1290 3498
f 3498 1290 1292
f 3498 1292 3499
f 1292 1294 3499
f 3499 1294 1296
f 3499 1296 3500
f 3500 1296 1298
f 3500 1298 3501
f 1298 1300 3501
f 3501 1300 1302
f 3501 1302 3502
f 1302 1304 3502
f 3502 1304 1306
f 3502 1306 3503
f 3503 1306 1308
f 3503 1308 3504
f 3504 1308 1310
f 3504 1310 3505
f 1310 1312 3505
f 3505 1312 1314
f 3505 1314 3506
f 1314 1316 3506
f 3506 1316 1318
f 3506 1318 3507
f 3507 1318 1320
f 3507 1320 3508
f 1320 1322 3508
f 3508 1322 1324
f 3508 1324 3509
f 1324 1326 3509
f 3509 1326 1328
f 3509 1328 3510
f 3510 1328 1330
f 3510 1330 3511
f 3511 1330 1332
f 3511 1332 3512
f 1332 1334 3512
f 3512 1334 1336
f 3512 1336 3513
f 1336 1338 3513
f 3513 1338 1340
f 3513 1340 3514
f 3514 1340 1342
f 3514 1342 3515
f 1342 1344 3515
f 3515 1344 1346
f 3515 1346 3516
f 1346 1348 3516
f 3516 1348 1350
f 3516 1350 3517
f 3517 1350 1352
f 3517 1352 3518
f 3518 1352 1354
f 3518 1354 3519
f 1354 1356 3519
f 3519 1356 1358
f 3519 1358 3520
f 1358 1360 3520
f 3520 1360 1362
f 3520 1362 3521
f 3521 1362 1364
f 3521 1364 3522
f 1364 1366 3522
f 3522 1366 1368
f 3522 1368 3523
f 1368 1370 3523
f 3523 1370 1372
f 3523 1372 3524
f 3524 1372 1374
f 3524 1374 3525
f 3525 1374 1376
f 3525 1376 3526
f 1376 1378 3526
f 3526 1378 1380
f 3526 1380 3527
f 1380 1382 3527
f 3527 1382 1384
f 3527 1384 3528
f 3528 1384 1386
f 3528 1386 3529
f 1386 1388 3529
f 3529 1388 1390
f 3529 1390 3530
f 1390 1392 3530
f 3530 1392 1394
f 3530 1394 3531
f 3531 1394 1396
f 3531 1396 3532
f 3532 1396 1398
f 3532 1398 3533
f 1398 1400 3533
f 3533 1400 1402
f 3533 1402 3534
f 1402 1404 3534
f 3534 1404 1406
f 3534 1406 3535
f 3535 1406 1408
f 3535 1408 3536
f 1408 1410 3536
f 3536 1410 1412
f 3536 1412 3537
f 1412 1414 3537
f 3537 1414 1416
f 3537 1416 3538
f 3538 1416 1418
f 3538 1418 3539
f 3539 1418 1202
f 3539 1202 3540
f 1202 1215 3540
f 3540 1215 1181
f 3540 1181 3541
f 1181 1186 3541
f 3541 1186 1172
f 3541 1172 3542
f 3542 1172 1171
f 3542 1171 3543
f 1171 1176 3543
f 3543 1176 1158
f 3543 1158 3544
f 1158 1157 3544
f 3544 1157 1162
f 3544 1162 3545
f 3545 1162 1168
f 3545 1168 3546
f 3546 1168 1139
f 3546 1139 3547
f 1139 1224 3547
f 3547 1224 1226
f 3547 1226 3548
f 1226 1228 3548
f 3548 1228 1230
f 3548 1230 3549
f 3549 1230 1232
f 3549 1232 3550
f 1232 1234 3550
f 3550 1234 1236
f 3550 1236 3551
f 1236 1238 3551
f 3551 1238 1240
f 3551 1240 3552
f 3552 1240 1242
f 3552 1242 3553
f 3553 1242 1244
f 3553 1244 3554
f 1244 1246 3554
f 3554 1246 1248
f 3554 1248 3555
f 1248 1250 3555
f 3555 1250 1252
f 3555 1252 3556
f 3556 1252 1254
f 3556 1254 3557
f 1254 1256 3557
f 3557 1256 1258
f 3557 1258 3558
f 1258 1260 3558
f 3558 1260 1262
f 3558 1262 3559
f 3559 1262 1264
f 3559 1264 3560
f 3560 1264 1266
f 3560 1266 3492
f 3492 1266 1268
f 3492 1268 1270
f 3559 3561 3558
f 3558 3561 3562
f 3558 3562 3557
f 3557 3562 3563
f 3557 3563 3556
f 3556 3563 3564
f 3556 3564 3555
f 3555 3564 3565
f 3555 3565 3554
f 3554 3565 3566
f 3554 3566 3553
f 3553 3566 3567
f 3553 3567 3552
f 3552 3567 3568
f 3552 3568 3551
f 3551 3568 3569
f 3551 3569 3550
f 3550 3569 3570
f 3550 3570 3549
f 3549 3570 3571
f 3549 3571 3548
f 3548 3571 3572
f 3548 3572 3547
f 3547 3572 3573
f 3547 3573 3546
f 3546 3573 3574
f 3546 3574 3545
f 3545 3574 3575
f 3545 3575 3544
f 3544 3575 3576
f 3544 3576 3543
f 3543 3576 3577
f 3543 3577 3542
f 3542 3577 3578
f 3542 3578 3541
f 3541 3578 3579
f 3541 3579 3540
f 3540 3579 3580
f 3540 3580 3539
f 3539 3580 3581
f 3539 3581 3538
f 3538 3581 3582
f 3538 3582 3537
f 3537 3582 3583
f 3537 3583 3536
f 3536 3583 3584
f 3536 3584 3535
f 3535 3584 3585
f 3535 3585 3534
f 3534 3585 3586
f 3534 3586 3533
f 3533 3586 3587
f 3533 3587 3532
f 3532 3587 3588
f 3532 3588 3531
f 3531 3588 3589
f 3531 3589 3530
f 3530 3589 3590
f 3530 3590 3529
f 3529 3590 3591
f 3529 3591 3528
f 3528 3591 3592
f 3528 3592 3527
f 3527 3592 3593
f 3527 3593 3526
f 3526 3593 3594
f 3526 3594 3525
f 3525 3594 3595
f 3525 3595 3524
f 3524 3595 3596
f 3524 3596 3523
f 3523 3596 3597
f 3523 3597 3522
f 3522 3597 3598
f 3522 3598 3521
f 3521 3598 3599
f 3521 3599 3520
f 3520 3599 3600
f 3520 3600 3519
f 3519 3600 3601
f 3519 3601 3518
f 3518 3601 3602
f 3518 3602 3517
f 3517 3602 3603
f 3517 3603 3516
f 3516 3603 3604
f 3516 3604 3515
f 3515 3604 3605
f 3515 3605 3514
f 3514 3605 3606
f 3514 3606 3513
f 3513 3606 3607
f 3513 3607 3512
f 3512 3607 3608
f 3512 3608 3511
f 3511 3608 3609
f 3511 3609 3510
f 3510 3609 3610
f 3510 3610 3509
f 3509 3610 3611
f 3509 3611 3508
f 3508 3611 3612
f 3508 3612 3507
f 3507 3612 3613
f 3507 3613 3506
f 3506 3613 3614
f 3506 3614 3505
f 3505 3614 3615
f 3505 3615 3504
f 3504 3615 3616
f 3504 3616 3503
f 3503 3616 3617
f 3503 3617 3502
f 3502 3617 3618
f 3502 3618 3501
f 3501 3618 3619
f 3501 3619 3500
f 3500 3619 3620
f 3500 3620 3499
f 3499 3620 3621
f 3499 3621 3498
f 3498 3621 3622
f 3498 3622 3497
f 3497 3622 3623
f 3497 3623 3496
f 3496 3623 3624
f 3496 3624 3495
f 3495 3624 3625
f 3495 3625 3494
f 3494 3625 3626
f 3494 3626 3493
f 3493 3626 3627
f 3493 3627 3491
f 3491 3627 3628
f 3491 3628 3492
f 3492 3628 3629
f 3492 3629 3560
f 3560 3629 3630
f 3560 3630 3559
f 3559 3630 3561
f 3561 3631 3562
f 3562 3631 3632
f 3562 3632 3563
f 3563 3632 3633
f 3563 3633 3564
f 3564 3633 3634
f 3564 3634 3565
f 3565 3634 3635
f 3565 3635 3566
f 3566 3635 3636
f 3566 3636 3567
f 3567 3636 3637
f 3567 3637 3568
f 3568 3637 3638
f 3568 3638 3569
f 3569 3638 3639
f 3569 3639 3570
f 3570 3639 3640
f 3570 3640 3571
f 3571 3640 3641
f 3571 3641 3572
f 3572 3641 3642
f 3572 3642 3573
f 3573 3642 3643
f 3573 3643 3574
f 3574 3643 3644
f 3574 3644 3575
f 3575 3644 3645
f 3575 3645 3576
f 3576 3645 3646
f 3576 3646 3577
f 3577 3646 3647
f 3577 3647 3578
f 3578 3647 3648
f 3578 3648 3579
f 3579 3648 3649
f 3579 3649 3580
f 3580 3649 3650
f 3580 3650 3581
f 3581 3650 3651
f 3581 3651 3582
f 3582 3651 3652
f 3582 3652 3583
f 3583 3652 3653
f 3583 3653 3584
f 3584 3653 3654
f 3584 3654 3585
f 3585 3654 3655
f 3585 3655 3586
f 3586 3655 3656
f 3586 3656 3587
f 3587 3656 3657
f 3587 3657 3588
f 3588 3657 3658
f 3588 3658 3589
f 3589 3658 3659
f 3589 3659 3590
f 3590 3659 3660
f 3590 3660 3591
f 3591 3660 3661
f 3591 3661 3592
f 3592 3661 3662
f 3592 3662 3593
f 3593 3662 3663
f 3593 3663 3594
f 3594 3663 3664
f 3594 3664 3595
f 3595 3664 3665
f 3595 3665 3596
f 3596 3665 3666
f 3596 3666 3597
f 3597 3666 3667
f 3597 3667 3598
f 3598 3667 3668
f 3598 3668 3599
f 3599 3668 3669
f 3599 3669 3600
f 3600 3669 3670
f 3600 3670 3601
f 3601 3670 3671
f 3601 3671 3602
f 3602 3671 3672
f 3602 3672 3603
f 3603 3672 3673
f 3603 3673 3604
f 3604 3673 3674
f 3604 3674 3605
f 3605 3674 3675
f 3605 3675 3606
f 3606 3675 3676
f 3606 3676 3607
f 3607 3676 3677
f 3607 3677 3608
f 3608 3677 3678
f 3608 3678 3609
f 3609 3678 3679
f 3609 3679 3610
f 3610 3679 3680
f 3610 3680 3611
f 3611 3680 3681
f 3611 3681 3612
f 3612 3681 3682
f 3612 3682 3613
f 3613 3682 3683
f 3613 3683 3614
f 3614 3683 3684
f 3614 3684 3615
f 3615 3684 3685
f 3615 3685 3616
f 3616 3685 3686
f 3616 3686 3617
f 3617 3686 3687
f 3617 3687 3618
f 3618 3687 3688
f 3618 3688 3619
f 3619 3688 3689
f 3619 3689 3620
f 3620 3689 3690
f 3620 3690 3621
f 3621 3690 3691
f 3621 3691 3622
f 3622 3691 3692
f 3622 3692 3623
f 3623 3692 3693
f 3623 3693 3624
f 3624 3693 3694
f 3624 3694 3625
f 3625 3694 3695
f 3625 3695 3626
f 3626 3695 3696
f 3626 3696 3627
f 3627 3696 3697
f 3627 3697 3628
f 3628 3697 3698
f 3628 3698 3629
f 3629 3698 3699
f 3629 3699 3630
f 3630 3699 3700
f 3630 3700 3561
f 3561 3700 3631
f 3631 3701 3632
f 3632 3701 3702
f 3632 3702 3633
f 3633 3702 3703
f 3633 3703 3634
f 3634 3703 3704
f 3634 3704 3635
f 3635 3704 3705
f 3635 3705 3636
f 3636 3705 3706
f 3636 3706 3637
f 3637 3706 3707
f 3637 3707 3638
f 3638 3707 3708
f 3638 3708 3639
f 3639 3708 3709
f 3639 3709 3640
f 3640 3709 3710
f 3640 3710 3641
f 3641 3710 3711
f 3641 3711 3642
f 3642 3711 3712
f 3642 3712 3643
f 3643 3712 3713
f 3643 3713 3644
f 3644 3713 3714
f 3644 3714 3645
f 3645 3714 3715
f 3645 3715 3646
f 3646 3715 3716
f 3646 3716 3647
f 3647 3716 3717
f 3647 3717 3648
f 3648 3717 3718
f 3648 3718 3649
f 3649 3718 3719
f 3649 3719 3650
f 3650 3719 3720
f 3650 3720 3651
f 3651 3720 3721
f 3651 3721 3652
f 3652 3721 3722
f 3652 3722 3653
f 3653 3722 3723
f 3653 3723 3654
f 3654 3723 3724
f 3654 3724 3655
f 3655 3724 3725
f 3655 3725 3656
f 3656 3725 3726
f 3656 3726 3657
f 3657 3726 3727
f 3657 3727 3658
f 3658 3727 3728
f 3658 3728 3659
f 3659 3728 3729
f 3659 3729 3660
f 3660 3729 3730
f 3660 3730 3661
f 3661 3730 3731
f 3661 3731 3662
f 3662 3731 3732
f 3662 3732 3663
f 3663 3732 3733
f 3663 3733 3664
f 3664 3733 3734
f 3664 3734 3665
f 3665 3734 3735
f 3665 3735 3666
f 3666 3735 3736
f 3666 3736 3667
f 3667 3736 3737
f 3667 3737 3668
f 3668 3737 3738
f 3668 3738 3669
f 3669 3738 3739
f 3669 3739 3670
f 3670 3739 3740
f 3670 3740 3671
f 3671 3740 3741
f 3671 3741 3672
f 3672 3741 3742
f 3672 3742 3673
f 3673 3742 3743
f 3673 3743 3674
f 3674 3743 3744
f 3674 3744 3675
f 3675 3744 3745
f 3675 3745 3676
f 3676 3745 3746
f 3676 3746 3677
f 3677 3746 3747
f 3677 3747 3678
f 3678 3747 3748
f 3678 3748 3679
f 3679 3748 3749
f 3679 3749 3680
f 3680 3749 3750
f 3680 3750 3681
f 3681 3750 3751
f 3681 3751 3682
f 3682 3751 3752
f 3682 3752 3683
f 3683 3752 3753
f 3683 3753 3684
f 3684 3753 3754
f 3684 3754 3685
f 3685 3754 3755
f 3685 3755 3686
f 3686 3755 3756
f 3686 3756 3687
f 3687 3756 3757
f 3687 3757 3688
f 3688 3757 3758
f 3688 3758 3689
f 3689 3758 3759
f 3689 3759 3690
f 3690 3759 3760
f 3690 3760 3691
f 3691 3760 3761
f 3691 3761 3692
f 3692 3761 3762
f 3692 3762 3693
f 3693 3762 3763
f 3693 3763 3694
f 3694 3763 3764
f 3694 3764 3695
f 3695 3764 3765
f 3695 3765 3696
f 3696 3765 3766
f 3696 3766 3697
f 3697 3766 3767
f 3697 3767 3698
f 3698 3767 3768
f 3698 3768 3699
f 3699 3768 3769
f 3699 3769 3700
f 3700 3769 3770
f 3700 3770 3631
f 3631 3770 3701
f 3701 3771 3702
f 3702 3771 3772
f 3702 3772 3703
f 3703 3772 3773
f 3703 3773 3704
f 3704 3773 3774
f 3704 3774 3705
f 3705 3774 3775
f 3705 3775 3706
f 3706 3775 3776
f 3706 3776 3707
f 3707 3776 3777
f 3707 3777 3708
f 3708 3777 3778
f 3708 3778 3709
f 3709 3778 3779
f 3709 3779 3710
f 3710 3779 3780
f 3710 3780 3711
f 3711 3780 3781
f 3711 3781 3712
f 3712 3781 3782
f 3712 3782 3713
f 3713 3782 3783
f 3713 3783 3714
f 3714 3783 3784
f 3714 3784 3715
f 3715 3784 3785
f 3715 3785 3716
f 3716 3785 3786
f 3716 3786 3717
f 3717 3786 3787
f 3717 3787 3718
f 3718 3787 3788
f 3718 3788 3719
f 3719 3788 3789
f 3719 3789 3720
f 3720 3789 3790
f 3720 3790 3721
f 3721 3790 3791
f 3721 3791 3722
f 3722 3791 3792
f 3722 3792 3723
f 3723 3792 3793
f 3723 3793 3724
f 3724 3793 3794
f 3724 3794 3725
f 3725 3794 3795
f 3725 3795 3726
f 3726 3795 3796
f 3726 3796 3727
f 3727 3796 3797
f 3727 3797 3728
f 3728 3797 3798
f 3728 3798 3729
f 3729 3798 3799
f 3729 3799 3730
f 3730 3799 3800
f 3730 3800 3731
f 3731 3800 3801
f 3731 3801 3732
f 3732 3801 3802
f 3732 3802 3733
f 3733 3802 3803
f 3733 3803 3734
f 3734 3803 3804
f 3734 3804 3735
f 3735 3804 3805
f 3735 3805 3736
f 3736 3805 3806
f 3736 3806 3737
f 3737 3806 3807
f 3737 3807 3738
f 3738 3807 3808
f 3738 3808 3739
f 3739 3808 3809
f 3739 3809 3740
f 3740 3809 3810
f 3740 3810 3741
f 3741 3810 3811
f 3741 3811 3742
f 3742 3811 3812
f 3742 3812 3743
f 3743 3812 3813
f 3743 3813 3744
f 3744 3813 3814
f 3744 3814 3745
f 3745 3814 3815
f 3745 3815 3746
f 3746 3815 3816
f 3746 3816 3747
f 3747 3816 3817
f 3747 3817 3748
f 3748 3817 3818
f 3748 3818 3749
f 3749 3818 3819
f 3749 3819 3750
f 3750 3819 3820
f 3750 3820 3751
f 3751 3820 3821
f 3751 3821 3752
f 3752 3821 3822
f 3752 3822 3753
f 3753 3822 3823
f 3753 3823 3754
f 3754 3823 3824
f 3754 3824 3755
f 3755 3824 3825
f 3755 3825 3756
f 3756 3825 3826
f 3756 3826 3757
f 3757 3826 3827
f 3757 3827 3758
f 3758 3827 3828
f 3758 3828 3759
f 3759 3828 3829
f 3759 3829 3760
f 3760 3829 3830
f 3760 3830 3761
f 3761 3830 3831
f 3761 3831 3762
f 3762 3831 3832
f 3762 3832 3763
f 3763 3832 3833
f 3763 3833 3764
f 3764 3833 3834
f 3764 3834 3765
f 3765 3834 3835
f 3765 3835 3766
f 3766 3835 3836
f 3766 3836 3767
f 3767 3836 3837
f 3767 3837 3768
f 3768 3837 3838
f 3768 3838 3769
f 3769 3838 3839
f 3769 3839 3770
f 3770 3839 3840
f 3770 3840 3701
f 3701 3840 3771
f 3771 3841 3772
f 3772 3841 3842
f 3772 3842 3773
f 3773 3842 3843
f 3773 3843 3774
f 3774 3843 3844
f 3774 3844 3775
f 3775 3844 3845
f 3775 3845 3776
f 3776 3845 3846
f 3776 3846 3777
f 3777 3846 3847
f 3777 3847 3778
f 3778 3847 3848
f 3778 3848 3779
f 3779 3848 3849
f 3779 3849 3780
f 3780 3849 3850
f 3780 3850 3781
f 3781 3850 3851
f 3781 3851 3782
f 3782 3851 3852
f 3782 3852 3783
f 3783 3852 3853
f 3783 3853 3784
f 3784 3853 3854
f 3784 3854 3785
f 3785 3854 3855
f 3785 3855 3786
f 3786 3855 3856
f 3786 3856 3787
f 3787 3856 3857
f 3787 3857 3788
f 3788 3857 3858
f 3788 3858 3789
f 3789 3858 3859
f 3789 3859 3790
f 3790 3859 3860
f 3790 3860 3791
f 3791 3860 3861
f 3791 3861 3792
f 3792 3861 3862
f 3792 3862 3793
f 3793 3862 3863
f 3793 3863 3794
f 3794 3863 3864
f 3794 3864 3795
f 3795 3864 3865
f 3795 3865 3796
f 3796 3865 3866
f 3796 3866 3797
f 3797 3866 3867
f 3797 3867 3798
f 3798 3867 3868
f 3798 3868 3799
f 3799 3868 3869
f 3799 3869 3800
f 3800 3869 3870
f 3800 3870 3801
f 3801 3870 3871
f 3801 3871 3802
f 3802 3871 3872
f 3802 3872 3803
f 3803 3872 3873
f 3803 3873 3804
f 3804 3873 3874
f 3804 3874 3805
f 3805 3874 3875
f 3805 3875 3806
f 3806 3875 3876
f 3806 3876 3807
f 3807 3876 3877
f 3807 3877 3808
f 3808 3877 3878
f 3808 3878 3809
f 3809 3878 3879
f 3809 3879 3810
f 3810 3879 3880
f 3810 3880 3811
f 3811 3880 3881
f 3811 3881 3812
f 3812 3881 3882
f 3812 3882 3813
f 3813 3882 3883
f 3813 3883 3814
f 3814 3883 3884
f 3814 3884 3815
f 3815 3884 3885
f 3815 3885 3816
f 3816 3885 3886
f 3816 3886 3817
f 3817 3886 3887
f 3817 3887 3818
f 3818 3887 3888
f 3818 3888 3819
f 3819 3888 3889
f 3819 3889 3820
f 3820 3889 3890
f 3820 3890 3821
f 3821 3890 3891
f 3821 3891 3822
f 3822 3891 3892
f 3822 3892 3823
f 3823 3892 3893
f 3823 3893 3824
f 3824 3893 3894
f 3824 3894 3825
f 3825 3894 3895
f 3825 3895 3826
f 3826 3895 3896
f 3826 3896 3827
f 3827 3896 3897
f 3827 3897 3828
f 3828 3897 3898
f 3828 3898 3829
f 3829 3898 3899
f 3829 3899 3830
f 3830 3899 3900
f 3830 3900 3831
f 3831 3900 3901
f 3831 3901 3832
f 3832 3901 3902
f 3832 3902 3833
f 3833 3902 3903
f 3833 3903 3834
f 3834 3903 3904
f 3834 3904 3835
f 3835 3904 3905
f 3835 3905 3836
f 3836 3905 3906
f 3836 3906 3837
f 3837 3906 3907
f 3837 3907 3838
f 3838 3907 3908
f 3838 3908 3839
f 3839 3908 3909
f 3839 3909 3840
f 3840 3909 3910
f 3840 3910 3771
f 3771 3910 3841
f 3841 3911 3842
f 3842 3911 3912
f 3842 3912 3843
f 3843 3912 3913
f 3843 3913 3844
f 3844 3913 3914
f 3844 3914 3845
f 3845 3914 3915
f 3845 3915 3846
f 3846 3915 3916
f 3846 3916 3847
f 3847 3916 3917
f 3847 3917 3848
f 3848 3917 3918
f 3848 3918 3849
f 3849 3918 3919
f 3849 3919 3850
f 3850 3919 3920
f 3850 3920 3851
f 3851 3920 3921
f 3851 3921 3852
f 3852 3921 3922
f 3852 3922 3853
f 3853 3922 3923
f 3853 3923 3854
f 3854 3923 3924
f 3854 3924 3855
f 3855 3924 3925
f 3855 3925 3856
f 3856 3925 3926
f 3856 3926 3857
f 3857 3926 3927
f 3857 3927 3858
f 3858 3927 3928
f 3858 3928 3859
f 3859 3928 3929
f 3859 3929 3860
f 3860 3929 3930
f 3860 3930 3861
f 3861 3930 3931
f 3861 3931 3862
f 3862 3931 3932
f 3862 3932 3863
f 3863 3932 3933
f 3863 3933 3864
f 3864 3933 3934
f 3864 3934 3865
f 3865 3934 3935
f 3865 3935 3866
f 3866 3935 3936
f 3866 3936 3867
f 3867 3936 3937
f 3867 3937 3868
f 3868 3937 3938
f 3868 3938 3869
f 3869 3938 3939
f 3869 3939 3870
f 3870 3939 3940
f 3870 3940 3871
f 3871 3940 3941
f 3871 3941 3872
f 3872 3941 3942
f 3872 3942 3873
f 3873 3942 3943
f 3873 3943 3874
f 3874 3943 3944
f 3874 3944 3875
f 3875 3944 3945
f 3875 3945 3876
f 3876 3945 3946
f 3876 3946 3877
f 3877 3946 3947
f 3877 3947 3878
f 3878 3947 3948
f 3878 3948 3879
f 3879 3948 3949
f 3879 3949 3880
f 3880 3949 3950
f 3880 3950 3881
f 3881 3950 3951
f 3881 3951 3882
f 3882 3951 3952
f 3882 3952 3883
f 3883 3952 3953
f 3883 3953 3884
f 3884 3953 3954
f 3884 3954 3885
f 3885 3954 3955
f 3885 3955 3886
f 3886 3955 3956
f 3886 3956 3887
f 3887 3956 3957
f 3887 3957 3888
f 3888 3957 3958
f 3888 3958 3889
f 3889 3958 3959
f 3889 3959 3890
f 3890 3959 3960
f 3890 3960 3891
f 3891 3960 3961
f 3891 3961 3892
f 3892 3961 3962
f 3892 3962 3893
f 3893 3962 3963
f 3893 3963 3894
f 3894 3963 3964
f 3894 3964 3895
f 3895 3964 3965
f 3895 3965 3896
f 3896 3965 3966
f 3896 3966 3897
f 3897 3966 3967
f 3897 3967 3898
f 3898 3967 3968
f 3898 3968 3899
f 3899 3968 3969
f 3899 3969 3900
f 3900 3969 3970
f 3900 3970 3901
f 3901 3970 3971
f 3901 3971 3902
f 3902 3971 3972
f 3902 3972 3903
f 3903 3972 3973
f 3903 3973 3904
f 3904 3973 3974
f 3904 3974 3905
f 3905 3974 3975
f 3905 3975 3906
f 3906 3975 3976
f 3906 3976 3907
f 3907 3976 3977
f 3907 3977 3908
f 3908 3977 3978
f 3908 3978 3909
f 3909 3978 3979
f 3909 3979 3910
f 3910 3979 3980
f 3910 3980 3841
f 3841 3980 3911
f 3911 3981 3912
f 3912 3981 3982
f 3912 3982 3913
f 3913 3982 3983
f 3913 3983 3914
f 3914 3983 3984
f 3914 3984 3915
f 3915 3984 3985
f 3915 3985 3916
f 3916 3985 3986
f 3916 3986 3917
f 3917 3986 3987
f 3917 3987 3918
f 3918 3987 3988
f 3918 3988 3919
f 3919 3988 3989
f 3919 3989 3920
f 3920 3989 3990
f 3920 3990 3921
f 3921 3990 3991
f 3921 3991 3922
f 3922 3991 3992
f 3922 3992 3923
f 3923 3992 3993
f 3923 3993 3924
f 3924 3993 3994
f 3924 3994 3925
f 3925 3994 3995
f 3925 3995 3926
f 3926 3995 3996
f 3926 3996 3927
f 3927 3996 3997
f 3927 3997 3928
f 3928 3997 3998
f 3928 3998 3929
f 3929 3998 3999
f 3929 3999 3930
f 3930 3999 4000
f 3930 4000 3931
f 3931 4000 4001
f 3931 4001 3932
f 3932 4001 4002
f 3932 4002 3933
f 3933 4002 4003
f 3933 4003 3934
f 3934 4003 4004
f 3934 4004 3935
f 3935 4004 4005
f 3935 4005 3936
f 3936 4005 4006
f 3936 4006 3937
f 3937 4006 4007
f 3937 4007 3938
f 3938 4007 4008
f 3938 4008 3939
f 3939 4008 4009
f 3939 4009 3940
f 3940 4009 4010
f 3940 4010 3941
f 3941 4010 4011
f 3941 4011 3942
f 3942 4011 4012
f 3942 4012 3943
f 3943 4012 4013
f 3943 4013 3944
f 3944 4013 4014
f 3944 4014 3945
f 3945 4014 4015
f 3945 4015 3946
f 3946 4015 4016
f 3946 4016 3947
f 3947 4016 4017
f 3947 4017 3948
f 3948 4017 4018
f 3948 4018 3949
f 3949 4018 4019
f 3949 4019 3950
f 3950 4019 4020
f 3950 4020 3951
f 3951 4020 4021
f 3951 4021 3952
f 3952 4021 4022
f 3952 4022 3953
f 3953 4022 4023
f 3953 4023 3954
f 3954 4023 4024
f 3954 4024 3955
f 3955 4024 4025
f 3955 4025 3956
f 3956 4025 4026
f 3956 4026 3957
f 3957 4026 4027
f 3957 4027 3958
f 3958 4027 4028
f 3958 4028 3959
f 3959 4028 4029
f 3959 4029 3960
f 3960 4029 4030
f 3960 4030 3961
f 3961 4030 4031
f 3961 4031 3962
f 3962 4031 4032
f 3962 4032 3963
f 3963 4032 4033
f 3963 4033 3964
f 3964 4033 4034
f 3964 4034 3965
f 3965 4034 4035
f 3965 4035 3966
f 3966 4035 4036
f 3966 4036 3967
f 3967 4036 4037
f 3967 4037 3968
f 3968 4037 4038
f 3968 4038 3969
f 3969 4038 4039
f 3969 4039 3970
f 3970 4039 4040
f 3970 4040 3971
f 3971 4040 4041
f 3971 4041 3972
f 3972 4041 4042
f 3972 4042 3973
f 3973 4042 4043
f 3973 4043 3974
f 3974 4043 4044
f 3974 4044 3975
f 3975 4044 4045
f 3975 4045 3976
f 3976 4045 4046
f 3976 4046 3977
f 3977 4046 4047
f 3977 4047 3978
f 3978 4047 4048
f 3978 4048 3979
f 3979 4048 4049
f 3979 4049 3980
f 3980 4049 4050
f 3980 4050 3911
f 3911 4050 3981
f 3981 1425 3982
f 3982 1425 1424
f 3982 1424 3983
f 3983 1424 1423
f 3983 1423 3984
f 3984 1423 1428
f 3984 1428 3985
f 3985 1428 1427
f 3985 1427 3986
f 3986 1427 1426
f 3986 1426 3987
f 3987 1426 1431
f 3987 1431 3988
f 3988 1431 1430
f 3988 1430 3989
f 3989 1430 1429
f 3989 1429 3990
f 3990 1429 1434
f 3990 1434 3991
f 3991 1434 1433
f 3991 1433 3992
f 3992 1433 1432
f 3992 1432 3993
f 3993 1432 1437
f 3993 1437 3994
f 3994 1437 1436
f 3994 1436 3995
f 3995 1436 1435
f 3995 1435 3996
f 3996 1435 1440
f 3996 1440 3997
f 3997 1440 1439
f 3997 1439 3998
f 3998 1439 1438
f 3998 1438 3999
f 3999 1438 1443
f 3999 1443 4000
f 4000 1443 1442
f 4000 1442 4001
f 4001 1442 1441
f 4001 1441 4002
f 4002 1441 1446
f 4002 1446 4003
f 4003 1446 1445
f 4003 1445 4004
f 4004 1445 1444
f 4004 1444 4005
f 4005 1444 1449
f 4005 1449 4006
f 4006 1449 1448
f 4006 1448 4007
f 4007 1448 1447
f 4007 1447 4008
f 4008 1447 1452
f 4008 1452 4009
f 4009 1452 1451
f 4009 1451 4010
f 4010 1451 1450
f 4010 1450 4011
f 4011 1450 1455
f 4011 1455 4012
f 4012 1455 1454
f 4012 1454 4013
f 4013 1454 1453
f 4013 1453 4014
f 4014 1453 1458
f 4014 1458 4015
f 4015 1458 1457
f 4015 1457 4016
f 4016 1457 1456
f 4016 1456 4017
f 4017 1456 1461
f 4017 1461 4018
f 4018 1461 1460
f 4018 1460 4019
f 4019 1460 1459
f 4019 1459 4020
f 4020 1459 1464
f 4020 1464 4021
f 4021 1464 1463
f 4021 1463 4022
f 4022 1463 1462
f 4022 1462 4023
f 4023 1462 1467
f 4023 1467 4024
f 4024 1467 1466
f 4024 1466 4025
f 4025 1466 1465
f 4025 1465 4026
f 4026 1465 1470
f 4026 1470 4027
f 4027 1470 1469
f 4027 1469 4028
f 4028 1469 1468
f 4028 1468 4029
f 4029 1468 1473
f 4029 1473 4030
f 4030 1473 1472
f 4030 1472 4031
f 4031 1472 1471
f 4031 1471 4032
f 4032 1471 1476
f 4032 1476 4033
f 4033 1476 1475
f 4033 1475 4034
f 4034 1475 1474
f 4034 1474 4035
f 4035 1474 1479
f 4035 1479 4036
f 4036 1479 1478
f 4036 1478 4037
f 4037 1478 1477
f 4037 1477 4038
f 4038 1477 1482
f 4038 1482 4039
f 4039 1482 1481
f 4039 1481 4040
f 4040 1481 1480
f 4040 1480 4041
f 4041 1480 1485
f 4041 1485 4042
f 4042 1485 1484
f 4042 1484 4043
f 4043 1484 1483
f 4043 1483 4044
f 4044 1483 1488
f 4044 1488 4045
f 4045 1488 1487
f 4045 1487 4046
f 4046 1487 1486
f 4046 1486 4047
f 4047 1486 1490
f 4047 1490 4048
f 4048 1490 1489
f 4048 1489 4049
f 4049 1489 1421
f 4049 1421 4050
f 4050 1421 1420
f 4050 1420 3981
f 3981 1420 1425
f 4051 4052 4053
f 1578 1577 4054
f 1569 4052 1571
f 1571 4052 4051
f 1571 4051 1572
f 4055 4053 4056
f 4056 4053 4052
f 4056 4052 4057
f 4057 4052 1569
f 4057 1569 1568
f 4058 4055 4059
f 4059 4055 4056
f 4059 4056 4060
f 4060 4056 4057
f 4060 4057 4061
f 4061 4057 1568
f 4061 1568 1556
f 4062 4063 4064
f 4065 4058 4066
f 4066 4058 4059
f 4066 4059 4067
f 4067 4059 4060
f 4067 4060 4068
f 4068 4060 4061
f 4068 4061 4069
f 4069 4061 1556
f 4069 1556 1554
f 4070 4065 4071
f 4071 4065 4066
f 4071 4066 4072
f 4072 4066 4067
f 4072 4067 4073
f 4073 4067 4068
f 4073 4068 4074
f 4074 4068 4069
f 4074 4069 4075
f 4075 4069 1554
f 4075 1554 1553
f 4076 4070 4077
f 4077 4070 4071
f 4077 4071 4078
f 4078 4071 4072
f 4078 4072 4079
f 4079 4072 4073
f 4079 4073 4080
f 4080 4073 4074
f 4080 4074 4081
f 4081 4074 4075
f 4081 4075 4082
f 4082 4075 1553
f 4082 1553 1579
f 4083 4076 4084
f 4084 4076 4077
f 4084 4077 4085
f 4085 4077 4078
f 4085 4078 4086
f 4086 4078 4079
f 4086 4079 4087
f 4087 4079 4080
f 4087 4080 4088
f 4088 4080 4081
f 4088 4081 4089
f 4089 4081 4082
f 4089 4082 4090
f 4090 4082 1579
f 4090 1579 1578
f 4091 4092 4093
f 1281 1279 4094
f 4094 1279 4091
f 4094 4091 4095
f 4095 4091 4093
f 4095 4093 4096
f 4097 4098 4099
f 4099 4098 4100
f 4099 4100 4101
f 4101 4100 4102
f 4101 4102 4103
f 4103 4102 4104
f 4103 4104 4105
f 4105 4104 4062
f 4105 4062 4106
f 4106 4062 4064
f 4106 4064 4107
f 1577 1576 4108
f 4108 1576 4109
f 4108 4109 4110
f 4110 4109 4111
f 4110 4111 4112
f 4112 4111 4113
f 4112 4113 4114
f 4114 4113 4115
f 4114 4115 4116
f 4116 4115 4117
f 4116 4117 4118
f 4118 4117 4119
f 4118 4119 4120
f 4120 4119 4121
f 4120 4121 4122
f 4122 4121 4123
f 4122 4123 1291
f 1291 4123 1293
f 1574 1573 4124
f 4124 1573 4125
f 4124 4125 4126
f 4126 4125 4127
f 4126 4127 4128
f 4128 4127 4129
f 4128 4129 4130
f 4130 4129 4131
f 4130 4131 4132
f 4132 4131 4133
f 4132 4133 4134
f 4134 4133 4135
f 4134 4135 4136
f 4136 4135 4137
f 4136 4137 4138
f 4138 4137 4139
f 1573 1561 4125
f 4125 1561 4140
f 4125 4140 4127
f 4127 4140 4141
f 4127 4141 4129
f 4129 4141 4142
f 4129 4142 4131
f 4131 4142 4143
f 4131 4143 4133
f 4133 4143 4144
f 4133 4144 4135
f 4135 4144 4145
f 4135 4145 4137
f 4137 4145 4146
f 4137 4146 4139
f 4139 4146 4147
f 4139 4147 1301
f 1301 4147 1303
f 1559 1558 4148
f 4148 1558 4149
f 4148 4149 4150
f 4150 4149 4151
f 4150 4151 4152
f 4152 4151 4153
f 4152 4153 4154
f 4154 4153 4155
f 4154 4155 4156
f 4156 4155 4157
f 4156 4157 4158
f 4158 4157 4159
f 4158 4159 4160
f 4160 4159 4161
f 4160 4161 4162
f 4162 4161 4163
f 1521 1530 4164
f 4164 1530 4165
f 4164 4165 4166
f 4166 4165 4167
f 4166 4167 4168
f 4168 4167 4169
f 4168 4169 4170
f 4170 4169 4171
f 4170 4171 4172
f 4172 4171 4173
f 4172 4173 4174
f 4174 4173 4175
f 4174 4175 4176
f 4176 4175 4177
f 4176 4177 4178
f 4178 4177 4179
f 4178 4179 1313
f 1313 4179 1315
f 1529 1528 4180
f 4180 1528 4181
f 4180 4181 4182
f 4182 4181 4183
f 4182 4183 4184
f 4184 4183 4185
f 4184 4185 4186
f 4186 4185 4187
f 4186 4187 4188
f 4188 4187 4189
f 4188 4189 4190
f 4190 4189 4191
f 4190 4191 4192
f 4192 4191 4193
f 4192 4193 4194
f 4194 4193 4195
f 1528 1493 4181
f 4181 1493 4196
f 4181 4196 4183
f 4183 4196 4197
f 4183 4197 4185
f 4185 4197 4198
f 4185 4198 4187
f 4187 4198 4199
f 4187 4199 4189
f 4189 4199 4200
f 4189 4200 4191
f 4191 4200 4201
f 4191 4201 4193
f 4193 4201 4202
f 4193 4202 4195
f 4195 4202 4203
f 4195 4203 1323
f 1323 4203 1325
f 1501 1500 4204
f 4204 1500 4205
f 4204 4205 4206
f 4206 4205 4207
f 4206 4207 4208
f 4208 4207 4209
f 4208 4209 4210
f 4210 4209 4211
f 4210 4211 4212
f 4212 4211 4213
f 4212 4213 4214
f 4214 4213 4215
f 4214 4215 4216
f 4216 4215 4217
f 4216 4217 4218
f 4218 4217 4219
f 1498 1495 4220
f 4220 1495 4221
f 4220 4221 4222
f 4222 4221 4223
f 4222 4223 4224
f 4224 4223 4225
f 4224 4225 4226
f 4226 4225 4227
f 4226 4227 4228
f 4228 4227 4229
f 4228 4229 4230
f 4230 4229 4231
f 4230 4231 4232
f 4232 4231 4233
f 4232 4233 4234
f 4234 4233 4235
f 4234 4235 1335
f 1335 4235 1337
f 1494 1504 4236
f 4236 1504 4237
f 4236 4237 4238
f 4238 4237 4239
f 4238 4239 4240
f 4240 4239 4241
f 4240 4241 4242
f 4242 4241 4243
f 4242 4243 4244
f 4244 4243 4245
f 4244 4245 4246
f 4246 4245 4247
f 4246 4247 4248
f 4248 4247 4249
f 4248 4249 4250
f 4250 4249 4251
f 1504 1506 4237
f 4237 1506 4252
f 4237 4252 4239
f 4239 4252 4253
f 4239 4253 4241
f 4241 4253 4254
f 4241 4254 4243
f 4243 4254 4255
f 4243 4255 4245
f 4245 4255 4256
f 4245 4256 4247
f 4247 4256 4257
f 4247 4257 4249
f 4249 4257 4258
f 4249 4258 4251
f 4251 4258 4259
f 4251 4259 1345
f 1345 4259 1347
f 1508 1511 4260
f 4260 1511 4261
f 4260 4261 4262
f 4262 4261 4263
f 4262 4263 4264
f 4264 4263 4265
f 4264 4265 4266
f 4266 4265 4267
f 4266 4267 4268
f 4268 4267 4269
f 4268 4269 4270
f 4270 4269 4271
f 4270 4271 4272
f 4272 4271 4273
f 4272 4273 4274
f 4274 4273 4275
f 1513 1533 4276
f 4276 1533 4277
f 4276 4277 4278
f 4278 4277 4279
f 4278 4279 4280
f 4280 4279 4281
f 4280 4281 4282
f 4282 4281 4283
f 4282 4283 4284
f 4284 4283 4285
f 4284 4285 4286
f 4286 4285 4287
f 4286 4287 4288
f 4288 4287 4289
f 4288 4289 4290
f 4290 4289 4291
f 4290 4291 1357
f 1357 4291 1359
f 1535 1537 4292
f 4292 1537 4293
f 4292 4293 4294
f 4294 4293 4295
f 4294 4295 4296
f 4296 4295 4297
f 4296 4297 4298
f 4298 4297 4299
f 4298 4299 4300
f 4300 4299 4301
f 4300 4301 4302
f 4302 4301 4303
f 4302 4303 4304
f 4304 4303 4305
f 4304 4305 4306
f 4306 4305 4307
f 1537 1539 4293
f 4293 1539 4308
f 4293 4308 4295
f 4295 4308 4309
f 4295 4309 4297
f 4297 4309 4310
f 4297 4310 4299
f 4299 4310 4311
f 4299 4311 4301
f 4301 4311 4312
f 4301 4312 4303
f 4303 4312 4313
f 4303 4313 4305
f 4305 4313 4314
f 4305 4314 4307
f 4307 4314 4315
f 4307 4315 1367
f 1367 4315 1369
f 1540 1524 4316
f 4316 1524 4317
f 4316 4317 4318
f 4318 4317 4319
f 4318 4319 4320
f 4320 4319 4321
f 4320 4321 4322
f 4322 4321 4323
f 4322 4323 4324
f 4324 4323 4325
f 4324 4325 4326
f 4326 4325 4327
f 4326 4327 4328
f 4328 4327 4329
f 4328 4329 4330
f 4330 4329 4331
f 1543 1542 4332
f 4332 1542 4333
f 4332 4333 4334
f 4334 4333 4335
f 4334 4335 4336
f 4336 4335 4337
f 4336 4337 4338
f 4338 4337 4339
f 4338 4339 4340
f 4340 4339 4341
f 4340 4341 4342
f 4342 4341 4343
f 4342 4343 4344
f 4344 4343 4345
f 4344 4345 4346
f 4346 4345 4347
f 4346 4347 1379
f 1379 4347 1381
f 1564 1563 4348
f 4348 1563 4349
f 4348 4349 4350
f 4350 4349 4351
f 4350 4351 4352
f 4352 4351 4353
f 4352 4353 4354
f 4354 4353 4355
f 4354 4355 4356
f 4356 4355 4357
f 4356 4357 4358
f 4358 4357 4359
f 4358 4359 4360
f 4360 4359 4361
f 4360 4361 4362
f 4362 4361 4363
f 1563 1582 4349
f 4349 1582 4364
f 4349 4364 4351
f 4351 4364 4365
f 4351 4365 4353
f 4353 4365 4366
f 4353 4366 4355
f 4355 4366 4367
f 4355 4367 4357
f 4357 4367 4368
f 4357 4368 4359
f 4359 4368 4369
f 4359 4369 4361
f 4361 4369 4370
f 4361 4370 4363
f 4363 4370 4371
f 4363 4371 1389
f 1389 4371 1391
f 1581 1580 4372
f 4372 1580 4373
f 4372 4373 4374
f 4374 4373 4375
f 4374 4375 4376
f 4376 4375 4377
f 4376 4377 4378
f 4378 4377 4379
f 4378 4379 4380
f 4380 4379 4381
f 4380 4381 4382
f 4382 4381 4383
f 4382 4383 4384
f 4384 4383 4385
f 4384 4385 4386
f 4386 4385 4387
f 1544 1546 4388
f 4388 1546 4389
f 4388 4389 4390
f 4390 4389 4391
f 4390 4391 4392
f 4392 4391 4393
f 4392 4393 4394
f 4394 4393 4395
f 4394 4395 4396
f 4396 4395 4397
f 4396 4397 4398
f 4398 4397 4399
f 4398 4399 4400
f 4400 4399 4401
f 4400 4401 4402
f 4402 4401 4403
f 4402 4403 1401
f 1401 4403 1403
f 1548 1549 4404
f 4404 1549 4405
f 4404 4405 4406
f 4406 4405 4407
f 4406 4407 4408
f 4408 4407 4409
f 4408 4409 4410
f 4410 4409 4411
f 4410 4411 4412
f 4412 4411 4413
f 4412 4413 4414
f 4414 4413 4415
f 4414 4415 4416
f 4416 4415 4417
f 4416 4417 4418
f 4418 4417 4419
f 1549 1565 4405
f 4405 1565 4420
f 4405 4420 4407
f 4407 4420 4421
f 4407 4421 4409
f 4409 4421 4422
f 4409 4422 4411
f 4411 4422 4423
f 4411 4423 4413
f 4413 4423 4424
f 4413 4424 4415
f 4415 4424 4425
f 4415 4425 4417
f 4417 4425 4426
f 4417 4426 4419
f 4419 4426 4427
f 4419 4427 1411
f 1411 4427 1413
f 1567 1596 4428
f 4428 1596 4429
f 4428 4429 4430
f 4430 4429 4431
f 4430 4431 4432
f 4432 4431 4433
f 4432 4433 4434
f 4434 4433 4435
f 4434 4435 4436
f 4436 4435 4437
f 4436 4437 4438
f 4438 4437 4439
f 4438 4439 4440
f 4440 4439 4441
f 4440 4441 4442
f 4442 4441 4443
f 1595 1594 4444
f 4444 1594 4445
f 4444 4445 4446
f 4446 4445 4447
f 4446 4447 4448
f 4448 4447 4449
f 4448 4449 4450
f 4450 4449 4451
f 4450 4451 4452
f 4452 4451 4453
f 4452 4453 4454
f 4454 4453 4455
f 4454 4455 4456
f 4456 4455 4457
f 4456 4457 4458
f 4458 4457 4459
f 4458 4459 1194
f 1194 4459 1192
f 1583 1585 4460
f 4460 1585 4461
f 4460 4461 4462
f 4462 4461 4463
f 4462 4463 4464
f 4464 4463 4465
f 4464 4465 4466
f 4466 4465 4467
f 4466 4467 4468
f 4468 4467 4469
f 4468 4469 4470
f 4470 4469 4471
f 4470 4471 4472
f 4472 4471 4473
f 4472 4473 4474
f 4474 4473 4475
f 1585 1586 4461
f 4461 1586 4476
f 4461 4476 4463
f 4463 4476 4477
f 4463 4477 4465
f 4465 4477 4478
f 4465 4478 4467
f 4467 4478 4479
f 4467 4479 4469
f 4469 4479 4480
f 4469 4480 4471
f 4471 4480 4481
f 4471 4481 4473
f 4473 4481 4482
f 4473 4482 4475
f 4475 4482 4483
f 4475 4483 1122
f 1122 4483 1120
f 1514 1516 4484
f 4484 1516 4485
f 4484 4485 4486
f 4486 4485 4487
f 4486 4487 4488
f 4488 4487 4489
f 4488 4489 4490
f 4490 4489 4491
f 4490 4491 4492
f 4492 4491 4493
f 4492 4493 4494
f 4494 4493 4495
f 4494 4495 4496
f 4496 4495 4497
f 4496 4497 4498
f 4498 4497 4499
f 1518 1527 4500
f 4500 1527 4501
f 4500 4501 4502
f 4502 4501 4503
f 4502 4503 4504
f 4504 4503 4505
f 4504 4505 4506
f 4506 4505 4507
f 4506 4507 4508
f 4508 4507 4509
f 4508 4509 4510
f 4510 4509 4511
f 4510 4511 4512
f 4512 4511 4513
f 4512 4513 4514
f 4514 4513 4515
f 4514 4515 1225
f 1225 4515 1227
f 1526 1552 4516
f 4516 1552 4517
f 4516 4517 4518
f 4518 4517 4519
f 4518 4519 4520
f 4520 4519 4521
f 4520 4521 4522
f 4522 4521 4523
f 4522 4523 4524
f 4524 4523 4525
f 4524 4525 4526
f 4526 4525 4527
f 4526 4527 4528
f 4528 4527 4529
f 4528 4529 4530
f 4530 4529 4531
f 1552 1551 4517
f 4517 1551 4532
f 4517 4532 4519
f 4519 4532 4533
f 4519 4533 4521
f 4521 4533 4534
f 4521 4534 4523
f 4523 4534 4535
f 4523 4535 4525
f 4525 4535 4536
f 4525 4536 4527
f 4527 4536 4537
f 4527 4537 4529
f 4529 4537 4538
f 4529 4538 4531
f 4531 4538 4539
f 4531 4539 1235
f 1235 4539 1237
f 1550 1590 4540
f 4540 1590 4541
f 4540 4541 4542
f 4542 4541 4543
f 4542 4543 4544
f 4544 4543 4545
f 4544 4545 4546
f 4546 4545 4547
f 4546 4547 4548
f 4548 4547 4549
f 4548 4549 4550
f 4550 4549 4551
f 4550 4551 4552
f 4552 4551 4553
f 4552 4553 4554
f 4554 4553 4555
f 1589 1588 4556
f 4556 1588 4557
f 4556 4557 4558
f 4558 4557 4559
f 4558 4559 4560
f 4560 4559 4561
f 4560 4561 4562
f 4562 4561 4563
f 4562 4563 4564
f 4564 4563 4565
f 4564 4565 4566
f 4566 4565 4567
f 4566 4567 4568
f 4568 4567 4569
f 4568 4569 4570
f 4570 4569 4571
f 4570 4571 1247
f 1247 4571 1249
f 1593 1592 4572
f 4572 1592 4573
f 4572 4573 4574
f 4574 4573 4575
f 4574 4575 4576
f 4576 4575 4577
f 4576 4577 4578
f 4578 4577 4579
f 4578 4579 4580
f 4580 4579 4581
f 4580 4581 4582
f 4582 4581 4583
f 4582 4583 4584
f 4584 4583 4585
f 4584 4585 4586
f 4586 4585 4587
f 1592 1591 4573
f 4573 1591 4588
f 4573 4588 4575
f 4575 4588 4589
f 4575 4589 4577
f 4577 4589 4590
f 4577 4590 4579
f 4579 4590 4591
f 4579 4591 4581
f 4581 4591 4592
f 4581 4592 4583
f 4583 4592 4593
f 4583 4593 4585
f 4585 4593 4594
f 4585 4594 4587
f 4587 4594 4595
f 4587 4595 1257
f 1257 4595 1259
f 4063 4596 4597
f 4597 4596 4598
f 4597 4598 4599
f 4599 4598 4600
f 4599 4600 4601
f 4601 4600 4602
f 4601 4602 4603
f 4603 4602 1269
f 4603 1269 1267
f 4596 4096 4598
f 4598 4096 4093
f 4598 4093 4600
f 4600 4093 4092
f 4600 4092 4602
f 4602 4092 1271
f 4602 1271 1269
f 1279 1277 4091
f 4091 1277 1275
f 4091 1275 4092
f 4092 1275 1273
f 4092 1273 1271
f 4063 4062 4596
f 4596 4062 4104
f 4596 4104 4096
f 4096 4104 4102
f 4096 4102 4095
f 4095 4102 4100
f 4095 4100 4094
f 4094 4100 4098
f 4094 4098 1281
f 1289 1287 4097
f 4097 1287 1285
f 4097 1285 4098
f 4098 1285 1283
f 4098 1283 1281
f 1291 1289 4122
f 4122 1289 4097
f 4122 4097 4120
f 4120 4097 4099
f 4120 4099 4118
f 4118 4099 4101
f 4118 4101 4116
f 4116 4101 4103
f 4116 4103 4114
f 4114 4103 4105
f 4114 4105 4112
f 4112 4105 4106
f 4112 4106 4110
f 4110 4106 4107
f 4110 4107 4108
f 1576 1574 4109
f 4109 1574 4124
f 4109 4124 4111
f 4111 4124 4126
f 4111 4126 4113
f 4113 4126 4128
f 4113 4128 4115
f 4115 4128 4130
f 4115 4130 4117
f 4117 4130 4132
f 4117 4132 4119
f 4119 4132 4134
f 4119 4134 4121
f 4121 4134 4136
f 4121 4136 4123
f 4123 4136 4138
f 4123 4138 1293
f 1301 1299 4139
f 4139 1299 1297
f 4139 1297 4138
f 4138 1297 1295
f 4138 1295 1293
f 1561 1559 4140
f 4140 1559 4148
f 4140 4148 4141
f 4141 4148 4150
f 4141 4150 4142
f 4142 4150 4152
f 4142 4152 4143
f 4143 4152 4154
f 4143 4154 4144
f 4144 4154 4156
f 4144 4156 4145
f 4145 4156 4158
f 4145 4158 4146
f 4146 4158 4160
f 4146 4160 4147
f 4147 4160 4162
f 4147 4162 1303
f 1311 1309 4163
f 4163 1309 1307
f 4163 1307 4162
f 4162 1307 1305
f 4162 1305 1303
f 1558 1521 4149
f 4149 1521 4164
f 4149 4164 4151
f 4151 4164 4166
f 4151 4166 4153
f 4153 4166 4168
f 4153 4168 4155
f 4155 4168 4170
f 4155 4170 4157
f 4157 4170 4172
f 4157 4172 4159
f 4159 4172 4174
f 4159 4174 4161
f 4161 4174 4176
f 4161 4176 4163
f 4163 4176 4178
f 4163 4178 1311
f 1311 4178 1313
f 1530 1529 4165
f 4165 1529 4180
f 4165 4180 4167
f 4167 4180 4182
f 4167 4182 4169
f 4169 4182 4184
f 4169 4184 4171
f 4171 4184 4186
f 4171 4186 4173
f 4173 4186 4188
f 4173 4188 4175
f 4175 4188 4190
f 4175 4190 4177
f 4177 4190 4192
f 4177 4192 4179
f 4179 4192 4194
f 4179 4194 1315
f 1323 1321 4195
f 4195 1321 1319
f 4195 1319 4194
f 4194 1319 1317
f 4194 1317 1315
f 1493 1501 4196
f 4196 1501 4204
f 4196 4204 4197
f 4197 4204 4206
f 4197 4206 4198
f 4198 4206 4208
f 4198 4208 4199
f 4199 4208 4210
f 4199 4210 4200
f 4200 4210 4212
f 4200 4212 4201
f 4201 4212 4214
f 4201 4214 4202
f 4202 4214 4216
f 4202 4216 4203
f 4203 4216 4218
f 4203 4218 1325
f 1333 1331 4219
f 4219 1331 1329
f 4219 1329 4218
f 4218 1329 1327
f 4218 1327 1325
f 1500 1498 4205
f 4205 1498 4220
f 4205 4220 4207
f 4207 4220 4222
f 4207 4222 4209
f 4209 4222 4224
f 4209 4224 4211
f 4211 4224 4226
f 4211 4226 4213
f 4213 4226 4228
f 4213 4228 4215
f 4215 4228 4230
f 4215 4230 4217
f 4217 4230 4232
f 4217 4232 4219
f 4219 4232 4234
f 4219 4234 1333
f 1333 4234 1335
f 1495 1494 4221
f 4221 1494 4236
f 4221 4236 4223
f 4223 4236 4238
f 4223 4238 4225
f 4225 4238 4240
f 4225 4240 4227
f 4227 4240 4242
f 4227 4242 4229
f 4229 4242 4244
f 4229 4244 4231
f 4231 4244 4246
f 4231 4246 4233
f 4233 4246 4248
f 4233 4248 4235
f 4235 4248 4250
f 4235 4250 1337
f 1345 1343 4251
f 4251 1343 1341
f 4251 1341 4250
f 4250 1341 1339
f 4250 1339 1337
f 1506 1508 4252
f 4252 1508 4260
f 4252 4260 4253
f 4253 4260 4262
f 4253 4262 4254
f 4254 4262 4264
f 4254 4264 4255
f 4255 4264 4266
f 4255 4266 4256
f 4256 4266 4268
f 4256 4268 4257
f 4257 4268 4270
f 4257 4270 4258
f 4258 4270 4272
f 4258 4272 4259
f 4259 4272 4274
f 4259 4274 1347
f 1355 1353 4275
f 4275 1353 1351
f 4275 1351 4274
f 4274 1351 1349
f 4274 1349 1347
f 1511 1513 4261
f 4261 1513 4276
f 4261 4276 4263
f 4263 4276 4278
f 4263 4278 4265
f 4265 4278 4280
f 4265 4280 4267
f 4267 4280 4282
f 4267 4282 4269
f 4269 4282 4284
f 4269 4284 4271
f 4271 4284 4286
f 4271 4286 4273
f 4273 4286 4288
f 4273 4288 4275
f 4275 4288 4290
f 4275 4290 1355
f 1355 4290 1357
f 1533 1535 4277
f 4277 1535 4292
f 4277 4292 4279
f 4279 4292 4294
f 4279 4294 4281
f 4281 4294 4296
f 4281 4296 4283
f 4283 4296 4298
f 4283 4298 4285
f 4285 4298 4300
f 4285 4300 4287
f 4287 4300 4302
f 4287 4302 4289
f 4289 4302 4304
f 4289 4304 4291
f 4291 4304 4306
f 4291 4306 1359
f 1367 1365 4307
f 4307 1365 1363
f 4307 1363 4306
f 4306 1363 1361
f 4306 1361 1359
f 1539 1540 4308
f 4308 1540 4316
f 4308 4316 4309
f 4309 4316 4318
f 4309 4318 4310
f 4310 4318 4320
f 4310 4320 4311
f 4311 4320 4322
f 4311 4322 4312
f 4312 4322 4324
f 4312 4324 4313
f 4313 4324 4326
f 4313 4326 4314
f 4314 4326 4328
f 4314 4328 4315
f 4315 4328 4330
f 4315 4330 1369
f 1377 1375 4331
f 4331 1375 1373
f 4331 1373 4330
f 4330 1373 1371
f 4330 1371 1369
f 1524 1543 4317
f 4317 1543 4332
f 4317 4332 4319
f 4319 4332 4334
f 4319 4334 4321
f 4321 4334 4336
f 4321 4336 4323
f 4323 4336 4338
f 4323 4338 4325
f 4325 4338 4340
f 4325 4340 4327
f 4327 4340 4342
f 4327 4342 4329
f 4329 4342 4344
f 4329 4344 4331
f 4331 4344 4346
f 4331 4346 1377
f 1377 4346 1379
f 1542 1564 4333
f 4333 1564 4348
f 4333 4348 4335
f 4335 4348 4350
f 4335 4350 4337
f 4337 4350 4352
f 4337 4352 4339
f 4339 4352 4354
f 4339 4354 4341
f 4341 4354 4356
f 4341 4356 4343
f 4343 4356 4358
f 4343 4358 4345
f 4345 4358 4360
f 4345 4360 4347
f 4347 4360 4362
f 4347 4362 1381
f 1389 1387 4363
f 4363 1387 1385
f 4363 1385 4362
f 4362 1385 1383
f 4362 1383 1381
f 1582 1581 4364
f 4364 1581 4372
f 4364 4372 4365
f 4365 4372 4374
f 4365 4374 4366
f 4366 4374 4376
f 4366 4376 4367
f 4367 4376 4378
f 4367 4378 4368
f 4368 4378 4380
f 4368 4380 4369
f 4369 4380 4382
f 4369 4382 4370
f 4370 4382 4384
f 4370 4384 4371
f 4371 4384 4386
f 4371 4386 1391
f 1399 1397 4387
f 4387 1397 1395
f 4387 1395 4386
f 4386 1395 1393
f 4386 1393 1391
f 1580 1544 4373
f 4373 1544 4388
f 4373 4388 4375
f 4375 4388 4390
f 4375 4390 4377
f 4377 4390 4392
f 4377 4392 4379
f 4379 4392 4394
f 4379 4394 4381
f 4381 4394 4396
f 4381 4396 4383
f 4383 4396 4398
f 4383 4398 4385
f 4385 4398 4400
f 4385 4400 4387
f 4387 4400 4402
f 4387 4402 1399
f 1399 4402 1401
f 1546 1548 4389
f 4389 1548 4404
f 4389 4404 4391
f 4391 4404 4406
f 4391 4406 4393
f 4393 4406 4408
f 4393 4408 4395
f 4395 4408 4410
f 4395 4410 4397
f 4397 4410 4412
f 4397 4412 4399
f 4399 4412 4414
f 4399 4414 4401
f 4401 4414 4416
f 4401 4416 4403
f 4403 4416 4418
f 4403 4418 1403
f 1411 1409 4419
f 4419 1409 1407
f 4419 1407 4418
f 4418 1407 1405
f 4418 1405 1403
f 1565 1567 4420
f 4420 1567 4428
f 4420 4428 4421
f 4421 4428 4430
f 4421 4430 4422
f 4422 4430 4432
f 4422 4432 4423
f 4423 4432 4434
f 4423 4434 4424
f 4424 4434 4436
f 4424 4436 4425
f 4425 4436 4438
f 4425 4438 4426
f 4426 4438 4440
f 4426 4440 4427
f 4427 4440 4442
f 4427 4442 1413
f 1191 1419 4443
f 4443 1419 1417
f 4443 1417 4442
f 4442 1417 1415
f 4442 1415 1413
f 1596 1595 4429
f 4429 1595 4444
f 4429 4444 4431
f 4431 4444 4446
f 4431 4446 4433
f 4433 4446 4448
f 4433 4448 4435
f 4435 4448 4450
f 4435 4450 4437
f 4437 4450 4452
f 4437 4452 4439
f 4439 4452 4454
f 4439 4454 4441
f 4441 4454 4456
f 4441 4456 4443
f 4443 4456 4458
f 4443 4458 1191
f 1191 4458 1194
f 1594 1583 4445
f 4445 1583 4460
f 4445 4460 4447
f 4447 4460 4462
f 4447 4462 4449
f 4449 4462 4464
f 4449 4464 4451
f 4451 4464 4466
f 4451 4466 4453
f 4453 4466 4468
f 4453 4468 4455
f 4455 4468 4470
f 4455 4470 4457
f 4457 4470 4472
f 4457 4472 4459
f 4459 4472 4474
f 4459 4474 1192
f 1122 1126 4475
f 4475 1126 1125
f 4475 1125 4474
f 4474 1125 1221
f 4474 1221 1192
f 1586 1514 4476
f 4476 1514 4484
f 4476 4484 4477
f 4477 4484 4486
f 4477 4486 4478
f 4478 4486 4488
f 4478 4488 4479
f 4479 4488 4490
f 4479 4490 4480
f 4480 4490 4492
f 4480 4492 4481
f 4481 4492 4494
f 4481 4494 4482
f 4482 4494 4496
f 4482 4496 4483
f 4483 4496 4498
f 4483 4498 1120
f 1145 1150 4499
f 4499 1150 1129
f 4499 1129 4498
f 4498 1129 1134
f 4498 1134 1120
f 1516 1518 4485
f 4485 1518 4500
f 4485 4500 4487
f 4487 4500 4502
f 4487 4502 4489
f 4489 4502 4504
f 4489 4504 4491
f 4491 4504 4506
f 4491 4506 4493
f 4493 4506 4508
f 4493 4508 4495
f 4495 4508 4510
f 4495 4510 4497
f 4497 4510 4512
f 4497 4512 4499
f 4499 4512 4514
f 4499 4514 1145
f 1145 4514 1225
f 1527 1526 4501
f 4501 1526 4516
f 4501 4516 4503
f 4503 4516 4518
f 4503 4518 4505
f 4505 4518 4520
f 4505 4520 4507
f 4507 4520 4522
f 4507 4522 4509
f 4509 4522 4524
f 4509 4524 4511
f 4511 4524 4526
f 4511 4526 4513
f 4513 4526 4528
f 4513 4528 4515
f 4515 4528 4530
f 4515 4530 1227
f 1235 1233 4531
f 4531 1233 1231
f 4531 1231 4530
f 4530 1231 1229
f 4530 1229 1227
f 1551 1550 4532
f 4532 1550 4540
f 4532 4540 4533
f 4533 4540 4542
f 4533 4542 4534
f 4534 4542 4544
f 4534 4544 4535
f 4535 4544 4546
f 4535 4546 4536
f 4536 4546 4548
f 4536 4548 4537
f 4537 4548 4550
f 4537 4550 4538
f 4538 4550 4552
f 4538 4552 4539
f 4539 4552 4554
f 4539 4554 1237
f 1245 1243 4555
f 4555 1243 1241
f 4555 1241 4554
f 4554 1241 1239
f 4554 1239 1237
f 1590 1589 4541
f 4541 1589 4556
f 4541 4556 4543
f 4543 4556 4558
f 4543 4558 4545
f 4545 4558 4560
f 4545 4560 4547
f 4547 4560 4562
f 4547 4562 4549
f 4549 4562 4564
f 4549 4564 4551
f 4551 4564 4566
f 4551 4566 4553
f 4553 4566 4568
f 4553 4568 4555
f 4555 4568 4570
f 4555 4570 1245
f 1245 4570 1247
f 1588 1593 4557
f 4557 1593 4572
f 4557 4572 4559
f 4559 4572 4574
f 4559 4574 4561
f 4561 4574 4576
f 4561 4576 4563
f 4563 4576 4578
f 4563 4578 4565
f 4565 4578 4580
f 4565 4580 4567
f 4567 4580 4582
f 4567 4582 4569
f 4569 4582 4584
f 4569 4584 4571
f 4571 4584 4586
f 4571 4586 1249
f 1257 1255 4587
f 4587 1255 1253
f 4587 1253 4586
f 4586 1253 1251
f 4586 1251 1249
f 1591 1572 4588
f 4588 1572 4051
f 4588 4051 4589
f 4589 4051 4053
f 4589 4053 4590
f 4590 4053 4055
f 4590 4055 4591
f 4591 4055 4058
f 4591 4058 4592
f 4592 4058 4065
f 4592 4065 4593
f 4593 4065 4070
f 4593 4070 4594
f 4594 4070 4076
f 4594 4076 4595
f 4595 4076 4083
f 4595 4083 1259
f 1259 4083 1261
f 4604 1265 1263
f 1578 4054 4090
f 4090 4054 4605
f 4090 4605 4089
f 4089 4605 4606
f 4089 4606 4088
f 4088 4606 4607
f 4088 4607 4087
f 4087 4607 4608
f 4087 4608 4086
f 4086 4608 4609
f 4086 4609 4085
f 4085 4609 4610
f 4085 4610 4084
f 4084 4610 4604
f 4084 4604 4083
f 4083 4604 1263
f 4083 1263 1261
f 1577 4108 4054
f 4054 4108 4107
f 4054 4107 4605
f 4605 4107 4064
f 4605 4064 4606
f 4606 4064 4063
f 4606 4063 4607
f 4607 4063 4597
f 4607 4597 4608
f 4608 4597 4599
f 4608 4599 4609
f 4609 4599 4601
f 4609 4601 4610
f 4610 4601 4603
f 4610 4603 4604
f 4604 4603 1267
f 4604 1267 1265
f 4611 1607 4612
f 4612 1607 1606
f 4612 1606 4613
f 1606 1604 4613
f 4613 1604 1602
f 4613 1602 4614
f 1602 1600 4614
f 4614 1600 1598
f 4614 1598 4615
f 4615 1598 1613
f 4615 1613 4616
f 4617 1124 4618
f 4618 1124 1123
f 4618 1123 4619
f 4619 1123 1121
f 4619 1121 4620
f 4620 1121 1119
f 4620 1119 4621
f 4621 1119 1118
f 4621 1118 1136
f 1613 1612 4616
f 4616 1612 1610
f 4616 1610 4622
f 4622 1610 1609
f 1609 1614 4623
f 4623 1614 1616
f 1616 1618 4624
f 4624 1618 4625
f 4626 1217 4627
f 4627 1217 1216
f 4627 1216 4628
f 4628 1216 1223
f 4628 1223 4629
f 4629 1223 1222
f 4629 1222 4630
f 4630 1222 1220
f 4630 1220 4617
f 4617 1220 1219
f 4617 1219 1124
f 1618 1619 4625
f 4625 1619 1621
f 4625 1621 4631
f 4631 1621 1623
f 4631 1623 4632
f 1623 1624 4632
f 4632 1624 1626
f 4632 1626 4633
f 4633 1626 1628
f 4633 1628 4634
f 4634 1628 1635
f 4634 1635 4635
f 4635 1635 1634
f 4635 1634 4636
f 4636 1634 1632
f 1632 1630 4636
f 4636 1630 1638
f 4636 1638 4637
f 4637 1638 1637
f 4637 1637 4638
f 4638 1637 1643
f 4638 1643 4639
f 1643 1642 4639
f 4639 1642 1640
f 4639 1640 4640
f 4640 1640 1648
f 4640 1648 4641
f 1648 1647 4641
f 4641 1647 1645
f 4641 1645 4642
f 4642 1645 1653
f 4642 1653 4643
f 1653 1652 4643
f 4643 1652 1650
f 4643 1650 4644
f 4644 1650 1658
f 4644 1658 4645
f 1658 1657 4645
f 4645 1657 1655
f 4645 1655 4646
f 4646 1655 1663
f 4646 1663 4647
f 1663 1662 4647
f 4647 1662 1660
f 4647 1660 4648
f 4648 1660 1666
f 4648 1666 4649
f 1666 1665 4649
f 4649 1665 1674
f 4649 1674 4650
f 4650 1674 1673
f 4650 1673 4651
f 4652 1213 4653
f 4653 1213 1212
f 4653 1212 4654
f 4654 1212 1211
f 4654 1211 4655
f 4655 1211 1210
f 4655 1210 4656
f 4656 1210 1209
f 4656 1209 4657
f 4657 1209 1208
f 4657 1208 4658
f 4658 1208 1207
f 4658 1207 4659
f 4659 1207 1206
f 4659 1206 4660
f 4660 1206 1201
f 4660 1201 4661
f 4661 1201 1200
f 4661 1200 4662
f 4662 1200 1205
f 4662 1205 4663
f 4663 1205 1204
f 4663 1204 4664
f 4664 1204 1203
f 4664 1203 4665
f 4665 1203 1199
f 4665 1199 4666
f 4666 1199 1198
f 4666 1198 4667
f 4667 1198 1197
f 4667 1197 4668
f 4668 1197 1190
f 4668 1190 4669
f 4669 1190 1189
f 4669 1189 4670
f 4670 1189 1196
f 4670 1196 4671
f 4671 1196 1195
f 4671 1195 4672
f 4672 1195 1193
f 4672 1193 4626
f 4626 1193 1218
f 4626 1218 1217
f 1673 1671 4651
f 4651 1671 1670
f 4651 1670 4673
f 4673 1670 1669
f 4673 1669 4674
f 4674 1669 1684
f 4674 1684 1683
f 1681 4675 1683
f 1683 4675 4676
f 1683 4676 4674
f 1681 1680 4675
f 4675 1680 1678
f 4675 1678 4677
f 4677 1678 1676
f 4677 1676 4678
f 4679 1187 4680
f 4680 1187 1185
f 4680 1185 4681
f 4681 1185 1184
f 4681 1184 4682
f 4682 1184 1180
f 4682 1180 4683
f 4683 1180 1182
f 4683 1182 4684
f 4684 1182 1183
f 4684 1183 4652
f 4652 1183 1214
f 4652 1214 1213
f 1174 1173 4679
f 4679 1173 1188
f 4679 1188 1187
f 1676 1694 4678
f 4678 1694 1693
f 4678 1693 4685
f 4685 1693 1691
f 4685 1691 4686
f 4686 1691 1689
f 4686 1689 1687
f 1686 4687 1687
f 1687 4687 4688
f 1687 4688 4686
f 1686 1703 4687
f 4687 1703 1702
f 4687 1702 4689
f 4689 1702 1700
f 4689 1700 4690
f 4679 4691 1174
f 1174 4691 4692
f 1174 4692 1175
f 1175 4692 4693
f 1175 4693 1177
f 1177 4693 4694
f 1177 4694 1178
f 1178 4694 4695
f 1160 1159 4695
f 4695 1159 1179
f 4695 1179 1178
f 1713 4696 4697
f 1700 1698 4690
f 4690 1698 1696
f 4690 1696 4698
f 4698 1696 1708
f 4698 1708 4699
f 4699 1708 1707
f 4699 1707 4697
f 4697 1707 1705
f 4697 1705 1713
f 4695 4700 1160
f 1160 4700 4701
f 1160 4701 1161
f 1161 4701 4702
f 1161 4702 1163
f 1163 4702 4703
f 1163 4703 1164
f 1164 4703 4704
f 1164 4704 1165
f 1165 4704 4705
f 1165 4705 1166
f 1713 1712 4696
f 4696 1712 1710
f 4696 1710 4706
f 4706 1710 1718
f 4706 1718 4707
f 4707 1718 1717
f 4707 1717 4708
f 4708 1717 1715
f 4708 1715 4709
f 4709 1715 1721
f 1721 1720 4709
f 4709 1720 1728
f 4709 1728 4710
f 4710 1728 1727
f 4710 1727 4711
f 1727 1725 4711
f 4711 1725 1723
f 4711 1723 4712
f 4712 1723 1733
f 4712 1733 4713
f 1733 1732 4713
f 4713 1732 1730
f 4713 1730 4714
f 4714 1730 1736
f 4714 1736 4715
f 1736 1735 4715
f 4715 1735 1741
f 4715 1741 4716
f 4716 1741 1740
f 4716 1740 4717
f 1740 1738 4717
f 4717 1738 1746
f 4717 1746 4718
f 4718 1746 1745
f 4718 1745 4719
f 1745 1743 4719
f 4719 1743 1751
f 4719 1751 4720
f 4720 1751 1750
f 4720 1750 4721
f 4721 1750 1748
f 4721 1748 1756
f 1755 4722 1756
f 1756 4722 4723
f 1756 4723 4721
f 1755 1753 4722
f 4722 1753 1761
f 4722 1761 4724
f 4724 1761 1760
f 4724 1760 4725
f 1166 4705 1167
f 1167 4705 4726
f 1167 4726 1169
f 1169 4726 4727
f 1169 4727 1170
f 1170 4727 4728
f 1170 4728 1137
f 1137 4728 4729
f 1137 4729 1138
f 1138 4729 4730
f 1138 4730 1140
f 1140 4730 4731
f 1140 4731 1141
f 1141 4731 4732
f 1141 4732 1142
f 1142 4732 4733
f 1142 4733 1143
f 1143 4733 4734
f 1143 4734 1144
f 1144 4734 4735
f 1144 4735 1146
f 1146 4735 4736
f 1146 4736 1147
f 1147 4736 4737
f 1147 4737 1148
f 1148 4737 4738
f 1148 4738 1149
f 1149 4738 4739
f 1149 4739 1151
f 1151 4739 4740
f 1151 4740 1152
f 1152 4740 4741
f 1152 4741 1153
f 1153 4741 4742
f 1153 4742 1154
f 1154 4742 4743
f 1154 4743 1155
f 1155 4743 4744
f 1155 4744 1156
f 1156 4744 4745
f 1156 4745 1127
f 1768 4746 4747
f 1760 1758 4725
f 4725 1758 1757
f 4725 1757 4748
f 4748 1757 1762
f 4748 1762 4749
f 4749 1762 1764
f 4749 1764 4747
f 4747 1764 1766
f 4747 1766 1768
f 1768 1770 4746
f 4746 1770 1779
f 4746 1779 4750
f 4750 1779 1778
f 4750 1778 4751
f 4751 1778 1776
f 4751 1776 4752
f 4753 4754 4755
f 4755 4754 4756
f 4755 4756 4757
f 4757 4756 4758
f 4757 4758 4759
f 4759 4758 4760
f 4759 4760 4761
f 4761 4760 4762
f 4761 4762 4763
f 4763 4762 4745
f 4763 4745 4764
f 4764 4745 4744
f 4764 4744 4765
f 4765 4744 4743
f 4765 4743 4766
f 4766 4743 4742
f 4766 4742 4767
f 4767 4742 4741
f 4767 4741 4768
f 4768 4741 4740
f 4768 4740 4769
f 4769 4740 4739
f 4769 4739 4770
f 4770 4739 4738
f 4770 4738 4771
f 4771 4738 4737
f 4771 4737 4772
f 4772 4737 4736
f 4772 4736 4773
f 4773 4736 4735
f 4773 4735 4774
f 4774 4735 4734
f 4774 4734 4775
f 4775 4734 4733
f 4775 4733 4776
f 4776 4733 4732
f 4776 4732 4777
f 4777 4732 4731
f 4777 4731 4778
f 4778 4731 4730
f 4778 4730 4779
f 4779 4730 4729
f 4779 4729 4780
f 4780 4729 4728
f 4780 4728 4781
f 4781 4728 4727
f 4781 4727 4782
f 4782 4727 4726
f 4782 4726 4783
f 4783 4726 4705
f 4783 4705 4784
f 4784 4705 4704
f 4784 4704 4785
f 4785 4704 4703
f 4785 4703 4786
f 4786 4703 4702
f 4786 4702 4787
f 4787 4702 4701
f 4787 4701 4788
f 4788 4701 4700
f 4788 4700 4789
f 4789 4700 4695
f 4789 4695 4790
f 4790 4695 4694
f 4790 4694 4791
f 4791 4694 4693
f 4791 4693 4792
f 4792 4693 4692
f 4792 4692 4793
f 4793 4692 4691
f 4793 4691 4794
f 4794 4691 4679
f 4794 4679 4795
f 4795 4679 4680
f 4795 4680 4796
f 4796 4680 4681
f 4796 4681 4797
f 4797 4681 4682
f 4797 4682 4798
f 4798 4682 4683
f 4798 4683 4799
f 4799 4683 4684
f 4799 4684 4800
f 4800 4684 4652
f 4800 4652 4801
f 4801 4652 4653
f 4801 4653 4802
f 4802 4653 4654
f 4802 4654 4803
f 4803 4654 4655
f 4803 4655 4804
f 4804 4655 4656
f 4804 4656 4805
f 4805 4656 4657
f 4805 4657 4806
f 4806 4657 4658
f 4806 4658 4807
f 4807 4658 4659
f 4807 4659 4808
f 4808 4659 4660
f 4808 4660 4809
f 4809 4660 4661
f 4809 4661 4810
f 4810 4661 4662
f 4810 4662 4811
f 4811 4662 4663
f 4811 4663 4812
f 4812 4663 4664
f 4812 4664 4813
f 4813 4664 4665
f 4813 4665 4814
f 4814 4665 4666
f 4814 4666 4815
f 4815 4666 4667
f 4815 4667 4816
f 4816 4667 4668
f 4816 4668 4817
f 4817 4668 4669
f 4817 4669 4818
f 4818 4669 4670
f 4818 4670 4819
f 4819 4670 4671
f 4819 4671 4820
f 4820 4671 4672
f 4820 4672 4821
f 4821 4672 4626
f 4821 4626 4822
f 4822 4626 4627
f 4822 4627 4823
f 4823 4627 4628
f 4823 4628 4824
f 4824 4628 4629
f 4824 4629 4825
f 4825 4629 4630
f 4825 4630 4826
f 4826 4630 4617
f 4826 4617 4827
f 4827 4617 4618
f 4827 4618 4828
f 4828 4618 4619
f 4828 4619 4829
f 4829 4619 4620
f 4829 4620 4830
f 4830 4620 4621
f 1127 4745 4762
f 1127 4762 1128
f 1128 4762 4760
f 1128 4760 1130
f 1130 4760 4758
f 1130 4758 1131
f 1131 4758 4756
f 1131 4756 1132
f 1132 4756 4754
f 1132 4754 1133
f 1776 1774 4752
f 4752 1774 1772
f 4752 1772 4611
f 4611 1772 1771
f 4611 1771 1607
f 4622 4831 4616
f 4616 4831 4832
f 4616 4832 4615
f 4615 4832 4833
f 4615 4833 4614
f 4614 4833 4834
f 4614 4834 4613
f 4613 4834 4835
f 4613 4835 4612
f 4612 4835 4836
f 4612 4836 4611
f 4611 4836 4837
f 4611 4837 4752
f 4752 4837 4838
f 4752 4838 4751
f 4751 4838 4839
f 4751 4839 4750
f 4750 4839 4840
f 4750 4840 4746
f 4746 4840 4841
f 4746 4841 4747
f 4747 4841 4842
f 4747 4842 4749
f 4749 4842 4843
f 4749 4843 4748
f 4748 4843 4844
f 4748 4844 4725
f 4725 4844 4845
f 4725 4845 4724
f 4724 4845 4846
f 4724 4846 4722
f 4722 4846 4847
f 4722 4847 4723
f 4723 4847 4848
f 4723 4848 4721
f 4721 4848 4849
f 4721 4849 4720
f 4720 4849 4850
f 4720 4850 4719
f 4719 4850 4851
f 4719 4851 4718
f 4718 4851 4852
f 4718 4852 4717
f 4717 4852 4853
f 4717 4853 4716
f 4716 4853 4854
f 4716 4854 4715
f 4715 4854 4855
f 4715 4855 4714
f 4714 4855 4856
f 4714 4856 4713
f 4713 4856 4857
f 4713 4857 4712
f 4712 4857 4858
f 4712 4858 4711
f 4711 4858 4859
f 4711 4859 4710
f 4710 4859 4860
f 4710 4860 4709
f 4709 4860 4861
f 4709 4861 4708
f 4708 4861 4862
f 4708 4862 4707
f 4707 4862 4863
f 4707 4863 4706
f 4706 4863 4864
f 4706 4864 4696
f 4696 4864 4865
f 4696 4865 4697
f 4697 4865 4866
f 4697 4866 4699
f 4699 4866 4867
f 4699 4867 4698
f 4698 4867 4868
f 4698 4868 4690
f 4690 4868 4869
f 4690 4869 4689
f 4689 4869 4870
f 4689 4870 4687
f 4687 4870 4871
f 4687 4871 4688
f 4688 4871 4872
f 4688 4872 4686
f 4686 4872 4873
f 4686 4873 4685
f 4685 4873 4874
f 4685 4874 4678
f 4678 4874 4875
f 4678 4875 4677
f 4677 4875 4876
f 4677 4876 4675
f 4675 4876 4877
f 4675 4877 4676
f 4676 4877 4878
f 4676 4878 4674
f 4674 4878 4879
f 4674 4879 4673
f 4673 4879 4880
f 4673 4880 4651
f 4651 4880 4881
f 4651 4881 4650
f 4650 4881 4882
f 4650 4882 4649
f 4649 4882 4883
f 4649 4883 4648
f 4648 4883 4884
f 4648 4884 4647
f 4647 4884 4885
f 4647 4885 4646
f 4646 4885 4886
f 4646 4886 4645
f 4645 4886 4887
f 4645 4887 4644
f 4644 4887 4888
f 4644 4888 4643
f 4643 4888 4889
f 4643 4889 4642
f 4642 4889 4890
f 4642 4890 4641
f 4641 4890 4891
f 4641 4891 4640
f 4640 4891 4892
f 4640 4892 4639
f 4639 4892 4893
f 4639 4893 4638
f 4638 4893 4894
f 4638 4894 4637
f 4637 4894 4895
f 4637 4895 4636
f 4636 4895 4896
f 4636 4896 4635
f 4635 4896 4897
f 4635 4897 4634
f 4634 4897 4898
f 4634 4898 4633
f 4633 4898 4899
f 4633 4899 4632
f 4632 4899 4900
f 4632 4900 4631
f 4631 4900 4901
f 4631 4901 4625
f 4625 4901 4902
f 4625 4902 4624
f 4624 4902 4903
f 4831 4904 4832
f 4832 4904 4905
f 4832 4905 4833
f 4833 4905 4906
f 4833 4906 4834
f 4834 4906 4907
f 4834 4907 4835
f 4835 4907 4908
f 4835 4908 4836
f 4836 4908 4909
f 4836 4909 4837
f 4837 4909 4910
f 4837 4910 4838
f 4838 4910 4911
f 4838 4911 4839
f 4839 4911 4912
f 4839 4912 4840
f 4840 4912 4913
f 4840 4913 4841
f 4841 4913 4914
f 4841 4914 4842
f 4842 4914 4915
f 4842 4915 4843
f 4843 4915 4916
f 4843 4916 4844
f 4844 4916 4917
f 4844 4917 4845
f 4845 4917 4918
f 4845 4918 4846
f 4846 4918 4919
f 4846 4919 4847
f 4847 4919 4920
f 4847 4920 4848
f 4848 4920 4921
f 4848 4921 4849
f 4849 4921 4922
f 4849 4922 4850
f 4850 4922 4923
f 4850 4923 4851
f 4851 4923 4924
f 4851 4924 4852
f 4852 4924 4925
f 4852 4925 4853
f 4853 4925 4926
f 4853 4926 4854
f 4854 4926 4927
f 4854 4927 4855
f 4855 4927 4928
f 4855 4928 4856
f 4856 4928 4929
f 4856 4929 4857
f 4857 4929 4930
f 4857 4930 4858
f 4858 4930 4931
f 4858 4931 4859
f 4859 4931 4932
f 4859 4932 4860
f 4860 4932 4933
f 4860 4933 4861
f 4861 4933 4934
f 4861 4934 4862
f 4862 4934 4935
f 4862 4935 4863
f 4863 4935 4936
f 4863 4936 4864
f 4864 4936 4937
f 4864 4937 4865
f 4865 4937 4938
f 4865 4938 4866
f 4866 4938 4939
f 4866 4939 4867
f 4867 4939 4940
f 4867 4940 4868
f 4868 4940 4941
f 4868 4941 4869
f 4869 4941 4942
f 4869 4942 4870
f 4870 4942 4943
f 4870 4943 4871
f 4871 4943 4944
f 4871 4944 4872
f 4872 4944 4945
f 4872 4945 4873
f 4873 4945 4946
f 4873 4946 4874
f 4874 4946 4947
f 4874 4947 4875
f 4875 4947 4948
f 4875 4948 4876
f 4876 4948 4949
f 4876 4949 4877
f 4877 4949 4950
f 4877 4950 4878
f 4878 4950 4951
f 4878 4951 4879
f 4879 4951 4952
f 4879 4952 4880
f 4880 4952 4953
f 4880 4953 4881
f 4881 4953 4954
f 4881 4954 4882
f 4882 4954 4955
f 4882 4955 4883
f 4883 4955 4956
f 4883 4956 4884
f 4884 4956 4957
f 4884 4957 4885
f 4885 4957 4958
f 4885 4958 4886
f 4886 4958 4959
f 4886 4959 4887
f 4887 4959 4960
f 4887 4960 4888
f 4888 4960 4961
f 4888 4961 4889
f 4889 4961 4962
f 4889 4962 4890
f 4890 4962 4963
f 4890 4963 4891
f 4891 4963 4964
f 4891 4964 4892
f 4892 4964 4965
f 4892 4965 4893
f 4893 4965 4966
f 4893 4966 4894
f 4894 4966 4967
f 4894 4967 4895
f 4895 4967 4968
f 4895 4968 4896
f 4896 4968 4969
f 4896 4969 4897
f 4897 4969 4970
f 4897 4970 4898
f 4898 4970 4971
f 4898 4971 4899
f 4899 4971 4972
f 4899 4972 4900
f 4900 4972 4973
f 4900 4973 4901
f 4901 4973 4974
f 4901 4974 4902
f 4902 4974 4975
f 4902 4975 4903
f 4903 4975 4976
f 4904 4977 4905
f 4905 4977 4978
f 4905 4978 4906
f 4906 4978 4979
f 4906 4979 4907
f 4907 4979 4980
f 4907 4980 4908
f 4908 4980 4981
f 4908 4981 4909
f 4909 4981 4982
f 4909 4982 4910
f 4910 4982 4983
f 4910 4983 4911
f 4911 4983 4984
f 4911 4984 4912
f 4912 4984 4985
f 4912 4985 4913
f 4913 4985 4986
f 4913 4986 4914
f 4914 4986 4987
f 4914 4987 4915
f 4915 4987 4988
f 4915 4988 4916
f 4916 4988 4989
f 4916 4989 4917
f 4917 4989 4990
f 4917 4990 4918
f 4918 4990 4991
f 4918 4991 4919
f 4919 4991 4992
f 4919 4992 4920
f 4920 4992 4993
f 4920 4993 4921
f 4921 4993 4994
f 4921 4994 4922
f 4922 4994 4995
f 4922 4995 4923
f 4923 4995 4996
f 4923 4996 4924
f 4924 4996 4997
f 4924 4997 4925
f 4925 4997 4998
f 4925 4998 4926
f 4926 4998 4999
f 4926 4999 4927
f 4927 4999 5000
f 4927 5000 4928
f 4928 5000 5001
f 4928 5001 4929
f 4929 5001 5002
f 4929 5002 4930
f 4930 5002 5003
f 4930 5003 4931
f 4931 5003 5004
f 4931 5004 4932
f 4932 5004 5005
f 4932 5005 4933
f 4933 5005 5006
f 4933 5006 4934
f 4934 5006 5007
f 4934 5007 4935
f 4935 5007 5008
f 4935 5008 4936
f 4936 5008 5009
f 4936 5009 4937
f 4937 5009 5010
f 4937 5010 4938
f 4938 5010 5011
f 4938 5011 4939
f 4939 5011 5012
f 4939 5012 4940
f 4940 5012 5013
f 4940 5013 4941
f 4941 5013 5014
f 4941 5014 4942
f 4942 5014 5015
f 4942 5015 4943
f 4943 5015 5016
f 4943 5016 4944
f 4944 5016 5017
f 4944 5017 4945
f 4945 5017 5018
f 4945 5018 4946
f 4946 5018 5019
f 4946 5019 4947
f 4947 5019 5020
f 4947 5020 4948
f 4948 5020 5021
f 4948 5021 4949
f 4949 5021 5022
f 4949 5022 4950
f 4950 5022 5023
f 4950 5023 4951
f 4951 5023 5024
f 4951 5024 4952
f 4952 5024 5025
f 4952 5025 4953
f 4953 5025 5026
f 4953 5026 4954
f 4954 5026 5027
f 4954 5027 4955
f 4955 5027 5028
f 4955 5028 4956
f 4956 5028 5029
f 4956 5029 4957
f 4957 5029 5030
f 4957 5030 4958
f 4958 5030 5031
f 4958 5031 4959
f 4959 5031 5032
f 4959 5032 4960
f 4960 5032 5033
f 4960 5033 4961
f 4961 5033 5034
f 4961 5034 4962
f 4962 5034 5035
f 4962 5035 4963
f 4963 5035 5036
f 4963 5036 4964
f 4964 5036 5037
f 4964 5037 4965
f 4965 5037 5038
f 4965 5038 4966
f 4966 5038 5039
f 4966 5039 4967
f 4967 5039 5040
f 4967 5040 4968
f 4968 5040 5041
f 4968 5041 4969
f 4969 5041 5042
f 4969 5042 4970
f 4970 5042 5043
f 4970 5043 4971
f 4971 5043 5044
f 4971 5044 4972
f 4972 5044 5045
f 4972 5045 4973
f 4973 5045 5046
f 4973 5046 4974
f 4974 5046 5047
f 4974 5047 4975
f 4975 5047 5048
f 4975 5048 4976
f 4976 5048 5049
f 4977 5050 4978
f 4978 5050 5051
f 4978 5051 4979
f 4979 5051 5052
f 4979 5052 4980
f 4980 5052 5053
f 4980 5053 4981
f 4981 5053 5054
f 4981 5054 4982
f 4982 5054 5055
f 4982 5055 4983
f 4983 5055 5056
f 4983 5056 4984
f 4984 5056 5057
f 4984 5057 4985
f 4985 5057 5058
f 4985 5058 4986
f 4986 5058 5059
f 4986 5059 4987
f 4987 5059 5060
f 4987 5060 4988
f 4988 5060 5061
f 4988 5061 4989
f 4989 5061 5062
f 4989 5062 4990
f 4990 5062 5063
f 4990 5063 4991
f 4991 5063 5064
f 4991 5064 4992
f 4992 5064 5065
f 4992 5065 4993
f 4993 5065 5066
f 4993 5066 4994
f 4994 5066 5067
f 4994 5067 4995
f 4995 5067 5068
f 4995 5068 4996
f 4996 5068 5069
f 4996 5069 4997
f 4997 5069 5070
f 4997 5070 4998
f 4998 5070 5071
f 4998 5071 4999
f 4999 5071 5072
f 4999 5072 5000
f 5000 5072 5073
f 5000 5073 5001
f 5001 5073 5074
f 5001 5074 5002
f 5002 5074 5075
f 5002 5075 5003
f 5003 5075 5076
f 5003 5076 5004
f 5004 5076 5077
f 5004 5077 5005
f 5005 5077 5078
f 5005 5078 5006
f 5006 5078 5079
f 5006 5079 5007
f 5007 5079 5080
f 5007 5080 5008
f 5008 5080 5081
f 5008 5081 5009
f 5009 5081 5082
f 5009 5082 5010
f 5010 5082 5083
f 5010 5083 5011
f 5011 5083 5084
f 5011 5084 5012
f 5012 5084 5085
f 5012 5085 5013
f 5013 5085 5086
f 5013 5086 5014
f 5014 5086 5087
f 5014 5087 5015
f 5015 5087 5088
f 5015 5088 5016
f 5016 5088 5089
f 5016 5089 5017
f 5017 5089 5090
f 5017 5090 5018
f 5018 5090 5091
f 5018 5091 5019
f 5019 5091 5092
f 5019 5092 5020
f 5020 5092 5093
f 5020 5093 5021
f 5021 5093 5094
f 5021 5094 5022
f 5022 5094 5095
f 5022 5095 5023
f 5023 5095 5096
f 5023 5096 5024
f 5024 5096 5097
f 5024 5097 5025
f 5025 5097 5098
f 5025 5098 5026
f 5026 5098 5099
f 5026 5099 5027
f 5027 5099 5100
f 5027 5100 5028
f 5028 5100 5101
f 5028 5101 5029
f 5029 5101 5102
f 5029 5102 5030
f 5030 5102 5103
f 5030 5103 5031
f 5031 5103 5104
f 5031 5104 5032
f 5032 5104 5105
f 5032 5105 5033
f 5033 5105 5106
f 5033 5106 5034
f 5034 5106 5107
f 5034 5107 5035
f 5035 5107 5108
f 5035 5108 5036
f 5036 5108 5109
f 5036 5109 5037
f 5037 5109 5110
f 5037 5110 5038
f 5038 5110 5111
f 5038 5111 5039
f 5039 5111 5112
f 5039 5112 5040
f 5040 5112 5113
f 5040 5113 5041
f 5041 5113 5114
f 5041 5114 5042
f 5042 5114 5115
f 5042 5115 5043
f 5043 5115 5116
f 5043 5116 5044
f 5044 5116 5117
f 5044 5117 5045
f 5045 5117 5118
f 5045 5118 5046
f 5046 5118 5119
f 5046 5119 5047
f 5047 5119 5120
f 5047 5120 5048
f 5048 5120 5121
f 5048 5121 5049
f 5049 5121 5122
f 5050 5123 5051
f 5051 5123 5124
f 5051 5124 5052
f 5052 5124 5125
f 5052 5125 5053
f 5053 5125 5126
f 5053 5126 5054
f 5054 5126 5127
f 5054 5127 5055
f 5055 5127 5128
f 5055 5128 5056
f 5056 5128 5129
f 5056 5129 5057
f 5057 5129 5130
f 5057 5130 5058
f 5058 5130 5131
f 5058 5131 5059
f 5059 5131 5132
f 5059 5132 5060
f 5060 5132 5133
f 5060 5133 5061
f 5061 5133 5134
f 5061 5134 5062
f 5062 5134 5135
f 5062 5135 5063
f 5063 5135 5136
f 5063 5136 5064
f 5064 5136 5137
f 5064 5137 5065
f 5065 5137 5138
f 5065 5138 5066
f 5066 5138 5139
f 5066 5139 5067
f 5067 5139 5140
f 5067 5140 5068
f 5068 5140 5141
f 5068 5141 5069
f 5069 5141 5142
f 5069 5142 5070
f 5070 5142 5143
f 5070 5143 5071
f 5071 5143 5144
f 5071 5144 5072
f 5072 5144 5145
f 5072 5145 5073
f 5073 5145 5146
f 5073 5146 5074
f 5074 5146 5147
f 5074 5147 5075
f 5075 5147 5148
f 5075 5148 5076
f 5076 5148 5149
f 5076 5149 5077
f 5077 5149 5150
f 5077 5150 5078
f 5078 5150 5151
f 5078 5151 5079
f 5079 5151 5152
f 5079 5152 5080
f 5080 5152 5153
f 5080 5153 5081
f 5081 5153 5154
f 5081 5154 5082
f 5082 5154 5155
f 5082 5155 5083
f 5083 5155 5156
f 5083 5156 5084
f 5084 5156 5157
f 5084 5157 5085
f 5085 5157 5158
f 5085 5158 5086
f 5086 5158 5159
f 5086 5159 5087
f 5087 5159 5160
f 5087 5160 5088
f 5088 5160 5161
f 5088 5161 5089
f 5089 5161 5162
f 5089 5162 5090
f 5090 5162 5163
f 5090 5163 5091
f 5091 5163 5164
f 5091 5164 5092
f 5092 5164 5165
f 5092 5165 5093
f 5093 5165 5166
f 5093 5166 5094
f 5094 5166 5167
f 5094 5167 5095
f 5095 5167 5168
f 5095 5168 5096
f 5096 5168 5169
f 5096 5169 5097
f 5097 5169 5170
f 5097 5170 5098
f 5098 5170 5171
f 5098 5171 5099
f 5099 5171 5172
f 5099 5172 5100
f 5100 5172 5173
f 5100 5173 5101
f 5101 5173 5174
f 5101 5174 5102
f 5102 5174 5175
f 5102 5175 5103
f 5103 5175 5176
f 5103 5176 5104
f 5104 5176 5177
f 5104 5177 5105
f 5105 5177 5178
f 5105 5178 5106
f 5106 5178 5179
f 5106 5179 5107
f 5107 5179 5180
f 5107 5180 5108
f 5108 5180 5181
f 5108 5181 5109
f 5109 5181 5182
f 5109 5182 5110
f 5110 5182 5183
f 5110 5183 5111
f 5111 5183 5184
f 5111 5184 5112
f 5112 5184 5185
f 5112 5185 5113
f 5113 5185 5186
f 5113 5186 5114
f 5114 5186 5187
f 5114 5187 5115
f 5115 5187 5188
f 5115 5188 5116
f 5116 5188 5189
f 5116 5189 5117
f 5117 5189 5190
f 5117 5190 5118
f 5118 5190 5191
f 5118 5191 5119
f 5119 5191 5192
f 5119 5192 5120
f 5120 5192 5193
f 5120 5193 5121
f 5121 5193 5194
f 5121 5194 5122
f 5122 5194 5195
f 5123 4753 5124
f 5124 4753 4755
f 5124 4755 5125
f 5125 4755 4757
f 5125 4757 5126
f 5126 4757 4759
f 5126 4759 5127
f 5127 4759 4761
f 5127 4761 5128
f 5128 4761 4763
f 5128 4763 5129
f 5129 4763 4764
f 5129 4764 5130
f 5130 4764 4765
f 5130 4765 5131
f 5131 4765 4766
f 5131 4766 5132
f 5132 4766 4767
f 5132 4767 5133
f 5133 4767 4768
f 5133 4768 5134
f 5134 4768 4769
f 5134 4769 5135
f 5135 4769 4770
f 5135 4770 5136
f 5136 4770 4771
f 5136 4771 5137
f 5137 4771 4772
f 5137 4772 5138
f 5138 4772 4773
f 5138 4773 5139
f 5139 4773 4774
f 5139 4774 5140
f 5140 4774 4775
f 5140 4775 5141
f 5141 4775 4776
f 5141 4776 5142
f 5142 4776 4777
f 5142 4777 5143
f 5143 4777 4778
f 5143 4778 5144
f 5144 4778 4779
f 5144 4779 5145
f 5145 4779 4780
f 5145 4780 5146
f 5146 4780 4781
f 5146 4781 5147
f 5147 4781 4782
f 5147 4782 5148
f 5148 4782 4783
f 5148 4783 5149
f 5149 4783 4784
f 5149 4784 5150
f 5150 4784 4785
f 5150 4785 5151
f 5151 4785 4786
f 5151 4786 5152
f 5152 4786 4787
f 5152 4787 5153
f 5153 4787 4788
f 5153 4788 5154
f 5154 4788 4789
f 5154 4789 5155
f 5155 4789 4790
f 5155 4790 5156
f 5156 4790 4791
f 5156 4791 5157
f 5157 4791 4792
f 5157 4792 5158
f 5158 4792 4793
f 5158 4793 5159
f 5159 4793 4794
f 5159 4794 5160
f 5160 4794 4795
f 5160 4795 5161
f 5161 4795 4796
f 5161 4796 5162
f 5162 4796 4797
f 5162 4797 5163
f 5163 4797 4798
f 5163 4798 5164
f 5164 4798 4799
f 5164 4799 5165
f 5165 4799 4800
f 5165 4800 5166
f 5166 4800 4801
f 5166 4801 5167
f 5167 4801 4802
f 5167 4802 5168
f 5168 4802 4803
f 5168 4803 5169
f 5169 4803 4804
f 5169 4804 5170
f 5170 4804 4805
f 5170 4805 5171
f 5171 4805 4806
f 5171 4806 5172
f 5172 4806 4807
f 5172 4807 5173
f 5173 4807 4808
f 5173 4808 5174
f 5174 4808 4809
f 5174 4809 5175
f 5175 4809 4810
f 5175 4810 5176
f 5176 4810 4811
f 5176 4811 5177
f 5177 4811 4812
f 5177 4812 5178
f 5178 4812 4813
f 5178 4813 5179
f 5179 4813 4814
f 5179 4814 5180
f 5180 4814 4815
f 5180 4815 5181
f 5181 4815 4816
f 5181 4816 5182
f 5182 4816 4817
f 5182 4817 5183
f 5183 4817 4818
f 5183 4818 5184
f 5184 4818 4819
f 5184 4819 5185
f 5185 4819 4820
f 5185 4820 5186
f 5186 4820 4821
f 5186 4821 5187
f 5187 4821 4822
f 5187 4822 5188
f 5188 4822 4823
f 5188 4823 5189
f 5189 4823 4824
f 5189 4824 5190
f 5190 4824 4825
f 5190 4825 5191
f 5191 4825 4826
f 5191 4826 5192
f 5192 4826 4827
f 5192 4827 5193
f 5193 4827 4828
f 5193 4828 5194
f 5194 4828 4829
f 5194 4829 5195
f 5195 4829 4830
f 1616 4624 4623
f 4623 4624 4903
f 4623 4903 5196
f 5196 4903 4976
f 5196 4976 5197
f 5197 4976 5049
f 5197 5049 5198
f 5198 5049 5122
f 5198 5122 5199
f 5199 5122 5195
f 5199 5195 5200
f 5200 5195 4830
f 5200 4830 5201
f 5201 4830 4621
f 5201 4621 5202
f 5202 4621 1136
f 5202 1136 1135
f 1609 4623 4622
f 4622 4623 5196
f 4622 5196 4831
f 4831 5196 5197
f 4831 5197 4904
f 4904 5197 5198
f 4904 5198 4977
f 4977 5198 5199
f 4977 5199 5050
f 5050 5199 5200
f 5050 5200 5123
f 5123 5200 5201
f 5123 5201 4753
f 4753 5201 5202
f 4753 5202 4754
f 4754 5202 1135
f 4754 1135 1133
f 1731 1722 5203
f 1697 1699 5204
f 1667 1672 5205
f 1641 1636 5206
f 1611 1597 5207
f 5208 1824 1906
f 5209 1832 1830
f 5210 1838 1836
f 5211 1844 1842
f 5212 1852 1850
f 5213 1858 1856
f 5214 1866 1864
f 5215 1872 1870
f 5216 1880 1878
f 5217 1886 1884
f 5218 1894 1892
f 5219 1900 1898
f 5219 5220 1900
f 1900 5220 5221
f 1900 5221 1902
f 1902 5221 5222
f 1902 5222 1904
f 5217 5223 1886
f 1886 5223 5224
f 1886 5224 1888
f 1888 5224 5225
f 1888 5225 1890
f 5215 5226 1872
f 1872 5226 5227
f 1872 5227 1874
f 1874 5227 5228
f 1874 5228 1876
f 5213 5229 1858
f 1858 5229 5230
f 1858 5230 1860
f 1860 5230 5231
f 1860 5231 1862
f 5211 5232 1844
f 1844 5232 5233
f 1844 5233 1846
f 1846 5233 5234
f 1846 5234 1848
f 1747 5210 5235
f 5235 5210 1836
f 5235 1836 5236
f 5236 1836 1834
f 1832 5237 1834
f 1834 5237 5238
f 1834 5238 5236
f 5208 5239 1824
f 1824 5239 5240
f 1824 5240 1826
f 5207 1597 5241
f 5241 1597 1599
f 5241 1599 5242
f 5220 1608 5221
f 5221 1608 1611
f 5221 1611 5222
f 5222 1611 5207
f 5222 5207 1904
f 1904 5207 5241
f 1904 5241 1906
f 1906 5241 5242
f 1906 5242 5208
f 5243 1620 1617
f 1620 5243 1622
f 1622 5243 5244
f 1622 5244 1625
f 5244 5245 1625
f 1625 5245 5246
f 1625 5246 1627
f 1633 1627 5218
f 5218 1627 5246
f 5218 5246 1894
f 1894 5246 5245
f 1894 5245 1896
f 1896 5245 5244
f 1896 5244 1898
f 1898 5244 5243
f 1898 5243 5219
f 5219 5243 1617
f 5219 1617 5220
f 5220 1617 1615
f 5220 1615 1608
f 5206 1636 5247
f 5247 1636 1629
f 5247 1629 5248
f 5248 1629 1631
f 5248 1631 1633
f 1633 5218 5248
f 5248 5218 1892
f 5248 1892 5247
f 5247 1892 1890
f 5247 1890 5206
f 5206 1890 5225
f 5206 5225 1641
f 1641 5225 5224
f 1641 5224 1639
f 1639 5224 5223
f 1639 5223 1646
f 5249 1651 1644
f 1651 5249 1649
f 1649 5249 5250
f 1649 5250 1656
f 5250 5251 1656
f 1656 5251 5252
f 1656 5252 1654
f 1646 5223 1644
f 1644 5223 5217
f 1644 5217 5249
f 5249 5217 1884
f 5249 1884 5250
f 5250 1884 1882
f 5250 1882 5251
f 5251 1882 1880
f 5251 1880 5252
f 5252 1880 5216
f 5252 5216 1654
f 5205 1672 5253
f 5253 1672 1664
f 5253 1664 5254
f 5254 1664 1659
f 5254 1659 1661
f 5226 1668 5227
f 5227 1668 1667
f 5227 1667 5228
f 5228 1667 5205
f 5228 5205 1876
f 1876 5205 5253
f 1876 5253 1878
f 1878 5253 5254
f 1878 5254 5216
f 5216 5254 1661
f 5216 1661 1654
f 5255 1677 1679
f 1677 5255 1675
f 1675 5255 5256
f 1675 5256 1692
f 5256 5257 1692
f 1692 5257 5258
f 1692 5258 1690
f 1688 1690 5214
f 5214 1690 5258
f 5214 5258 1866
f 1866 5258 5257
f 1866 5257 1868
f 1868 5257 5256
f 1868 5256 1870
f 1870 5256 5255
f 1870 5255 5215
f 5215 5255 1679
f 5215 1679 5226
f 5226 1679 1682
f 5226 1682 1668
f 5204 1699 5259
f 5259 1699 1701
f 5259 1701 5260
f 5260 1701 1685
f 5260 1685 1688
f 1688 5214 5260
f 5260 5214 1864
f 5260 1864 5259
f 5259 1864 1862
f 5259 1862 5204
f 5204 1862 5231
f 5204 5231 1697
f 1697 5231 5230
f 1697 5230 1695
f 1695 5230 5229
f 1695 5229 1706
f 5261 1711 1704
f 1711 5261 1709
f 1709 5261 5262
f 1709 5262 1716
f 5262 5263 1716
f 1716 5263 5264
f 1716 5264 1714
f 1706 5229 1704
f 1704 5229 5213
f 1704 5213 5261
f 5261 5213 1856
f 5261 1856 5262
f 5262 1856 1854
f 5262 1854 5263
f 5263 1854 1852
f 5263 1852 5264
f 5264 1852 5212
f 5264 5212 1714
f 5203 1722 5265
f 5265 1722 1724
f 5265 1724 5266
f 5266 1724 1726
f 5266 1726 1719
f 5232 1729 5233
f 5233 1729 1731
f 5233 1731 5234
f 5234 1731 5203
f 5234 5203 1848
f 1848 5203 5265
f 1848 5265 1850
f 1850 5265 5266
f 1850 5266 5212
f 5212 5266 1719
f 5212 1719 1714
f 5267 1737 1739
f 1737 5267 1744
f 1744 5267 5268
f 1744 5268 1742
f 5268 5269 1742
f 1742 5269 5270
f 1742 5270 1749
f 1747 1749 5210
f 5210 1749 5270
f 5210 5270 1838
f 1838 5270 5269
f 1838 5269 1840
f 1840 5269 5268
f 1840 5268 1842
f 1842 5268 5267
f 1842 5267 5211
f 5211 5267 1739
f 5211 1739 5232
f 5232 1739 1734
f 5232 1734 1729
f 1832 5209 5237
f 5237 5209 1763
f 5237 1763 5238
f 5238 1763 1759
f 5238 1759 5236
f 5236 1759 1752
f 5236 1752 5235
f 5235 1752 1754
f 5235 1754 1747
f 5271 1767 1765
f 1767 5271 1769
f 1775 1777 5272
f 5272 1777 1769
f 5272 1769 5273
f 5273 1769 5271
f 1773 1775 5274
f 5274 1775 5272
f 5274 5272 1828
f 1828 5272 5273
f 1828 5273 1830
f 1830 5273 5271
f 1830 5271 5209
f 5209 5271 1765
f 5209 1765 1763
f 1599 1601 5242
f 5242 1601 1603
f 5242 1603 5208
f 5208 1603 1605
f 5208 1605 5239
f 5239 1605 1773
f 5239 1773 5240
f 5240 1773 5274
f 5240 5274 1826
f 1826 5274 1828
