Timestamp,X,Y,Z
2569-08-21 12:24:16.805,-0.053,0.375,0.039
2569-08-21 12:24:17.674,-0.053,0.375,0.039
2569-08-21 12:24:17.677,-0.053,0.375,0.039
2569-08-21 12:24:17.681,-0.053,0.375,0.039
2569-08-21 12:24:17.752,-0.053,0.375,0.039
2569-08-21 12:24:17.753,-0.053,0.375,0.039
2569-08-21 12:24:17.753,-0.053,0.375,0.039
2569-08-21 12:24:17.757,-0.053,0.375,0.039
2569-08-21 12:24:17.757,-0.053,0.375,0.039
2569-08-21 12:24:17.778,-0.053,0.375,0.039
2569-08-21 12:24:17.778,-0.053,0.375,0.039
2569-08-21 12:24:17.782,-0.053,0.375,0.039
2569-08-21 12:24:17.782,-0.053,0.375,0.039
2569-08-21 12:24:17.793,-0.053,0.375,0.039
2569-08-21 12:24:17.802,-0.053,0.375,0.039
2569-08-21 12:24:17.802,-0.053,0.375,0.039
2569-08-21 12:24:17.813,-0.053,0.375,0.039
2569-08-21 12:24:17.813,-0.053,0.375,0.039
2569-08-21 12:24:17.813,-0.053,0.375,0.039
2569-08-21 12:24:17.825,-0.053,0.375,0.039
2569-08-21 12:24:17.826,-0.053,0.375,0.039
2569-08-21 12:24:17.829,-0.053,0.375,0.039
2569-08-21 12:24:17.829,-0.053,0.375,0.039
2569-08-21 12:24:17.833,-0.053,0.375,0.039
2569-08-21 12:24:17.833,-0.053,0.375,0.039
2569-08-21 12:24:17.838,-0.053,0.375,0.039
2569-08-21 12:24:17.847,-0.053,0.375,0.039
2569-08-21 12:24:17.847,-0.053,0.375,0.039
2569-08-21 12:24:17.853,-0.053,0.375,0.039
2569-08-21 12:24:17.853,-0.053,0.375,0.039
2569-08-21 12:24:17.857,-0.053,0.375,0.039
2569-08-21 12:24:17.858,-0.053,0.375,0.039
2569-08-21 12:24:17.858,-0.053,0.375,0.039
2569-08-21 12:24:17.867,-0.053,0.375,0.039
2569-08-21 12:24:17.867,-0.053,0.375,0.039
2569-08-21 12:24:17.871,-0.053,0.375,0.039
2569-08-21 12:24:17.871,-0.053,0.375,0.039
2569-08-21 12:24:17.875,-0.053,0.375,0.039
2569-08-21 12:24:17.875,-0.053,0.375,0.039
2569-08-21 12:24:17.875,-0.053,0.375,0.039
2569-08-21 12:24:17.879,-0.053,0.375,0.039
2569-08-21 12:24:17.879,-0.053,0.375,0.039
2569-08-21 12:24:17.892,-0.053,0.375,0.039
2569-08-21 12:24:17.892,-0.053,0.375,0.039
2569-08-21 12:24:17.896,-0.053,0.375,0.039
2569-08-21 12:24:17.896,-0.053,0.375,0.039
2569-08-21 12:24:17.896,-0.053,0.375,0.039
2569-08-21 12:24:17.900,-0.053,0.375,0.039
2569-08-21 12:24:17.900,-0.053,0.375,0.039
2569-08-21 12:24:17.903,-0.053,0.375,0.039
2569-08-21 12:24:17.903,-0.053,0.375,0.039
2569-08-21 12:24:17.913,-0.053,0.375,0.039
2569-08-21 12:24:17.913,-0.053,0.375,0.039
2569-08-21 12:24:17.915,-0.053,0.375,0.039
2569-08-21 12:24:17.915,-0.053,0.375,0.039
2569-08-21 12:24:17.915,-0.053,0.375,0.039
2569-08-21 12:24:17.920,-0.053,0.375,0.039
2569-08-21 12:24:17.920,-0.053,0.375,0.039
2569-08-21 12:24:17.924,-0.053,0.375,0.039
2569-08-21 12:24:17.924,-0.053,0.375,0.039
2569-08-21 12:24:17.936,-0.053,0.375,0.039
2569-08-21 12:24:17.936,-0.053,0.375,0.039
2569-08-21 12:24:17.942,-0.053,0.375,0.039
2569-08-21 12:24:17.942,-0.053,0.375,0.039
2569-08-21 12:24:17.942,-0.053,0.375,0.039
2569-08-21 12:24:17.946,-0.053,0.375,0.039
2569-08-21 12:24:17.946,-0.053,0.375,0.039
2569-08-21 12:24:17.949,-0.053,0.375,0.039
2569-08-21 12:24:17.949,-0.053,0.375,0.039
2569-08-21 12:24:17.958,-0.053,0.375,0.039
2569-08-21 12:24:17.958,-0.053,0.375,0.039
2569-08-21 12:24:17.962,-0.053,0.375,0.039
2569-08-21 12:24:17.963,-0.053,0.375,0.039
2569-08-21 12:24:17.963,-0.053,0.375,0.039
2569-08-21 12:24:17.967,-0.053,0.375,0.039
2569-08-21 12:24:17.967,-0.053,0.375,0.039
2569-08-21 12:24:17.982,-0.053,0.375,0.039
2569-08-21 12:24:17.982,-0.053,0.375,0.039
2569-08-21 12:24:17.985,-0.053,0.375,0.039
2569-08-21 12:24:17.986,-0.053,0.375,0.039
2569-08-21 12:24:17.986,-0.053,0.375,0.039
2569-08-21 12:24:17.990,-0.053,0.375,0.039
2569-08-21 12:24:17.990,-0.053,0.375,0.039
2569-08-21 12:24:17.993,-0.053,0.375,0.039
2569-08-21 12:24:17.994,-0.053,0.375,0.039
2569-08-21 12:24:17.994,-0.053,0.375,0.039
2569-08-21 12:24:18.003,-0.053,0.375,0.039
2569-08-21 12:24:18.003,-0.053,0.375,0.039
2569-08-21 12:24:18.007,-0.053,0.375,0.039
2569-08-21 12:24:18.007,-0.053,0.375,0.039
2569-08-21 12:24:18.012,-0.053,0.375,0.039
2569-08-21 12:24:18.012,-0.053,0.375,0.039
2569-08-21 12:24:18.017,-0.053,0.375,0.039
2569-08-21 12:24:18.027,-0.053,0.375,0.039
2569-08-21 12:24:18.027,-0.053,0.375,0.039
2569-08-21 12:24:18.032,-0.053,0.375,0.039
2569-08-21 12:24:18.032,-0.053,0.375,0.039
2569-08-21 12:24:18.035,-0.053,0.375,0.039
2569-08-21 12:24:18.047,-0.053,0.375,0.039
2569-08-21 12:24:18.047,-0.053,0.375,0.039
2569-08-21 12:24:18.051,-0.053,0.375,0.039
2569-08-21 12:24:18.051,-0.053,0.375,0.039
2569-08-21 12:24:18.056,-0.053,0.375,0.039
2569-08-21 12:24:18.056,-0.053,0.375,0.039
2569-08-21 12:24:18.056,-0.053,0.375,0.039
2569-08-21 12:24:18.068,-0.053,0.375,0.039
2569-08-21 12:24:18.069,-0.053,0.375,0.039
2569-08-21 12:24:18.072,-0.053,0.375,0.039
2569-08-21 12:24:18.072,-0.053,0.375,0.039
2569-08-21 12:24:18.076,-0.053,0.375,0.039
2569-08-21 12:24:18.077,-0.053,0.375,0.039
2569-08-21 12:24:18.077,-0.053,0.375,0.039
2569-08-21 12:24:18.093,-0.053,0.375,0.039
2569-08-21 12:24:18.093,-0.053,0.375,0.039
2569-08-21 12:24:18.097,-0.053,0.375,0.039
2569-08-21 12:24:18.097,-0.053,0.375,0.039
2569-08-21 12:24:18.098,-0.053,0.375,0.039
2569-08-21 12:24:18.101,-0.053,0.375,0.039
2569-08-21 12:24:18.101,-0.053,0.375,0.039
2569-08-21 12:24:18.105,-0.053,0.375,0.039
2569-08-21 12:24:18.105,-0.053,0.375,0.039
2569-08-21 12:24:18.113,-0.053,0.375,0.039
2569-08-21 12:24:18.113,-0.053,0.375,0.039
2569-08-21 12:24:18.117,-0.053,0.375,0.039
2569-08-21 12:24:18.117,-0.053,0.375,0.039
2569-08-21 12:24:18.117,-0.053,0.375,0.039
2569-08-21 12:24:18.123,-0.053,0.375,0.039
2569-08-21 12:24:18.123,-0.053,0.375,0.039
2569-08-21 12:24:18.137,-0.053,0.375,0.039
2569-08-21 12:24:18.137,-0.053,0.375,0.039
2569-08-21 12:24:18.140,-0.053,0.375,0.039
2569-08-21 12:24:18.142,-0.053,0.375,0.039
2569-08-21 12:24:18.142,-0.053,0.375,0.039
2569-08-21 12:24:18.145,-0.053,0.375,0.039
2569-08-21 12:24:18.145,-0.053,0.375,0.039
2569-08-21 12:24:18.147,-0.053,0.375,0.039
2569-08-21 12:24:18.147,-0.053,0.375,0.039
2569-08-21 12:24:18.158,-0.053,0.375,0.039
2569-08-21 12:24:18.158,-0.053,0.375,0.039
2569-08-21 12:24:18.161,-0.053,0.375,0.039
2569-08-21 12:24:18.161,-0.053,0.375,0.039
2569-08-21 12:24:18.161,-0.053,0.375,0.039
2569-08-21 12:24:18.164,-0.053,0.375,0.039
2569-08-21 12:24:18.164,-0.053,0.375,0.039
2569-08-21 12:24:18.167,-0.053,0.375,0.039
2569-08-21 12:24:18.167,-0.053,0.375,0.039
2569-08-21 12:24:18.169,-0.053,0.375,0.039
2569-08-21 12:24:18.170,-0.053,0.375,0.039
2569-08-21 12:24:18.183,-0.053,0.375,0.039
2569-08-21 12:24:18.183,-0.053,0.375,0.039
2569-08-21 12:24:18.186,-0.053,0.375,0.039
2569-08-21 12:24:18.186,-0.053,0.375,0.039
2569-08-21 12:24:18.186,-0.053,0.375,0.039
2569-08-21 12:24:18.191,-0.053,0.375,0.039
2569-08-21 12:24:18.191,-0.053,0.375,0.039
2569-08-21 12:24:18.193,-0.053,0.375,0.039
2569-08-21 12:24:18.194,-0.053,0.375,0.039
2569-08-21 12:24:18.194,-0.053,0.375,0.039
2569-08-21 12:24:18.202,-0.053,0.375,0.039
2569-08-21 12:24:18.202,-0.053,0.375,0.039
2569-08-21 12:24:18.205,-0.053,0.375,0.039
2569-08-21 12:24:18.205,-0.053,0.375,0.039
2569-08-21 12:24:18.209,-0.053,0.375,0.039
2569-08-21 12:24:18.209,-0.053,0.375,0.039
2569-08-21 12:24:18.213,-0.053,0.375,0.039
2569-08-21 12:24:18.213,-0.053,0.375,0.039
2569-08-21 12:24:18.215,-0.053,0.375,0.039
2569-08-21 12:24:18.215,-0.053,0.375,0.039
2569-08-21 12:24:18.215,-0.053,0.375,0.039
2569-08-21 12:24:18.228,-0.053,0.375,0.039
2569-08-21 12:24:18.228,-0.053,0.375,0.039
2569-08-21 12:24:18.231,-0.053,0.375,0.039
2569-08-21 12:24:18.231,-0.053,0.375,0.039
2569-08-21 12:24:18.235,-0.053,0.375,0.039
2569-08-21 12:24:18.235,-0.053,0.375,0.039
2569-08-21 12:24:18.235,-0.053,0.375,0.039
2569-08-21 12:24:18.247,-0.053,0.375,0.039
2569-08-21 12:24:18.247,-0.053,0.375,0.039
2569-08-21 12:24:18.252,-0.053,0.375,0.039
2569-08-21 12:24:18.252,-0.053,0.375,0.039
2569-08-21 12:24:18.254,-0.053,0.375,0.039
2569-08-21 12:24:18.254,-0.053,0.375,0.039
2569-08-21 12:24:18.254,-0.053,0.375,0.039
2569-08-21 12:24:18.257,-0.053,0.375,0.039
2569-08-21 12:24:18.257,-0.053,0.375,0.039
2569-08-21 12:24:18.260,-0.053,0.375,0.039
2569-08-21 12:24:18.261,-0.053,0.375,0.039
2569-08-21 12:24:18.269,-0.053,0.375,0.039
2569-08-21 12:24:18.269,-0.053,0.375,0.039
2569-08-21 12:24:18.271,-0.053,0.375,0.039
2569-08-21 12:24:18.272,-0.053,0.375,0.039
2569-08-21 12:24:18.274,-0.053,0.375,0.039
2569-08-21 12:24:18.274,-0.053,0.375,0.039
2569-08-21 12:24:18.274,-0.053,0.375,0.039
2569-08-21 12:24:18.277,-0.053,0.375,0.039
2569-08-21 12:24:18.277,-0.053,0.375,0.039
2569-08-21 12:24:18.279,-0.053,0.375,0.039
2569-08-21 12:24:18.279,-0.053,0.375,0.039
2569-08-21 12:24:18.293,-0.053,0.375,0.039
2569-08-21 12:24:18.293,-0.053,0.375,0.039
2569-08-21 12:24:18.297,-0.053,0.375,0.039
2569-08-21 12:24:18.297,-0.053,0.375,0.039
2569-08-21 12:24:18.297,-0.053,0.375,0.039
2569-08-21 12:24:18.299,-0.053,0.375,0.039
2569-08-21 12:24:18.299,-0.053,0.375,0.039
2569-08-21 12:24:18.301,-0.053,0.375,0.039
2569-08-21 12:24:18.301,-0.053,0.375,0.039
2569-08-21 12:24:18.304,-0.053,0.375,0.039
2569-08-21 12:24:18.304,-0.053,0.375,0.039
2569-08-21 12:24:18.314,-0.053,0.375,0.039
2569-08-21 12:24:18.314,-0.053,0.375,0.039
2569-08-21 12:24:18.316,-0.053,0.375,0.039
2569-08-21 12:24:18.316,-0.053,0.375,0.039
2569-08-21 12:24:18.316,-0.053,0.375,0.039
2569-08-21 12:24:18.319,-0.053,0.375,0.039
2569-08-21 12:24:18.320,-0.053,0.375,0.039
2569-08-21 12:24:18.321,-0.053,0.375,0.039
2569-08-21 12:24:18.321,-0.053,0.375,0.039
2569-08-21 12:24:18.324,-0.053,0.375,0.039
2569-08-21 12:24:18.324,-0.053,0.375,0.039
2569-08-21 12:24:18.339,-0.053,0.375,0.039
2569-08-21 12:24:18.339,-0.053,0.375,0.039
2569-08-21 12:24:18.341,-0.053,0.375,0.039
2569-08-21 12:24:18.342,-0.053,0.375,0.039
2569-08-21 12:24:18.342,-0.053,0.375,0.039
2569-08-21 12:24:18.344,-0.053,0.375,0.039
2569-08-21 12:24:18.344,-0.053,0.375,0.039
2569-08-21 12:24:18.345,-0.053,0.375,0.039
2569-08-21 12:24:18.345,-0.053,0.375,0.039
2569-08-21 12:24:18.348,-0.053,0.375,0.039
2569-08-21 12:24:18.348,-0.053,0.375,0.039
2569-08-21 12:24:18.358,-0.053,0.375,0.039
2569-08-21 12:24:18.358,-0.053,0.375,0.039
2569-08-21 12:24:18.362,-0.053,0.375,0.039
2569-08-21 12:24:18.362,-0.053,0.375,0.039
2569-08-21 12:24:18.362,-0.053,0.375,0.039
2569-08-21 12:24:18.364,-0.053,0.375,0.039
2569-08-21 12:24:18.364,-0.053,0.375,0.039
2569-08-21 12:24:18.367,-0.053,0.375,0.039
2569-08-21 12:24:18.367,-0.053,0.375,0.039
2569-08-21 12:24:18.370,-0.053,0.375,0.039
2569-08-21 12:24:18.370,-0.053,0.375,0.039
2569-08-21 12:24:18.382,-0.053,0.375,0.039
2569-08-21 12:24:18.382,-0.053,0.375,0.039
2569-08-21 12:24:18.385,-0.053,0.375,0.039
2569-08-21 12:24:18.386,-0.053,0.375,0.039
2569-08-21 12:24:18.386,-0.053,0.375,0.039
2569-08-21 12:24:18.389,-0.053,0.375,0.039
2569-08-21 12:24:18.389,-0.053,0.375,0.039
2569-08-21 12:24:18.391,-0.053,0.375,0.039
2569-08-21 12:24:18.391,-0.053,0.375,0.039
2569-08-21 12:24:18.394,-0.053,0.375,0.039
2569-08-21 12:24:18.394,-0.053,0.375,0.039
2569-08-21 12:24:18.394,-0.053,0.375,0.039
2569-08-21 12:24:18.404,-0.053,0.375,0.039
2569-08-21 12:24:18.404,-0.053,0.375,0.039
2569-08-21 12:24:18.406,-0.053,0.375,0.039
2569-08-21 12:24:18.406,-0.053,0.375,0.039
2569-08-21 12:24:18.409,-0.053,0.375,0.039
2569-08-21 12:24:18.409,-0.053,0.375,0.039
2569-08-21 12:24:18.411,-0.053,0.375,0.039
2569-08-21 12:24:18.411,-0.053,0.375,0.039
2569-08-21 12:24:18.413,-0.053,0.375,0.039
2569-08-21 12:24:18.413,-0.053,0.375,0.039
2569-08-21 12:24:18.413,-0.053,0.375,0.039
2569-08-21 12:24:18.416,-0.053,0.375,0.039
2569-08-21 12:24:18.416,-0.053,0.375,0.039
2569-08-21 12:24:18.428,-0.053,0.375,0.039
2569-08-21 12:24:18.428,-0.053,0.375,0.039
2569-08-21 12:24:18.431,-0.053,0.375,0.039
2569-08-21 12:24:18.431,-0.053,0.375,0.039
2569-08-21 12:24:18.433,-0.053,0.375,0.039
2569-08-21 12:24:18.434,-0.053,0.375,0.039
2569-08-21 12:24:18.434,-0.053,0.375,0.039
2569-08-21 12:24:18.436,-0.053,0.375,0.039
2569-08-21 12:24:18.436,-0.053,0.375,0.039
2569-08-21 12:24:18.439,-0.053,0.375,0.039
2569-08-21 12:24:18.439,-0.053,0.375,0.039
2569-08-21 12:24:18.449,-0.053,0.375,0.039
2569-08-21 12:24:18.449,-0.053,0.375,0.039
2569-08-21 12:24:18.452,-0.053,0.375,0.039
2569-08-21 12:24:18.452,-0.053,0.375,0.039
2569-08-21 12:24:18.453,-0.053,0.375,0.039
2569-08-21 12:24:18.453,-0.053,0.375,0.039
2569-08-21 12:24:18.455,-0.053,0.375,0.039
2569-08-21 12:24:18.457,-0.053,0.375,0.039
2569-08-21 12:24:18.457,-0.053,0.375,0.039
2569-08-21 12:24:18.459,-0.053,0.375,0.039
2569-08-21 12:24:18.459,-0.053,0.375,0.039
2569-08-21 12:24:18.473,-0.053,0.375,0.039
2569-08-21 12:24:18.474,-0.053,0.375,0.039
2569-08-21 12:24:18.476,-0.053,0.375,0.039
2569-08-21 12:24:18.476,-0.053,0.375,0.039
2569-08-21 12:24:18.476,-0.053,0.375,0.039
2569-08-21 12:24:18.478,-0.053,0.375,0.039
2569-08-21 12:24:18.478,-0.053,0.375,0.039
2569-08-21 12:24:18.482,-0.053,0.375,0.039
2569-08-21 12:24:18.482,-0.053,0.375,0.039
2569-08-21 12:24:18.493,-0.053,0.375,0.039
2569-08-21 12:24:18.493,-0.053,0.375,0.039
2569-08-21 12:24:18.497,-0.053,0.375,0.039
2569-08-21 12:24:18.497,-0.053,0.375,0.039
2569-08-21 12:24:18.497,-0.053,0.375,0.039
2569-08-21 12:24:18.499,-0.053,0.375,0.039
2569-08-21 12:24:18.499,-0.053,0.375,0.039
2569-08-21 12:24:18.503,-0.053,0.375,0.039
2569-08-21 12:24:18.503,-0.053,0.375,0.039
2569-08-21 12:24:18.505,-0.053,0.375,0.039
2569-08-21 12:24:18.505,-0.053,0.375,0.039
2569-08-21 12:24:18.515,-0.053,0.375,0.039
2569-08-21 12:24:18.515,-0.053,0.375,0.039
2569-08-21 12:24:18.517,-0.053,0.375,0.039
2569-08-21 12:24:18.517,-0.053,0.375,0.039
2569-08-21 12:24:18.517,-0.053,0.375,0.039
2569-08-21 12:24:18.520,-0.053,0.375,0.039
2569-08-21 12:24:18.520,-0.053,0.375,0.039
2569-08-21 12:24:18.523,-0.053,0.375,0.039
2569-08-21 12:24:18.523,-0.053,0.375,0.039
2569-08-21 12:24:18.525,-0.053,0.375,0.039
2569-08-21 12:24:18.525,-0.053,0.375,0.039
2569-08-21 12:24:18.539,-0.053,0.375,0.039
2569-08-21 12:24:18.539,-0.053,0.375,0.039
2569-08-21 12:24:18.542,-0.053,0.375,0.039
2569-08-21 12:24:18.543,-0.053,0.375,0.039
2569-08-21 12:24:18.543,-0.053,0.375,0.039
2569-08-21 12:24:18.544,-0.053,0.375,0.039
2569-08-21 12:24:18.544,-0.053,0.375,0.039
2569-08-21 12:24:18.547,-0.053,0.375,0.039
2569-08-21 12:24:18.547,-0.053,0.375,0.039
2569-08-21 12:24:18.549,-0.053,0.375,0.039
2569-08-21 12:24:18.549,-0.053,0.375,0.039
2569-08-21 12:24:18.560,-0.053,0.375,0.039
2569-08-21 12:24:18.560,-0.053,0.375,0.039
2569-08-21 12:24:18.562,-0.053,0.375,0.039
2569-08-21 12:24:18.562,-0.053,0.375,0.039
2569-08-21 12:24:18.562,-0.053,0.375,0.039
2569-08-21 12:24:18.565,-0.053,0.375,0.039
2569-08-21 12:24:18.565,-0.053,0.375,0.039
2569-08-21 12:24:18.567,-0.053,0.375,0.039
2569-08-21 12:24:18.567,-0.053,0.375,0.039
2569-08-21 12:24:18.570,-0.053,0.375,0.039
2569-08-21 12:24:18.570,-0.053,0.375,0.039
2569-08-21 12:24:18.573,-0.053,0.375,0.039
2569-08-21 12:24:18.583,-0.053,0.375,0.039
2569-08-21 12:24:18.583,-0.053,0.375,0.039
2569-08-21 12:24:18.587,-0.053,0.375,0.039
2569-08-21 12:24:18.588,-0.053,0.375,0.039
2569-08-21 12:24:18.589,-0.053,0.375,0.039
2569-08-21 12:24:18.590,-0.053,0.375,0.039
2569-08-21 12:24:18.592,-0.053,0.375,0.039
2569-08-21 12:24:18.592,-0.053,0.375,0.039
2569-08-21 12:24:18.595,-0.053,0.375,0.039
2569-08-21 12:24:18.595,-0.053,0.375,0.039
2569-08-21 12:24:18.595,-0.053,0.375,0.039
2569-08-21 12:24:18.605,-0.053,0.375,0.039
2569-08-21 12:24:18.605,-0.053,0.375,0.039
2569-08-21 12:24:18.608,-0.053,0.375,0.039
2569-08-21 12:24:18.608,-0.053,0.375,0.039
2569-08-21 12:24:18.611,-0.053,0.375,0.039
2569-08-21 12:24:18.611,-0.053,0.375,0.039
2569-08-21 12:24:18.613,-0.053,0.375,0.039
2569-08-21 12:24:18.613,-0.053,0.375,0.039
2569-08-21 12:24:18.613,-0.053,0.375,0.039
2569-08-21 12:24:18.616,-0.053,0.375,0.039
2569-08-21 12:24:18.616,-0.053,0.375,0.039
2569-08-21 12:24:18.629,-0.053,0.375,0.039
2569-08-21 12:24:18.629,-0.053,0.375,0.039
2569-08-21 12:24:18.633,-0.053,0.375,0.039
2569-08-21 12:24:18.633,-0.053,0.375,0.039
2569-08-21 12:24:18.634,-0.053,0.375,0.039
2569-08-21 12:24:18.635,-0.053,0.375,0.039
2569-08-21 12:24:18.635,-0.053,0.375,0.039
2569-08-21 12:24:18.637,-0.053,0.375,0.039
2569-08-21 12:24:18.637,-0.053,0.375,0.039
2569-08-21 12:24:18.640,-0.053,0.375,0.039
2569-08-21 12:24:18.640,-0.053,0.375,0.039
2569-08-21 12:24:18.650,-0.053,0.375,0.039
2569-08-21 12:24:18.650,-0.053,0.375,0.039
2569-08-21 12:24:18.652,-0.053,0.375,0.039
2569-08-21 12:24:18.652,-0.053,0.375,0.039
2569-08-21 12:24:18.654,-0.053,0.375,0.039
2569-08-21 12:24:18.655,-0.053,0.375,0.039
2569-08-21 12:24:18.655,-0.053,0.375,0.039
2569-08-21 12:24:18.658,-0.053,0.375,0.039
2569-08-21 12:24:18.658,-0.053,0.375,0.039
2569-08-21 12:24:18.660,-0.053,0.375,0.039
2569-08-21 12:24:18.660,-0.053,0.375,0.039
2569-08-21 12:24:18.674,-0.053,0.375,0.039
2569-08-21 12:24:18.674,-0.053,0.375,0.039
2569-08-21 12:24:18.677,-0.053,0.375,0.039
2569-08-21 12:24:18.677,-0.053,0.375,0.039
2569-08-21 12:24:18.677,-0.053,0.375,0.039
2569-08-21 12:24:18.679,-0.053,0.375,0.039
2569-08-21 12:24:18.680,-0.053,0.375,0.039
2569-08-21 12:24:18.682,-0.053,0.375,0.039
2569-08-21 12:24:18.682,-0.053,0.375,0.039
2569-08-21 12:24:18.685,-0.053,0.375,0.039
2569-08-21 12:24:18.685,-0.053,0.375,0.039
2569-08-21 12:24:18.695,-0.053,0.375,0.039
2569-08-21 12:24:18.695,-0.053,0.375,0.039
2569-08-21 12:24:18.697,-0.053,0.375,0.039
2569-08-21 12:24:18.697,-0.053,0.375,0.039
2569-08-21 12:24:18.697,-0.053,0.375,0.039
2569-08-21 12:24:18.700,-0.053,0.375,0.039
2569-08-21 12:24:18.700,-0.053,0.375,0.039
2569-08-21 12:24:18.703,-0.053,0.375,0.039
2569-08-21 12:24:18.703,-0.053,0.375,0.039
2569-08-21 12:24:18.704,-0.053,0.375,0.039
2569-08-21 12:24:18.704,-0.053,0.375,0.039
2569-08-21 12:24:18.719,-0.053,0.375,0.039
2569-08-21 12:24:18.719,-0.053,0.375,0.039
2569-08-21 12:24:18.722,-0.053,0.375,0.039
2569-08-21 12:24:18.723,-0.053,0.375,0.039
2569-08-21 12:24:18.723,-0.053,0.375,0.039
2569-08-21 12:24:18.725,-0.053,0.375,0.039
2569-08-21 12:24:18.725,-0.053,0.375,0.039
2569-08-21 12:24:18.727,-0.053,0.375,0.039
2569-08-21 12:24:18.727,-0.053,0.375,0.039
2569-08-21 12:24:18.740,-0.053,0.375,0.039
2569-08-21 12:24:18.740,-0.053,0.375,0.039
2569-08-21 12:24:18.742,-0.053,0.375,0.039
2569-08-21 12:24:18.742,-0.053,0.375,0.039
2569-08-21 12:24:18.742,-0.053,0.375,0.039
2569-08-21 12:24:18.745,-0.053,0.375,0.039
2569-08-21 12:24:18.745,-0.053,0.375,0.039
2569-08-21 12:24:18.747,-0.053,0.375,0.039
2569-08-21 12:24:18.747,-0.053,0.375,0.039
2569-08-21 12:24:18.750,-0.053,0.375,0.039
2569-08-21 12:24:18.750,-0.053,0.375,0.039
2569-08-21 12:24:18.760,-0.053,0.375,0.039
2569-08-21 12:24:18.760,-0.053,0.375,0.039
2569-08-21 12:24:18.762,-0.053,0.375,0.039
2569-08-21 12:24:18.763,-0.053,0.375,0.039
2569-08-21 12:24:18.763,-0.053,0.375,0.039
2569-08-21 12:24:18.765,-0.053,0.375,0.039
2569-08-21 12:24:18.765,-0.053,0.375,0.039
2569-08-21 12:24:18.769,-0.053,0.375,0.039
2569-08-21 12:24:18.769,-0.053,0.375,0.039
2569-08-21 12:24:18.771,-0.053,0.375,0.039
2569-08-21 12:24:18.771,-0.053,0.375,0.039
2569-08-21 12:24:18.774,-0.053,0.375,0.039
2569-08-21 12:24:18.785,-0.053,0.375,0.039
2569-08-21 12:24:18.785,-0.053,0.375,0.039
2569-08-21 12:24:18.787,-0.053,0.375,0.039
2569-08-21 12:24:18.787,-0.053,0.375,0.039
2569-08-21 12:24:18.790,-0.053,0.375,0.039
2569-08-21 12:24:18.790,-0.053,0.375,0.039
2569-08-21 12:24:18.792,-0.053,0.375,0.039
2569-08-21 12:24:18.792,-0.053,0.375,0.039
2569-08-21 12:24:18.795,-0.053,0.375,0.039
2569-08-21 12:24:18.795,-0.053,0.375,0.039
2569-08-21 12:24:18.795,-0.053,0.375,0.039
2569-08-21 12:24:18.805,-0.053,0.375,0.039
2569-08-21 12:24:18.805,-0.053,0.375,0.039
2569-08-21 12:24:18.808,-0.053,0.375,0.039
2569-08-21 12:24:18.808,-0.053,0.375,0.039
2569-08-21 12:24:18.810,-0.053,0.375,0.039
2569-08-21 12:24:18.810,-0.053,0.375,0.039
2569-08-21 12:24:18.813,-0.053,0.375,0.039
2569-08-21 12:24:18.813,-0.053,0.375,0.039
2569-08-21 12:24:18.815,-0.053,0.375,0.039
2569-08-21 12:24:18.815,-0.053,0.375,0.039
2569-08-21 12:24:18.815,-0.053,0.375,0.039
2569-08-21 12:24:18.817,-0.053,0.375,0.039
2569-08-21 12:24:18.817,-0.053,0.375,0.039
2569-08-21 12:24:18.830,-0.053,0.375,0.039
2569-08-21 12:24:18.830,-0.053,0.375,0.039
2569-08-21 12:24:18.833,-0.053,0.375,0.039
2569-08-21 12:24:18.833,-0.053,0.375,0.039
2569-08-21 12:24:18.835,-0.053,0.375,0.039
2569-08-21 12:24:18.836,-0.053,0.375,0.039
2569-08-21 12:24:18.836,-0.053,0.375,0.039
2569-08-21 12:24:18.837,-0.053,0.375,0.039
2569-08-21 12:24:18.837,-0.053,0.375,0.039
2569-08-21 12:24:18.840,-0.053,0.375,0.039
2569-08-21 12:24:18.840,-0.053,0.375,0.039
2569-08-21 12:24:18.850,-0.053,0.375,0.039
2569-08-21 12:24:18.850,-0.053,0.375,0.039
2569-08-21 12:24:18.853,-0.053,0.375,0.039
2569-08-21 12:24:18.853,-0.05242363,0.3749989,0.039
2569-08-21 12:24:18.853,-0.05242363,0.3749989,0.039
2569-08-21 12:24:18.855,-0.05228919,0.3749984,0.039
2569-08-21 12:24:18.855,-0.05228919,0.3749984,0.039
2569-08-21 12:24:18.859,-0.05210612,0.3749974,0.039
2569-08-21 12:24:18.859,-0.05210612,0.3749974,0.039
2569-08-21 12:24:18.862,-0.05194102,0.3749964,0.039
2569-08-21 12:24:18.862,-0.05194102,0.3749964,0.039
2569-08-21 12:24:18.874,-0.05167924,0.3749944,0.039
2569-08-21 12:24:18.874,-0.05167924,0.3749944,0.039
2569-08-21 12:24:18.886,-0.05167924,0.3749944,0.039
2569-08-21 12:24:18.886,-0.05033003,0.3749772,0.039
2569-08-21 12:24:18.886,-0.05033003,0.3749772,0.039
2569-08-21 12:24:18.895,-0.05033003,0.3749772,0.039
2569-08-21 12:24:18.895,-0.04956057,0.3749622,0.039
2569-08-21 12:24:18.895,-0.04956057,0.3749622,0.039
2569-08-21 12:24:18.903,-0.04879684,0.3749434,0.039
2569-08-21 12:24:18.903,-0.04879684,0.3749434,0.039
2569-08-21 12:24:18.919,-0.04783027,0.3749144,0.039
2569-08-21 12:24:18.919,-0.04783027,0.3749144,0.039
2569-08-21 12:24:18.930,-0.04783027,0.3749144,0.039
2569-08-21 12:24:18.930,-0.04609764,0.3748474,0.039
2569-08-21 12:24:18.930,-0.04609764,0.3748474,0.039
2569-08-21 12:24:18.940,-0.04609764,0.3748474,0.039
2569-08-21 12:24:18.940,-0.04484914,0.3747872,0.039
2569-08-21 12:24:18.940,-0.04484914,0.3747872,0.039
2569-08-21 12:24:18.951,-0.0435148,0.3747118,0.039
2569-08-21 12:24:18.951,-0.0435148,0.3747118,0.039
2569-08-21 12:24:18.961,-0.0435148,0.3747118,0.039
2569-08-21 12:24:18.964,-0.0421638,0.3746238,0.039
2569-08-21 12:24:18.964,-0.0421638,0.3746238,0.039
2569-08-21 12:24:18.975,-0.0421638,0.3746238,0.039
2569-08-21 12:24:18.986,-0.03978828,0.3744404,0.039
2569-08-21 12:24:18.986,-0.03978828,0.3744404,0.039
2569-08-21 12:24:18.995,-0.03978828,0.3744404,0.039
2569-08-21 12:24:18.996,-0.03647766,0.3741239,0.039
2569-08-21 12:24:18.996,-0.03647766,0.3741239,0.039
2569-08-21 12:24:19.010,-0.03448856,0.3738994,0.039
2569-08-21 12:24:19.010,-0.03448856,0.3738994,0.039
2569-08-21 12:24:19.021,-0.03448856,0.3738994,0.039
2569-08-21 12:24:19.030,-0.03170914,0.3735424,0.039
2569-08-21 12:24:19.030,-0.03170914,0.3735424,0.039
2569-08-21 12:24:19.041,-0.03170914,0.3735424,0.039
2569-08-21 12:24:19.041,-0.02772946,0.3729424,0.039
2569-08-21 12:24:19.041,-0.02772946,0.3729424,0.039
2569-08-21 12:24:19.055,-0.02517531,0.3725017,0.039
2569-08-21 12:24:19.055,-0.02517531,0.3725017,0.039
2569-08-21 12:24:19.067,-0.02517531,0.3725017,0.039
2569-08-21 12:24:19.075,-0.02178074,0.371848,0.039
2569-08-21 12:24:19.075,-0.02178074,0.371848,0.039
2569-08-21 12:24:19.086,-0.02178074,0.371848,0.039
2569-08-21 12:24:19.088,-0.01722448,0.3708469,0.039
2569-08-21 12:24:19.088,-0.01722448,0.3708469,0.039
2569-08-21 12:24:19.099,-0.01722448,0.3708469,0.039
2569-08-21 12:24:19.100,-0.01430298,0.370129,0.039
2569-08-21 12:24:19.100,-0.01430298,0.370129,0.039
2569-08-21 12:24:19.120,-0.0114054,0.3693574,0.039
2569-08-21 12:24:19.120,-0.0114054,0.3693574,0.039
2569-08-21 12:24:19.130,-0.0114054,0.3693574,0.039
2569-08-21 12:24:19.130,-0.00632162,0.3678575,0.039
2569-08-21 12:24:19.130,-0.00632162,0.3678575,0.039
2569-08-21 12:24:19.139,-0.00632162,0.3678575,0.039
2569-08-21 12:24:19.141,-0.003801741,0.3670434,0.039
2569-08-21 12:24:19.141,-0.003801741,0.3670434,0.039
2569-08-21 12:24:19.150,-0.001175627,0.3661439,0.039
2569-08-21 12:24:19.150,-0.001175627,0.3661439,0.039
2569-08-21 12:24:19.160,-0.001175627,0.3661439,0.039
2569-08-21 12:24:19.165,0.001708582,0.365095,0.039
2569-08-21 12:24:19.165,0.001708582,0.365095,0.039
2569-08-21 12:24:19.176,0.001708582,0.365095,0.039
2569-08-21 12:24:19.176,0.006033655,0.3633991,0.039
2569-08-21 12:24:19.176,0.006033655,0.3633991,0.039
2569-08-21 12:24:19.189,0.009486239,0.3619361,0.039
2569-08-21 12:24:19.189,0.009486239,0.3619361,0.039
2569-08-21 12:24:19.201,0.009486239,0.3619361,0.039
2569-08-21 12:24:19.211,0.01280116,0.360437,0.039
2569-08-21 12:24:19.211,0.01280116,0.360437,0.039
2569-08-21 12:24:19.222,0.01280116,0.360437,0.039
2569-08-21 12:24:19.222,0.01874815,0.3575056,0.039
2569-08-21 12:24:19.222,0.01874815,0.3575056,0.039
2569-08-21 12:24:19.231,0.02133499,0.3561291,0.039
2569-08-21 12:24:19.231,0.02133499,0.3561291,0.039
2569-08-21 12:24:19.240,0.02133499,0.3561291,0.039
2569-08-21 12:24:19.240,0.02389622,0.354703,0.039
2569-08-21 12:24:19.240,0.02389622,0.354703,0.039
2569-08-21 12:24:19.256,0.02643085,0.3532276,0.039
2569-08-21 12:24:19.256,0.02643085,0.3532276,0.039
2569-08-21 12:24:19.266,0.02643085,0.3532276,0.039
2569-08-21 12:24:19.266,0.03093791,0.3504397,0.039
2569-08-21 12:24:19.267,0.03093791,0.3504397,0.039
2569-08-21 12:24:19.278,0.03093791,0.3504397,0.039
2569-08-21 12:24:19.278,0.03399587,0.3484221,0.039
2569-08-21 12:24:19.279,0.03399587,0.3484221,0.039
2569-08-21 12:24:19.300,0.03695055,0.3463703,0.039
2569-08-21 12:24:19.300,0.03695055,0.3463703,0.039
2569-08-21 12:24:19.311,0.03695055,0.3463703,0.039
2569-08-21 12:24:19.321,0.04238651,0.3423144,0.039
2569-08-21 12:24:19.321,0.04238651,0.3423144,0.039
2569-08-21 12:24:19.331,0.04238651,0.3423144,0.039
2569-08-21 12:24:19.331,0.04723635,0.3383611,0.039
2569-08-21 12:24:19.331,0.04723635,0.3383611,0.039
2569-08-21 12:24:19.339,0.04723635,0.3383611,0.039
2569-08-21 12:24:19.345,0.04928914,0.336584,0.039
2569-08-21 12:24:19.345,0.04928914,0.336584,0.039
2569-08-21 12:24:19.355,0.04928914,0.336584,0.039
2569-08-21 12:24:19.367,0.05263354,0.3335461,0.039
2569-08-21 12:24:19.367,0.05263354,0.3335461,0.039
2569-08-21 12:24:19.376,0.05263354,0.3335461,0.039
2569-08-21 12:24:19.376,0.05742127,0.3288604,0.039
2569-08-21 12:24:19.376,0.05742127,0.3288604,0.039
2569-08-21 12:24:19.391,0.05930239,0.3269004,0.039
2569-08-21 12:24:19.391,0.05930239,0.3269004,0.039
2569-08-21 12:24:19.400,0.05930239,0.3269004,0.039
2569-08-21 12:24:19.411,0.06252354,0.3233715,0.039
2569-08-21 12:24:19.411,0.06252354,0.3233715,0.039
2569-08-21 12:24:19.423,0.06252354,0.3233715,0.039
2569-08-21 12:24:19.423,0.06688862,0.3182016,0.039
2569-08-21 12:24:19.423,0.06688862,0.3182016,0.039
2569-08-21 12:24:19.435,0.06688862,0.3182016,0.039
2569-08-21 12:24:19.436,0.06923176,0.3152178,0.039
2569-08-21 12:24:19.436,0.06923176,0.3152178,0.039
2569-08-21 12:24:19.456,0.07121535,0.3125633,0.039
2569-08-21 12:24:19.456,0.07121535,0.3125633,0.039
2569-08-21 12:24:19.468,0.07121535,0.3125633,0.039
2569-08-21 12:24:19.469,0.07488248,0.3073033,0.039
2569-08-21 12:24:19.469,0.07488248,0.3073033,0.039
2569-08-21 12:24:19.479,0.07488248,0.3073033,0.039
2569-08-21 12:24:19.479,0.07653338,0.3047657,0.039
2569-08-21 12:24:19.479,0.07653338,0.3047657,0.039
2569-08-21 12:24:19.501,0.07849464,0.3015936,0.039
2569-08-21 12:24:19.501,0.07849464,0.3015936,0.039
2569-08-21 12:24:19.512,0.07849464,0.3015936,0.039
2569-08-21 12:24:19.512,0.08160183,0.2961616,0.039
2569-08-21 12:24:19.512,0.08160183,0.2961616,0.039
2569-08-21 12:24:19.523,0.08160183,0.2961616,0.039
2569-08-21 12:24:19.523,0.08320427,0.2931306,0.039
2569-08-21 12:24:19.523,0.08320427,0.2931306,0.039
2569-08-21 12:24:19.533,0.08320427,0.2931306,0.039
2569-08-21 12:24:19.546,0.08462654,0.2902852,0.039
2569-08-21 12:24:19.546,0.08462654,0.2902852,0.039
2569-08-21 12:24:19.556,0.08462654,0.2902852,0.039
2569-08-21 12:24:19.556,0.08736025,0.2843215,0.039
2569-08-21 12:24:19.556,0.08736025,0.2843215,0.039
2569-08-21 12:24:19.566,0.08849914,0.2816032,0.039
2569-08-21 12:24:19.566,0.08849914,0.2816032,0.039
2569-08-21 12:24:19.577,0.08849914,0.2816032,0.039
2569-08-21 12:24:19.578,0.08965285,0.2786765,0.039
2569-08-21 12:24:19.578,0.08965285,0.2786765,0.039
2569-08-21 12:24:19.591,0.09087418,0.2753519,0.039
2569-08-21 12:24:19.591,0.09087418,0.2753519,0.039
2569-08-21 12:24:19.604,0.09087418,0.2753519,0.039
2569-08-21 12:24:19.611,0.09225985,0.2712301,0.039
2569-08-21 12:24:19.611,0.09225985,0.2712301,0.039
2569-08-21 12:24:19.623,0.09225985,0.2712301,0.039
2569-08-21 12:24:19.623,0.09249295,0.270493,0.039
2569-08-21 12:24:19.623,0.09249295,0.270493,0.039
2569-08-21 12:24:19.639,0.09249295,0.270493,0.039
2569-08-21 12:24:19.640,0.09249295,0.270493,0.039
2569-08-21 12:24:19.640,0.09249295,0.270493,0.039
2569-08-21 12:24:19.654,0.09249295,0.270493,0.039
2569-08-21 12:24:19.657,0.09249295,0.270493,0.039
2569-08-21 12:24:19.657,0.09249295,0.270493,0.039
2569-08-21 12:24:19.669,0.09249295,0.270493,0.039
2569-08-21 12:24:19.669,0.09249295,0.270493,0.039
2569-08-21 12:24:19.673,0.09249295,0.270493,0.039
2569-08-21 12:24:19.682,0.09249295,0.270493,0.039
2569-08-21 12:24:19.682,0.09249295,0.270493,0.039
2569-08-21 12:24:19.685,0.09249295,0.270493,0.039
2569-08-21 12:24:19.685,0.09249295,0.270493,0.039
2569-08-21 12:24:19.696,0.09249295,0.270493,0.039
2569-08-21 12:24:19.701,0.09249295,0.270493,0.039
2569-08-21 12:24:19.701,0.09249295,0.270493,0.039
2569-08-21 12:24:19.708,0.09249295,0.270493,0.039
2569-08-21 12:24:19.708,0.09249295,0.270493,0.039
2569-08-21 12:24:19.711,0.09249295,0.270493,0.039
2569-08-21 12:24:19.711,0.09249295,0.270493,0.039
2569-08-21 12:24:19.714,0.09249295,0.270493,0.039
2569-08-21 12:24:19.715,0.09249295,0.270493,0.039
2569-08-21 12:24:19.715,0.09249295,0.270493,0.039
2569-08-21 12:24:19.726,0.09249295,0.270493,0.039
2569-08-21 12:24:19.727,0.09249295,0.270493,0.039
2569-08-21 12:24:19.731,0.09249295,0.270493,0.039
2569-08-21 12:24:19.731,0.09249295,0.270493,0.039
2569-08-21 12:24:19.734,0.09249295,0.270493,0.039
2569-08-21 12:24:19.734,0.09249295,0.270493,0.039
2569-08-21 12:24:19.734,0.09249295,0.270493,0.039
2569-08-21 12:24:19.748,0.09249295,0.270493,0.039
2569-08-21 12:24:19.748,0.09249295,0.270493,0.039
2569-08-21 12:24:19.751,0.09249295,0.270493,0.039
2569-08-21 12:24:19.751,0.09249295,0.270493,0.039
2569-08-21 12:24:19.754,0.09249295,0.270493,0.039
2569-08-21 12:24:19.755,0.09249295,0.270493,0.039
2569-08-21 12:24:19.755,0.09249295,0.270493,0.039
2569-08-21 12:24:19.757,0.09249295,0.270493,0.039
2569-08-21 12:24:19.757,0.09249295,0.270493,0.039
2569-08-21 12:24:19.760,0.09249295,0.270493,0.039
2569-08-21 12:24:19.760,0.09249295,0.270493,0.039
2569-08-21 12:24:19.768,0.09249295,0.270493,0.039
2569-08-21 12:24:19.768,0.09249295,0.270493,0.039
2569-08-21 12:24:19.771,0.09249295,0.270493,0.039
2569-08-21 12:24:19.771,0.09249295,0.270493,0.039
2569-08-21 12:24:19.775,0.09249295,0.270493,0.039
2569-08-21 12:24:19.775,0.09249295,0.270493,0.039
2569-08-21 12:24:19.775,0.09249295,0.270493,0.039
2569-08-21 12:24:19.779,0.09249295,0.270493,0.039
2569-08-21 12:24:19.779,0.09249295,0.270493,0.039
2569-08-21 12:24:19.792,0.09249295,0.270493,0.039
2569-08-21 12:24:19.792,0.09249295,0.270493,0.039
2569-08-21 12:24:19.796,0.09249295,0.270493,0.039
2569-08-21 12:24:19.796,0.09249295,0.270493,0.039
2569-08-21 12:24:19.796,0.09249295,0.270493,0.039
2569-08-21 12:24:19.799,0.09249295,0.270493,0.039
2569-08-21 12:24:19.799,0.09249295,0.270493,0.039
2569-08-21 12:24:19.801,0.09249295,0.270493,0.039
2569-08-21 12:24:19.801,0.09249295,0.270493,0.039
2569-08-21 12:24:19.812,0.09249295,0.270493,0.039
2569-08-21 12:24:19.812,0.09249295,0.270493,0.039
2569-08-21 12:24:19.816,0.09249295,0.270493,0.039
2569-08-21 12:24:19.816,0.09249295,0.270493,0.039
2569-08-21 12:24:19.816,0.09249295,0.270493,0.039
2569-08-21 12:24:19.819,0.09249295,0.270493,0.039
2569-08-21 12:24:19.819,0.09249295,0.270493,0.039
2569-08-21 12:24:19.823,0.09249295,0.270493,0.039
2569-08-21 12:24:19.823,0.09249295,0.270493,0.039
2569-08-21 12:24:19.837,0.09249295,0.270493,0.039
2569-08-21 12:24:19.837,0.09249295,0.270493,0.039
2569-08-21 12:24:19.840,0.09249295,0.270493,0.039
2569-08-21 12:24:19.840,0.09249295,0.270493,0.039
2569-08-21 12:24:19.840,0.09249295,0.270493,0.039
2569-08-21 12:24:19.844,0.09249295,0.270493,0.039
2569-08-21 12:24:19.844,0.09249295,0.270493,0.039
2569-08-21 12:24:19.847,0.09249295,0.270493,0.039
2569-08-21 12:24:19.847,0.09249295,0.270493,0.039
2569-08-21 12:24:19.858,0.09249295,0.270493,0.039
2569-08-21 12:24:19.858,0.09249295,0.270493,0.039
2569-08-21 12:24:19.861,0.09249295,0.270493,0.039
2569-08-21 12:24:19.861,0.09249295,0.270493,0.039
2569-08-21 12:24:19.862,0.09249295,0.270493,0.039
2569-08-21 12:24:19.864,0.09249295,0.270493,0.039
2569-08-21 12:24:19.864,0.09249295,0.270493,0.039
2569-08-21 12:24:19.868,0.09249295,0.270493,0.039
2569-08-21 12:24:19.868,0.09249295,0.270493,0.039
2569-08-21 12:24:19.882,0.09249295,0.270493,0.039
2569-08-21 12:24:19.883,0.09249295,0.270493,0.039
2569-08-21 12:24:19.885,0.09249295,0.270493,0.039
2569-08-21 12:24:19.885,0.09249295,0.270493,0.039
2569-08-21 12:24:19.885,0.09249295,0.270493,0.039
2569-08-21 12:24:19.891,0.09249295,0.270493,0.039
2569-08-21 12:24:19.891,0.09249295,0.270493,0.039
2569-08-21 12:24:19.894,0.09249295,0.270493,0.039
2569-08-21 12:24:19.894,0.09249295,0.270493,0.039
2569-08-21 12:24:19.894,0.09249295,0.270493,0.039
2569-08-21 12:24:19.903,0.09249295,0.270493,0.039
2569-08-21 12:24:19.903,0.09249295,0.270493,0.039
2569-08-21 12:24:19.905,0.09249295,0.270493,0.039
2569-08-21 12:24:19.905,0.09249295,0.270493,0.039
2569-08-21 12:24:19.909,0.09249295,0.270493,0.039
2569-08-21 12:24:19.909,0.09249295,0.270493,0.039
2569-08-21 12:24:19.910,0.09249295,0.270493,0.039
2569-08-21 12:24:19.911,0.09249295,0.270493,0.039
2569-08-21 12:24:19.913,0.09249295,0.270493,0.039
2569-08-21 12:24:19.914,0.09249295,0.270493,0.039
2569-08-21 12:24:19.914,0.09249295,0.270493,0.039
2569-08-21 12:24:19.928,0.09249295,0.270493,0.039
2569-08-21 12:24:19.928,0.09249295,0.270493,0.039
2569-08-21 12:24:19.930,0.09249295,0.270493,0.039
2569-08-21 12:24:19.930,0.09249295,0.270493,0.039
2569-08-21 12:24:19.932,0.09249295,0.270493,0.039
2569-08-21 12:24:19.932,0.09249295,0.270493,0.039
2569-08-21 12:24:19.935,0.09249295,0.270493,0.039
2569-08-21 12:24:19.936,0.09249295,0.270493,0.039
2569-08-21 12:24:19.936,0.09249295,0.270493,0.039
2569-08-21 12:24:19.937,0.09249295,0.270493,0.039
2569-08-21 12:24:19.937,0.09249295,0.270493,0.039
2569-08-21 12:24:19.948,0.09249295,0.270493,0.039
2569-08-21 12:24:19.948,0.09249295,0.270493,0.039
2569-08-21 12:24:19.951,0.09249295,0.270493,0.039
2569-08-21 12:24:19.951,0.09249295,0.270493,0.039
2569-08-21 12:24:19.953,0.09249295,0.270493,0.039
2569-08-21 12:24:19.954,0.09249295,0.270493,0.039
2569-08-21 12:24:19.954,0.09249295,0.270493,0.039
2569-08-21 12:24:19.955,0.09249295,0.270493,0.039
2569-08-21 12:24:19.955,0.09249295,0.270493,0.039
2569-08-21 12:24:19.958,0.09249295,0.270493,0.039
2569-08-21 12:24:19.958,0.09249295,0.270493,0.039
2569-08-21 12:24:19.960,0.09249295,0.270493,0.039
2569-08-21 12:24:19.960,0.09249295,0.270493,0.039
2569-08-21 12:24:19.973,0.09249295,0.270493,0.039
2569-08-21 12:24:19.973,0.09249295,0.270493,0.039
2569-08-21 12:24:19.975,0.09249295,0.270493,0.039
2569-08-21 12:24:19.975,0.09249295,0.270493,0.039
2569-08-21 12:24:19.975,0.09249295,0.270493,0.039
2569-08-21 12:24:19.977,0.09249295,0.270493,0.039
2569-08-21 12:24:19.977,0.09249295,0.270493,0.039
2569-08-21 12:24:19.980,0.09249295,0.270493,0.039
2569-08-21 12:24:19.980,0.09249295,0.270493,0.039
2569-08-21 12:24:19.993,0.09249295,0.270493,0.039
2569-08-21 12:24:19.993,0.09249295,0.270493,0.039
2569-08-21 12:24:19.996,0.09249295,0.270493,0.039
2569-08-21 12:24:19.997,0.09249295,0.270493,0.039
2569-08-21 12:24:19.997,0.09249295,0.270493,0.039
2569-08-21 12:24:20.000,0.09249295,0.270493,0.039
2569-08-21 12:24:20.000,0.09249295,0.270493,0.039
2569-08-21 12:24:20.004,0.09249295,0.270493,0.039
2569-08-21 12:24:20.004,0.09249295,0.270493,0.039
2569-08-21 12:24:20.017,0.09249295,0.270493,0.039
2569-08-21 12:24:20.017,0.09249295,0.270493,0.039
2569-08-21 12:24:20.021,0.09249295,0.270493,0.039
2569-08-21 12:24:20.021,0.09249295,0.270493,0.039
2569-08-21 12:24:20.021,0.09249295,0.270493,0.039
2569-08-21 12:24:20.026,0.09249295,0.270493,0.039
2569-08-21 12:24:20.026,0.09249295,0.270493,0.039
2569-08-21 12:24:20.037,0.09249295,0.270493,0.039
2569-08-21 12:24:20.037,0.09249295,0.270493,0.039
2569-08-21 12:24:20.042,0.09249295,0.270493,0.039
2569-08-21 12:24:20.042,0.09249295,0.270493,0.039
2569-08-21 12:24:20.042,0.09249295,0.270493,0.039
2569-08-21 12:24:20.045,0.09249295,0.270493,0.039
2569-08-21 12:24:20.045,0.09249295,0.270493,0.039
2569-08-21 12:24:20.047,0.09249295,0.270493,0.039
2569-08-21 12:24:20.047,0.09249295,0.270493,0.039
2569-08-21 12:24:20.063,0.09249295,0.270493,0.039
2569-08-21 12:24:20.063,0.09249295,0.270493,0.039
2569-08-21 12:24:20.066,0.09249295,0.270493,0.039
2569-08-21 12:24:20.066,0.09249295,0.270493,0.039
2569-08-21 12:24:20.066,0.09249295,0.270493,0.039
2569-08-21 12:24:20.070,0.09249295,0.270493,0.039
2569-08-21 12:24:20.070,0.09249295,0.270493,0.039
2569-08-21 12:24:20.083,0.09249295,0.270493,0.039
2569-08-21 12:24:20.083,0.09249295,0.270493,0.039
2569-08-21 12:24:20.086,0.09249295,0.270493,0.039
2569-08-21 12:24:20.086,0.09249295,0.270493,0.039
2569-08-21 12:24:20.086,0.09249295,0.270493,0.039
2569-08-21 12:24:20.089,0.09249295,0.270493,0.039
2569-08-21 12:24:20.089,0.09249295,0.270493,0.039
2569-08-21 12:24:20.092,0.09249295,0.270493,0.039
2569-08-21 12:24:20.092,0.09249295,0.270493,0.039
2569-08-21 12:24:20.094,0.09249295,0.270493,0.039
2569-08-21 12:24:20.094,0.09249295,0.270493,0.039
2569-08-21 12:24:20.094,0.09249295,0.270493,0.039
2569-08-21 12:24:20.104,0.09249295,0.270493,0.039
2569-08-21 12:24:20.104,0.09249295,0.270493,0.039
2569-08-21 12:24:20.107,0.09249295,0.270493,0.039
2569-08-21 12:24:20.107,0.09249295,0.270493,0.039
2569-08-21 12:24:20.110,0.09249295,0.270493,0.039
2569-08-21 12:24:20.110,0.09249295,0.270493,0.039
2569-08-21 12:24:20.114,0.09249295,0.270493,0.039
2569-08-21 12:24:20.114,0.09249295,0.270493,0.039
2569-08-21 12:24:20.114,0.09249295,0.270493,0.039
2569-08-21 12:24:20.128,0.09249295,0.270493,0.039
2569-08-21 12:24:20.128,0.09249295,0.270493,0.039
2569-08-21 12:24:20.132,0.09249295,0.270493,0.039
2569-08-21 12:24:20.132,0.09249295,0.270493,0.039
2569-08-21 12:24:20.134,0.09249295,0.270493,0.039
2569-08-21 12:24:20.134,0.09249295,0.270493,0.039
2569-08-21 12:24:20.134,0.09249295,0.270493,0.039
2569-08-21 12:24:20.138,0.09249295,0.270493,0.039
2569-08-21 12:24:20.138,0.09249295,0.270493,0.039
2569-08-21 12:24:20.149,0.09249295,0.270493,0.039
2569-08-21 12:24:20.149,0.09249295,0.270493,0.039
2569-08-21 12:24:20.151,0.09249295,0.270493,0.039
2569-08-21 12:24:20.151,0.09249295,0.270493,0.039
2569-08-21 12:24:20.154,0.09249295,0.270493,0.039
2569-08-21 12:24:20.154,0.09249295,0.270493,0.039
2569-08-21 12:24:20.154,0.09249295,0.270493,0.039
2569-08-21 12:24:20.157,0.09249295,0.270493,0.039
2569-08-21 12:24:20.157,0.09249295,0.270493,0.039
2569-08-21 12:24:20.161,0.09249295,0.270493,0.039
2569-08-21 12:24:20.161,0.09249295,0.270493,0.039
2569-08-21 12:24:20.173,0.09249295,0.270493,0.039
2569-08-21 12:24:20.173,0.09249295,0.270493,0.039
2569-08-21 12:24:20.177,0.09249295,0.270493,0.039
2569-08-21 12:24:20.177,0.09249295,0.270493,0.039
2569-08-21 12:24:20.177,0.09249295,0.270493,0.039
2569-08-21 12:24:20.180,0.09249295,0.270493,0.039
2569-08-21 12:24:20.180,0.09249295,0.270493,0.039
2569-08-21 12:24:20.184,0.09249295,0.270493,0.039
2569-08-21 12:24:20.184,0.09249295,0.270493,0.039
2569-08-21 12:24:20.194,0.09249295,0.270493,0.039
2569-08-21 12:24:20.194,0.09249295,0.270493,0.039
2569-08-21 12:24:20.197,0.09249295,0.270493,0.039
2569-08-21 12:24:20.197,0.09249295,0.270493,0.039
2569-08-21 12:24:20.197,0.09249295,0.270493,0.039
2569-08-21 12:24:20.200,0.09249295,0.270493,0.039
2569-08-21 12:24:20.200,0.09249295,0.270493,0.039
2569-08-21 12:24:20.202,0.09249295,0.270493,0.039
2569-08-21 12:24:20.202,0.09249295,0.270493,0.039
2569-08-21 12:24:20.205,0.09249295,0.270493,0.039
2569-08-21 12:24:20.205,0.09249295,0.270493,0.039
2569-08-21 12:24:20.218,0.09249295,0.270493,0.039
2569-08-21 12:24:20.218,0.09249295,0.270493,0.039
2569-08-21 12:24:20.221,0.09249295,0.270493,0.039
2569-08-21 12:24:20.222,0.09249295,0.270493,0.039
2569-08-21 12:24:20.222,0.09249295,0.270493,0.039
2569-08-21 12:24:20.224,0.09249295,0.270493,0.039
2569-08-21 12:24:20.224,0.09249295,0.270493,0.039
2569-08-21 12:24:20.227,0.09249295,0.270493,0.039
2569-08-21 12:24:20.227,0.09249295,0.270493,0.039
2569-08-21 12:24:20.229,0.09249295,0.270493,0.039
2569-08-21 12:24:20.229,0.09249295,0.270493,0.039
2569-08-21 12:24:20.239,0.09249295,0.270493,0.039
2569-08-21 12:24:20.239,0.09249295,0.270493,0.039
2569-08-21 12:24:20.242,0.09249295,0.270493,0.039
2569-08-21 12:24:20.242,0.09249295,0.270493,0.039
2569-08-21 12:24:20.242,0.09249295,0.270493,0.039
2569-08-21 12:24:20.244,0.09249295,0.270493,0.039
2569-08-21 12:24:20.244,0.09249295,0.270493,0.039
2569-08-21 12:24:20.247,0.09249295,0.270493,0.039
2569-08-21 12:24:20.247,0.09249295,0.270493,0.039
2569-08-21 12:24:20.249,0.09249295,0.270493,0.039
2569-08-21 12:24:20.249,0.09249295,0.270493,0.039
2569-08-21 12:24:20.263,0.09249295,0.270493,0.039
2569-08-21 12:24:20.263,0.09249295,0.270493,0.039
2569-08-21 12:24:20.266,0.09249295,0.270493,0.039
2569-08-21 12:24:20.267,0.09249295,0.270493,0.039
2569-08-21 12:24:20.267,0.09249295,0.270493,0.039
2569-08-21 12:24:20.269,0.09249295,0.270493,0.039
2569-08-21 12:24:20.269,0.09249295,0.270493,0.039
2569-08-21 12:24:20.271,0.09249295,0.270493,0.039
2569-08-21 12:24:20.271,0.09249295,0.270493,0.039
2569-08-21 12:24:20.274,0.09249295,0.270493,0.039
2569-08-21 12:24:20.274,0.09249295,0.270493,0.039
2569-08-21 12:24:20.274,0.09249295,0.270493,0.039
2569-08-21 12:24:20.284,0.09249295,0.270493,0.039
2569-08-21 12:24:20.284,0.09249295,0.270493,0.039
2569-08-21 12:24:20.287,0.09249295,0.270493,0.039
2569-08-21 12:24:20.287,0.09249295,0.270493,0.039
2569-08-21 12:24:20.289,0.09249295,0.270493,0.039
2569-08-21 12:24:20.289,0.09249295,0.270493,0.039
2569-08-21 12:24:20.292,0.09249295,0.270493,0.039
2569-08-21 12:24:20.292,0.09249295,0.270493,0.039
2569-08-21 12:24:20.295,0.09249295,0.270493,0.039
2569-08-21 12:24:20.296,0.09249295,0.270493,0.039
2569-08-21 12:24:20.296,0.09249295,0.270493,0.039
2569-08-21 12:24:20.309,0.09249295,0.270493,0.039
2569-08-21 12:24:20.309,0.09249295,0.270493,0.039
2569-08-21 12:24:20.311,0.09249295,0.270493,0.039
2569-08-21 12:24:20.311,0.09249295,0.270493,0.039
2569-08-21 12:24:20.314,0.09249295,0.270493,0.039
2569-08-21 12:24:20.314,0.09249295,0.270493,0.039
2569-08-21 12:24:20.314,0.09249295,0.270493,0.039
2569-08-21 12:24:20.316,0.09249295,0.270493,0.039
2569-08-21 12:24:20.316,0.09249295,0.270493,0.039
2569-08-21 12:24:20.329,0.09249295,0.270493,0.039
2569-08-21 12:24:20.329,0.09249295,0.270493,0.039
2569-08-21 12:24:20.331,0.09249295,0.270493,0.039
2569-08-21 12:24:20.331,0.09249295,0.270493,0.039
2569-08-21 12:24:20.333,0.09249295,0.270493,0.039
2569-08-21 12:24:20.333,0.09249295,0.270493,0.039
2569-08-21 12:24:20.333,0.09249295,0.270493,0.039
2569-08-21 12:24:20.336,0.09249295,0.270493,0.039
2569-08-21 12:24:20.336,0.09249295,0.270493,0.039
2569-08-21 12:24:20.339,0.09249295,0.270493,0.039
2569-08-21 12:24:20.339,0.09249295,0.270493,0.039
2569-08-21 12:24:20.349,0.09249295,0.270493,0.039
2569-08-21 12:24:20.349,0.09249295,0.270493,0.039
2569-08-21 12:24:20.352,0.09249295,0.270493,0.039
2569-08-21 12:24:20.352,0.09249295,0.270493,0.039
2569-08-21 12:24:20.354,0.09249295,0.270493,0.039
2569-08-21 12:24:20.354,0.09249295,0.270493,0.039
2569-08-21 12:24:20.354,0.09249295,0.270493,0.039
2569-08-21 12:24:20.357,0.09249295,0.270493,0.039
2569-08-21 12:24:20.357,0.09249295,0.270493,0.039
2569-08-21 12:24:20.359,0.09249295,0.270493,0.039
2569-08-21 12:24:20.359,0.09249295,0.270493,0.039
2569-08-21 12:24:20.374,0.09249295,0.270493,0.039
2569-08-21 12:24:20.374,0.09249295,0.270493,0.039
2569-08-21 12:24:20.378,0.09249295,0.270493,0.039
2569-08-21 12:24:20.378,0.09249295,0.270493,0.039
2569-08-21 12:24:20.378,0.09249295,0.270493,0.039
2569-08-21 12:24:20.381,0.09249295,0.270493,0.039
2569-08-21 12:24:20.381,0.09249295,0.270493,0.039
2569-08-21 12:24:20.384,0.09249295,0.270493,0.039
2569-08-21 12:24:20.384,0.09249295,0.270493,0.039
2569-08-21 12:24:20.386,0.09249295,0.270493,0.039
2569-08-21 12:24:20.386,0.09249295,0.270493,0.039
2569-08-21 12:24:20.394,0.09249295,0.270493,0.039
2569-08-21 12:24:20.394,0.09249295,0.270493,0.039
2569-08-21 12:24:20.397,0.09249295,0.270493,0.039
2569-08-21 12:24:20.397,0.09249295,0.270493,0.039
2569-08-21 12:24:20.397,0.09249295,0.270493,0.039
2569-08-21 12:24:20.400,0.09249295,0.270493,0.039
2569-08-21 12:24:20.400,0.09249295,0.270493,0.039
2569-08-21 12:24:20.402,0.09249295,0.270493,0.039
2569-08-21 12:24:20.402,0.09249295,0.270493,0.039
2569-08-21 12:24:20.404,0.09249295,0.270493,0.039
2569-08-21 12:24:20.404,0.09249295,0.270493,0.039
2569-08-21 12:24:20.407,0.09249295,0.270493,0.039
2569-08-21 12:24:20.407,0.09249295,0.270493,0.039
2569-08-21 12:24:20.419,0.09249295,0.270493,0.039
2569-08-21 12:24:20.419,0.09249295,0.270493,0.039
2569-08-21 12:24:20.421,0.09249295,0.270493,0.039
2569-08-21 12:24:20.421,0.09249295,0.270493,0.039
2569-08-21 12:24:20.421,0.09249295,0.270493,0.039
2569-08-21 12:24:20.424,0.09249295,0.270493,0.039
2569-08-21 12:24:20.424,0.09249295,0.270493,0.039
2569-08-21 12:24:20.427,0.09249295,0.270493,0.039
2569-08-21 12:24:20.427,0.09249295,0.270493,0.039
2569-08-21 12:24:20.429,0.09249295,0.270493,0.039
2569-08-21 12:24:20.429,0.09249295,0.270493,0.039
2569-08-21 12:24:20.439,0.09249295,0.270493,0.039
2569-08-21 12:24:20.439,0.09249295,0.270493,0.039
2569-08-21 12:24:20.442,0.09249295,0.270493,0.039
2569-08-21 12:24:20.442,0.09249295,0.270493,0.039
2569-08-21 12:24:20.442,0.09249295,0.270493,0.039
2569-08-21 12:24:20.445,0.09249295,0.270493,0.039
2569-08-21 12:24:20.445,0.09249295,0.270493,0.039
2569-08-21 12:24:20.447,0.09249295,0.270493,0.039
2569-08-21 12:24:20.447,0.09249295,0.270493,0.039
2569-08-21 12:24:20.450,0.09249295,0.270493,0.039
2569-08-21 12:24:20.450,0.09249295,0.270493,0.039
2569-08-21 12:24:20.464,0.09249295,0.270493,0.039
2569-08-21 12:24:20.464,0.09249295,0.270493,0.039
2569-08-21 12:24:20.466,0.09249295,0.270493,0.039
2569-08-21 12:24:20.466,0.09249295,0.270493,0.039
2569-08-21 12:24:20.466,0.09249295,0.270493,0.039
2569-08-21 12:24:20.470,0.09249295,0.270493,0.039
2569-08-21 12:24:20.470,0.09249295,0.270493,0.039
2569-08-21 12:24:20.472,0.09249295,0.270493,0.039
2569-08-21 12:24:20.472,0.09249295,0.270493,0.039
2569-08-21 12:24:20.473,0.09249295,0.270493,0.039
2569-08-21 12:24:20.473,0.09249295,0.270493,0.039
2569-08-21 12:24:20.473,0.09249295,0.270493,0.039
2569-08-21 12:24:20.485,0.09249295,0.270493,0.039
2569-08-21 12:24:20.485,0.09249295,0.270493,0.039
2569-08-21 12:24:20.487,0.09249295,0.270493,0.039
2569-08-21 12:24:20.487,0.09249295,0.270493,0.039
2569-08-21 12:24:20.490,0.09249295,0.270493,0.039
2569-08-21 12:24:20.490,0.09249295,0.270493,0.039
2569-08-21 12:24:20.493,0.09249295,0.270493,0.039
2569-08-21 12:24:20.493,0.09249295,0.270493,0.039
2569-08-21 12:24:20.495,0.09249295,0.270493,0.039
2569-08-21 12:24:20.495,0.09249295,0.270493,0.039
2569-08-21 12:24:20.495,0.09249295,0.270493,0.039
2569-08-21 12:24:20.509,0.09249295,0.270493,0.039
2569-08-21 12:24:20.509,0.09249295,0.270493,0.039
2569-08-21 12:24:20.512,0.09249295,0.270493,0.039
2569-08-21 12:24:20.512,0.09249295,0.270493,0.039
2569-08-21 12:24:20.514,0.09249295,0.270493,0.039
2569-08-21 12:24:20.514,0.09249295,0.270493,0.039
2569-08-21 12:24:20.514,0.09249295,0.270493,0.039
2569-08-21 12:24:20.517,0.09249295,0.270493,0.039
2569-08-21 12:24:20.517,0.09249295,0.270493,0.039
2569-08-21 12:24:20.530,0.09249295,0.270493,0.039
2569-08-21 12:24:20.530,0.09249295,0.270493,0.039
2569-08-21 12:24:20.532,0.09249295,0.270493,0.039
2569-08-21 12:24:20.532,0.09249295,0.270493,0.039
2569-08-21 12:24:20.535,0.09249295,0.270493,0.039
2569-08-21 12:24:20.535,0.09249295,0.270493,0.039
2569-08-21 12:24:20.535,0.09249295,0.270493,0.039
2569-08-21 12:24:20.537,0.09249295,0.270493,0.039
2569-08-21 12:24:20.538,0.09249295,0.270493,0.039
2569-08-21 12:24:20.540,0.09249295,0.270493,0.039
2569-08-21 12:24:20.540,0.09249295,0.270493,0.039
2569-08-21 12:24:20.549,0.09249295,0.270493,0.039
2569-08-21 12:24:20.549,0.09249295,0.270493,0.039
2569-08-21 12:24:20.553,0.09249295,0.270493,0.039
2569-08-21 12:24:20.553,0.09249295,0.270493,0.039
2569-08-21 12:24:20.555,0.09249295,0.270493,0.039
2569-08-21 12:24:20.555,0.09249295,0.270493,0.039
2569-08-21 12:24:20.555,0.09249295,0.270493,0.039
2569-08-21 12:24:20.557,0.09249295,0.270493,0.039
2569-08-21 12:24:20.557,0.09249295,0.270493,0.039
2569-08-21 12:24:20.560,0.09249295,0.270493,0.039
2569-08-21 12:24:20.560,0.09249295,0.270493,0.039
2569-08-21 12:24:20.575,0.09249295,0.270493,0.039
2569-08-21 12:24:20.575,0.09249295,0.270493,0.039
2569-08-21 12:24:20.577,0.09249295,0.270493,0.039
2569-08-21 12:24:20.577,0.09249295,0.270493,0.039
2569-08-21 12:24:20.577,0.09249295,0.270493,0.039
2569-08-21 12:24:20.581,0.09249295,0.270493,0.039
2569-08-21 12:24:20.581,0.09249295,0.270493,0.039
2569-08-21 12:24:20.583,0.09249295,0.270493,0.039
2569-08-21 12:24:20.583,0.09249295,0.270493,0.039
2569-08-21 12:24:20.585,0.09249295,0.270493,0.039
2569-08-21 12:24:20.586,0.09249295,0.270493,0.039
2569-08-21 12:24:20.595,0.09249295,0.270493,0.039
2569-08-21 12:24:20.595,0.09249295,0.270493,0.039
2569-08-21 12:24:20.598,0.09249295,0.270493,0.039
2569-08-21 12:24:20.598,0.09249295,0.270493,0.039
2569-08-21 12:24:20.598,0.09249295,0.270493,0.039
2569-08-21 12:24:20.601,0.09249295,0.270493,0.039
2569-08-21 12:24:20.601,0.09249295,0.270493,0.039
2569-08-21 12:24:20.603,0.09249295,0.270493,0.039
2569-08-21 12:24:20.603,0.09249295,0.270493,0.039
2569-08-21 12:24:20.605,0.09249295,0.270493,0.039
2569-08-21 12:24:20.605,0.09249295,0.270493,0.039
2569-08-21 12:24:20.620,0.09249295,0.270493,0.039
2569-08-21 12:24:20.620,0.09249295,0.270493,0.039
2569-08-21 12:24:20.623,0.09249295,0.270493,0.039
2569-08-21 12:24:20.623,0.09249295,0.270493,0.039
2569-08-21 12:24:20.623,0.09249295,0.270493,0.039
2569-08-21 12:24:20.624,0.09249295,0.270493,0.039
2569-08-21 12:24:20.624,0.09249295,0.270493,0.039
2569-08-21 12:24:20.628,0.09249295,0.270493,0.039
2569-08-21 12:24:20.628,0.09249295,0.270493,0.039
2569-08-21 12:24:20.630,0.09249295,0.270493,0.039
2569-08-21 12:24:20.630,0.09249295,0.270493,0.039
2569-08-21 12:24:20.640,0.09249295,0.270493,0.039
2569-08-21 12:24:20.640,0.09249295,0.270493,0.039
2569-08-21 12:24:20.644,0.09249295,0.270493,0.039
2569-08-21 12:24:20.644,0.09249295,0.270493,0.039
2569-08-21 12:24:20.644,0.09249295,0.270493,0.039
2569-08-21 12:24:20.646,0.09249295,0.270493,0.039
2569-08-21 12:24:20.646,0.09249295,0.270493,0.039
2569-08-21 12:24:20.648,0.09249295,0.270493,0.039
2569-08-21 12:24:20.648,0.09249295,0.270493,0.039
2569-08-21 12:24:20.650,0.09249295,0.270493,0.039
2569-08-21 12:24:20.651,0.09249295,0.270493,0.039
2569-08-21 12:24:20.653,0.09249295,0.270493,0.039
2569-08-21 12:24:20.665,0.09249295,0.270493,0.039
2569-08-21 12:24:20.665,0.09249295,0.270493,0.039
2569-08-21 12:24:20.667,0.09249295,0.270493,0.039
2569-08-21 12:24:20.668,0.09249295,0.270493,0.039
2569-08-21 12:24:20.670,0.09249295,0.270493,0.039
2569-08-21 12:24:20.670,0.09249295,0.270493,0.039
2569-08-21 12:24:20.672,0.09249295,0.270493,0.039
2569-08-21 12:24:20.672,0.09249295,0.270493,0.039
2569-08-21 12:24:20.674,0.09249295,0.270493,0.039
2569-08-21 12:24:20.675,0.09249295,0.270493,0.039
2569-08-21 12:24:20.675,0.09249295,0.270493,0.039
2569-08-21 12:24:20.685,0.09249295,0.270493,0.039
2569-08-21 12:24:20.685,0.09249295,0.270493,0.039
2569-08-21 12:24:20.688,0.09249295,0.270493,0.039
2569-08-21 12:24:20.688,0.09249295,0.270493,0.039
2569-08-21 12:24:20.690,0.09249295,0.270493,0.039
2569-08-21 12:24:20.690,0.09249295,0.270493,0.039
2569-08-21 12:24:20.693,0.09249295,0.270493,0.039
2569-08-21 12:24:20.693,0.09249295,0.270493,0.039
2569-08-21 12:24:20.695,0.09249295,0.270493,0.039
2569-08-21 12:24:20.695,0.09249295,0.270493,0.039
2569-08-21 12:24:20.695,0.09249295,0.270493,0.039
2569-08-21 12:24:20.709,0.09249295,0.270493,0.039
2569-08-21 12:24:20.709,0.09249295,0.270493,0.039
2569-08-21 12:24:20.713,0.09249295,0.270493,0.039
2569-08-21 12:24:20.713,0.09249295,0.270493,0.039
2569-08-21 12:24:20.713,0.09249295,0.270493,0.039
2569-08-21 12:24:20.717,0.09249295,0.270493,0.039
2569-08-21 12:24:20.717,0.09249295,0.270493,0.039
2569-08-21 12:24:20.720,0.09249295,0.270493,0.039
2569-08-21 12:24:20.720,0.09249295,0.270493,0.039
2569-08-21 12:24:20.731,0.09249295,0.270493,0.039
2569-08-21 12:24:20.731,0.09249295,0.270493,0.039
2569-08-21 12:24:20.733,0.09249295,0.270493,0.039
2569-08-21 12:24:20.733,0.09249295,0.270493,0.039
2569-08-21 12:24:20.733,0.09249295,0.270493,0.039
2569-08-21 12:24:20.735,0.09249295,0.270493,0.039
2569-08-21 12:24:20.736,0.09249295,0.270493,0.039
2569-08-21 12:24:20.737,0.09249295,0.270493,0.039
2569-08-21 12:24:20.737,0.09249295,0.270493,0.039
2569-08-21 12:24:20.741,0.09249295,0.270493,0.039
2569-08-21 12:24:20.741,0.09249295,0.270493,0.039
2569-08-21 12:24:20.754,0.09249295,0.270493,0.039
2569-08-21 12:24:20.754,0.09249295,0.270493,0.039
2569-08-21 12:24:20.756,0.09249295,0.270493,0.039
2569-08-21 12:24:20.758,0.09249295,0.270493,0.039
2569-08-21 12:24:20.758,0.09249295,0.270493,0.039
2569-08-21 12:24:20.760,0.09249295,0.270493,0.039
2569-08-21 12:24:20.760,0.09249295,0.270493,0.039
2569-08-21 12:24:20.763,0.09249295,0.270493,0.039
2569-08-21 12:24:20.763,0.09249295,0.270493,0.039
2569-08-21 12:24:20.775,0.09249295,0.270493,0.039
2569-08-21 12:24:20.775,0.09249295,0.270493,0.039
2569-08-21 12:24:20.779,0.09249295,0.270493,0.039
2569-08-21 12:24:20.779,0.09249295,0.270493,0.039
2569-08-21 12:24:20.779,0.09249295,0.270493,0.039
2569-08-21 12:24:20.780,0.09249295,0.270493,0.039
2569-08-21 12:24:20.780,0.09249295,0.270493,0.039
2569-08-21 12:24:20.784,0.09249295,0.270493,0.039
2569-08-21 12:24:20.784,0.09249295,0.270493,0.039
2569-08-21 12:24:20.785,0.09249295,0.270493,0.039
2569-08-21 12:24:20.785,0.09249295,0.270493,0.039
2569-08-21 12:24:20.795,0.09249295,0.270493,0.039
2569-08-21 12:24:20.795,0.09249295,0.270493,0.039
2569-08-21 12:24:20.799,0.09249295,0.270493,0.039
2569-08-21 12:24:20.799,0.09249295,0.270493,0.039
2569-08-21 12:24:20.799,0.09249295,0.270493,0.039
2569-08-21 12:24:20.802,0.09249295,0.270493,0.039
2569-08-21 12:24:20.802,0.09249295,0.270493,0.039
2569-08-21 12:24:20.804,0.09249295,0.270493,0.039
2569-08-21 12:24:20.804,0.09249295,0.270493,0.039
2569-08-21 12:24:20.806,0.09249295,0.270493,0.039
2569-08-21 12:24:20.806,0.09249295,0.270493,0.039
2569-08-21 12:24:20.820,0.09249295,0.270493,0.039
2569-08-21 12:24:20.820,0.09249295,0.270493,0.039
2569-08-21 12:24:20.823,0.09249295,0.270493,0.039
2569-08-21 12:24:20.823,0.09249295,0.270493,0.039
2569-08-21 12:24:20.823,0.09249295,0.270493,0.039
2569-08-21 12:24:20.826,0.09249295,0.270493,0.039
2569-08-21 12:24:20.826,0.09249295,0.270493,0.039
2569-08-21 12:24:20.829,0.09249295,0.270493,0.039
2569-08-21 12:24:20.829,0.09249295,0.270493,0.039
2569-08-21 12:24:20.830,0.09249295,0.270493,0.039
2569-08-21 12:24:20.830,0.09249295,0.270493,0.039
2569-08-21 12:24:20.841,0.09249295,0.270493,0.039
2569-08-21 12:24:20.841,0.09249295,0.270493,0.039
2569-08-21 12:24:20.844,0.09249295,0.270493,0.039
2569-08-21 12:24:20.844,0.09249295,0.270493,0.039
2569-08-21 12:24:20.844,0.09249295,0.270493,0.039
2569-08-21 12:24:20.846,0.09249295,0.270493,0.039
2569-08-21 12:24:20.846,0.09249295,0.270493,0.039
2569-08-21 12:24:20.849,0.09249295,0.270493,0.039
2569-08-21 12:24:20.849,0.09249295,0.270493,0.039
2569-08-21 12:24:20.851,0.09249295,0.270493,0.039
2569-08-21 12:24:20.851,0.09249295,0.270493,0.039
2569-08-21 12:24:20.853,0.09249295,0.270493,0.039
2569-08-21 12:24:20.865,0.09249295,0.270493,0.039
2569-08-21 12:24:20.865,0.09249295,0.270493,0.039
2569-08-21 12:24:20.869,0.09249295,0.270493,0.039
2569-08-21 12:24:20.869,0.09249295,0.270493,0.039
2569-08-21 12:24:20.871,0.09249295,0.270493,0.039
2569-08-21 12:24:20.871,0.09249295,0.270493,0.039
2569-08-21 12:24:20.873,0.09249295,0.270493,0.039
2569-08-21 12:24:20.873,0.09249295,0.270493,0.039
2569-08-21 12:24:20.873,0.09249295,0.270493,0.039
2569-08-21 12:24:20.875,0.09249295,0.270493,0.039
2569-08-21 12:24:20.875,0.09249295,0.270493,0.039
2569-08-21 12:24:20.886,0.09249295,0.270493,0.039
2569-08-21 12:24:20.886,0.09249295,0.270493,0.039
2569-08-21 12:24:20.890,0.09249295,0.270493,0.039
2569-08-21 12:24:20.890,0.09249295,0.270493,0.039
2569-08-21 12:24:20.892,0.09249295,0.270493,0.039
2569-08-21 12:24:20.892,0.09249295,0.270493,0.039
2569-08-21 12:24:20.895,0.09249295,0.270493,0.039
2569-08-21 12:24:20.895,0.09249295,0.270493,0.039
2569-08-21 12:24:20.895,0.09249295,0.270493,0.039
2569-08-21 12:24:20.897,0.09249295,0.270493,0.039
2569-08-21 12:24:20.897,0.09249295,0.270493,0.039
2569-08-21 12:24:20.910,0.09249295,0.270493,0.039
2569-08-21 12:24:20.910,0.09249295,0.270493,0.039
2569-08-21 12:24:20.913,0.09249295,0.270493,0.039
2569-08-21 12:24:20.913,0.09249295,0.270493,0.039
2569-08-21 12:24:20.913,0.09249295,0.270493,0.039
2569-08-21 12:24:20.915,0.09249295,0.270493,0.039
2569-08-21 12:24:20.915,0.09249295,0.270493,0.039
2569-08-21 12:24:20.919,0.09249295,0.270493,0.039
2569-08-21 12:24:20.919,0.09249295,0.270493,0.039
2569-08-21 12:24:20.921,0.09249295,0.270493,0.039
2569-08-21 12:24:20.921,0.09249295,0.270493,0.039
2569-08-21 12:24:20.930,0.09249295,0.270493,0.039
2569-08-21 12:24:20.930,0.09249295,0.270493,0.039
2569-08-21 12:24:20.934,0.09249295,0.270493,0.039
2569-08-21 12:24:20.934,0.09249295,0.270493,0.039
2569-08-21 12:24:20.934,0.09249295,0.270493,0.039
2569-08-21 12:24:20.936,0.09249295,0.270493,0.039
2569-08-21 12:24:20.936,0.09249295,0.270493,0.039
2569-08-21 12:24:20.939,0.09249295,0.270493,0.039
2569-08-21 12:24:20.939,0.09249295,0.270493,0.039
2569-08-21 12:24:20.941,0.09249295,0.270493,0.039
2569-08-21 12:24:20.941,0.09249295,0.270493,0.039
2569-08-21 12:24:20.943,0.09249295,0.270493,0.039
2569-08-21 12:24:20.943,0.09249295,0.270493,0.039
2569-08-21 12:24:20.956,0.09249295,0.270493,0.039
2569-08-21 12:24:20.956,0.09249295,0.270493,0.039
2569-08-21 12:24:20.959,0.09249295,0.270493,0.039
2569-08-21 12:24:20.959,0.09249295,0.270493,0.039
2569-08-21 12:24:20.959,0.09249295,0.270493,0.039
2569-08-21 12:24:20.962,0.09249295,0.270493,0.039
2569-08-21 12:24:20.962,0.09249295,0.270493,0.039
2569-08-21 12:24:20.964,0.09249295,0.270493,0.039
2569-08-21 12:24:20.964,0.09249295,0.270493,0.039
2569-08-21 12:24:20.966,0.09249295,0.270493,0.039
2569-08-21 12:24:20.966,0.09249295,0.270493,0.039
2569-08-21 12:24:20.975,0.09249295,0.270493,0.039
2569-08-21 12:24:20.976,0.09249295,0.270493,0.039
2569-08-21 12:24:20.979,0.09249295,0.270493,0.039
2569-08-21 12:24:20.979,0.09249234,0.270493,0.03941894
2569-08-21 12:24:20.979,0.09249234,0.270493,0.03941894
2569-08-21 12:24:20.981,0.09249192,0.270493,0.03954761
2569-08-21 12:24:20.981,0.09249192,0.270493,0.03954761
2569-08-21 12:24:21.001,0.09248912,0.270493,0.04005476
2569-08-21 12:24:21.001,0.09248912,0.270493,0.04005476
2569-08-21 12:24:21.010,0.09248912,0.270493,0.04005476
2569-08-21 12:24:21.021,0.09247941,0.270493,0.04098561
2569-08-21 12:24:21.021,0.09247941,0.270493,0.04098561
2569-08-21 12:24:21.031,0.09247941,0.270493,0.04098561
2569-08-21 12:24:21.031,0.09246092,0.270493,0.04205325
2569-08-21 12:24:21.031,0.09246092,0.270493,0.04205325
2569-08-21 12:24:21.039,0.09246092,0.270493,0.04205325
2569-08-21 12:24:21.042,0.09244971,0.270493,0.04254726
2569-08-21 12:24:21.042,0.09244971,0.270493,0.04254726
2569-08-21 12:24:21.050,0.09243341,0.270493,0.04316204
2569-08-21 12:24:21.050,0.09243341,0.270493,0.04316204
2569-08-21 12:24:21.059,0.09243341,0.270493,0.04316204
2569-08-21 12:24:21.066,0.09241697,0.270493,0.04370145
2569-08-21 12:24:21.066,0.09241697,0.270493,0.04370145
2569-08-21 12:24:21.075,0.09241697,0.270493,0.04370145
2569-08-21 12:24:21.075,0.09238416,0.270493,0.04462576
2569-08-21 12:24:21.075,0.09238416,0.270493,0.04462576
2569-08-21 12:24:21.087,0.09236224,0.270493,0.04516565
2569-08-21 12:24:21.087,0.09236224,0.270493,0.04516565
2569-08-21 12:24:21.096,0.09236224,0.270493,0.04516565
2569-08-21 12:24:21.096,0.09232818,0.270493,0.04592266
2569-08-21 12:24:21.096,0.09232818,0.270493,0.04592266
2569-08-21 12:24:21.111,0.09230036,0.270493,0.04648384
2569-08-21 12:24:21.111,0.09230036,0.270493,0.04648384
2569-08-21 12:24:21.120,0.09230036,0.270493,0.04648384
2569-08-21 12:24:21.120,0.0922446,0.270493,0.04749752
2569-08-21 12:24:21.120,0.0922446,0.270493,0.04749752
2569-08-21 12:24:21.132,0.09220901,0.270493,0.04808544
2569-08-21 12:24:21.132,0.09220901,0.270493,0.04808544
2569-08-21 12:24:21.139,0.09220901,0.270493,0.04808544
2569-08-21 12:24:21.140,0.09216261,0.270493,0.04879889
2569-08-21 12:24:21.140,0.09216261,0.270493,0.04879889
2569-08-21 12:24:21.156,0.09211916,0.270493,0.04942256
2569-08-21 12:24:21.156,0.09211916,0.270493,0.04942256
2569-08-21 12:24:21.159,0.09211916,0.270493,0.04942256
2569-08-21 12:24:21.159,0.0920663,0.270493,0.05013409
2569-08-21 12:24:21.159,0.0920663,0.270493,0.05013409
2569-08-21 12:24:21.168,0.09201634,0.270493,0.05076696
2569-08-21 12:24:21.168,0.09201634,0.270493,0.05076696
2569-08-21 12:24:21.177,0.09201634,0.270493,0.05076696
2569-08-21 12:24:21.177,0.09196335,0.270493,0.05140268
2569-08-21 12:24:21.177,0.09196335,0.270493,0.05140268
2569-08-21 12:24:21.186,0.09190391,0.270493,0.05207896
2569-08-21 12:24:21.186,0.09190391,0.270493,0.05207896
2569-08-21 12:24:21.194,0.09190391,0.270493,0.05207896
2569-08-21 12:24:21.200,0.09184332,0.270493,0.05273351
2569-08-21 12:24:21.200,0.09184332,0.270493,0.05273351
2569-08-21 12:24:21.210,0.09171595,0.270493,0.05401631
2569-08-21 12:24:21.210,0.09171595,0.270493,0.05401631
2569-08-21 12:24:21.219,0.09171595,0.270493,0.05401631
2569-08-21 12:24:21.222,0.09164046,0.270493,0.05472693
2569-08-21 12:24:21.222,0.09164046,0.270493,0.05472693
2569-08-21 12:24:21.231,0.09153946,0.270493,0.05562957
2569-08-21 12:24:21.231,0.09153946,0.270493,0.05562957
2569-08-21 12:24:21.241,0.09153946,0.270493,0.05562957
2569-08-21 12:24:21.246,0.09143095,0.270493,0.05654714
2569-08-21 12:24:21.246,0.09143095,0.270493,0.05654714
2569-08-21 12:24:21.255,0.09143095,0.270493,0.05654714
2569-08-21 12:24:21.267,0.09126078,0.270493,0.05789525
2569-08-21 12:24:21.267,0.09126078,0.270493,0.05789525
2569-08-21 12:24:21.277,0.09126078,0.270493,0.05789525
2569-08-21 12:24:21.277,0.09099542,0.270493,0.05982114
2569-08-21 12:24:21.277,0.09099542,0.270493,0.05982114
2569-08-21 12:24:21.287,0.09086749,0.270493,0.06068739
2569-08-21 12:24:21.287,0.09086749,0.270493,0.06068739
2569-08-21 12:24:21.295,0.09086749,0.270493,0.06068739
2569-08-21 12:24:21.296,0.0907117,0.270493,0.06169681
2569-08-21 12:24:21.296,0.0907117,0.270493,0.06169681
2569-08-21 12:24:21.312,0.09057626,0.270493,0.06253846
2569-08-21 12:24:21.312,0.09057626,0.270493,0.06253846
2569-08-21 12:24:21.320,0.09057626,0.270493,0.06253846
2569-08-21 12:24:21.320,0.09031063,0.270493,0.06410503
2569-08-21 12:24:21.320,0.09031063,0.270493,0.06410503
2569-08-21 12:24:21.333,0.0901463,0.270493,0.06502561
2569-08-21 12:24:21.333,0.0901463,0.270493,0.06502561
2569-08-21 12:24:21.340,0.0901463,0.270493,0.06502561
2569-08-21 12:24:21.341,0.08992226,0.270493,0.06622913
2569-08-21 12:24:21.341,0.08992226,0.270493,0.06622913
2569-08-21 12:24:21.357,0.08973822,0.270493,0.067178
2569-08-21 12:24:21.357,0.08973822,0.270493,0.067178
2569-08-21 12:24:21.366,0.08973822,0.270493,0.067178
2569-08-21 12:24:21.366,0.08939365,0.270493,0.06887057
2569-08-21 12:24:21.366,0.08939365,0.270493,0.06887057
2569-08-21 12:24:21.376,0.08939365,0.270493,0.06887057
2569-08-21 12:24:21.378,0.0891546,0.270493,0.06998826
2569-08-21 12:24:21.378,0.0891546,0.270493,0.06998826
2569-08-21 12:24:21.387,0.08889781,0.270493,0.0711436
2569-08-21 12:24:21.387,0.08889781,0.270493,0.0711436
2569-08-21 12:24:21.395,0.08889781,0.270493,0.0711436
2569-08-21 12:24:21.402,0.08867724,0.270493,0.07210222
2569-08-21 12:24:21.402,0.08867724,0.270493,0.07210222
2569-08-21 12:24:21.411,0.08824971,0.270493,0.07388155
2569-08-21 12:24:21.411,0.08824971,0.270493,0.07388155
2569-08-21 12:24:21.420,0.08824971,0.270493,0.07388155
2569-08-21 12:24:21.422,0.08800563,0.270493,0.0748554
2569-08-21 12:24:21.422,0.08800563,0.270493,0.0748554
2569-08-21 12:24:21.431,0.08767481,0.270493,0.07613215
2569-08-21 12:24:21.431,0.08767481,0.270493,0.07613215
2569-08-21 12:24:21.440,0.08767481,0.270493,0.07613215
2569-08-21 12:24:21.447,0.08740357,0.270493,0.07714499
2569-08-21 12:24:21.447,0.08740357,0.270493,0.07714499
2569-08-21 12:24:21.455,0.08740357,0.270493,0.07714499
2569-08-21 12:24:21.456,0.08692668,0.270493,0.07885879
2569-08-21 12:24:21.456,0.08692668,0.270493,0.07885879
2569-08-21 12:24:21.468,0.0866439,0.270493,0.07983846
2569-08-21 12:24:21.468,0.0866439,0.270493,0.07983846
2569-08-21 12:24:21.476,0.0866439,0.270493,0.07983846
2569-08-21 12:24:21.477,0.08625285,0.270493,0.08115261
2569-08-21 12:24:21.477,0.08625285,0.270493,0.08115261
2569-08-21 12:24:21.492,0.08595568,0.270493,0.08212218
2569-08-21 12:24:21.492,0.08595568,0.270493,0.08212218
2569-08-21 12:24:21.504,0.08595568,0.270493,0.08212218
2569-08-21 12:24:21.512,0.08530106,0.270493,0.0841776
2569-08-21 12:24:21.512,0.08530106,0.270493,0.0841776
2569-08-21 12:24:21.521,0.08530106,0.270493,0.0841776
2569-08-21 12:24:21.521,0.08465375,0.270493,0.0861131
2569-08-21 12:24:21.521,0.08465375,0.270493,0.0861131
2569-08-21 12:24:21.533,0.08432634,0.270493,0.08705904
2569-08-21 12:24:21.533,0.08432634,0.270493,0.08705904
2569-08-21 12:24:21.542,0.08432634,0.270493,0.08705904
2569-08-21 12:24:21.542,0.08392835,0.270493,0.0881816
2569-08-21 12:24:21.542,0.08392835,0.270493,0.0881816
2569-08-21 12:24:21.557,0.0835996,0.270493,0.08908744
2569-08-21 12:24:21.557,0.0835996,0.270493,0.08908744
2569-08-21 12:24:21.566,0.0835996,0.270493,0.08908744
2569-08-21 12:24:21.566,0.08299653,0.270493,0.09070244
2569-08-21 12:24:21.566,0.08299653,0.270493,0.09070244
2569-08-21 12:24:21.574,0.08299653,0.270493,0.09070244
2569-08-21 12:24:21.578,0.08266075,0.270493,0.09157719
2569-08-21 12:24:21.578,0.08266075,0.270493,0.09157719
2569-08-21 12:24:21.587,0.08218932,0.270493,0.09277776
2569-08-21 12:24:21.587,0.08218932,0.270493,0.09277776
2569-08-21 12:24:21.595,0.08218932,0.270493,0.09277776
2569-08-21 12:24:21.602,0.08182691,0.270493,0.09368001
2569-08-21 12:24:21.602,0.08182691,0.270493,0.09368001
2569-08-21 12:24:21.611,0.08115618,0.270493,0.09530556
2569-08-21 12:24:21.611,0.08115618,0.270493,0.09530556
2569-08-21 12:24:21.620,0.08115618,0.270493,0.09530556
2569-08-21 12:24:21.623,0.08075567,0.270493,0.09625055
2569-08-21 12:24:21.623,0.08075567,0.270493,0.09625055
2569-08-21 12:24:21.632,0.08027133,0.270493,0.09736907
2569-08-21 12:24:21.632,0.08027133,0.270493,0.09736907
2569-08-21 12:24:21.641,0.08027133,0.270493,0.09736907
2569-08-21 12:24:21.647,0.07985491,0.270493,0.0983108
2569-08-21 12:24:21.647,0.07985491,0.270493,0.0983108
2569-08-21 12:24:21.655,0.07985491,0.270493,0.0983108
2569-08-21 12:24:21.655,0.07918483,0.270493,0.09978956
2569-08-21 12:24:21.655,0.07918483,0.270493,0.09978956
2569-08-21 12:24:21.668,0.07875718,0.270493,0.100711
2569-08-21 12:24:21.668,0.07875718,0.270493,0.100711
2569-08-21 12:24:21.677,0.07875718,0.270493,0.100711
2569-08-21 12:24:21.677,0.07820983,0.270493,0.1018664
2569-08-21 12:24:21.677,0.07820983,0.270493,0.1018664
2569-08-21 12:24:21.693,0.07777941,0.270493,0.1027569
2569-08-21 12:24:21.693,0.07777941,0.270493,0.1027569
2569-08-21 12:24:21.701,0.07777941,0.270493,0.1027569
2569-08-21 12:24:21.702,0.07702568,0.270493,0.1042803
2569-08-21 12:24:21.702,0.07702568,0.270493,0.1042803
2569-08-21 12:24:21.713,0.07657287,0.270493,0.1051746
2569-08-21 12:24:21.713,0.07657287,0.270493,0.1051746
2569-08-21 12:24:21.715,0.07657287,0.270493,0.1051746
2569-08-21 12:24:21.717,0.07629821,0.270493,0.1057096
2569-08-21 12:24:21.717,0.07629821,0.270493,0.1057096
2569-08-21 12:24:21.738,0.07576801,0.270493,0.1067274
2569-08-21 12:24:21.738,0.07576801,0.270493,0.1067274
2569-08-21 12:24:21.747,0.07576801,0.270493,0.1067274
2569-08-21 12:24:21.747,0.07470806,0.270493,0.1087055
2569-08-21 12:24:21.747,0.07470806,0.270493,0.1087055
2569-08-21 12:24:21.758,0.07470806,0.270493,0.1087055
2569-08-21 12:24:21.758,0.07417522,0.270493,0.1096729
2569-08-21 12:24:21.758,0.07417522,0.270493,0.1096729
2569-08-21 12:24:21.767,0.07368837,0.270493,0.110542
2569-08-21 12:24:21.767,0.07368837,0.270493,0.110542
2569-08-21 12:24:21.776,0.07368837,0.270493,0.110542
2569-08-21 12:24:21.783,0.07317905,0.270493,0.1114365
2569-08-21 12:24:21.783,0.07317905,0.270493,0.1114365
2569-08-21 12:24:21.803,0.07228149,0.270493,0.112978
2569-08-21 12:24:21.804,0.07228149,0.270493,0.112978
2569-08-21 12:24:21.813,0.07228149,0.270493,0.112978
2569-08-21 12:24:21.813,0.07228149,0.270493,0.112978
2569-08-21 12:24:21.813,0.07104494,0.270493,0.1150332
2569-08-21 12:24:21.813,0.07104494,0.270493,0.1150332
2569-08-21 12:24:21.823,0.07051872,0.270493,0.1158852
2569-08-21 12:24:21.823,0.07051872,0.270493,0.1158852
2569-08-21 12:24:21.832,0.06992213,0.270493,0.1168354
2569-08-21 12:24:21.832,0.06992213,0.270493,0.1168354
2569-08-21 12:24:21.841,0.06992213,0.270493,0.1168354
2569-08-21 12:24:21.848,0.06938189,0.270493,0.1176821
2569-08-21 12:24:21.849,0.06938189,0.270493,0.1176821
2569-08-21 12:24:21.857,0.06938189,0.270493,0.1176821
2569-08-21 12:24:21.858,0.06836477,0.270493,0.1192421
2569-08-21 12:24:21.858,0.06836477,0.270493,0.1192421
2569-08-21 12:24:21.869,0.06776927,0.270493,0.1201356
2569-08-21 12:24:21.869,0.06776927,0.270493,0.1201356
2569-08-21 12:24:21.877,0.06776927,0.270493,0.1201356
2569-08-21 12:24:21.877,0.06711049,0.270493,0.1211077
2569-08-21 12:24:21.877,0.06711049,0.270493,0.1211077
2569-08-21 12:24:21.893,0.06653757,0.270493,0.1219395
2569-08-21 12:24:21.893,0.06653757,0.270493,0.1219395
2569-08-21 12:24:21.902,0.06653757,0.270493,0.1219395
2569-08-21 12:24:21.902,0.06548935,0.270493,0.1234303
2569-08-21 12:24:21.902,0.06548935,0.270493,0.1234303
2569-08-21 12:24:21.914,0.06488162,0.270493,0.1242767
2569-08-21 12:24:21.914,0.06488162,0.270493,0.1242767
2569-08-21 12:24:21.922,0.06488162,0.270493,0.1242767
2569-08-21 12:24:21.922,0.06415804,0.270493,0.1252682
2569-08-21 12:24:21.922,0.06415804,0.270493,0.1252682
2569-08-21 12:24:21.939,0.0635577,0.270493,0.1260776
2569-08-21 12:24:21.939,0.0635577,0.270493,0.1260776
2569-08-21 12:24:21.947,0.0635577,0.270493,0.1260776
2569-08-21 12:24:21.947,0.06244113,0.270493,0.1275525
2569-08-21 12:24:21.947,0.06244113,0.270493,0.1275525
2569-08-21 12:24:21.956,0.06244113,0.270493,0.1275525
2569-08-21 12:24:21.959,0.0618425,0.270493,0.1283275
2569-08-21 12:24:21.959,0.0618425,0.270493,0.1283275
2569-08-21 12:24:21.968,0.06101381,0.270493,0.1293828
2569-08-21 12:24:21.968,0.06101381,0.270493,0.1293828
2569-08-21 12:24:21.977,0.06101381,0.270493,0.1293828
2569-08-21 12:24:21.984,0.06033264,0.270493,0.1302355
2569-08-21 12:24:21.984,0.06033264,0.270493,0.1302355
2569-08-21 12:24:21.993,0.05921789,0.270493,0.1316032
2569-08-21 12:24:21.993,0.05921789,0.270493,0.1316032
2569-08-21 12:24:22.001,0.05921789,0.270493,0.1316032
2569-08-21 12:24:22.004,0.05859539,0.270493,0.1323524
2569-08-21 12:24:22.004,0.05859539,0.270493,0.1323524
2569-08-21 12:24:22.013,0.05859539,0.270493,0.1323524
2569-08-21 12:24:22.013,0.05774209,0.270493,0.1333631
2569-08-21 12:24:22.013,0.05774209,0.270493,0.1333631
2569-08-21 12:24:22.029,0.05707582,0.270493,0.1341394
2569-08-21 12:24:22.029,0.05707582,0.270493,0.1341394
2569-08-21 12:24:22.038,0.05707582,0.270493,0.1341394
2569-08-21 12:24:22.049,0.0559268,0.270493,0.1354529
2569-08-21 12:24:22.049,0.0559268,0.270493,0.1354529
2569-08-21 12:24:22.060,0.0559268,0.270493,0.1354529
2569-08-21 12:24:22.060,0.05435464,0.270493,0.1371997
2569-08-21 12:24:22.060,0.05435464,0.270493,0.1371997
2569-08-21 12:24:22.070,0.0536232,0.270493,0.1379934
2569-08-21 12:24:22.070,0.0536232,0.270493,0.1379934
2569-08-21 12:24:22.079,0.0536232,0.270493,0.1379934
2569-08-21 12:24:22.079,0.05299345,0.270493,0.1386674
2569-08-21 12:24:22.079,0.05299345,0.270493,0.1386674
2569-08-21 12:24:22.094,0.05230041,0.270493,0.1393993
2569-08-21 12:24:22.094,0.05230041,0.270493,0.1393993
2569-08-21 12:24:22.103,0.05230041,0.270493,0.1393993
2569-08-21 12:24:22.103,0.05109582,0.270493,0.1406477
2569-08-21 12:24:22.103,0.05109582,0.270493,0.1406477
2569-08-21 12:24:22.113,0.05109582,0.270493,0.1406477
2569-08-21 12:24:22.114,0.05037762,0.270493,0.1413781
2569-08-21 12:24:22.114,0.05037762,0.270493,0.1413781
2569-08-21 12:24:22.123,0.04962065,0.270493,0.1421368
2569-08-21 12:24:22.123,0.04962065,0.270493,0.1421368
2569-08-21 12:24:22.133,0.04962065,0.270493,0.1421368
2569-08-21 12:24:22.139,0.0488154,0.270493,0.1429318
2569-08-21 12:24:22.139,0.0488154,0.270493,0.1429318
2569-08-21 12:24:22.149,0.04758937,0.270493,0.1441189
2569-08-21 12:24:22.149,0.04758937,0.270493,0.1441189
2569-08-21 12:24:22.157,0.04758937,0.270493,0.1441189
2569-08-21 12:24:22.160,0.04689613,0.270493,0.1447779
2569-08-21 12:24:22.160,0.04689613,0.270493,0.1447779
2569-08-21 12:24:22.168,0.04607012,0.270493,0.1455519
2569-08-21 12:24:22.168,0.04607012,0.270493,0.1455519
2569-08-21 12:24:22.176,0.04607012,0.270493,0.1455519
2569-08-21 12:24:22.184,0.04535034,0.270493,0.1462166
2569-08-21 12:24:22.184,0.04535034,0.270493,0.1462166
2569-08-21 12:24:22.192,0.04405046,0.270493,0.1473947
2569-08-21 12:24:22.192,0.04405046,0.270493,0.1473947
2569-08-21 12:24:22.203,0.04405046,0.270493,0.1473947
2569-08-21 12:24:22.205,0.04320155,0.270493,0.1481488
2569-08-21 12:24:22.205,0.04320155,0.270493,0.1481488
2569-08-21 12:24:22.215,0.04320155,0.270493,0.1481488
2569-08-21 12:24:22.216,0.04220128,0.270493,0.1490223
2569-08-21 12:24:22.216,0.04220128,0.270493,0.1490223
2569-08-21 12:24:22.229,0.04146949,0.270493,0.1496513
2569-08-21 12:24:22.229,0.04146949,0.270493,0.1496513
2569-08-21 12:24:22.237,0.04146949,0.270493,0.1496513
2569-08-21 12:24:22.238,0.04026829,0.270493,0.1506657
2569-08-21 12:24:22.238,0.04026829,0.270493,0.1506657
2569-08-21 12:24:22.249,0.03940099,0.270493,0.1513844
2569-08-21 12:24:22.249,0.03940099,0.270493,0.1513844
2569-08-21 12:24:22.259,0.03940099,0.270493,0.1513844
2569-08-21 12:24:22.260,0.03842726,0.270493,0.152178
2569-08-21 12:24:22.260,0.03842726,0.270493,0.152178
2569-08-21 12:24:22.274,0.03755145,0.270493,0.1528799
2569-08-21 12:24:22.274,0.03755145,0.270493,0.1528799
2569-08-21 12:24:22.283,0.03755145,0.270493,0.1528799
2569-08-21 12:24:22.295,0.03626647,0.270493,0.1538899
2569-08-21 12:24:22.295,0.03626647,0.270493,0.1538899
2569-08-21 12:24:22.304,0.03626647,0.270493,0.1538899
2569-08-21 12:24:22.304,0.03447188,0.270493,0.1552621
2569-08-21 12:24:22.304,0.03447188,0.270493,0.1552621
2569-08-21 12:24:22.315,0.03367183,0.270493,0.1558597
2569-08-21 12:24:22.315,0.03367183,0.270493,0.1558597
2569-08-21 12:24:22.324,0.03367183,0.270493,0.1558597
2569-08-21 12:24:22.325,0.03265539,0.270493,0.1566068
2569-08-21 12:24:22.325,0.03265539,0.270493,0.1566068
2569-08-21 12:24:22.333,0.03265539,0.270493,0.1566068
2569-08-21 12:24:22.340,0.03187334,0.270493,0.1571724
2569-08-21 12:24:22.340,0.03187334,0.270493,0.1571724
2569-08-21 12:24:22.349,0.03052111,0.270493,0.158132
2569-08-21 12:24:22.349,0.03052111,0.270493,0.158132
2569-08-21 12:24:22.358,0.03052111,0.270493,0.158132
2569-08-21 12:24:22.360,0.02972474,0.270493,0.1586863
2569-08-21 12:24:22.360,0.02972474,0.270493,0.1586863
2569-08-21 12:24:22.369,0.0286848,0.270493,0.1593985
2569-08-21 12:24:22.370,0.0286848,0.270493,0.1593985
2569-08-21 12:24:22.379,0.0286848,0.270493,0.1593985
2569-08-21 12:24:22.385,0.02788654,0.270493,0.1599362
2569-08-21 12:24:22.385,0.02788654,0.270493,0.1599362
2569-08-21 12:24:22.395,0.02788654,0.270493,0.1599362
2569-08-21 12:24:22.395,0.02643428,0.270493,0.160895
2569-08-21 12:24:22.396,0.02643428,0.270493,0.160895
2569-08-21 12:24:22.406,0.0256627,0.270493,0.1613944
2569-08-21 12:24:22.406,0.0256627,0.270493,0.1613944
2569-08-21 12:24:22.414,0.0256627,0.270493,0.1613944
2569-08-21 12:24:22.414,0.02473898,0.270493,0.1619831
2569-08-21 12:24:22.414,0.02473898,0.270493,0.1619831
2569-08-21 12:24:22.430,0.02395869,0.270493,0.1624729
2569-08-21 12:24:22.430,0.02395869,0.270493,0.1624729
2569-08-21 12:24:22.439,0.02395869,0.270493,0.1624729
2569-08-21 12:24:22.439,0.0225542,0.270493,0.1633373
2569-08-21 12:24:22.439,0.0225542,0.270493,0.1633373
2569-08-21 12:24:22.451,0.02177865,0.270493,0.1638053
2569-08-21 12:24:22.451,0.02177865,0.270493,0.1638053
2569-08-21 12:24:22.459,0.02177865,0.270493,0.1638053
2569-08-21 12:24:22.459,0.02075754,0.270493,0.1644114
2569-08-21 12:24:22.459,0.02075754,0.270493,0.1644114
2569-08-21 12:24:22.475,0.01993619,0.270493,0.1648909
2569-08-21 12:24:22.475,0.01993619,0.270493,0.1648909
2569-08-21 12:24:22.484,0.01993619,0.270493,0.1648909
2569-08-21 12:24:22.484,0.01849042,0.270493,0.1657175
2569-08-21 12:24:22.484,0.01849042,0.270493,0.1657175
2569-08-21 12:24:22.495,0.01771657,0.270493,0.166151
2569-08-21 12:24:22.495,0.01771657,0.270493,0.166151
2569-08-21 12:24:22.504,0.01771657,0.270493,0.166151
2569-08-21 12:24:22.504,0.01671981,0.270493,0.1667002
2569-08-21 12:24:22.504,0.01671981,0.270493,0.1667002
2569-08-21 12:24:22.514,0.01671981,0.270493,0.1667002
2569-08-21 12:24:22.519,0.01570738,0.270493,0.1672478
2569-08-21 12:24:22.519,0.01570738,0.270493,0.1672478
2569-08-21 12:24:22.529,0.01437164,0.270493,0.1679545
2569-08-21 12:24:22.529,0.01437164,0.270493,0.1679545
2569-08-21 12:24:22.538,0.01437164,0.270493,0.1679545
2569-08-21 12:24:22.540,0.01356984,0.270493,0.1683702
2569-08-21 12:24:22.540,0.01356984,0.270493,0.1683702
2569-08-21 12:24:22.549,0.01257559,0.270493,0.168877
2569-08-21 12:24:22.549,0.01257559,0.270493,0.168877
2569-08-21 12:24:22.557,0.01257559,0.270493,0.168877
2569-08-21 12:24:22.565,0.01177382,0.270493,0.1692788
2569-08-21 12:24:22.565,0.01177382,0.270493,0.1692788
2569-08-21 12:24:22.574,0.01177382,0.270493,0.1692788
2569-08-21 12:24:22.586,0.01021566,0.270493,0.1700419
2569-08-21 12:24:22.586,0.01021566,0.270493,0.1700419
2569-08-21 12:24:22.595,0.01021566,0.270493,0.1700419
2569-08-21 12:24:22.595,0.008312456,0.270493,0.1709431
2569-08-21 12:24:22.595,0.008312456,0.270493,0.1709431
2569-08-21 12:24:22.606,0.007466074,0.270493,0.1713331
2569-08-21 12:24:22.606,0.007466074,0.270493,0.1713331
2569-08-21 12:24:22.614,0.007466074,0.270493,0.1713331
2569-08-21 12:24:22.614,0.006497771,0.270493,0.1717713
2569-08-21 12:24:22.614,0.006497771,0.270493,0.1717713
2569-08-21 12:24:22.631,0.005718607,0.270493,0.1721177
2569-08-21 12:24:22.631,0.005718607,0.270493,0.1721177
2569-08-21 12:24:22.640,0.005718607,0.270493,0.1721177
2569-08-21 12:24:22.640,0.004263382,0.270493,0.1727502
2569-08-21 12:24:22.641,0.004263382,0.270493,0.1727502
2569-08-21 12:24:22.651,0.003530867,0.270493,0.1730614
2569-08-21 12:24:22.651,0.003530867,0.270493,0.1730614
2569-08-21 12:24:22.660,0.003530867,0.270493,0.1730614
2569-08-21 12:24:22.660,0.00263159,0.270493,0.1734371
2569-08-21 12:24:22.660,0.00263159,0.270493,0.1734371
2569-08-21 12:24:22.675,0.00194421,0.270493,0.1737195
2569-08-21 12:24:22.675,0.00194421,0.270493,0.1737195
2569-08-21 12:24:22.684,0.00194421,0.270493,0.1737195
2569-08-21 12:24:22.684,0.0007220618,0.270493,0.1742115
2569-08-21 12:24:22.684,0.0007220618,0.270493,0.1742115
2569-08-21 12:24:22.696,0.0001287237,0.270493,0.1744457
2569-08-21 12:24:22.696,0.0001287237,0.270493,0.1744457
2569-08-21 12:24:22.698,0.0001287237,0.270493,0.1744457
2569-08-21 12:24:22.699,-0.0003093407,0.270493,0.1746167
2569-08-21 12:24:22.699,-0.0003093407,0.270493,0.1746167
2569-08-21 12:24:22.707,-0.0008921027,0.270493,0.1748417
2569-08-21 12:24:22.707,-0.0008921027,0.270493,0.1748417
2569-08-21 12:24:22.717,-0.0008921027,0.270493,0.1748417
2569-08-21 12:24:22.721,-0.001480434,0.270493,0.1750659
2569-08-21 12:24:22.721,-0.001480434,0.270493,0.1750659
2569-08-21 12:24:22.730,-0.002345853,0.270493,0.1753905
2569-08-21 12:24:22.730,-0.002345853,0.270493,0.1753905
2569-08-21 12:24:22.740,-0.002345853,0.270493,0.1753905
2569-08-21 12:24:22.741,-0.002791259,0.270493,0.1755551
2569-08-21 12:24:22.741,-0.002791259,0.270493,0.1755551
2569-08-21 12:24:22.743,-0.003013272,0.270493,0.1756365
2569-08-21 12:24:22.743,-0.003013272,0.270493,0.1756365
2569-08-21 12:24:22.753,-0.00345999,0.270493,0.1757991
2569-08-21 12:24:22.753,-0.00345999,0.270493,0.1757991
2569-08-21 12:24:22.761,-0.00345999,0.270493,0.1757991
2569-08-21 12:24:22.765,-0.003815074,0.270493,0.1759271
2569-08-21 12:24:22.765,-0.003815074,0.270493,0.1759271
2569-08-21 12:24:22.774,-0.003815074,0.270493,0.1759271
2569-08-21 12:24:22.775,-0.004371222,0.270493,0.1761257
2569-08-21 12:24:22.775,-0.004371222,0.270493,0.1761257
2569-08-21 12:24:22.786,-0.004665852,0.270493,0.1762298
2569-08-21 12:24:22.786,-0.004665852,0.270493,0.1762298
2569-08-21 12:24:22.795,-0.004665852,0.270493,0.1762298
2569-08-21 12:24:22.795,-0.005032256,0.270493,0.1763583
2569-08-21 12:24:22.795,-0.005032256,0.270493,0.1763583
2569-08-21 12:24:22.810,-0.005032256,0.270493,0.1763583
2569-08-21 12:24:22.811,-0.005032256,0.270493,0.1763583
2569-08-21 12:24:22.820,-0.005032256,0.270493,0.1763583
2569-08-21 12:24:22.831,-0.005032256,0.270493,0.1763583
2569-08-21 12:24:22.831,-0.005032256,0.270493,0.1763583
2569-08-21 12:24:22.840,-0.005032256,0.270493,0.1763583
2569-08-21 12:24:22.840,-0.005032256,0.270493,0.1763583
2569-08-21 12:24:22.840,-0.005032256,0.270493,0.1763583
2569-08-21 12:24:22.852,-0.005032256,0.270493,0.1763583
2569-08-21 12:24:22.852,-0.005032256,0.270493,0.1763583
2569-08-21 12:24:22.854,-0.005032256,0.270493,0.1763583
2569-08-21 12:24:22.854,-0.005032256,0.270493,0.1763583
2569-08-21 12:24:22.854,-0.005032256,0.270493,0.1763583
2569-08-21 12:24:22.857,-0.005032256,0.270493,0.1763583
2569-08-21 12:24:22.857,-0.005032256,0.270493,0.1763583
2569-08-21 12:24:22.860,-0.005032256,0.270493,0.1763583
2569-08-21 12:24:22.860,-0.005032256,0.270493,0.1763583
2569-08-21 12:24:22.861,-0.005032256,0.270493,0.1763583
2569-08-21 12:24:22.861,-0.005032256,0.270493,0.1763583
2569-08-21 12:24:22.864,-0.005032256,0.270493,0.1763583
2569-08-21 12:24:22.864,-0.005032256,0.270493,0.1763583
2569-08-21 12:24:22.876,-0.005032256,0.270493,0.1763583
2569-08-21 12:24:22.876,-0.005032256,0.270493,0.1763583
2569-08-21 12:24:22.879,-0.005032256,0.270493,0.1763583
2569-08-21 12:24:22.879,-0.005032256,0.270493,0.1763583
2569-08-21 12:24:22.879,-0.005032256,0.270493,0.1763583
2569-08-21 12:24:22.882,-0.005032256,0.270493,0.1763583
2569-08-21 12:24:22.882,-0.005032256,0.270493,0.1763583
2569-08-21 12:24:22.884,-0.005032256,0.270493,0.1763583
2569-08-21 12:24:22.884,-0.005032256,0.270493,0.1763583
2569-08-21 12:24:22.887,-0.005032256,0.270493,0.1763583
2569-08-21 12:24:22.888,-0.005032256,0.270493,0.1763583
2569-08-21 12:24:22.897,-0.005032256,0.270493,0.1763583
2569-08-21 12:24:22.897,-0.005032256,0.270493,0.1763583
2569-08-21 12:24:22.900,-0.005032256,0.270493,0.1763583
2569-08-21 12:24:22.901,-0.005032256,0.270493,0.1763583
2569-08-21 12:24:22.901,-0.005032256,0.270493,0.1763583
2569-08-21 12:24:22.904,-0.005032256,0.270493,0.1763583
2569-08-21 12:24:22.904,-0.005032256,0.270493,0.1763583
2569-08-21 12:24:22.906,-0.005032256,0.270493,0.1763583
2569-08-21 12:24:22.906,-0.005032256,0.270493,0.1763583
2569-08-21 12:24:22.907,-0.005032256,0.270493,0.1763583
2569-08-21 12:24:22.907,-0.005032256,0.270493,0.1763583
2569-08-21 12:24:22.921,-0.005032256,0.270493,0.1763583
2569-08-21 12:24:22.921,-0.005032256,0.270493,0.1763583
2569-08-21 12:24:22.924,-0.005032256,0.270493,0.1763583
2569-08-21 12:24:22.924,-0.005032256,0.270493,0.1763583
2569-08-21 12:24:22.924,-0.005032256,0.270493,0.1763583
2569-08-21 12:24:22.927,-0.005032256,0.270493,0.1763583
2569-08-21 12:24:22.927,-0.005032256,0.270493,0.1763583
2569-08-21 12:24:22.929,-0.005032256,0.270493,0.1763583
2569-08-21 12:24:22.929,-0.005032256,0.270493,0.1763583
2569-08-21 12:24:22.931,-0.005032256,0.270493,0.1763583
2569-08-21 12:24:22.931,-0.005032256,0.270493,0.1763583
2569-08-21 12:24:22.934,-0.005032256,0.270493,0.1763583
2569-08-21 12:24:22.942,-0.005032256,0.270493,0.1763583
2569-08-21 12:24:22.942,-0.005032256,0.270493,0.1763583
2569-08-21 12:24:22.945,-0.005032256,0.270493,0.1763583
2569-08-21 12:24:22.945,-0.005032256,0.270493,0.1763583
2569-08-21 12:24:22.956,-0.005032256,0.270493,0.1763583
2569-08-21 12:24:22.966,-0.005032256,0.270493,0.1763583
2569-08-21 12:24:22.966,-0.005032256,0.270493,0.1763583
2569-08-21 12:24:22.969,-0.005032256,0.270493,0.1763583
2569-08-21 12:24:22.969,-0.005032256,0.270493,0.1763583
2569-08-21 12:24:22.972,-0.005032256,0.270493,0.1763583
2569-08-21 12:24:22.972,-0.005032256,0.270493,0.1763583
2569-08-21 12:24:22.975,-0.005032256,0.270493,0.1763583
2569-08-21 12:24:22.975,-0.005032256,0.270493,0.1763583
2569-08-21 12:24:22.975,-0.005032256,0.270493,0.1763583
2569-08-21 12:24:22.977,-0.005032256,0.270493,0.1763583
2569-08-21 12:24:22.977,-0.005032256,0.270493,0.1763583
2569-08-21 12:24:22.987,-0.005032256,0.270493,0.1763583
2569-08-21 12:24:22.987,-0.005032256,0.270493,0.1763583
2569-08-21 12:24:22.990,-0.005032256,0.270493,0.1763583
2569-08-21 12:24:22.990,-0.005032256,0.270493,0.1763583
2569-08-21 12:24:22.992,-0.005032256,0.270493,0.1763583
2569-08-21 12:24:22.992,-0.005032256,0.270493,0.1763583
2569-08-21 12:24:22.994,-0.005032256,0.270493,0.1763583
2569-08-21 12:24:22.994,-0.005032256,0.270493,0.1763583
2569-08-21 12:24:22.994,-0.005032256,0.270493,0.1763583
2569-08-21 12:24:22.997,-0.005032256,0.270493,0.1763583
2569-08-21 12:24:22.997,-0.005032256,0.270493,0.1763583
2569-08-21 12:24:23.012,-0.005032256,0.270493,0.1763583
2569-08-21 12:24:23.012,-0.005032256,0.270493,0.1763583
2569-08-21 12:24:23.014,-0.005032256,0.270493,0.1763583
2569-08-21 12:24:23.014,-0.005032256,0.270493,0.1763583
2569-08-21 12:24:23.016,-0.005032256,0.270493,0.1763583
2569-08-21 12:24:23.018,-0.005032256,0.270493,0.1763583
2569-08-21 12:24:23.018,-0.005032256,0.270493,0.1763583
2569-08-21 12:24:23.020,-0.005032256,0.270493,0.1763583
2569-08-21 12:24:23.020,-0.005032256,0.270493,0.1763583
2569-08-21 12:24:23.022,-0.005032256,0.270493,0.1763583
2569-08-21 12:24:23.022,-0.005032256,0.270493,0.1763583
2569-08-21 12:24:23.032,-0.005032256,0.270493,0.1763583
2569-08-21 12:24:23.032,-0.005032256,0.270493,0.1763583
2569-08-21 12:24:23.034,-0.005032256,0.270493,0.1763583
2569-08-21 12:24:23.035,-0.005032256,0.270493,0.1763583
2569-08-21 12:24:23.035,-0.005032256,0.270493,0.1763583
2569-08-21 12:24:23.037,-0.005032256,0.270493,0.1763583
2569-08-21 12:24:23.037,-0.005032256,0.270493,0.1763583
2569-08-21 12:24:23.040,-0.005032256,0.270493,0.1763583
2569-08-21 12:24:23.040,-0.005032256,0.270493,0.1763583
2569-08-21 12:24:23.042,-0.005032256,0.270493,0.1763583
2569-08-21 12:24:23.042,-0.005032256,0.270493,0.1763583
2569-08-21 12:24:23.057,-0.005032256,0.270493,0.1763583
2569-08-21 12:24:23.057,-0.005032256,0.270493,0.1763583
2569-08-21 12:24:23.060,-0.005032256,0.270493,0.1763583
2569-08-21 12:24:23.060,-0.005032256,0.270493,0.1763583
2569-08-21 12:24:23.060,-0.005032256,0.270493,0.1763583
2569-08-21 12:24:23.062,-0.005032256,0.270493,0.1763583
2569-08-21 12:24:23.062,-0.005032256,0.270493,0.1763583
2569-08-21 12:24:23.064,-0.005032256,0.270493,0.1763583
2569-08-21 12:24:23.064,-0.005032256,0.270493,0.1763583
2569-08-21 12:24:23.077,-0.005032256,0.270493,0.1763583
2569-08-21 12:24:23.078,-0.005032256,0.270493,0.1763583
2569-08-21 12:24:23.080,-0.005032256,0.270493,0.1763583
2569-08-21 12:24:23.080,-0.005032256,0.270493,0.1763583
2569-08-21 12:24:23.080,-0.005032256,0.270493,0.1763583
2569-08-21 12:24:23.082,-0.005032256,0.270493,0.1763583
2569-08-21 12:24:23.084,-0.005032256,0.270493,0.1763583
2569-08-21 12:24:23.086,-0.005032256,0.270493,0.1763583
2569-08-21 12:24:23.086,-0.005032256,0.270493,0.1763583
2569-08-21 12:24:23.089,-0.005032256,0.270493,0.1763583
2569-08-21 12:24:23.089,-0.005032256,0.270493,0.1763583
2569-08-21 12:24:23.097,-0.005032256,0.270493,0.1763583
2569-08-21 12:24:23.097,-0.005032256,0.270493,0.1763583
2569-08-21 12:24:23.100,-0.005032256,0.270493,0.1763583
2569-08-21 12:24:23.100,-0.005032256,0.270493,0.1763583
2569-08-21 12:24:23.100,-0.005032256,0.270493,0.1763583
2569-08-21 12:24:23.104,-0.005032256,0.270493,0.1763583
2569-08-21 12:24:23.104,-0.005032256,0.270493,0.1763583
2569-08-21 12:24:23.106,-0.005032256,0.270493,0.1763583
2569-08-21 12:24:23.106,-0.005032256,0.270493,0.1763583
2569-08-21 12:24:23.107,-0.005032256,0.270493,0.1763583
2569-08-21 12:24:23.107,-0.005032256,0.270493,0.1763583
2569-08-21 12:24:23.122,-0.005032256,0.270493,0.1763583
2569-08-21 12:24:23.122,-0.005032256,0.270493,0.1763583
2569-08-21 12:24:23.125,-0.005032256,0.270493,0.1763583
2569-08-21 12:24:23.125,-0.005032256,0.270493,0.1763583
2569-08-21 12:24:23.125,-0.005032256,0.270493,0.1763583
2569-08-21 12:24:23.127,-0.005032256,0.270493,0.1763583
2569-08-21 12:24:23.127,-0.005032256,0.270493,0.1763583
2569-08-21 12:24:23.130,-0.005032256,0.270493,0.1763583
2569-08-21 12:24:23.130,-0.005032256,0.270493,0.1763583
2569-08-21 12:24:23.132,-0.005032256,0.270493,0.1763583
2569-08-21 12:24:23.132,-0.005032256,0.270493,0.1763583
2569-08-21 12:24:23.135,-0.005032256,0.270493,0.1763583
2569-08-21 12:24:23.142,-0.005032256,0.270493,0.1763583
2569-08-21 12:24:23.142,-0.005032256,0.270493,0.1763583
2569-08-21 12:24:23.146,-0.005032256,0.270493,0.1763583
2569-08-21 12:24:23.146,-0.005032256,0.270493,0.1763583
2569-08-21 12:24:23.148,-0.005032256,0.270493,0.1763583
2569-08-21 12:24:23.148,-0.005032256,0.270493,0.1763583
2569-08-21 12:24:23.150,-0.005032256,0.270493,0.1763583
2569-08-21 12:24:23.150,-0.005032256,0.270493,0.1763583
2569-08-21 12:24:23.152,-0.005032256,0.270493,0.1763583
2569-08-21 12:24:23.152,-0.005032256,0.270493,0.1763583
2569-08-21 12:24:23.154,-0.005032256,0.270493,0.1763583
2569-08-21 12:24:23.154,-0.005032256,0.270493,0.1763583
2569-08-21 12:24:23.154,-0.005032256,0.270493,0.1763583
2569-08-21 12:24:23.168,-0.005032256,0.270493,0.1763583
2569-08-21 12:24:23.168,-0.005032256,0.270493,0.1763583
2569-08-21 12:24:23.171,-0.005032256,0.270493,0.1763583
2569-08-21 12:24:23.171,-0.005032256,0.270493,0.1763583
2569-08-21 12:24:23.173,-0.005032256,0.270493,0.1763583
2569-08-21 12:24:23.173,-0.005032256,0.270493,0.1763583
2569-08-21 12:24:23.175,-0.005032256,0.270493,0.1763583
2569-08-21 12:24:23.175,-0.005032256,0.270493,0.1763583
2569-08-21 12:24:23.175,-0.005032256,0.270493,0.1763583
2569-08-21 12:24:23.178,-0.005032256,0.270493,0.1763583
2569-08-21 12:24:23.178,-0.005032256,0.270493,0.1763583
2569-08-21 12:24:23.187,-0.005032256,0.270493,0.1763583
2569-08-21 12:24:23.187,-0.005032256,0.270493,0.1763583
2569-08-21 12:24:23.190,-0.005032256,0.270493,0.1763583
2569-08-21 12:24:23.191,-0.005032256,0.270493,0.1763583
2569-08-21 12:24:23.193,-0.005032256,0.270493,0.1763583
2569-08-21 12:24:23.194,-0.005032256,0.270493,0.1763583
2569-08-21 12:24:23.194,-0.005032256,0.270493,0.1763583
2569-08-21 12:24:23.196,-0.005032256,0.270493,0.1763583
2569-08-21 12:24:23.196,-0.005032256,0.270493,0.1763583
2569-08-21 12:24:23.198,-0.005032256,0.270493,0.1763583
2569-08-21 12:24:23.198,-0.005032256,0.270493,0.1763583
2569-08-21 12:24:23.212,-0.005032256,0.270493,0.1763583
2569-08-21 12:24:23.212,-0.005032256,0.270493,0.1763583
2569-08-21 12:24:23.215,-0.005032256,0.270493,0.1763583
2569-08-21 12:24:23.215,-0.005032256,0.270493,0.1763583
2569-08-21 12:24:23.215,-0.005032256,0.270493,0.1763583
2569-08-21 12:24:23.219,-0.005032256,0.270493,0.1763583
2569-08-21 12:24:23.219,-0.005032256,0.270493,0.1763583
2569-08-21 12:24:23.222,-0.005032256,0.270493,0.1763583
2569-08-21 12:24:23.222,-0.005032256,0.270493,0.1763583
2569-08-21 12:24:23.223,-0.005032256,0.270493,0.1763583
2569-08-21 12:24:23.223,-0.005032256,0.270493,0.1763583
2569-08-21 12:24:23.233,-0.005032256,0.270493,0.1763583
2569-08-21 12:24:23.233,-0.005032256,0.270493,0.1763583
2569-08-21 12:24:23.235,-0.005032256,0.270493,0.1763583
2569-08-21 12:24:23.236,-0.005032256,0.270493,0.1763583
2569-08-21 12:24:23.236,-0.005032256,0.270493,0.1763583
2569-08-21 12:24:23.238,-0.005032256,0.270493,0.1763583
2569-08-21 12:24:23.238,-0.005032256,0.270493,0.1763583
2569-08-21 12:24:23.240,-0.005032256,0.270493,0.1763583
2569-08-21 12:24:23.241,-0.005032256,0.270493,0.1763583
2569-08-21 12:24:23.243,-0.005032256,0.270493,0.1763583
2569-08-21 12:24:23.243,-0.005032256,0.270493,0.1763583
2569-08-21 12:24:23.245,-0.005032256,0.270493,0.1763583
2569-08-21 12:24:23.245,-0.005032256,0.270493,0.1763583
2569-08-21 12:24:23.258,-0.005032256,0.270493,0.1763583
2569-08-21 12:24:23.258,-0.005032256,0.270493,0.1763583
2569-08-21 12:24:23.260,-0.005032256,0.270493,0.1763583
2569-08-21 12:24:23.260,-0.005032256,0.270493,0.1763583
2569-08-21 12:24:23.260,-0.005032256,0.270493,0.1763583
2569-08-21 12:24:23.262,-0.005032256,0.270493,0.1763583
2569-08-21 12:24:23.262,-0.005032256,0.270493,0.1763583
2569-08-21 12:24:23.265,-0.005032256,0.270493,0.1763583
2569-08-21 12:24:23.265,-0.005032256,0.270493,0.1763583
2569-08-21 12:24:23.268,-0.005032256,0.270493,0.1763583
2569-08-21 12:24:23.268,-0.005032256,0.270493,0.1763583
2569-08-21 12:24:23.278,-0.005032256,0.270493,0.1763583
2569-08-21 12:24:23.278,-0.005032256,0.270493,0.1763583
2569-08-21 12:24:23.281,-0.005032256,0.270493,0.1763583
2569-08-21 12:24:23.281,-0.005032256,0.270493,0.1763583
2569-08-21 12:24:23.281,-0.005032256,0.270493,0.1763583
2569-08-21 12:24:23.284,-0.005032256,0.270493,0.1763583
2569-08-21 12:24:23.284,-0.005032256,0.270493,0.1763583
2569-08-21 12:24:23.286,-0.005032256,0.270493,0.1763583
2569-08-21 12:24:23.286,-0.005032256,0.270493,0.1763583
2569-08-21 12:24:23.289,-0.005032256,0.270493,0.1763583
2569-08-21 12:24:23.289,-0.005032256,0.270493,0.1763583
2569-08-21 12:24:23.299,-0.005032256,0.270493,0.1763583
2569-08-21 12:24:23.299,-0.005032256,0.270493,0.1763583
2569-08-21 12:24:23.301,-0.005032256,0.270493,0.1763583
2569-08-21 12:24:23.301,-0.005032256,0.270493,0.1763583
2569-08-21 12:24:23.301,-0.005032256,0.270493,0.1763583
2569-08-21 12:24:23.303,-0.005032256,0.270493,0.1763583
2569-08-21 12:24:23.304,-0.005032256,0.270493,0.1763583
2569-08-21 12:24:23.306,-0.005032256,0.270493,0.1763583
2569-08-21 12:24:23.306,-0.005032256,0.270493,0.1763583
2569-08-21 12:24:23.307,-0.005032256,0.270493,0.1763583
2569-08-21 12:24:23.307,-0.005032256,0.270493,0.1763583
2569-08-21 12:24:23.323,-0.005032256,0.270493,0.1763583
2569-08-21 12:24:23.323,-0.005032256,0.270493,0.1763583
2569-08-21 12:24:23.325,-0.005032256,0.270493,0.1763583
2569-08-21 12:24:23.325,-0.005032256,0.270493,0.1763583
2569-08-21 12:24:23.325,-0.005032256,0.270493,0.1763583
2569-08-21 12:24:23.329,-0.005032256,0.270493,0.1763583
2569-08-21 12:24:23.329,-0.005032256,0.270493,0.1763583
2569-08-21 12:24:23.330,-0.005032256,0.270493,0.1763583
2569-08-21 12:24:23.330,-0.005032256,0.270493,0.1763583
2569-08-21 12:24:23.332,-0.005032256,0.270493,0.1763583
2569-08-21 12:24:23.332,-0.005032256,0.270493,0.1763583
2569-08-21 12:24:23.335,-0.005032256,0.270493,0.1763583
2569-08-21 12:24:23.343,-0.005032256,0.270493,0.1763583
2569-08-21 12:24:23.343,-0.005032256,0.270493,0.1763583
2569-08-21 12:24:23.346,-0.005032256,0.270493,0.1763583
2569-08-21 12:24:23.346,-0.005032256,0.270493,0.1763583
2569-08-21 12:24:23.349,-0.005032256,0.270493,0.1763583
2569-08-21 12:24:23.349,-0.005032256,0.270493,0.1763583
2569-08-21 12:24:23.351,-0.005032256,0.270493,0.1763583
2569-08-21 12:24:23.351,-0.005032256,0.270493,0.1763583
2569-08-21 12:24:23.354,-0.005032256,0.270493,0.1763583
2569-08-21 12:24:23.354,-0.005032256,0.270493,0.1763583
2569-08-21 12:24:23.354,-0.005032256,0.270493,0.1763583
2569-08-21 12:24:23.367,-0.005032256,0.270493,0.1763583
2569-08-21 12:24:23.367,-0.005032256,0.270493,0.1763583
2569-08-21 12:24:23.371,-0.005032256,0.2720594,0.1763583
2569-08-21 12:24:23.371,-0.005032256,0.2720594,0.1763583
2569-08-21 12:24:23.373,-0.005032256,0.2720594,0.1763583
2569-08-21 12:24:23.374,-0.005032256,0.2723067,0.1763583
2569-08-21 12:24:23.374,-0.005032256,0.2723067,0.1763583
2569-08-21 12:24:23.376,-0.005032256,0.2725374,0.1763583
2569-08-21 12:24:23.376,-0.005032256,0.2725374,0.1763583
2569-08-21 12:24:23.379,-0.005032256,0.2727633,0.1763583
2569-08-21 12:24:23.379,-0.005032256,0.2727633,0.1763583
2569-08-21 12:24:23.389,-0.005032256,0.2730038,0.1763583
2569-08-21 12:24:23.389,-0.005032256,0.2730038,0.1763583
2569-08-21 12:24:23.391,-0.005032256,0.2741037,0.1763583
2569-08-21 12:24:23.391,-0.005032256,0.2741037,0.1763583
2569-08-21 12:24:23.401,-0.005032256,0.2741037,0.1763583
2569-08-21 12:24:23.413,-0.005032256,0.2751361,0.1763583
2569-08-21 12:24:23.413,-0.005032256,0.2751361,0.1763583
2569-08-21 12:24:23.423,-0.005032256,0.2751361,0.1763583
2569-08-21 12:24:23.423,-0.005032256,0.2751361,0.1763583
2569-08-21 12:24:23.423,-0.005032256,0.2751361,0.1763583
2569-08-21 12:24:23.434,-0.005032256,0.2751361,0.1763583
2569-08-21 12:24:23.434,-0.005032256,0.2751361,0.1763583
2569-08-21 12:24:23.436,-0.005032256,0.2751361,0.1763583
2569-08-21 12:24:23.436,-0.005032256,0.2751361,0.1763583
2569-08-21 12:24:23.436,-0.005032256,0.2751361,0.1763583
2569-08-21 12:24:23.446,-0.005032256,0.2751361,0.1763583
2569-08-21 12:24:23.446,-0.005032256,0.2751361,0.1763583
2569-08-21 12:24:23.458,-0.005032256,0.2751361,0.1763583
2569-08-21 12:24:23.458,-0.005032256,0.2751361,0.1763583
2569-08-21 12:24:23.461,-0.005032256,0.2751361,0.1763583
2569-08-21 12:24:23.461,-0.005032256,0.2751361,0.1763583
2569-08-21 12:24:23.461,-0.005032256,0.2751361,0.1763583
2569-08-21 12:24:23.463,-0.005032256,0.2751361,0.1763583
2569-08-21 12:24:23.463,-0.005032256,0.2751361,0.1763583
2569-08-21 12:24:23.466,-0.005032256,0.2751361,0.1763583
2569-08-21 12:24:23.466,-0.005032256,0.2751361,0.1763583
2569-08-21 12:24:23.468,-0.005032256,0.2751361,0.1763583
2569-08-21 12:24:23.468,-0.005032256,0.2751361,0.1763583
2569-08-21 12:24:23.479,-0.005032256,0.2753909,0.1763583
2569-08-21 12:24:23.479,-0.005032256,0.2753909,0.1763583
2569-08-21 12:24:23.481,-0.005032256,0.2753909,0.1763583
2569-08-21 12:24:23.481,-0.005032256,0.2764958,0.1763583
2569-08-21 12:24:23.481,-0.005032256,0.2764958,0.1763583
2569-08-21 12:24:23.503,-0.005032256,0.2774206,0.1763583
2569-08-21 12:24:23.503,-0.005032256,0.2774206,0.1763583
2569-08-21 12:24:23.506,-0.005032256,0.2774206,0.1763583
2569-08-21 12:24:23.507,-0.005032256,0.2789572,0.1763583
2569-08-21 12:24:23.507,-0.005032256,0.2789572,0.1763583
2569-08-21 12:24:23.516,-0.005032256,0.2789572,0.1763583
2569-08-21 12:24:23.524,-0.005032256,0.2800442,0.1763583
2569-08-21 12:24:23.524,-0.005032256,0.2800442,0.1763583
2569-08-21 12:24:23.533,-0.005032256,0.2800442,0.1763583
2569-08-21 12:24:23.534,-0.005032256,0.2816464,0.1763583
2569-08-21 12:24:23.534,-0.005032256,0.2816464,0.1763583
2569-08-21 12:24:23.543,-0.005032256,0.2825886,0.1763583
2569-08-21 12:24:23.544,-0.005032256,0.2825886,0.1763583
2569-08-21 12:24:23.547,-0.005032256,0.283013,0.1763583
2569-08-21 12:24:23.547,-0.005032256,0.283013,0.1763583
2569-08-21 12:24:23.556,-0.005032256,0.283013,0.1763583
2569-08-21 12:24:23.556,-0.005032256,0.2838737,0.1763583
2569-08-21 12:24:23.556,-0.005032256,0.2838737,0.1763583
2569-08-21 12:24:23.569,-0.005032256,0.2841889,0.1763583
2569-08-21 12:24:23.569,-0.005032256,0.2841889,0.1763583
2569-08-21 12:24:23.578,-0.005032256,0.2841889,0.1763583
2569-08-21 12:24:23.578,-0.005032256,0.2861314,0.1763583
2569-08-21 12:24:23.578,-0.005032256,0.2861314,0.1763583
2569-08-21 12:24:23.589,-0.005032256,0.2870238,0.1763583
2569-08-21 12:24:23.589,-0.005032256,0.2870238,0.1763583
2569-08-21 12:24:23.592,-0.005032256,0.2875395,0.1763583
2569-08-21 12:24:23.592,-0.005032256,0.2875395,0.1763583
2569-08-21 12:24:23.601,-0.005032256,0.2875395,0.1763583
2569-08-21 12:24:23.614,-0.005032256,0.288444,0.1763583
2569-08-21 12:24:23.614,-0.005032256,0.288444,0.1763583
2569-08-21 12:24:23.617,-0.005032256,0.288444,0.1763583
2569-08-21 12:24:23.617,-0.005032256,0.29002,0.1763583
2569-08-21 12:24:23.617,-0.005032256,0.29002,0.1763583
2569-08-21 12:24:23.634,-0.005032256,0.2909686,0.1763583
2569-08-21 12:24:23.634,-0.005032256,0.2909686,0.1763583
2569-08-21 12:24:23.637,-0.005032256,0.2909686,0.1763583
2569-08-21 12:24:23.638,-0.005032256,0.292109,0.1763583
2569-08-21 12:24:23.638,-0.005032256,0.292109,0.1763583
2569-08-21 12:24:23.659,-0.005032256,0.2930286,0.1763583
2569-08-21 12:24:23.659,-0.005032256,0.2930286,0.1763583
2569-08-21 12:24:23.662,-0.005032256,0.2930286,0.1763583
2569-08-21 12:24:23.662,-0.005032256,0.2945149,0.1763583
2569-08-21 12:24:23.662,-0.005032256,0.2945149,0.1763583
2569-08-21 12:24:23.680,-0.005032256,0.2954302,0.1763583
2569-08-21 12:24:23.680,-0.005032256,0.2954302,0.1763583
2569-08-21 12:24:23.682,-0.005032256,0.2954302,0.1763583
2569-08-21 12:24:23.683,-0.005032256,0.29656,0.1763583
2569-08-21 12:24:23.683,-0.005032256,0.29656,0.1763583
2569-08-21 12:24:23.704,-0.005032256,0.2974752,0.1763583
2569-08-21 12:24:23.704,-0.005032256,0.2974752,0.1763583
2569-08-21 12:24:23.706,-0.005032256,0.2974752,0.1763583
2569-08-21 12:24:23.707,-0.005032256,0.2990167,0.1763583
2569-08-21 12:24:23.707,-0.005032256,0.2990167,0.1763583
2569-08-21 12:24:23.716,-0.005032256,0.2990167,0.1763583
2569-08-21 12:24:23.724,-0.005032256,0.2999323,0.1763583
2569-08-21 12:24:23.724,-0.005032256,0.2999323,0.1763583
2569-08-21 12:24:23.727,-0.005032256,0.3010789,0.1763583
2569-08-21 12:24:23.727,-0.005032256,0.3010789,0.1763583
2569-08-21 12:24:23.736,-0.005032256,0.3010789,0.1763583
2569-08-21 12:24:23.749,-0.005032256,0.3020068,0.1763583
2569-08-21 12:24:23.749,-0.005032256,0.3020068,0.1763583
2569-08-21 12:24:23.757,-0.005032256,0.3020068,0.1763583
2569-08-21 12:24:23.770,-0.005032256,0.3040969,0.1763583
2569-08-21 12:24:23.770,-0.005032256,0.3040969,0.1763583
2569-08-21 12:24:23.780,-0.005032256,0.3040969,0.1763583
2569-08-21 12:24:23.780,-0.005032256,0.3062791,0.1763583
2569-08-21 12:24:23.780,-0.005032256,0.3062791,0.1763583
2569-08-21 12:24:23.789,-0.005032256,0.3073064,0.1763583
2569-08-21 12:24:23.789,-0.005032256,0.3073064,0.1763583
2569-08-21 12:24:23.800,-0.005032256,0.3073064,0.1763583
2569-08-21 12:24:23.800,-0.005032256,0.3082702,0.1763583
2569-08-21 12:24:23.800,-0.005032256,0.3082702,0.1763583
2569-08-21 12:24:23.815,-0.005032256,0.3085848,0.1763583
2569-08-21 12:24:23.815,-0.005032256,0.3085848,0.1763583
2569-08-21 12:24:23.826,-0.005032256,0.3085848,0.1763583
2569-08-21 12:24:23.826,-0.005032256,0.3108815,0.1763583
2569-08-21 12:24:23.826,-0.005032256,0.3108815,0.1763583
2569-08-21 12:24:23.834,-0.005032256,0.3108815,0.1763583
2569-08-21 12:24:23.835,-0.005032256,0.3117589,0.1763583
2569-08-21 12:24:23.835,-0.005032256,0.3117589,0.1763583
2569-08-21 12:24:23.837,-0.005032256,0.3120925,0.1763583
2569-08-21 12:24:23.837,-0.005032256,0.3120925,0.1763583
2569-08-21 12:24:23.847,-0.005032256,0.3129649,0.1763583
2569-08-21 12:24:23.847,-0.005032256,0.3129649,0.1763583
2569-08-21 12:24:23.859,-0.005032256,0.3132441,0.1763583
2569-08-21 12:24:23.859,-0.005032256,0.3132441,0.1763583
2569-08-21 12:24:23.869,-0.005032256,0.3132441,0.1763583
2569-08-21 12:24:23.870,-0.005032256,0.3152664,0.1763583
2569-08-21 12:24:23.870,-0.005032256,0.3152664,0.1763583
2569-08-21 12:24:23.879,-0.005032256,0.3152664,0.1763583
2569-08-21 12:24:23.880,-0.005032256,0.3161906,0.1763583
2569-08-21 12:24:23.880,-0.005032256,0.3161906,0.1763583
2569-08-21 12:24:23.882,-0.005032256,0.31659,0.1763583
2569-08-21 12:24:23.883,-0.005032256,0.31659,0.1763583
2569-08-21 12:24:23.891,-0.005032256,0.3174721,0.1763583
2569-08-21 12:24:23.891,-0.005032256,0.3174721,0.1763583
2569-08-21 12:24:23.899,-0.005032256,0.3174721,0.1763583
2569-08-21 12:24:23.904,-0.005032256,0.318294,0.1763583
2569-08-21 12:24:23.904,-0.005032256,0.318294,0.1763583
2569-08-21 12:24:23.914,-0.005032256,0.318294,0.1763583
2569-08-21 12:24:23.915,-0.005032256,0.3197763,0.1763583
2569-08-21 12:24:23.915,-0.005032256,0.3197763,0.1763583
2569-08-21 12:24:23.925,-0.005032256,0.3206436,0.1763583
2569-08-21 12:24:23.925,-0.005032256,0.3206436,0.1763583
2569-08-21 12:24:23.929,-0.005032256,0.3211437,0.1763583
2569-08-21 12:24:23.929,-0.005032256,0.3211437,0.1763583
2569-08-21 12:24:23.937,-0.005032256,0.3211437,0.1763583
2569-08-21 12:24:23.937,-0.005032256,0.3220057,0.1763583
2569-08-21 12:24:23.937,-0.005032256,0.3220057,0.1763583
2569-08-21 12:24:23.950,-0.005032256,0.3223068,0.1763583
2569-08-21 12:24:23.950,-0.005032256,0.3223068,0.1763583
2569-08-21 12:24:23.959,-0.005032256,0.3223068,0.1763583
2569-08-21 12:24:23.959,-0.005032256,0.324232,0.1763583
2569-08-21 12:24:23.959,-0.005032256,0.324232,0.1763583
2569-08-21 12:24:23.969,-0.005032256,0.3251736,0.1763583
2569-08-21 12:24:23.969,-0.005032256,0.3251736,0.1763583
2569-08-21 12:24:23.973,-0.005032256,0.3256053,0.1763583
2569-08-21 12:24:23.973,-0.005032256,0.3256053,0.1763583
2569-08-21 12:24:23.981,-0.005032256,0.3256053,0.1763583
2569-08-21 12:24:23.981,-0.005032256,0.3264771,0.1763583
2569-08-21 12:24:23.981,-0.005032256,0.3264771,0.1763583
2569-08-21 12:24:23.994,-0.005032256,0.3267809,0.1763583
2569-08-21 12:24:23.994,-0.005032256,0.3267809,0.1763583
2569-08-21 12:24:24.004,-0.005032256,0.3267809,0.1763583
2569-08-21 12:24:24.016,-0.005032256,0.3287793,0.1763583
2569-08-21 12:24:24.016,-0.005032256,0.3287793,0.1763583
2569-08-21 12:24:24.025,-0.005032256,0.3287793,0.1763583
2569-08-21 12:24:24.025,-0.005032256,0.3308885,0.1763583
2569-08-21 12:24:24.025,-0.005032256,0.3308885,0.1763583
2569-08-21 12:24:24.034,-0.005032256,0.3308885,0.1763583
2569-08-21 12:24:24.036,-0.005032256,0.3318235,0.1763583
2569-08-21 12:24:24.036,-0.005032256,0.3318235,0.1763583
2569-08-21 12:24:24.039,-0.005032256,0.3321637,0.1763583
2569-08-21 12:24:24.039,-0.005032256,0.3321637,0.1763583
2569-08-21 12:24:24.060,-0.005032256,0.3331051,0.1763583
2569-08-21 12:24:24.061,-0.005032256,0.3331051,0.1763583
2569-08-21 12:24:24.069,-0.005032256,0.3331051,0.1763583
2569-08-21 12:24:24.069,-0.005032256,0.335257,0.1763583
2569-08-21 12:24:24.069,-0.005032256,0.335257,0.1763583
2569-08-21 12:24:24.078,-0.005032256,0.335257,0.1763583
2569-08-21 12:24:24.081,-0.005032256,0.3361697,0.1763583
2569-08-21 12:24:24.081,-0.005032256,0.3361697,0.1763583
2569-08-21 12:24:24.084,-0.005032256,0.3367007,0.1763583
2569-08-21 12:24:24.084,-0.005032256,0.3367007,0.1763583
2569-08-21 12:24:24.105,-0.005032256,0.3376244,0.1763583
2569-08-21 12:24:24.105,-0.005032256,0.3376244,0.1763583
2569-08-21 12:24:24.109,-0.005032256,0.3376244,0.1763583
2569-08-21 12:24:24.109,-0.005032256,0.3391921,0.1763583
2569-08-21 12:24:24.109,-0.005032256,0.3391921,0.1763583
2569-08-21 12:24:24.117,-0.005032256,0.3391921,0.1763583
2569-08-21 12:24:24.125,-0.005032256,0.3400839,0.1763583
2569-08-21 12:24:24.125,-0.005032256,0.3400839,0.1763583
2569-08-21 12:24:24.128,-0.005032256,0.3412205,0.1763583
2569-08-21 12:24:24.129,-0.005032256,0.3412205,0.1763583
2569-08-21 12:24:24.139,-0.005032256,0.3412205,0.1763583
2569-08-21 12:24:24.149,-0.005032256,0.3421598,0.1763583
2569-08-21 12:24:24.149,-0.005032256,0.3421598,0.1763583
2569-08-21 12:24:24.153,-0.005032256,0.3421598,0.1763583
2569-08-21 12:24:24.154,-0.005032256,0.3436706,0.1763583
2569-08-21 12:24:24.154,-0.005032256,0.3436706,0.1763583
2569-08-21 12:24:24.171,-0.005032256,0.3445726,0.1763583
2569-08-21 12:24:24.171,-0.005032256,0.3445726,0.1763583
2569-08-21 12:24:24.174,-0.005032256,0.3445726,0.1763583
2569-08-21 12:24:24.174,-0.005032256,0.3457043,0.1763583
2569-08-21 12:24:24.174,-0.005032256,0.3457043,0.1763583
2569-08-21 12:24:24.183,-0.005032256,0.3465838,0.1763583
2569-08-21 12:24:24.183,-0.005032256,0.3465838,0.1763583
2569-08-21 12:24:24.195,-0.005032256,0.3468763,0.1763583
2569-08-21 12:24:24.195,-0.005032256,0.3468763,0.1763583
2569-08-21 12:24:24.204,-0.005032256,0.3468763,0.1763583
2569-08-21 12:24:24.216,-0.005032256,0.3487976,0.1763583
2569-08-21 12:24:24.216,-0.005032256,0.3487976,0.1763583
2569-08-21 12:24:24.226,-0.005032256,0.3487976,0.1763583
2569-08-21 12:24:24.226,-0.005032256,0.3508535,0.1763583
2569-08-21 12:24:24.226,-0.005032256,0.3508535,0.1763583
2569-08-21 12:24:24.234,-0.005032256,0.3508535,0.1763583
2569-08-21 12:24:24.237,-0.005032256,0.3518,0.1763583
2569-08-21 12:24:24.237,-0.005032256,0.3518,0.1763583
2569-08-21 12:24:24.240,-0.005032256,0.3522448,0.1763583
2569-08-21 12:24:24.240,-0.005032256,0.3522448,0.1763583
2569-08-21 12:24:24.247,-0.005032256,0.3531117,0.1763583
2569-08-21 12:24:24.247,-0.005032256,0.3531117,0.1763583
2569-08-21 12:24:24.261,-0.005032256,0.3534068,0.1763583
2569-08-21 12:24:24.261,-0.005032256,0.3534068,0.1763583
2569-08-21 12:24:24.270,-0.005032256,0.3534068,0.1763583
2569-08-21 12:24:24.270,-0.005032256,0.355414,0.1763583
2569-08-21 12:24:24.271,-0.005032256,0.355414,0.1763583
2569-08-21 12:24:24.280,-0.005032256,0.355414,0.1763583
2569-08-21 12:24:24.281,-0.005032256,0.3562728,0.1763583
2569-08-21 12:24:24.281,-0.005032256,0.3562728,0.1763583
2569-08-21 12:24:24.284,-0.005032256,0.3567635,0.1763583
2569-08-21 12:24:24.284,-0.005032256,0.3567635,0.1763583
2569-08-21 12:24:24.293,-0.005032256,0.3567635,0.1763583
2569-08-21 12:24:24.294,-0.005032256,0.3576399,0.1763583
2569-08-21 12:24:24.294,-0.005032256,0.3576399,0.1763583
2569-08-21 12:24:24.306,-0.005032256,0.3579613,0.1763583
2569-08-21 12:24:24.306,-0.005032256,0.3579613,0.1763583
2569-08-21 12:24:24.316,-0.005032256,0.3579613,0.1763583
2569-08-21 12:24:24.316,-0.005032256,0.3598997,0.1763583
2569-08-21 12:24:24.316,-0.005032256,0.3598997,0.1763583
2569-08-21 12:24:24.326,-0.005032256,0.3608484,0.1763583
2569-08-21 12:24:24.326,-0.005032256,0.3608484,0.1763583
2569-08-21 12:24:24.330,-0.005032256,0.3613566,0.1763583
2569-08-21 12:24:24.330,-0.005032256,0.3613566,0.1763583
2569-08-21 12:24:24.339,-0.005032256,0.3613566,0.1763583
2569-08-21 12:24:24.351,-0.005032256,0.3622212,0.1763583
2569-08-21 12:24:24.351,-0.005032256,0.3622212,0.1763583
2569-08-21 12:24:24.354,-0.005032256,0.3622212,0.1763583
2569-08-21 12:24:24.355,-0.005032256,0.3637423,0.1763583
2569-08-21 12:24:24.355,-0.005032256,0.3637423,0.1763583
2569-08-21 12:24:24.371,-0.005032256,0.3646677,0.1763583
2569-08-21 12:24:24.371,-0.005032256,0.3646677,0.1763583
2569-08-21 12:24:24.380,-0.005032256,0.3646677,0.1763583
2569-08-21 12:24:24.380,-0.005032256,0.36635,0.1763583
2569-08-21 12:24:24.381,-0.005032256,0.36635,0.1763583
2569-08-21 12:24:24.396,-0.005032256,0.3672169,0.1763583
2569-08-21 12:24:24.396,-0.005032256,0.3672169,0.1763583
2569-08-21 12:24:24.399,-0.005032256,0.3672169,0.1763583
2569-08-21 12:24:24.399,-0.005032256,0.3682263,0.1763583
2569-08-21 12:24:24.400,-0.005032256,0.3682263,0.1763583
2569-08-21 12:24:24.408,-0.005032256,0.3691275,0.1763583
2569-08-21 12:24:24.408,-0.005032256,0.3691275,0.1763583
2569-08-21 12:24:24.417,-0.005032256,0.3694056,0.1763583
2569-08-21 12:24:24.417,-0.005032256,0.3694056,0.1763583
2569-08-21 12:24:24.426,-0.005032256,0.3694056,0.1763583
2569-08-21 12:24:24.426,-0.005032256,0.3709085,0.1763583
2569-08-21 12:24:24.426,-0.005032256,0.3709085,0.1763583
2569-08-21 12:24:24.436,-0.005032256,0.3709085,0.1763583
2569-08-21 12:24:24.441,-0.005032256,0.3719452,0.1763583
2569-08-21 12:24:24.441,-0.005032256,0.3719452,0.1763583
2569-08-21 12:24:24.462,-0.005032256,0.3733678,0.1763583
2569-08-21 12:24:24.462,-0.005032256,0.3733678,0.1763583
2569-08-21 12:24:24.472,-0.005032256,0.3733678,0.1763583
2569-08-21 12:24:24.472,-0.005032256,0.3755218,0.1763583
2569-08-21 12:24:24.472,-0.005032256,0.3755218,0.1763583
2569-08-21 12:24:24.481,-0.005032256,0.3755218,0.1763583
2569-08-21 12:24:24.482,-0.005032256,0.3764334,0.1763583
2569-08-21 12:24:24.482,-0.005032256,0.3764334,0.1763583
2569-08-21 12:24:24.485,-0.005032256,0.3768251,0.1763583
2569-08-21 12:24:24.485,-0.005032256,0.3768251,0.1763583
2569-08-21 12:24:24.494,-0.005032256,0.3768251,0.1763583
2569-08-21 12:24:24.506,-0.005032256,0.3777315,0.1763583
2569-08-21 12:24:24.506,-0.005032256,0.3777315,0.1763583
2569-08-21 12:24:24.510,-0.005032256,0.3793821,0.1763583
2569-08-21 12:24:24.510,-0.005032256,0.3793821,0.1763583
2569-08-21 12:24:24.522,-0.005032256,0.3793821,0.1763583
2569-08-21 12:24:24.527,-0.005032256,0.3804757,0.1763583
2569-08-21 12:24:24.527,-0.005032256,0.3804757,0.1763583
2569-08-21 12:24:24.537,-0.005032256,0.3804757,0.1763583
2569-08-21 12:24:24.537,-0.005032256,0.3820878,0.1763583
2569-08-21 12:24:24.537,-0.005032256,0.3820878,0.1763583
2569-08-21 12:24:24.551,-0.005032256,0.383133,0.1763583
2569-08-21 12:24:24.551,-0.005032256,0.383133,0.1763583
2569-08-21 12:24:24.561,-0.005032256,0.383133,0.1763583
2569-08-21 12:24:24.561,-0.005032256,0.3844369,0.1763583
2569-08-21 12:24:24.561,-0.005032256,0.3844369,0.1763583
2569-08-21 12:24:24.572,-0.005032256,0.3853172,0.1763583
2569-08-21 12:24:24.572,-0.005032256,0.3853172,0.1763583
2569-08-21 12:24:24.575,-0.005032256,0.3853172,0.1763583
2569-08-21 12:24:24.575,-0.005032256,0.3858518,0.1763583
2569-08-21 12:24:24.576,-0.005032256,0.3858518,0.1763583
2569-08-21 12:24:24.584,-0.005032256,0.3867103,0.1763583
2569-08-21 12:24:24.584,-0.005032256,0.3867103,0.1763583
2569-08-21 12:24:24.597,-0.005032256,0.3870162,0.1763583
2569-08-21 12:24:24.597,-0.005032256,0.3870162,0.1763583
2569-08-21 12:24:24.607,-0.005032256,0.3870162,0.1763583
2569-08-21 12:24:24.607,-0.005032256,0.3890253,0.1763583
2569-08-21 12:24:24.607,-0.005032256,0.3890253,0.1763583
2569-08-21 12:24:24.617,-0.005032256,0.3890253,0.1763583
2569-08-21 12:24:24.618,-0.005032256,0.3900579,0.1763583
2569-08-21 12:24:24.618,-0.005032256,0.3900579,0.1763583
2569-08-21 12:24:24.627,-0.005032256,0.3909744,0.1763583
2569-08-21 12:24:24.627,-0.005032256,0.3909744,0.1763583
2569-08-21 12:24:24.642,-0.005032256,0.3912823,0.1763583
2569-08-21 12:24:24.642,-0.005032256,0.3912823,0.1763583
2569-08-21 12:24:24.652,-0.005032256,0.3912823,0.1763583
2569-08-21 12:24:24.653,-0.005032256,0.3936124,0.1763583
2569-08-21 12:24:24.653,-0.005032256,0.3936124,0.1763583
2569-08-21 12:24:24.662,-0.005032256,0.3936124,0.1763583
2569-08-21 12:24:24.663,-0.005032256,0.3946283,0.1763583
2569-08-21 12:24:24.663,-0.005032256,0.3946283,0.1763583
2569-08-21 12:24:24.672,-0.005032256,0.3955405,0.1763583
2569-08-21 12:24:24.672,-0.005032256,0.3955405,0.1763583
2569-08-21 12:24:24.681,-0.005032256,0.3955405,0.1763583
2569-08-21 12:24:24.687,-0.005032256,0.3964155,0.1763583
2569-08-21 12:24:24.687,-0.005032256,0.3964155,0.1763583
2569-08-21 12:24:24.696,-0.005032256,0.3964155,0.1763583
2569-08-21 12:24:24.707,-0.005032256,0.3979317,0.1763583
2569-08-21 12:24:24.707,-0.005032256,0.3979317,0.1763583
2569-08-21 12:24:24.717,-0.005032256,0.3979317,0.1763583
2569-08-21 12:24:24.717,-0.005032256,0.4000092,0.1763583
2569-08-21 12:24:24.717,-0.005032256,0.4000092,0.1763583
2569-08-21 12:24:24.728,-0.005032256,0.400909,0.1763583
2569-08-21 12:24:24.728,-0.005032256,0.400909,0.1763583
2569-08-21 12:24:24.731,-0.005032256,0.4014169,0.1763583
2569-08-21 12:24:24.731,-0.005032256,0.4014169,0.1763583
2569-08-21 12:24:24.741,-0.005032256,0.4014169,0.1763583
2569-08-21 12:24:24.752,-0.005032256,0.4024113,0.1763583
2569-08-21 12:24:24.752,-0.005032256,0.4024113,0.1763583
2569-08-21 12:24:24.762,-0.005032256,0.4024113,0.1763583
2569-08-21 12:24:24.762,-0.005032256,0.4045538,0.1763583
2569-08-21 12:24:24.762,-0.005032256,0.4045538,0.1763583
2569-08-21 12:24:24.773,-0.005032256,0.405439,0.1763583
2569-08-21 12:24:24.773,-0.005032256,0.405439,0.1763583
2569-08-21 12:24:24.775,-0.005032256,0.405439,0.1763583
2569-08-21 12:24:24.775,-0.005032256,0.4058962,0.1763583
2569-08-21 12:24:24.775,-0.005032256,0.4058962,0.1763583
2569-08-21 12:24:24.796,-0.005032256,0.4068102,0.1763583
2569-08-21 12:24:24.796,-0.005032256,0.4068102,0.1763583
2569-08-21 12:24:24.801,-0.005032256,0.4068102,0.1763583
2569-08-21 12:24:24.801,-0.005032256,0.4083852,0.1763583
2569-08-21 12:24:24.801,-0.005032256,0.4083852,0.1763583
2569-08-21 12:24:24.818,-0.005032256,0.4093252,0.1763583
2569-08-21 12:24:24.818,-0.005032256,0.4093252,0.1763583
2569-08-21 12:24:24.821,-0.005032256,0.4093252,0.1763583
2569-08-21 12:24:24.821,-0.005032256,0.4104494,0.1763583
2569-08-21 12:24:24.821,-0.005032256,0.4104494,0.1763583
2569-08-21 12:24:24.842,-0.005032256,0.4113616,0.1763583
2569-08-21 12:24:24.842,-0.005032256,0.4113616,0.1763583
2569-08-21 12:24:24.851,-0.005032256,0.4113616,0.1763583
2569-08-21 12:24:24.851,-0.005032256,0.4134525,0.1763583
2569-08-21 12:24:24.851,-0.005032256,0.4134525,0.1763583
2569-08-21 12:24:24.860,-0.005032256,0.4134525,0.1763583
2569-08-21 12:24:24.862,-0.005032256,0.4143249,0.1763583
2569-08-21 12:24:24.862,-0.005032256,0.4143249,0.1763583
2569-08-21 12:24:24.866,-0.005032256,0.4148908,0.1763583
2569-08-21 12:24:24.866,-0.005032256,0.4148908,0.1763583
2569-08-21 12:24:24.874,-0.005032256,0.4148908,0.1763583
2569-08-21 12:24:24.875,-0.005032256,0.4157656,0.1763583
2569-08-21 12:24:24.875,-0.005032256,0.4157656,0.1763583
2569-08-21 12:24:24.887,-0.005032256,0.4160456,0.1763583
2569-08-21 12:24:24.887,-0.005032256,0.4160456,0.1763583
2569-08-21 12:24:24.896,-0.005032256,0.4160456,0.1763583
2569-08-21 12:24:24.908,-0.005032256,0.4179874,0.1763583
2569-08-21 12:24:24.908,-0.005032256,0.4179874,0.1763583
2569-08-21 12:24:24.919,-0.005032256,0.4179874,0.1763583
2569-08-21 12:24:24.919,-0.005032256,0.4201953,0.1763583
2569-08-21 12:24:24.919,-0.005032256,0.4201953,0.1763583
2569-08-21 12:24:24.929,-0.005032256,0.421198,0.1763583
2569-08-21 12:24:24.929,-0.005032256,0.421198,0.1763583
2569-08-21 12:24:24.938,-0.005032256,0.421198,0.1763583
2569-08-21 12:24:24.938,-0.005032256,0.4220816,0.1763583
2569-08-21 12:24:24.938,-0.005032256,0.4220816,0.1763583
2569-08-21 12:24:24.953,-0.005032256,0.4223919,0.1763583
2569-08-21 12:24:24.953,-0.005032256,0.4223919,0.1763583
2569-08-21 12:24:24.962,-0.005032256,0.4223919,0.1763583
2569-08-21 12:24:24.962,-0.005032256,0.4245575,0.1763583
2569-08-21 12:24:24.962,-0.005032256,0.4245575,0.1763583
2569-08-21 12:24:24.974,-0.005032256,0.4254001,0.1763583
2569-08-21 12:24:24.974,-0.005032256,0.4254001,0.1763583
2569-08-21 12:24:24.977,-0.005032256,0.4254001,0.1763583
2569-08-21 12:24:24.977,-0.005032256,0.4259938,0.1763583
2569-08-21 12:24:24.977,-0.005032256,0.4259938,0.1763583
2569-08-21 12:24:24.985,-0.005032256,0.4268727,0.1763583
2569-08-21 12:24:24.985,-0.005032256,0.4268727,0.1763583
2569-08-21 12:24:24.994,-0.005032256,0.4268727,0.1763583
2569-08-21 12:24:24.997,-0.005032256,0.4277159,0.1763583
2569-08-21 12:24:24.997,-0.005032256,0.4277159,0.1763583
2569-08-21 12:24:25.007,-0.005032256,0.4290273,0.1763583
2569-08-21 12:24:25.007,-0.005032256,0.4290273,0.1763583
2569-08-21 12:24:25.015,-0.005032256,0.4290273,0.1763583
2569-08-21 12:24:25.019,-0.005032256,0.4299187,0.1763583
2569-08-21 12:24:25.019,-0.005032256,0.4299187,0.1763583
2569-08-21 12:24:25.022,-0.005032256,0.4304722,0.1763583
2569-08-21 12:24:25.022,-0.005032256,0.4304722,0.1763583
2569-08-21 12:24:25.030,-0.005032256,0.4313428,0.1763583
2569-08-21 12:24:25.030,-0.005032256,0.4313428,0.1763583
2569-08-21 12:24:25.033,-0.005032256,0.4313428,0.1763583
2569-08-21 12:24:25.043,-0.005032256,0.4316385,0.1763583
2569-08-21 12:24:25.043,-0.005032256,0.4316385,0.1763583
2569-08-21 12:24:25.053,-0.005032256,0.4335828,0.1763583
2569-08-21 12:24:25.053,-0.005032256,0.4335828,0.1763583
2569-08-21 12:24:25.061,-0.005032256,0.4335828,0.1763583
2569-08-21 12:24:25.063,-0.005032256,0.4344456,0.1763583
2569-08-21 12:24:25.063,-0.005032256,0.4344456,0.1763583
2569-08-21 12:24:25.067,-0.005032256,0.4349689,0.1763583
2569-08-21 12:24:25.067,-0.005032256,0.4349689,0.1763583
2569-08-21 12:24:25.075,-0.005032256,0.4349689,0.1763583
2569-08-21 12:24:25.075,-0.005032256,0.4358316,0.1763583
2569-08-21 12:24:25.075,-0.005032256,0.4358316,0.1763583
2569-08-21 12:24:25.088,-0.005032256,0.4361058,0.1763583
2569-08-21 12:24:25.088,-0.005032256,0.4361058,0.1763583
2569-08-21 12:24:25.097,-0.005032256,0.4361058,0.1763583
2569-08-21 12:24:25.097,-0.005032256,0.438115,0.1763583
2569-08-21 12:24:25.097,-0.005032256,0.438115,0.1763583
2569-08-21 12:24:25.109,-0.005032256,0.4390777,0.1763583
2569-08-21 12:24:25.109,-0.005032256,0.4390777,0.1763583
2569-08-21 12:24:25.111,-0.005032256,0.4394945,0.1763583
2569-08-21 12:24:25.112,-0.005032256,0.4394945,0.1763583
2569-08-21 12:24:25.121,-0.005032256,0.4394945,0.1763583
2569-08-21 12:24:25.133,-0.005032256,0.4403925,0.1763583
2569-08-21 12:24:25.133,-0.005032256,0.4403925,0.1763583
2569-08-21 12:24:25.137,-0.005032256,0.4403925,0.1763583
2569-08-21 12:24:25.137,-0.005032256,0.4420204,0.1763583
2569-08-21 12:24:25.137,-0.005032256,0.4420204,0.1763583
2569-08-21 12:24:25.154,-0.005032256,0.4430413,0.1763583
2569-08-21 12:24:25.154,-0.005032256,0.4430413,0.1763583
2569-08-21 12:24:25.163,-0.005032256,0.4430413,0.1763583
2569-08-21 12:24:25.163,-0.005032256,0.4446192,0.1763583
2569-08-21 12:24:25.163,-0.005032256,0.4446192,0.1763583
2569-08-21 12:24:25.174,-0.005032256,0.4454911,0.1763583
2569-08-21 12:24:25.174,-0.005032256,0.4454911,0.1763583
2569-08-21 12:24:25.177,-0.005032256,0.4454911,0.1763583
2569-08-21 12:24:25.177,-0.005032256,0.4460235,0.1763583
2569-08-21 12:24:25.177,-0.005032256,0.4460235,0.1763583
2569-08-21 12:24:25.185,-0.005032256,0.4468868,0.1763583
2569-08-21 12:24:25.185,-0.005032256,0.4468868,0.1763583
2569-08-21 12:24:25.199,-0.005032256,0.4471556,0.1763583
2569-08-21 12:24:25.199,-0.005032256,0.4471556,0.1763583
2569-08-21 12:24:25.208,-0.005032256,0.4471556,0.1763583
2569-08-21 12:24:25.208,-0.005032256,0.4491937,0.1763583
2569-08-21 12:24:25.208,-0.005032256,0.4491937,0.1763583
2569-08-21 12:24:25.217,-0.005032256,0.4491937,0.1763583
2569-08-21 12:24:25.220,-0.005032256,0.4500822,0.1763583
2569-08-21 12:24:25.220,-0.005032256,0.4500822,0.1763583
2569-08-21 12:24:25.223,-0.005032256,0.4505524,0.1763583
2569-08-21 12:24:25.223,-0.005032256,0.4505524,0.1763583
2569-08-21 12:24:25.244,-0.005032256,0.4514523,0.1763583
2569-08-21 12:24:25.244,-0.005032256,0.4514523,0.1763583
2569-08-21 12:24:25.246,-0.005032256,0.4514523,0.1763583
2569-08-21 12:24:25.247,-0.005032256,0.4530285,0.1763583
2569-08-21 12:24:25.247,-0.005032256,0.4530285,0.1763583
2569-08-21 12:24:25.256,-0.005032256,0.4530285,0.1763583
2569-08-21 12:24:25.265,-0.005032256,0.4539205,0.1763583
2569-08-21 12:24:25.265,-0.005032256,0.4539205,0.1763583
2569-08-21 12:24:25.268,-0.005032256,0.4550682,0.1763583
2569-08-21 12:24:25.268,-0.005032256,0.4550682,0.1763583
2569-08-21 12:24:25.277,-0.005032256,0.4550682,0.1763583
2569-08-21 12:24:25.289,-0.005032256,0.4559937,0.1763583
2569-08-21 12:24:25.289,-0.005032256,0.4559937,0.1763583
2569-08-21 12:24:25.292,-0.005032256,0.4575373,0.1763583
2569-08-21 12:24:25.292,-0.005032256,0.4575373,0.1763583
2569-08-21 12:24:25.301,-0.005032256,0.4575373,0.1763583
2569-08-21 12:24:25.310,-0.005032256,0.4584538,0.1763583
2569-08-21 12:24:25.310,-0.005032256,0.4584538,0.1763583
2569-08-21 12:24:25.311,-0.005032256,0.4595731,0.1763583
2569-08-21 12:24:25.313,-0.005032256,0.4595731,0.1763583
2569-08-21 12:24:25.321,-0.005032256,0.4595731,0.1763583
2569-08-21 12:24:25.334,-0.005032256,0.4605821,0.1763583
2569-08-21 12:24:25.334,-0.005032256,0.4605821,0.1763583
2569-08-21 12:24:25.343,-0.005032256,0.4605821,0.1763583
2569-08-21 12:24:25.344,-0.005032256,0.4627106,0.1763583
2569-08-21 12:24:25.344,-0.005032256,0.4627106,0.1763583
2569-08-21 12:24:25.354,-0.005032256,0.4635931,0.1763583
2569-08-21 12:24:25.354,-0.005032256,0.4635931,0.1763583
2569-08-21 12:24:25.357,-0.005032256,0.4635931,0.1763583
2569-08-21 12:24:25.357,-0.005032256,0.4640465,0.1763583
2569-08-21 12:24:25.357,-0.005032256,0.4640465,0.1763583
2569-08-21 12:24:25.366,-0.005032256,0.4649521,0.1763583
2569-08-21 12:24:25.366,-0.005032256,0.4649521,0.1763583
2569-08-21 12:24:25.379,-0.005032256,0.4652558,0.1763583
2569-08-21 12:24:25.379,-0.005032256,0.4652558,0.1763583
2569-08-21 12:24:25.389,-0.005032256,0.4652558,0.1763583
2569-08-21 12:24:25.400,-0.005032256,0.4672455,0.1763583
2569-08-21 12:24:25.400,-0.005032256,0.4672455,0.1763583
2569-08-21 12:24:25.409,-0.005032256,0.4672455,0.1763583
2569-08-21 12:24:25.410,-0.005032256,0.4692931,0.1763583
2569-08-21 12:24:25.410,-0.005032256,0.4692931,0.1763583
2569-08-21 12:24:25.419,-0.005032256,0.4692931,0.1763583
2569-08-21 12:24:25.420,-0.005032256,0.4701923,0.1763583
2569-08-21 12:24:25.420,-0.005032256,0.4701923,0.1763583
2569-08-21 12:24:25.423,-0.005032256,0.4706006,0.1763583
2569-08-21 12:24:25.423,-0.005032256,0.4706006,0.1763583
2569-08-21 12:24:25.432,-0.005032256,0.4714875,0.1763583
2569-08-21 12:24:25.432,-0.005032256,0.4714875,0.1763583
2569-08-21 12:24:25.434,-0.005032256,0.4714875,0.1763583
2569-08-21 12:24:25.445,-0.005032256,0.471783,0.1763583
2569-08-21 12:24:25.445,-0.005032256,0.471783,0.1763583
2569-08-21 12:24:25.454,-0.005032256,0.471783,0.1763583
2569-08-21 12:24:25.454,-0.005032256,0.4737612,0.1763583
2569-08-21 12:24:25.454,-0.005032256,0.4737612,0.1763583
2569-08-21 12:24:25.465,-0.005032256,0.4746617,0.1763583
2569-08-21 12:24:25.465,-0.005032256,0.4746617,0.1763583
2569-08-21 12:24:25.468,-0.005032256,0.4750916,0.1763583
2569-08-21 12:24:25.468,-0.005032256,0.4750916,0.1763583
2569-08-21 12:24:25.477,-0.005032256,0.4750916,0.1763583
2569-08-21 12:24:25.477,-0.005032256,0.4760053,0.1763583
2569-08-21 12:24:25.477,-0.005032256,0.4760053,0.1763583
2569-08-21 12:24:25.489,-0.005032256,0.4762995,0.1763583
2569-08-21 12:24:25.489,-0.005032256,0.4762995,0.1763583
2569-08-21 12:24:25.500,-0.005032256,0.4762995,0.1763583
2569-08-21 12:24:25.500,-0.005032256,0.4783586,0.1763583
2569-08-21 12:24:25.500,-0.005032256,0.4783586,0.1763583
2569-08-21 12:24:25.511,-0.005032256,0.479353,0.1763583
2569-08-21 12:24:25.511,-0.005032256,0.479353,0.1763583
2569-08-21 12:24:25.521,-0.005032256,0.479353,0.1763583
2569-08-21 12:24:25.521,-0.005032256,0.4803972,0.1763583
2569-08-21 12:24:25.521,-0.005032256,0.4803972,0.1763583
2569-08-21 12:24:25.535,-0.005032256,0.4815508,0.1763583
2569-08-21 12:24:25.535,-0.005032256,0.4815508,0.1763583
2569-08-21 12:24:25.544,-0.005032256,0.4815508,0.1763583
2569-08-21 12:24:25.544,-0.005032256,0.4827707,0.1763583
2569-08-21 12:24:25.544,-0.005032256,0.4827707,0.1763583
2569-08-21 12:24:25.553,-0.005032256,0.4827707,0.1763583
2569-08-21 12:24:25.555,-0.005032256,0.4836312,0.1763583
2569-08-21 12:24:25.555,-0.005032256,0.4836312,0.1763583
2569-08-21 12:24:25.558,-0.005032256,0.4841212,0.1763583
2569-08-21 12:24:25.558,-0.005032256,0.4841212,0.1763583
2569-08-21 12:24:25.567,-0.005032256,0.4850137,0.1763583
2569-08-21 12:24:25.567,-0.005032256,0.4850137,0.1763583
2569-08-21 12:24:25.579,-0.005032256,0.4852865,0.1763583
2569-08-21 12:24:25.579,-0.005032256,0.4852865,0.1763583
2569-08-21 12:24:25.589,-0.005032256,0.4852865,0.1763583
2569-08-21 12:24:25.590,-0.005032256,0.4873055,0.1763583
2569-08-21 12:24:25.590,-0.005032256,0.4873055,0.1763583
2569-08-21 12:24:25.597,-0.005032256,0.4873055,0.1763583
2569-08-21 12:24:25.600,-0.005032256,0.4881717,0.1763583
2569-08-21 12:24:25.600,-0.005032256,0.4881717,0.1763583
2569-08-21 12:24:25.602,-0.005032256,0.4886323,0.1763583
2569-08-21 12:24:25.602,-0.005032256,0.4886323,0.1763583
2569-08-21 12:24:25.612,-0.005032256,0.4895237,0.1763583
2569-08-21 12:24:25.612,-0.005032256,0.4895237,0.1763583
2569-08-21 12:24:25.620,-0.005032256,0.4895237,0.1763583
2569-08-21 12:24:25.624,-0.005032256,0.4903679,0.1763583
2569-08-21 12:24:25.625,-0.005032256,0.4903679,0.1763583
2569-08-21 12:24:25.634,-0.005032256,0.4903679,0.1763583
2569-08-21 12:24:25.645,-0.005032256,0.4917292,0.1763583
2569-08-21 12:24:25.645,-0.005032256,0.4917292,0.1763583
2569-08-21 12:24:25.655,-0.005032256,0.4917292,0.1763583
2569-08-21 12:24:25.655,-0.005032256,0.4938112,0.1763583
2569-08-21 12:24:25.655,-0.005032256,0.4938112,0.1763583
2569-08-21 12:24:25.665,-0.005032256,0.4947581,0.1763583
2569-08-21 12:24:25.665,-0.005032256,0.4947581,0.1763583
2569-08-21 12:24:25.669,-0.005032256,0.4952149,0.1763583
2569-08-21 12:24:25.669,-0.005032256,0.4952149,0.1763583
2569-08-21 12:24:25.677,-0.005032256,0.4952149,0.1763583
2569-08-21 12:24:25.677,-0.005032256,0.4960874,0.1763583
2569-08-21 12:24:25.677,-0.005032256,0.4960874,0.1763583
2569-08-21 12:24:25.690,-0.005032256,0.4963979,0.1763583
2569-08-21 12:24:25.690,-0.005032256,0.4963979,0.1763583
2569-08-21 12:24:25.699,-0.005032256,0.4963979,0.1763583
2569-08-21 12:24:25.699,-0.005032256,0.4983342,0.1763583
2569-08-21 12:24:25.699,-0.005032256,0.4983342,0.1763583
2569-08-21 12:24:25.711,-0.005032256,0.4993774,0.1763583
2569-08-21 12:24:25.711,-0.005032256,0.4993774,0.1763583
2569-08-21 12:24:25.720,-0.005032256,0.4993774,0.1763583
2569-08-21 12:24:25.720,-0.005032256,0.5003708,0.1763583
2569-08-21 12:24:25.720,-0.005032256,0.5003708,0.1763583
2569-08-21 12:24:25.735,-0.005032256,0.501424,0.1763583
2569-08-21 12:24:25.735,-0.005032256,0.501424,0.1763583
2569-08-21 12:24:25.744,-0.005032256,0.501424,0.1763583
2569-08-21 12:24:25.745,-0.005032256,0.5028158,0.1763583
2569-08-21 12:24:25.745,-0.005032256,0.5028158,0.1763583
2569-08-21 12:24:25.753,-0.005032256,0.5028158,0.1763583
2569-08-21 12:24:25.755,-0.005032256,0.503728,0.1763583
2569-08-21 12:24:25.756,-0.005032256,0.503728,0.1763583
2569-08-21 12:24:25.759,-0.005032256,0.5041999,0.1763583
2569-08-21 12:24:25.759,-0.005032256,0.5041999,0.1763583
2569-08-21 12:24:25.780,-0.005032256,0.5051149,0.1763583
2569-08-21 12:24:25.780,-0.005032256,0.5051149,0.1763583
2569-08-21 12:24:25.790,-0.005032256,0.5051149,0.1763583
2569-08-21 12:24:25.790,-0.005032256,0.5072818,0.1763583
2569-08-21 12:24:25.790,-0.005032256,0.5072818,0.1763583
2569-08-21 12:24:25.799,-0.005032256,0.5072818,0.1763583
2569-08-21 12:24:25.800,-0.005032256,0.5082294,0.1763583
2569-08-21 12:24:25.800,-0.005032256,0.5082294,0.1763583
2569-08-21 12:24:25.804,-0.005032256,0.508701,0.1763583
2569-08-21 12:24:25.804,-0.005032256,0.508701,0.1763583
2569-08-21 12:24:25.812,-0.005032256,0.509585,0.1763583
2569-08-21 12:24:25.812,-0.005032256,0.509585,0.1763583
2569-08-21 12:24:25.815,-0.005032256,0.509585,0.1763583
2569-08-21 12:24:25.825,-0.005032256,0.5098825,0.1763583
2569-08-21 12:24:25.825,-0.005032256,0.5098825,0.1763583
2569-08-21 12:24:25.835,-0.005032256,0.5098825,0.1763583
2569-08-21 12:24:25.835,-0.005032256,0.5118454,0.1763583
2569-08-21 12:24:25.835,-0.005032256,0.5118454,0.1763583
2569-08-21 12:24:25.846,-0.005032256,0.5127419,0.1763583
2569-08-21 12:24:25.846,-0.005032256,0.5127419,0.1763583
2569-08-21 12:24:25.849,-0.005032256,0.513193,0.1763583
2569-08-21 12:24:25.849,-0.005032256,0.513193,0.1763583
2569-08-21 12:24:25.857,-0.005032256,0.513193,0.1763583
2569-08-21 12:24:25.866,-0.005032256,0.5141336,0.1763583
2569-08-21 12:24:25.866,-0.005032256,0.5141336,0.1763583
2569-08-21 12:24:25.869,-0.005032256,0.5152735,0.1763583
2569-08-21 12:24:25.869,-0.005032256,0.5152735,0.1763583
2569-08-21 12:24:25.878,-0.005032256,0.5152735,0.1763583
2569-08-21 12:24:25.879,-0.005032256,0.5161398,0.1763583
2569-08-21 12:24:25.879,-0.005032256,0.5161398,0.1763583
2569-08-21 12:24:25.891,-0.005032256,0.5164555,0.1763583
2569-08-21 12:24:25.891,-0.005032256,0.5164555,0.1763583
2569-08-21 12:24:25.901,-0.005032256,0.5164555,0.1763583
2569-08-21 12:24:25.901,-0.005032256,0.5184343,0.1763583
2569-08-21 12:24:25.901,-0.005032256,0.5184343,0.1763583
2569-08-21 12:24:25.911,-0.005032256,0.5193612,0.1763583
2569-08-21 12:24:25.911,-0.005032256,0.5193612,0.1763583
2569-08-21 12:24:25.914,-0.005032256,0.5193612,0.1763583
2569-08-21 12:24:25.915,-0.005032256,0.5197621,0.1763583
2569-08-21 12:24:25.915,-0.005032256,0.5197621,0.1763583
2569-08-21 12:24:25.923,-0.005032256,0.5206481,0.1763583
2569-08-21 12:24:25.923,-0.005032256,0.5206481,0.1763583
2569-08-21 12:24:25.936,-0.005032256,0.5216219,0.1763583
2569-08-21 12:24:25.936,-0.005032256,0.5216219,0.1763583
2569-08-21 12:24:25.945,-0.005032256,0.5216219,0.1763583
2569-08-21 12:24:25.946,-0.005032256,0.5228779,0.1763583
2569-08-21 12:24:25.946,-0.005032256,0.5228779,0.1763583
2569-08-21 12:24:25.956,-0.005032256,0.5228779,0.1763583
2569-08-21 12:24:25.956,-0.005032256,0.5238992,0.1763583
2569-08-21 12:24:25.956,-0.005032256,0.5238992,0.1763583
2569-08-21 12:24:25.965,-0.005032256,0.5248438,0.1763583
2569-08-21 12:24:25.965,-0.005032256,0.5248438,0.1763583
2569-08-21 12:24:25.967,-0.005032256,0.5251311,0.1763583
2569-08-21 12:24:25.969,-0.005032256,0.5251311,0.1763583
2569-08-21 12:24:25.977,-0.005032256,0.5251311,0.1763583
2569-08-21 12:24:25.981,-0.005032256,0.5260422,0.1763583
2569-08-21 12:24:25.981,-0.005032256,0.5260422,0.1763583
2569-08-21 12:24:25.984,-0.005032256,0.5267227,0.1763583
2569-08-21 12:24:25.984,-0.005032256,0.5267227,0.1763583
2569-08-21 12:24:25.992,-0.005032256,0.5276,0.1763583
2569-08-21 12:24:25.992,-0.005032256,0.5276,0.1763583
2569-08-21 12:24:25.995,-0.005032256,0.5276,0.1763583
2569-08-21 12:24:26.001,-0.005032256,0.5278865,0.1763583
2569-08-21 12:24:26.001,-0.005032256,0.5278865,0.1763583
2569-08-21 12:24:26.011,-0.005032256,0.5294153,0.1763583
2569-08-21 12:24:26.011,-0.005032256,0.5294153,0.1763583
2569-08-21 12:24:26.019,-0.005032256,0.5294153,0.1763583
2569-08-21 12:24:26.026,-0.005032256,0.5302997,0.1763583
2569-08-21 12:24:26.026,-0.005032256,0.5302997,0.1763583
2569-08-21 12:24:26.030,-0.005032256,0.5312359,0.1763583
2569-08-21 12:24:26.030,-0.005032256,0.5312359,0.1763583
2569-08-21 12:24:26.038,-0.005032256,0.5312359,0.1763583
2569-08-21 12:24:26.047,-0.005032256,0.5321383,0.1763583
2569-08-21 12:24:26.047,-0.005032256,0.5321383,0.1763583
2569-08-21 12:24:26.050,-0.005032256,0.5333186,0.1763583
2569-08-21 12:24:26.050,-0.005032256,0.5333186,0.1763583
2569-08-21 12:24:26.059,-0.005032256,0.5333186,0.1763583
2569-08-21 12:24:26.071,-0.005032256,0.5333186,0.1763583
2569-08-21 12:24:26.071,-0.005032256,0.5333186,0.1763583
2569-08-21 12:24:26.074,-0.005032256,0.5333186,0.1763583
2569-08-21 12:24:26.074,-0.005032256,0.5333186,0.1763583
2569-08-21 12:24:26.074,-0.005032256,0.5333186,0.1763583
2569-08-21 12:24:26.091,-0.005032256,0.5333186,0.1763583
2569-08-21 12:24:26.092,-0.005032256,0.5333186,0.1763583
2569-08-21 12:24:26.095,-0.005032256,0.5333186,0.1763583
2569-08-21 12:24:26.095,-0.005032256,0.5333186,0.1763583
2569-08-21 12:24:26.095,-0.005032256,0.5333186,0.1763583
2569-08-21 12:24:26.097,-0.005032256,0.5333186,0.1763583
2569-08-21 12:24:26.097,-0.005032256,0.5333186,0.1763583
2569-08-21 12:24:26.100,-0.005032256,0.5333186,0.1763583
2569-08-21 12:24:26.100,-0.005032256,0.5333186,0.1763583
2569-08-21 12:24:26.102,-0.005032256,0.5333186,0.1763583
2569-08-21 12:24:26.102,-0.005032256,0.5333186,0.1763583
2569-08-21 12:24:26.112,-0.005032256,0.5333186,0.1763583
2569-08-21 12:24:26.112,-0.005032256,0.5333186,0.1763583
2569-08-21 12:24:26.115,-0.005032256,0.5333186,0.1763583
2569-08-21 12:24:26.115,-0.005032256,0.5333186,0.1763583
2569-08-21 12:24:26.115,-0.005032256,0.5333186,0.1763583
2569-08-21 12:24:26.117,-0.005032256,0.5333186,0.1763583
2569-08-21 12:24:26.117,-0.005032256,0.5333186,0.1763583
2569-08-21 12:24:26.120,-0.005032256,0.5333186,0.1763583
2569-08-21 12:24:26.120,-0.005032256,0.5333186,0.1763583
2569-08-21 12:24:26.123,-0.005032256,0.5333186,0.1763583
2569-08-21 12:24:26.123,-0.005032256,0.5333186,0.1763583
2569-08-21 12:24:26.136,-0.005032256,0.5333186,0.1763583
2569-08-21 12:24:26.136,-0.005032256,0.5333186,0.1763583
2569-08-21 12:24:26.139,-0.005032256,0.5333186,0.1763583
2569-08-21 12:24:26.139,-0.005032256,0.5333186,0.1763583
2569-08-21 12:24:26.139,-0.005032256,0.5333186,0.1763583
2569-08-21 12:24:26.142,-0.005032256,0.5333186,0.1763583
2569-08-21 12:24:26.142,-0.005032256,0.5333186,0.1763583
2569-08-21 12:24:26.145,-0.005032256,0.5333186,0.1763583
2569-08-21 12:24:26.145,-0.005032256,0.5333186,0.1763583
2569-08-21 12:24:26.147,-0.005032256,0.5333186,0.1763583
2569-08-21 12:24:26.147,-0.005032256,0.5333186,0.1763583
2569-08-21 12:24:26.157,-0.005032256,0.5333186,0.1763583
2569-08-21 12:24:26.157,-0.005032256,0.5333186,0.1763583
2569-08-21 12:24:26.160,-0.005032256,0.5333186,0.1763583
2569-08-21 12:24:26.160,-0.005032256,0.5333186,0.1763583
2569-08-21 12:24:26.160,-0.005032256,0.5333186,0.1763583
2569-08-21 12:24:26.163,-0.005032256,0.5333186,0.1763583
2569-08-21 12:24:26.163,-0.005032256,0.5333186,0.1763583
2569-08-21 12:24:26.165,-0.005032256,0.5333186,0.1763583
2569-08-21 12:24:26.165,-0.005032256,0.5333186,0.1763583
2569-08-21 12:24:26.167,-0.005032256,0.5333186,0.1763583
2569-08-21 12:24:26.167,-0.005032256,0.5333186,0.1763583
2569-08-21 12:24:26.181,-0.005032256,0.5333186,0.1763583
2569-08-21 12:24:26.181,-0.005032256,0.5333186,0.1763583
2569-08-21 12:24:26.185,-0.005032256,0.5333186,0.1763583
2569-08-21 12:24:26.185,-0.005032256,0.5333186,0.1763583
2569-08-21 12:24:26.185,-0.005032256,0.5333186,0.1763583
2569-08-21 12:24:26.187,-0.005032256,0.5333186,0.1763583
2569-08-21 12:24:26.187,-0.005032256,0.5333186,0.1763583
2569-08-21 12:24:26.190,-0.005032256,0.5333186,0.1763583
2569-08-21 12:24:26.190,-0.005032256,0.5333186,0.1763583
2569-08-21 12:24:26.191,-0.005032256,0.5333186,0.1763583
2569-08-21 12:24:26.191,-0.005032256,0.5333186,0.1763583
2569-08-21 12:24:26.193,-0.005032256,0.5333186,0.1763583
2569-08-21 12:24:26.202,-0.005032256,0.5333186,0.1763583
2569-08-21 12:24:26.202,-0.005032256,0.5333186,0.1763583
2569-08-21 12:24:26.205,-0.005032256,0.5333186,0.1763583
2569-08-21 12:24:26.205,-0.005032256,0.5333186,0.1763583
2569-08-21 12:24:26.208,-0.005032256,0.5333186,0.1763583
2569-08-21 12:24:26.208,-0.005032256,0.5333186,0.1763583
2569-08-21 12:24:26.211,-0.005032256,0.5333186,0.1763583
2569-08-21 12:24:26.211,-0.005032256,0.5333186,0.1763583
2569-08-21 12:24:26.213,-0.005032256,0.5333186,0.1763583
2569-08-21 12:24:26.213,-0.005032256,0.5333186,0.1763583
2569-08-21 12:24:26.213,-0.005032256,0.5333186,0.1763583
2569-08-21 12:24:26.226,-0.005032256,0.5333186,0.1763583
2569-08-21 12:24:26.226,-0.005032256,0.5333186,0.1763583
2569-08-21 12:24:26.230,-0.005032256,0.5333186,0.1763583
2569-08-21 12:24:26.230,-0.005032256,0.5333186,0.1763583
2569-08-21 12:24:26.232,-0.005032256,0.5333186,0.1763583
2569-08-21 12:24:26.232,-0.005032256,0.5333186,0.1763583
2569-08-21 12:24:26.234,-0.005032256,0.5333186,0.1763583
2569-08-21 12:24:26.235,-0.005032256,0.5333186,0.1763583
2569-08-21 12:24:26.235,-0.005032256,0.5333186,0.1763583
2569-08-21 12:24:26.237,-0.005032256,0.5333186,0.1763583
2569-08-21 12:24:26.237,-0.005032256,0.5333186,0.1763583
2569-08-21 12:24:26.247,-0.005032256,0.5333186,0.1763583
2569-08-21 12:24:26.247,-0.005032256,0.5333186,0.1763583
2569-08-21 12:24:26.254,-0.005032256,0.5333186,0.1763583
2569-08-21 12:24:26.254,-0.005032256,0.5333186,0.1763583
2569-08-21 12:24:26.254,-0.005032256,0.5333186,0.1763583
2569-08-21 12:24:26.272,-0.005032256,0.5338992,0.1763583
2569-08-21 12:24:26.272,-0.005032256,0.5338992,0.1763583
2569-08-21 12:24:26.278,-0.005032256,0.5338992,0.1763583
2569-08-21 12:24:26.279,-0.005032256,0.5358124,0.1763583
2569-08-21 12:24:26.279,-0.005032256,0.5358124,0.1763583
2569-08-21 12:24:26.294,-0.005032256,0.5358124,0.1763583
2569-08-21 12:24:26.295,-0.005032256,0.5374279,0.1763583
2569-08-21 12:24:26.295,-0.005032256,0.5374279,0.1763583
2569-08-21 12:24:26.317,-0.005032256,0.5374279,0.1763583
2569-08-21 12:24:26.317,-0.005032256,0.5374279,0.1763583
2569-08-21 12:24:26.332,-0.005032256,0.5374279,0.1763583
2569-08-21 12:24:26.337,-0.005032256,0.5374279,0.1763583
2569-08-21 12:24:26.337,-0.005032256,0.5374279,0.1763583
2569-08-21 12:24:26.353,-0.005032256,0.5374279,0.1763583
2569-08-21 12:24:26.359,-0.005032256,0.5374279,0.1763583
2569-08-21 12:24:26.359,-0.005032256,0.5374279,0.1763583
2569-08-21 12:24:26.365,-0.005032256,0.5374279,0.1763583
2569-08-21 12:24:26.366,-0.005032256,0.5374279,0.1763583
2569-08-21 12:24:26.366,-0.005032256,0.5374279,0.1763583
2569-08-21 12:24:26.394,-0.005032256,0.5374279,0.1763583
2569-08-21 12:24:26.394,-0.005032256,0.5374279,0.1763583
2569-08-21 12:24:26.394,-0.005032256,0.5374279,0.1763583
2569-08-21 12:24:26.394,-0.005032256,0.5374279,0.1763583
2569-08-21 12:24:26.403,-0.005032256,0.5374279,0.1763583
2569-08-21 12:24:26.403,-0.005032256,0.5374279,0.1763583
2569-08-21 12:24:26.417,-0.005032256,0.5374279,0.1763583
2569-08-21 12:24:26.429,-0.005032256,0.5374279,0.1763583
2569-08-21 12:24:26.430,-0.005032256,0.5374279,0.1763583
2569-08-21 12:24:26.433,-0.005032256,0.5374279,0.1763583
2569-08-21 12:24:26.434,-0.005032256,0.5374279,0.1763583
2569-08-21 12:24:26.434,-0.005032256,0.5374279,0.1763583
2569-08-21 12:24:26.438,-0.005032256,0.5374279,0.1763583
2569-08-21 12:24:26.438,-0.005032256,0.5374279,0.1763583
2569-08-21 12:24:26.449,-0.005032256,0.5374279,0.1763583
2569-08-21 12:24:26.449,-0.005032256,0.5374279,0.1763583
2569-08-21 12:24:26.453,-0.005032256,0.5374279,0.1763583
2569-08-21 12:24:26.453,-0.005032256,0.5374279,0.1763583
2569-08-21 12:24:26.455,-0.005032256,0.5374279,0.1763583
2569-08-21 12:24:26.456,-0.005032256,0.5374279,0.1763583
2569-08-21 12:24:26.456,-0.005032256,0.5374279,0.1763583
2569-08-21 12:24:26.459,-0.005032256,0.5374279,0.1763583
2569-08-21 12:24:26.459,-0.005032256,0.5374279,0.1763583
2569-08-21 12:24:26.472,-0.005032256,0.5374279,0.1763583
2569-08-21 12:24:26.472,-0.005032256,0.5374279,0.1763583
2569-08-21 12:24:26.476,-0.005032256,0.5374279,0.1763583
2569-08-21 12:24:26.476,-0.005032256,0.5374279,0.1763583
2569-08-21 12:24:26.476,-0.005032256,0.5374279,0.1763583
2569-08-21 12:24:26.479,-0.005032256,0.5374279,0.1763583
2569-08-21 12:24:26.479,-0.005032256,0.5374279,0.1763583
2569-08-21 12:24:26.483,-0.005032256,0.5374279,0.1763583
2569-08-21 12:24:26.483,-0.005032256,0.5374279,0.1763583
2569-08-21 12:24:26.492,-0.005032256,0.5374279,0.1763583
2569-08-21 12:24:26.494,-0.005032256,0.5374279,0.1763583
2569-08-21 12:24:26.497,-0.005032256,0.5374279,0.1763583
2569-08-21 12:24:26.497,-0.005032256,0.5374279,0.1763583
2569-08-21 12:24:26.497,-0.005032256,0.5374279,0.1763583
2569-08-21 12:24:26.500,-0.005032256,0.5374279,0.1763583
2569-08-21 12:24:26.500,-0.005032256,0.5374279,0.1763583
2569-08-21 12:24:26.503,-0.005032256,0.5374279,0.1763583
2569-08-21 12:24:26.503,-0.005032256,0.5374279,0.1763583
2569-08-21 12:24:26.517,-0.005032256,0.5374279,0.1763583
2569-08-21 12:24:26.517,-0.005032256,0.5374279,0.1763583
2569-08-21 12:24:26.521,-0.005032256,0.5374279,0.1763583
2569-08-21 12:24:26.521,-0.005032256,0.5374279,0.1763583
2569-08-21 12:24:26.521,-0.005032256,0.5374279,0.1763583
2569-08-21 12:24:26.525,-0.005032256,0.5374279,0.1763583
2569-08-21 12:24:26.525,-0.005032256,0.5374279,0.1763583
2569-08-21 12:24:26.529,-0.005032256,0.5374279,0.1763583
2569-08-21 12:24:26.529,-0.005032256,0.5374279,0.1763583
2569-08-21 12:24:26.532,-0.005032256,0.5374279,0.1763583
2569-08-21 12:24:26.538,-0.005032256,0.5374279,0.1763583
2569-08-21 12:24:26.538,-0.005032256,0.5374279,0.1763583
2569-08-21 12:24:26.542,-0.005032256,0.5374279,0.1763583
2569-08-21 12:24:26.542,-0.005032256,0.5374279,0.1763583
2569-08-21 12:24:26.545,-0.005032256,0.5374279,0.1763583
2569-08-21 12:24:26.546,-0.005032256,0.5374279,0.1763583
2569-08-21 12:24:26.550,-0.005032256,0.5374279,0.1763583
2569-08-21 12:24:26.550,-0.005032256,0.5374279,0.1763583
2569-08-21 12:24:26.554,-0.005032256,0.5374279,0.1763583
2569-08-21 12:24:26.563,-0.005032256,0.5374279,0.1763583
2569-08-21 12:24:26.563,-0.005032256,0.5374279,0.1763583
2569-08-21 12:24:26.567,-0.005032256,0.5374279,0.1763583
2569-08-21 12:24:26.567,-0.005032256,0.5374279,0.1763583
2569-08-21 12:24:26.570,-0.005032256,0.5374279,0.1763583
2569-08-21 12:24:26.570,-0.005032256,0.5374279,0.1763583
2569-08-21 12:24:26.583,-0.005032256,0.5374279,0.1763583
2569-08-21 12:24:26.583,-0.005032256,0.5374279,0.1763583
2569-08-21 12:24:26.587,-0.005032256,0.5374279,0.1763583
2569-08-21 12:24:26.587,-0.005032256,0.5374279,0.1763583
2569-08-21 12:24:26.587,-0.005032256,0.5374279,0.1763583
2569-08-21 12:24:26.589,-0.005032256,0.5374279,0.1763583
2569-08-21 12:24:26.591,-0.005032256,0.5374279,0.1763583
2569-08-21 12:24:26.592,-0.005032256,0.5374279,0.1763583
2569-08-21 12:24:26.594,-0.005032256,0.5374279,0.1763583
2569-08-21 12:24:26.594,-0.005032256,0.5374279,0.1763583
2569-08-21 12:24:26.603,-0.005032256,0.5374279,0.1763583
2569-08-21 12:24:26.603,-0.005032256,0.5374279,0.1763583
2569-08-21 12:24:26.607,-0.005032256,0.5374279,0.1763583
2569-08-21 12:24:26.607,-0.005032256,0.5374279,0.1763583
2569-08-21 12:24:26.609,-0.005032256,0.5374279,0.1763583
2569-08-21 12:24:26.609,-0.005032256,0.5374279,0.1763583
2569-08-21 12:24:26.610,-0.005032256,0.5374279,0.1763583
2569-08-21 12:24:26.610,-0.005032256,0.5374279,0.1763583
2569-08-21 12:24:26.613,-0.005032256,0.5374279,0.1763583
2569-08-21 12:24:26.614,-0.005032256,0.5374279,0.1763583
2569-08-21 12:24:26.614,-0.005032256,0.5374279,0.1763583
2569-08-21 12:24:26.628,-0.005032256,0.5374279,0.1763583
2569-08-21 12:24:26.629,-0.005032256,0.5374279,0.1763583
2569-08-21 12:24:26.632,-0.005032256,0.5374279,0.1763583
2569-08-21 12:24:26.632,-0.005032256,0.5374279,0.1763583
2569-08-21 12:24:26.636,-0.005032256,0.5374279,0.1763583
2569-08-21 12:24:26.636,-0.005032256,0.5374279,0.1763583
2569-08-21 12:24:26.636,-0.005032256,0.5374279,0.1763583
2569-08-21 12:24:26.640,-0.005032256,0.5374279,0.1763583
2569-08-21 12:24:26.640,-0.005032256,0.5374279,0.1763583
2569-08-21 12:24:26.648,-0.005032256,0.5374279,0.1763583
2569-08-21 12:24:26.649,-0.005032256,0.5374279,0.1763583
2569-08-21 12:24:26.652,-0.005032256,0.5374279,0.1763583
2569-08-21 12:24:26.652,-0.005032256,0.5374279,0.1763583
2569-08-21 12:24:26.656,-0.005032256,0.5374279,0.1763583
2569-08-21 12:24:26.656,-0.005032256,0.5374279,0.1763583
2569-08-21 12:24:26.656,-0.005032256,0.5374279,0.1763583
2569-08-21 12:24:26.659,-0.005032256,0.5374279,0.1763583
2569-08-21 12:24:26.659,-0.005032256,0.5374279,0.1763583
2569-08-21 12:24:26.673,-0.005032256,0.5374279,0.1763583
2569-08-21 12:24:26.673,-0.005032256,0.5374279,0.1763583
2569-08-21 12:24:26.677,-0.005032256,0.5374279,0.1763583
2569-08-21 12:24:26.678,-0.005032256,0.5374279,0.1763583
2569-08-21 12:24:26.678,-0.005032256,0.5374279,0.1763583
2569-08-21 12:24:26.694,-0.005032256,0.5374279,0.1763583
2569-08-21 12:24:26.694,-0.005032256,0.5374279,0.1763583
2569-08-21 12:24:26.705,-0.005032256,0.5374279,0.1763583
2569-08-21 12:24:26.719,-0.005032256,0.5374279,0.1763583
2569-08-21 12:24:26.719,-0.005032256,0.5374279,0.1763583
2569-08-21 12:24:26.729,-0.005032256,0.5374279,0.1763583
2569-08-21 12:24:26.729,-0.005032256,0.5374279,0.1763583
2569-08-21 12:24:26.729,-0.005032256,0.5374279,0.1763583
2569-08-21 12:24:26.739,-0.005032256,0.5374279,0.1763583
2569-08-21 12:24:26.739,-0.005032256,0.5374279,0.1763583
2569-08-21 12:24:26.743,-0.005032256,0.5374279,0.1763583
2569-08-21 12:24:26.743,-0.005032256,0.5374279,0.1763583
2569-08-21 12:24:26.743,-0.005032256,0.5374279,0.1763583
2569-08-21 12:24:26.745,-0.005032256,0.5374279,0.1763583
2569-08-21 12:24:26.745,-0.005032256,0.5374279,0.1763583
2569-08-21 12:24:26.749,-0.005032256,0.5374279,0.1763583
2569-08-21 12:24:26.749,-0.005032256,0.5374279,0.1763583
2569-08-21 12:24:26.753,-0.005032256,0.5374279,0.1763583
2569-08-21 12:24:26.764,-0.005032256,0.5374279,0.1763583
2569-08-21 12:24:26.764,-0.005032256,0.5374279,0.1763583
2569-08-21 12:24:26.766,-0.005032256,0.5374279,0.1763583
2569-08-21 12:24:26.768,-0.005032256,0.5374279,0.1763583
2569-08-21 12:24:26.771,-0.005032256,0.5374279,0.1763583
2569-08-21 12:24:26.771,-0.005032256,0.5374279,0.1763583
2569-08-21 12:24:26.773,-0.005032256,0.5374279,0.1763583
2569-08-21 12:24:26.773,-0.005032256,0.5374279,0.1763583
2569-08-21 12:24:26.773,-0.005032256,0.5374279,0.1763583
2569-08-21 12:24:26.784,-0.005032256,0.5374279,0.1763583
2569-08-21 12:24:26.784,-0.005032256,0.5374279,0.1763583
2569-08-21 12:24:26.788,-0.005032256,0.5374279,0.1763583
2569-08-21 12:24:26.788,-0.005032256,0.5374279,0.1763583
2569-08-21 12:24:26.791,-0.005032256,0.5374279,0.1763583
2569-08-21 12:24:26.791,-0.005032256,0.5374279,0.1763583
2569-08-21 12:24:26.795,-0.005032256,0.5374279,0.1763583
2569-08-21 12:24:26.795,-0.005032256,0.5374279,0.1763583
2569-08-21 12:24:26.795,-0.005032256,0.5374279,0.1763583
2569-08-21 12:24:26.809,-0.005032256,0.5374279,0.1763583
2569-08-21 12:24:26.809,-0.005032256,0.5374279,0.1763583
2569-08-21 12:24:26.812,-0.005032256,0.5374279,0.1763583
2569-08-21 12:24:26.812,-0.005032256,0.5374279,0.1763583
2569-08-21 12:24:26.816,-0.005032256,0.5374279,0.1763583
2569-08-21 12:24:26.816,-0.005032256,0.5374279,0.1763583
2569-08-21 12:24:26.816,-0.005032256,0.5374279,0.1763583
2569-08-21 12:24:26.829,-0.005032256,0.5374279,0.1763583
2569-08-21 12:24:26.829,-0.005032256,0.5374279,0.1763583
2569-08-21 12:24:26.833,-0.005032256,0.5374279,0.1763583
2569-08-21 12:24:26.833,-0.005032256,0.5374279,0.1763583
2569-08-21 12:24:26.836,-0.005032256,0.5374279,0.1763583
2569-08-21 12:24:26.836,-0.005032256,0.5374279,0.1763583
2569-08-21 12:24:26.836,-0.005032256,0.5374279,0.1763583
2569-08-21 12:24:26.839,-0.005032256,0.5374279,0.1763583
2569-08-21 12:24:26.839,-0.005032256,0.5374279,0.1763583
2569-08-21 12:24:26.849,-0.005032256,0.5374279,0.1763583
2569-08-21 12:24:26.849,-0.005032256,0.5374279,0.1763583
2569-08-21 12:24:26.854,-0.005032256,0.5374279,0.1763583
2569-08-21 12:24:26.854,-0.005032256,0.5374279,0.1763583
2569-08-21 12:24:26.854,-0.005032256,0.5374279,0.1763583
2569-08-21 12:24:26.857,-0.005032256,0.5374279,0.1763583
2569-08-21 12:24:26.857,-0.005032256,0.5374279,0.1763583
2569-08-21 12:24:26.860,-0.005032256,0.5374279,0.1763583
2569-08-21 12:24:26.860,-0.005032256,0.5374279,0.1763583
2569-08-21 12:24:26.874,-0.005032256,0.5374279,0.1763583
2569-08-21 12:24:26.874,-0.005032256,0.5374279,0.1763583
2569-08-21 12:24:26.877,-0.005032256,0.5374279,0.1763583
2569-08-21 12:24:26.877,-0.005032256,0.5374279,0.1763583
2569-08-21 12:24:26.877,-0.005032256,0.5374279,0.1763583
2569-08-21 12:24:26.881,-0.005032256,0.5374279,0.1763583
2569-08-21 12:24:26.881,-0.005032256,0.5374279,0.1763583
2569-08-21 12:24:26.884,-0.005032256,0.5374279,0.1763583
2569-08-21 12:24:26.884,-0.005032256,0.5374279,0.1763583
2569-08-21 12:24:26.894,-0.005032256,0.5374279,0.1763583
2569-08-21 12:24:26.894,-0.005032256,0.5374279,0.1763583
2569-08-21 12:24:26.898,-0.005032256,0.5374279,0.1763583
2569-08-21 12:24:26.898,-0.005032256,0.5374279,0.1763583
2569-08-21 12:24:26.899,-0.005032256,0.5374279,0.1763583
2569-08-21 12:24:26.901,-0.005032256,0.5374279,0.1763583
2569-08-21 12:24:26.901,-0.005032256,0.5374279,0.1763583
2569-08-21 12:24:26.904,-0.005032256,0.5374279,0.1763583
2569-08-21 12:24:26.904,-0.005032256,0.5374279,0.1763583
2569-08-21 12:24:26.919,-0.005032256,0.5374279,0.1763583
2569-08-21 12:24:26.919,-0.005032256,0.5374279,0.1763583
2569-08-21 12:24:26.923,-0.005032256,0.5374279,0.1763583
2569-08-21 12:24:26.923,-0.005032256,0.5374279,0.1763583
2569-08-21 12:24:26.923,-0.005032256,0.5374279,0.1763583
2569-08-21 12:24:26.925,-0.005032256,0.5374279,0.1763583
2569-08-21 12:24:26.925,-0.005032256,0.5374279,0.1763583
2569-08-21 12:24:26.929,-0.005032256,0.5374279,0.1763583
2569-08-21 12:24:26.930,-0.005032256,0.5374279,0.1763583
2569-08-21 12:24:26.933,-0.005032256,0.5374279,0.1763583
2569-08-21 12:24:26.939,-0.005032256,0.5374279,0.1763583
2569-08-21 12:24:26.939,-0.005032256,0.5374279,0.1763583
2569-08-21 12:24:26.943,-0.005032256,0.5374279,0.1763583
2569-08-21 12:24:26.943,-0.005032256,0.5374279,0.1763583
2569-08-21 12:24:26.947,-0.005032256,0.5374279,0.1763583
2569-08-21 12:24:26.947,-0.005032256,0.5374279,0.1763583
2569-08-21 12:24:26.951,-0.005032256,0.5374279,0.1763583
2569-08-21 12:24:26.951,-0.005032256,0.5374279,0.1763583
2569-08-21 12:24:26.954,-0.005032256,0.5374279,0.1763583
2569-08-21 12:24:26.964,-0.005032256,0.5374279,0.1763583
2569-08-21 12:24:26.964,-0.005032256,0.5374279,0.1763583
2569-08-21 12:24:26.968,-0.005032256,0.5374279,0.1763583
2569-08-21 12:24:26.968,-0.005032256,0.5374279,0.1763583
2569-08-21 12:24:26.971,-0.005032256,0.5374279,0.1763583
2569-08-21 12:24:26.971,-0.005032256,0.5374279,0.1763583
2569-08-21 12:24:26.974,-0.005032256,0.5374279,0.1763583
2569-08-21 12:24:26.974,-0.005032256,0.5374279,0.1763583
2569-08-21 12:24:26.975,-0.005032256,0.5374279,0.1763583
2569-08-21 12:24:26.984,-0.005032256,0.5374279,0.1763583
2569-08-21 12:24:26.984,-0.005032256,0.5374279,0.1763583
2569-08-21 12:24:26.989,-0.005032256,0.5374279,0.1763583
2569-08-21 12:24:26.989,-0.005032256,0.5374279,0.1763583
2569-08-21 12:24:26.992,-0.005032256,0.5374279,0.1763583
2569-08-21 12:24:26.992,-0.005032256,0.5374279,0.1763583
2569-08-21 12:24:26.994,-0.005032256,0.5374279,0.1763583
2569-08-21 12:24:26.994,-0.005032256,0.5374279,0.1763583
2569-08-21 12:24:26.994,-0.005032256,0.5374279,0.1763583
2569-08-21 12:24:27.009,-0.005032256,0.5374279,0.1763583
2569-08-21 12:24:27.009,-0.005032256,0.5374279,0.1763583
2569-08-21 12:24:27.013,-0.005032256,0.5374279,0.1763583
2569-08-21 12:24:27.013,-0.005032256,0.5374279,0.1763583
2569-08-21 12:24:27.013,-0.005032256,0.5374279,0.1763583
2569-08-21 12:24:27.016,-0.005032256,0.5374279,0.1763583
2569-08-21 12:24:27.016,-0.005032256,0.5374279,0.1763583
2569-08-21 12:24:27.019,-0.005032256,0.5374279,0.1763583
2569-08-21 12:24:27.020,-0.005032256,0.5374279,0.1763583
2569-08-21 12:24:27.030,-0.005032256,0.5374279,0.1763583
2569-08-21 12:24:27.030,-0.005032256,0.5374279,0.1763583
2569-08-21 12:24:27.034,-0.005032256,0.5374279,0.1763583
2569-08-21 12:24:27.034,-0.005032256,0.5374279,0.1763583
2569-08-21 12:24:27.034,-0.005032256,0.5374279,0.1763583
2569-08-21 12:24:27.037,-0.005032256,0.5374279,0.1763583
2569-08-21 12:24:27.037,-0.005032256,0.5374279,0.1763583
2569-08-21 12:24:27.040,-0.005032256,0.5374279,0.1763583
2569-08-21 12:24:27.040,-0.005032256,0.5374279,0.1763583
2569-08-21 12:24:27.054,-0.005032256,0.5374279,0.1763583
2569-08-21 12:24:27.054,-0.005032256,0.5374279,0.1763583
2569-08-21 12:24:27.057,-0.005032256,0.5374279,0.1763583
2569-08-21 12:24:27.057,-0.005032256,0.5374279,0.1763583
2569-08-21 12:24:27.057,-0.005032256,0.5374279,0.1763583
2569-08-21 12:24:27.061,-0.005032256,0.5374279,0.1763583
2569-08-21 12:24:27.061,-0.005032256,0.5374279,0.1763583
2569-08-21 12:24:27.074,-0.005032256,0.5374279,0.1763583
2569-08-21 12:24:27.074,-0.005032256,0.5374279,0.1763583
2569-08-21 12:24:27.079,-0.005032256,0.5374279,0.1763583
2569-08-21 12:24:27.079,-0.005032256,0.5374279,0.1763583
2569-08-21 12:24:27.079,-0.005032256,0.5374279,0.1763583
2569-08-21 12:24:27.082,-0.005032256,0.5374279,0.1763583
2569-08-21 12:24:27.082,-0.005032256,0.5374279,0.1763583
2569-08-21 12:24:27.084,-0.005032256,0.5374279,0.1763583
2569-08-21 12:24:27.084,-0.005032256,0.5374279,0.1763583
2569-08-21 12:24:27.095,-0.005032256,0.5374279,0.1763583
2569-08-21 12:24:27.095,-0.005032256,0.5374279,0.1763583
2569-08-21 12:24:27.099,-0.005032256,0.5374279,0.1763583
2569-08-21 12:24:27.100,-0.005032256,0.5374279,0.1763583
2569-08-21 12:24:27.100,-0.005032256,0.5374279,0.1763583
2569-08-21 12:24:27.102,-0.005032256,0.5374279,0.1763583
2569-08-21 12:24:27.102,-0.005032256,0.5374279,0.1763583
2569-08-21 12:24:27.106,-0.005032256,0.5374279,0.1763583
2569-08-21 12:24:27.107,-0.005032256,0.5374279,0.1763583
2569-08-21 12:24:27.120,-0.005032256,0.5374279,0.1763583
2569-08-21 12:24:27.120,-0.005032256,0.5374279,0.1763583
2569-08-21 12:24:27.123,-0.005032256,0.5374279,0.1763583
2569-08-21 12:24:27.123,-0.005032256,0.5374279,0.1763583
2569-08-21 12:24:27.123,-0.005032256,0.5374279,0.1763583
2569-08-21 12:24:27.126,-0.005032256,0.5374279,0.1763583
2569-08-21 12:24:27.126,-0.005032256,0.5374279,0.1763583
2569-08-21 12:24:27.129,-0.005032256,0.5374279,0.1763583
2569-08-21 12:24:27.129,-0.005032256,0.5374279,0.1763583
2569-08-21 12:24:27.139,-0.005032256,0.5374279,0.1763583
2569-08-21 12:24:27.139,-0.005032256,0.5374279,0.1763583
2569-08-21 12:24:27.144,-0.005032256,0.5374279,0.1763583
2569-08-21 12:24:27.144,-0.005032256,0.5374279,0.1763583
2569-08-21 12:24:27.144,-0.005032256,0.5374279,0.1763583
2569-08-21 12:24:27.147,-0.005032256,0.5374279,0.1763583
2569-08-21 12:24:27.147,-0.005032256,0.5374279,0.1763583
2569-08-21 12:24:27.149,-0.005032256,0.5374279,0.1763583
2569-08-21 12:24:27.149,-0.005032256,0.5374279,0.1763583
2569-08-21 12:24:27.151,-0.005032256,0.5374279,0.1763583
2569-08-21 12:24:27.151,-0.005032256,0.5374279,0.1763583
2569-08-21 12:24:27.155,-0.005032256,0.5374279,0.1763583
2569-08-21 12:24:27.165,-0.005032256,0.5374279,0.1763583
2569-08-21 12:24:27.165,-0.005032256,0.5374279,0.1763583
2569-08-21 12:24:27.168,-0.005032256,0.5374279,0.1763583
2569-08-21 12:24:27.168,-0.005032256,0.5374279,0.1763583
2569-08-21 12:24:27.171,-0.005032256,0.5374279,0.1763583
2569-08-21 12:24:27.171,-0.005032256,0.5374279,0.1763583
2569-08-21 12:24:27.174,-0.005032256,0.5374279,0.1763583
2569-08-21 12:24:27.174,-0.005032256,0.5374279,0.1763583
2569-08-21 12:24:27.174,-0.005032256,0.5374279,0.1763583
2569-08-21 12:24:27.176,-0.005032256,0.5374279,0.1763583
2569-08-21 12:24:27.176,-0.005032256,0.5374279,0.1763583
2569-08-21 12:24:27.185,-0.005032256,0.5374279,0.1763583
2569-08-21 12:24:27.185,-0.005032256,0.5374279,0.1763583
2569-08-21 12:24:27.188,-0.005032256,0.5374279,0.1763583
2569-08-21 12:24:27.188,-0.005032256,0.5374279,0.1763583
2569-08-21 12:24:27.192,-0.005032256,0.5374279,0.1763583
2569-08-21 12:24:27.192,-0.005032256,0.5374279,0.1763583
2569-08-21 12:24:27.194,-0.005032256,0.5374279,0.1763583
2569-08-21 12:24:27.194,-0.005032256,0.5374279,0.1763583
2569-08-21 12:24:27.194,-0.005032256,0.5374279,0.1763583
2569-08-21 12:24:27.196,-0.005032256,0.5374279,0.1763583
2569-08-21 12:24:27.197,-0.005032256,0.5374279,0.1763583
2569-08-21 12:24:27.210,-0.005032256,0.5374279,0.1763583
2569-08-21 12:24:27.210,-0.005032256,0.5374279,0.1763583
2569-08-21 12:24:27.213,-0.005032256,0.5374279,0.1763583
2569-08-21 12:24:27.213,-0.005032256,0.5374279,0.1763583
2569-08-21 12:24:27.213,-0.005032256,0.5374279,0.1763583
2569-08-21 12:24:27.216,-0.005032256,0.5374279,0.1763583
2569-08-21 12:24:27.216,-0.005032256,0.5374279,0.1763583
2569-08-21 12:24:27.219,-0.005032256,0.5374279,0.1763583
2569-08-21 12:24:27.219,-0.005032256,0.5374279,0.1763583
2569-08-21 12:24:27.230,-0.005032256,0.5374279,0.1763583
2569-08-21 12:24:27.231,-0.005032256,0.5374279,0.1763583
2569-08-21 12:24:27.233,-0.005032256,0.5374279,0.1763583
2569-08-21 12:24:27.233,-0.005032256,0.5374279,0.1763583
2569-08-21 12:24:27.233,-0.005032256,0.5374279,0.1763583
2569-08-21 12:24:27.237,-0.005032256,0.5374279,0.1763583
2569-08-21 12:24:27.237,-0.005032256,0.5374279,0.1763583
2569-08-21 12:24:27.240,-0.005032256,0.5374279,0.1763583
2569-08-21 12:24:27.241,-0.005032256,0.5374279,0.1763583
2569-08-21 12:24:27.255,-0.005032256,0.5374279,0.1763583
2569-08-21 12:24:27.255,-0.005032256,0.5374279,0.1763583
2569-08-21 12:24:27.259,-0.005032256,0.5374279,0.1763583
2569-08-21 12:24:27.259,-0.005032256,0.5374279,0.1763583
2569-08-21 12:24:27.259,-0.005032256,0.5374279,0.1763583
2569-08-21 12:24:27.263,-0.005032256,0.5374279,0.1763583
2569-08-21 12:24:27.263,-0.005032256,0.5374279,0.1763583
2569-08-21 12:24:27.265,-0.005032256,0.5374279,0.1763583
2569-08-21 12:24:27.265,-0.005032256,0.5374279,0.1763583
2569-08-21 12:24:27.275,-0.005032256,0.5374279,0.1763583
2569-08-21 12:24:27.275,-0.005032256,0.5374279,0.1763583
2569-08-21 12:24:27.279,-0.005032256,0.5374279,0.1763583
2569-08-21 12:24:27.279,-0.005032256,0.5374279,0.1763583
2569-08-21 12:24:27.279,-0.005032256,0.5374279,0.1763583
2569-08-21 12:24:27.282,-0.005032256,0.5374279,0.1763583
2569-08-21 12:24:27.282,-0.005032256,0.5374279,0.1763583
2569-08-21 12:24:27.285,-0.005032256,0.5374279,0.1763583
2569-08-21 12:24:27.285,-0.005032256,0.5374279,0.1763583
2569-08-21 12:24:27.300,-0.005032256,0.5374279,0.1763583
2569-08-21 12:24:27.300,-0.005032256,0.5374279,0.1763583
2569-08-21 12:24:27.303,-0.005032256,0.5374279,0.1763583
2569-08-21 12:24:27.303,-0.005032256,0.5371697,0.1773649
2569-08-21 12:24:27.303,-0.005032256,0.5371697,0.1773649
2569-08-21 12:24:27.306,-0.005032256,0.5371161,0.1775726
2569-08-21 12:24:27.307,-0.005032256,0.5371161,0.1775726
2569-08-21 12:24:27.320,-0.005032256,0.5370594,0.1777922
2569-08-21 12:24:27.320,-0.005032256,0.5370594,0.1777922
2569-08-21 12:24:27.324,-0.005032256,0.5370594,0.1777922
2569-08-21 12:24:27.325,-0.005032256,0.5367594,0.1789479
2569-08-21 12:24:27.325,-0.005032256,0.5367594,0.1789479
2569-08-21 12:24:27.334,-0.005032256,0.5367594,0.1789479
2569-08-21 12:24:27.341,-0.005032256,0.5365309,0.1798217
2569-08-21 12:24:27.341,-0.005032256,0.5365309,0.1798217
2569-08-21 12:24:27.351,-0.005032256,0.536212,0.181031
2569-08-21 12:24:27.351,-0.005032256,0.536212,0.181031
2569-08-21 12:24:27.360,-0.005032256,0.536212,0.181031
2569-08-21 12:24:27.365,-0.005032256,0.5359956,0.1818454
2569-08-21 12:24:27.365,-0.005032256,0.5359956,0.1818454
2569-08-21 12:24:27.374,-0.005032256,0.5359956,0.1818454
2569-08-21 12:24:27.374,-0.005032256,0.5356627,0.1830886
2569-08-21 12:24:27.374,-0.005032256,0.5356627,0.1830886
2569-08-21 12:24:27.386,-0.005032256,0.5354627,0.18383
2569-08-21 12:24:27.386,-0.005032256,0.5354627,0.18383
2569-08-21 12:24:27.393,-0.005032256,0.5354627,0.18383
2569-08-21 12:24:27.395,-0.005032256,0.5351711,0.1849039
2569-08-21 12:24:27.395,-0.005032256,0.5351711,0.1849039
2569-08-21 12:24:27.410,-0.005032256,0.5349408,0.1857461
2569-08-21 12:24:27.410,-0.005032256,0.5349408,0.1857461
2569-08-21 12:24:27.420,-0.005032256,0.5349408,0.1857461
2569-08-21 12:24:27.421,-0.005032256,0.5344988,0.1873482
2569-08-21 12:24:27.421,-0.005032256,0.5344988,0.1873482
2569-08-21 12:24:27.431,-0.005032256,0.5342646,0.1881893
2569-08-21 12:24:27.431,-0.005032256,0.5342646,0.1881893
2569-08-21 12:24:27.440,-0.005032256,0.5342646,0.1881893
2569-08-21 12:24:27.440,-0.005032256,0.5339975,0.1891423
2569-08-21 12:24:27.440,-0.005032256,0.5339975,0.1891423
2569-08-21 12:24:27.455,-0.005032256,0.533732,0.1900835
2569-08-21 12:24:27.455,-0.005032256,0.533732,0.1900835
2569-08-21 12:24:27.465,-0.005032256,0.533732,0.1900835
2569-08-21 12:24:27.465,-0.005032256,0.5332739,0.1916924
2569-08-21 12:24:27.465,-0.005032256,0.5332739,0.1916924
2569-08-21 12:24:27.474,-0.005032256,0.5332739,0.1916924
2569-08-21 12:24:27.476,-0.005032256,0.5330027,0.1926368
2569-08-21 12:24:27.476,-0.005032256,0.5330027,0.1926368
2569-08-21 12:24:27.478,-0.005032256,0.5328465,0.1931777
2569-08-21 12:24:27.478,-0.005032256,0.5328465,0.1931777
2569-08-21 12:24:27.487,-0.005032256,0.5325865,0.194073
2569-08-21 12:24:27.488,-0.005032256,0.5325865,0.194073
2569-08-21 12:24:27.496,-0.005032256,0.5325865,0.194073
2569-08-21 12:24:27.500,-0.005032256,0.5322965,0.1950656
2569-08-21 12:24:27.500,-0.005032256,0.5322965,0.1950656
2569-08-21 12:24:27.511,-0.005032256,0.5318347,0.1966321
2569-08-21 12:24:27.511,-0.005032256,0.5318347,0.1966321
2569-08-21 12:24:27.519,-0.005032256,0.5318347,0.1966321
2569-08-21 12:24:27.521,-0.005032256,0.5315303,0.1976557
2569-08-21 12:24:27.521,-0.005032256,0.5315303,0.1976557
2569-08-21 12:24:27.531,-0.005032256,0.5311226,0.1990154
2569-08-21 12:24:27.531,-0.005032256,0.5311226,0.1990154
2569-08-21 12:24:27.539,-0.005032256,0.5311226,0.1990154
2569-08-21 12:24:27.546,-0.005032256,0.5307842,0.2001341
2569-08-21 12:24:27.546,-0.005032256,0.5307842,0.2001341
2569-08-21 12:24:27.549,-0.005032256,0.5304617,0.2011925
2569-08-21 12:24:27.549,-0.005032256,0.5304617,0.2011925
2569-08-21 12:24:27.558,-0.005032256,0.5304617,0.2011925
2569-08-21 12:24:27.566,-0.005032256,0.5300985,0.2023758
2569-08-21 12:24:27.566,-0.005032256,0.5300985,0.2023758
2569-08-21 12:24:27.575,-0.005032256,0.5300985,0.2023758
2569-08-21 12:24:27.575,-0.005032256,0.5294296,0.2045306
2569-08-21 12:24:27.575,-0.005032256,0.5294296,0.2045306
2569-08-21 12:24:27.587,-0.005032256,0.5290799,0.205645
2569-08-21 12:24:27.587,-0.005032256,0.5290799,0.205645
2569-08-21 12:24:27.596,-0.005032256,0.5290799,0.205645
2569-08-21 12:24:27.596,-0.005032256,0.5285854,0.2072069
2569-08-21 12:24:27.596,-0.005032256,0.5285854,0.2072069
2569-08-21 12:24:27.611,-0.005032256,0.5282034,0.2084024
2569-08-21 12:24:27.611,-0.005032256,0.5282034,0.2084024
2569-08-21 12:24:27.620,-0.005032256,0.5282034,0.2084024
2569-08-21 12:24:27.620,-0.005032256,0.5275525,0.210419
2569-08-21 12:24:27.620,-0.005032256,0.5275525,0.210419
2569-08-21 12:24:27.632,-0.005032256,0.5271661,0.2116035
2569-08-21 12:24:27.632,-0.005032256,0.5271661,0.2116035
2569-08-21 12:24:27.640,-0.005032256,0.5271661,0.2116035
2569-08-21 12:24:27.640,-0.005032256,0.5266785,0.2130857
2569-08-21 12:24:27.640,-0.005032256,0.5266785,0.2130857
2569-08-21 12:24:27.656,-0.005032256,0.5262928,0.2142484
2569-08-21 12:24:27.656,-0.005032256,0.5262928,0.2142484
2569-08-21 12:24:27.665,-0.005032256,0.5262928,0.2142484
2569-08-21 12:24:27.666,-0.005032256,0.5255921,0.2163386
2569-08-21 12:24:27.666,-0.005032256,0.5255921,0.2163386
2569-08-21 12:24:27.674,-0.005032256,0.5255921,0.2163386
2569-08-21 12:24:27.677,-0.005032256,0.5251955,0.2175097
2569-08-21 12:24:27.677,-0.005032256,0.5251955,0.2175097
2569-08-21 12:24:27.685,-0.005032256,0.5246606,0.2190757
2569-08-21 12:24:27.685,-0.005032256,0.5246606,0.2190757
2569-08-21 12:24:27.695,-0.005032256,0.5246606,0.2190757
2569-08-21 12:24:27.701,-0.005032256,0.5242786,0.2201849
2569-08-21 12:24:27.701,-0.005032256,0.5242786,0.2201849
2569-08-21 12:24:27.710,-0.005032256,0.5236575,0.2219725
2569-08-21 12:24:27.710,-0.005032256,0.5236575,0.2219725
2569-08-21 12:24:27.719,-0.005032256,0.5236575,0.2219725
2569-08-21 12:24:27.722,-0.005032256,0.52329,0.2230209
2569-08-21 12:24:27.722,-0.005032256,0.52329,0.2230209
2569-08-21 12:24:27.731,-0.005032256,0.5228246,0.2243389
2569-08-21 12:24:27.731,-0.005032256,0.5228246,0.2243389
2569-08-21 12:24:27.739,-0.005032256,0.5228246,0.2243389
2569-08-21 12:24:27.746,-0.005032256,0.5224887,0.2252838
2569-08-21 12:24:27.746,-0.005032256,0.5224887,0.2252838
2569-08-21 12:24:27.755,-0.005032256,0.5224887,0.2252838
2569-08-21 12:24:27.755,-0.005032256,0.5218974,0.2269339
2569-08-21 12:24:27.755,-0.005032256,0.5218974,0.2269339
2569-08-21 12:24:27.767,-0.005032256,0.5215572,0.2278762
2569-08-21 12:24:27.767,-0.005032256,0.5215572,0.2278762
2569-08-21 12:24:27.775,-0.005032256,0.5215572,0.2278762
2569-08-21 12:24:27.775,-0.005032256,0.5211296,0.2290526
2569-08-21 12:24:27.776,-0.005032256,0.5211296,0.2290526
2569-08-21 12:24:27.791,-0.005032256,0.5208375,0.2298517
2569-08-21 12:24:27.791,-0.005032256,0.5208375,0.2298517
2569-08-21 12:24:27.800,-0.005032256,0.5208375,0.2298517
2569-08-21 12:24:27.800,-0.005032256,0.520304,0.2313013
2569-08-21 12:24:27.800,-0.005032256,0.520304,0.2313013
2569-08-21 12:24:27.811,-0.005032256,0.51998,0.2321758
2569-08-21 12:24:27.812,-0.005032256,0.51998,0.2321758
2569-08-21 12:24:27.827,-0.005032256,0.51998,0.2321758
2569-08-21 12:24:27.835,-0.005032256,0.5194898,0.2334902
2569-08-21 12:24:27.837,-0.005032256,0.5194898,0.2334902
2569-08-21 12:24:27.848,-0.005032256,0.5194898,0.2334902
2569-08-21 12:24:27.857,-0.005032256,0.5188827,0.2351042
2569-08-21 12:24:27.857,-0.005032256,0.5188827,0.2351042
2569-08-21 12:24:27.871,-0.005032256,0.5188827,0.2351042
2569-08-21 12:24:27.877,-0.005032256,0.5182585,0.236748
2569-08-21 12:24:27.877,-0.005032256,0.5182585,0.236748
2569-08-21 12:24:27.888,-0.005032256,0.5182585,0.236748
2569-08-21 12:24:27.889,-0.005032256,0.5177929,0.2379639
2569-08-21 12:24:27.889,-0.005032256,0.5177929,0.2379639
2569-08-21 12:24:27.899,-0.005032256,0.5177929,0.2379639
2569-08-21 12:24:27.902,-0.005032256,0.5175121,0.238693
2569-08-21 12:24:27.902,-0.005032256,0.5175121,0.238693
2569-08-21 12:24:27.912,-0.005032256,0.5171479,0.2396343
2569-08-21 12:24:27.912,-0.005032256,0.5171479,0.2396343
2569-08-21 12:24:27.922,-0.005032256,0.5171479,0.2396343
2569-08-21 12:24:27.922,-0.005032256,0.5168782,0.240328
2569-08-21 12:24:27.922,-0.005032256,0.5168782,0.240328
2569-08-21 12:24:27.932,-0.005032256,0.516627,0.2409717
2569-08-21 12:24:27.932,-0.005032256,0.516627,0.2409717
2569-08-21 12:24:27.941,-0.005032256,0.516627,0.2409717
2569-08-21 12:24:27.946,-0.005032256,0.5163699,0.2416281
2569-08-21 12:24:27.946,-0.005032256,0.5163699,0.2416281
2569-08-21 12:24:27.957,-0.005032256,0.5163699,0.2416281
2569-08-21 12:24:27.957,-0.005032256,0.5159449,0.2427079
2569-08-21 12:24:27.957,-0.005032256,0.5159449,0.2427079
2569-08-21 12:24:27.970,-0.005032256,0.5156245,0.2435175
2569-08-21 12:24:27.970,-0.005032256,0.5156245,0.2435175
2569-08-21 12:24:27.979,-0.005032256,0.5156245,0.2435175
2569-08-21 12:24:27.991,-0.005032256,0.5153333,0.2442503
2569-08-21 12:24:27.991,-0.005032256,0.5153333,0.2442503
2569-08-21 12:24:28.001,-0.005032256,0.5153333,0.2442503
2569-08-21 12:24:28.003,-0.005032256,0.5146903,0.2458574
2569-08-21 12:24:28.003,-0.005032256,0.5146903,0.2458574
2569-08-21 12:24:28.012,-0.005032256,0.5144032,0.2465702
2569-08-21 12:24:28.012,-0.005032256,0.5144032,0.2465702
2569-08-21 12:24:28.023,-0.005032256,0.5144032,0.2465702
2569-08-21 12:24:28.023,-0.005032256,0.5141213,0.2472675
2569-08-21 12:24:28.023,-0.005032256,0.5141213,0.2472675
2569-08-21 12:24:28.037,-0.005032256,0.5138687,0.2478898
2569-08-21 12:24:28.037,-0.005032256,0.5138687,0.2478898
2569-08-21 12:24:28.045,-0.005032256,0.5138687,0.2478898
2569-08-21 12:24:28.045,-0.005032256,0.5134892,0.2488212
2569-08-21 12:24:28.045,-0.005032256,0.5134892,0.2488212
2569-08-21 12:24:28.054,-0.005032256,0.5134892,0.2488212
2569-08-21 12:24:28.057,-0.005032256,0.51326,0.2493812
2569-08-21 12:24:28.057,-0.005032256,0.51326,0.2493812
2569-08-21 12:24:28.062,-0.005032256,0.51305,0.2498927
2569-08-21 12:24:28.062,-0.005032256,0.51305,0.2498927
2569-08-21 12:24:28.081,-0.005032256,0.5127812,0.2505455
2569-08-21 12:24:28.081,-0.005032256,0.5127812,0.2505455
2569-08-21 12:24:28.093,-0.005032256,0.5127812,0.2505455
2569-08-21 12:24:28.093,-0.005032256,0.5127812,0.2505455
2569-08-21 12:24:28.103,-0.005032256,0.5122176,0.2519065
2569-08-21 12:24:28.103,-0.005032256,0.5122176,0.2519065
2569-08-21 12:24:28.113,-0.005032256,0.5116982,0.2531518
2569-08-21 12:24:28.113,-0.005032256,0.5116982,0.2531518
2569-08-21 12:24:28.121,-0.005032256,0.5116982,0.2531518
2569-08-21 12:24:28.123,-0.005032256,0.5114667,0.2537042
2569-08-21 12:24:28.123,-0.005032256,0.5114667,0.2537042
2569-08-21 12:24:28.132,-0.005032256,0.5112104,0.2543139
2569-08-21 12:24:28.132,-0.005032256,0.5112104,0.2543139
2569-08-21 12:24:28.142,-0.005032256,0.5112104,0.2543139
2569-08-21 12:24:28.147,-0.005032256,0.5109566,0.2549154
2569-08-21 12:24:28.147,-0.005032256,0.5109566,0.2549154
2569-08-21 12:24:28.158,-0.005032256,0.5109566,0.2549154
2569-08-21 12:24:28.158,-0.005032256,0.5105565,0.2558598
2569-08-21 12:24:28.158,-0.005032256,0.5105565,0.2558598
2569-08-21 12:24:28.169,-0.005032256,0.5102713,0.2565298
2569-08-21 12:24:28.169,-0.005032256,0.5102713,0.2565298
2569-08-21 12:24:28.179,-0.005032256,0.5102713,0.2565298
2569-08-21 12:24:28.179,-0.005032256,0.5100178,0.2571236
2569-08-21 12:24:28.179,-0.005032256,0.5100178,0.2571236
2569-08-21 12:24:28.193,-0.005032256,0.5097814,0.2576756
2569-08-21 12:24:28.193,-0.005032256,0.5097814,0.2576756
2569-08-21 12:24:28.201,-0.005032256,0.5097814,0.2576756
2569-08-21 12:24:28.202,-0.005032256,0.5094471,0.2584532
2569-08-21 12:24:28.202,-0.005032256,0.5094471,0.2584532
2569-08-21 12:24:28.213,-0.005032256,0.5092177,0.2589849
2569-08-21 12:24:28.213,-0.005032256,0.5092177,0.2589849
2569-08-21 12:24:28.221,-0.005032256,0.5092177,0.2589849
2569-08-21 12:24:28.222,-0.005032256,0.5089635,0.2595725
2569-08-21 12:24:28.222,-0.005032256,0.5089635,0.2595725
2569-08-21 12:24:28.237,-0.005032256,0.5087024,0.2601741
2569-08-21 12:24:28.237,-0.005032256,0.5087024,0.2601741
2569-08-21 12:24:28.247,-0.005032256,0.5087024,0.2601741
2569-08-21 12:24:28.247,-0.005032256,0.5083249,0.2610402
2569-08-21 12:24:28.247,-0.005032256,0.5083249,0.2610402
2569-08-21 12:24:28.255,-0.005032256,0.5083249,0.2610402
2569-08-21 12:24:28.258,-0.005032256,0.5080938,0.2615686
2569-08-21 12:24:28.258,-0.005032256,0.5080938,0.2615686
2569-08-21 12:24:28.267,-0.005032256,0.5077838,0.2622748
2569-08-21 12:24:28.267,-0.005032256,0.5077838,0.2622748
2569-08-21 12:24:28.277,-0.005032256,0.5077838,0.2622748
2569-08-21 12:24:28.283,-0.005032256,0.5075176,0.2628793
2569-08-21 12:24:28.283,-0.005032256,0.5075176,0.2628793
2569-08-21 12:24:28.293,-0.005032256,0.5071431,0.2637264
2569-08-21 12:24:28.293,-0.005032256,0.5071431,0.2637264
2569-08-21 12:24:28.300,-0.005032256,0.5071431,0.2637264
2569-08-21 12:24:28.304,-0.005032256,0.506914,0.2642426
2569-08-21 12:24:28.304,-0.005032256,0.506914,0.2642426
2569-08-21 12:24:28.312,-0.005032256,0.5066223,0.2648979
2569-08-21 12:24:28.312,-0.005032256,0.5066223,0.2648979
2569-08-21 12:24:28.321,-0.005032256,0.5066223,0.2648979
2569-08-21 12:24:28.328,-0.005032256,0.5063835,0.2654329
2569-08-21 12:24:28.328,-0.005032256,0.5063835,0.2654329
2569-08-21 12:24:28.336,-0.005032256,0.5063835,0.2654329
2569-08-21 12:24:28.336,-0.005032256,0.505969,0.2663573
2569-08-21 12:24:28.336,-0.005032256,0.505969,0.2663573
2569-08-21 12:24:28.349,-0.005032256,0.5057228,0.2669046
2569-08-21 12:24:28.349,-0.005032256,0.5057228,0.2669046
2569-08-21 12:24:28.356,-0.005032256,0.5057228,0.2669046
2569-08-21 12:24:28.356,-0.005032256,0.5054007,0.2676181
2569-08-21 12:24:28.356,-0.005032256,0.5054007,0.2676181
2569-08-21 12:24:28.372,-0.005032256,0.5051341,0.2682065
2569-08-21 12:24:28.372,-0.005032256,0.5051341,0.2682065
2569-08-21 12:24:28.382,-0.005032256,0.5051341,0.2682065
2569-08-21 12:24:28.393,-0.005032256,0.5046989,0.2691633
2569-08-21 12:24:28.393,-0.005032256,0.5046989,0.2691633
2569-08-21 12:24:28.403,-0.005032256,0.5046989,0.2691633
2569-08-21 12:24:28.403,-0.005032256,0.5040852,0.2705041
2569-08-21 12:24:28.403,-0.005032256,0.5040852,0.2705041
2569-08-21 12:24:28.414,-0.005032256,0.5038146,0.2710924
2569-08-21 12:24:28.414,-0.005032256,0.5038146,0.2710924
2569-08-21 12:24:28.422,-0.005032256,0.5038146,0.2710924
2569-08-21 12:24:28.422,-0.005032256,0.5035009,0.2717721
2569-08-21 12:24:28.422,-0.005032256,0.5035009,0.2717721
2569-08-21 12:24:28.439,-0.005032256,0.5032383,0.2723393
2569-08-21 12:24:28.439,-0.005032256,0.5032383,0.2723393
2569-08-21 12:24:28.447,-0.005032256,0.5032383,0.2723393
2569-08-21 12:24:28.447,-0.005032256,0.5027505,0.2733885
2569-08-21 12:24:28.447,-0.005032256,0.5027505,0.2733885
2569-08-21 12:24:28.456,-0.005032256,0.5027505,0.2733885
2569-08-21 12:24:28.459,-0.005032256,0.5024787,0.2739706
2569-08-21 12:24:28.459,-0.005032256,0.5024787,0.2739706
2569-08-21 12:24:28.468,-0.005032256,0.502118,0.2747405
2569-08-21 12:24:28.468,-0.005032256,0.502118,0.2747405
2569-08-21 12:24:28.478,-0.005032256,0.502118,0.2747405
2569-08-21 12:24:28.483,-0.005032256,0.5018337,0.275345
2569-08-21 12:24:28.483,-0.005032256,0.5018337,0.275345
2569-08-21 12:24:28.494,-0.005032256,0.5018337,0.275345
2569-08-21 12:24:28.494,-0.005032256,0.5013387,0.2763932
2569-08-21 12:24:28.495,-0.005032256,0.5013387,0.2763932
2569-08-21 12:24:28.508,-0.005032256,0.5009012,0.2773151
2569-08-21 12:24:28.508,-0.005032256,0.5009012,0.2773151
2569-08-21 12:24:28.520,-0.005032256,0.5009012,0.2773151
2569-08-21 12:24:28.529,-0.005032256,0.500493,0.2781712
2569-08-21 12:24:28.529,-0.005032256,0.500493,0.2781712
2569-08-21 12:24:28.539,-0.005032256,0.500493,0.2781712
2569-08-21 12:24:28.540,-0.005032256,0.499892,0.2794247
2569-08-21 12:24:28.540,-0.005032256,0.499892,0.2794247
2569-08-21 12:24:28.553,-0.005032256,0.499892,0.2794247
2569-08-21 12:24:28.553,-0.005032256,0.4994307,0.2803815
2569-08-21 12:24:28.554,-0.005032256,0.4994307,0.2803815
2569-08-21 12:24:28.574,-0.004591815,0.499086,0.2810057
2569-08-21 12:24:28.574,-0.004591815,0.499086,0.2810057
2569-08-21 12:24:28.583,-0.004591815,0.499086,0.2810057
2569-08-21 12:24:28.583,-0.003620215,0.49832,0.2823842
2569-08-21 12:24:28.583,-0.003620215,0.49832,0.2823842
2569-08-21 12:24:28.594,-0.003620215,0.49832,0.2823842
2569-08-21 12:24:28.594,-0.00306176,0.4979216,0.2830844
2569-08-21 12:24:28.594,-0.00306176,0.4979216,0.2830844
2569-08-21 12:24:28.604,-0.002488196,0.4975103,0.2838042
2569-08-21 12:24:28.604,-0.002488196,0.4975103,0.2838042
2569-08-21 12:24:28.613,-0.002488196,0.4975103,0.2838042
2569-08-21 12:24:28.619,-0.001840524,0.4971237,0.2844541
2569-08-21 12:24:28.619,-0.001840524,0.4971237,0.2844541
2569-08-21 12:24:28.639,-0.0007043965,0.4965179,0.285439
2569-08-21 12:24:28.639,-0.0007043965,0.4965179,0.285439
2569-08-21 12:24:28.648,-0.0007043965,0.4965179,0.285439
2569-08-21 12:24:28.649,0.0009392053,0.4956309,0.2868659
2569-08-21 12:24:28.649,0.0009392053,0.4956309,0.2868659
2569-08-21 12:24:28.657,0.0009392053,0.4956309,0.2868659
2569-08-21 12:24:28.659,0.001738839,0.4952302,0.2874909
2569-08-21 12:24:28.659,0.001738839,0.4952302,0.2874909
2569-08-21 12:24:28.669,0.002772056,0.4947084,0.2882991
2569-08-21 12:24:28.669,0.002772056,0.4947084,0.2882991
2569-08-21 12:24:28.679,0.002772056,0.4947084,0.2882991
2569-08-21 12:24:28.684,0.003705017,0.4942439,0.2890089
2569-08-21 12:24:28.684,0.003705017,0.4942439,0.2890089
2569-08-21 12:24:28.694,0.003705017,0.4942439,0.2890089
2569-08-21 12:24:28.694,0.005078651,0.4935535,0.2900554
2569-08-21 12:24:28.694,0.005078651,0.4935535,0.2900554
2569-08-21 12:24:28.706,0.006238542,0.4929856,0.2908987
2569-08-21 12:24:28.706,0.006238542,0.4929856,0.2908987
2569-08-21 12:24:28.716,0.006238542,0.4929856,0.2908987
2569-08-21 12:24:28.716,0.007219639,0.4925011,0.2916128
2569-08-21 12:24:28.716,0.007219639,0.4925011,0.2916128
2569-08-21 12:24:28.729,0.008275405,0.4919918,0.2923503
2569-08-21 12:24:28.729,0.008275405,0.4919918,0.2923503
2569-08-21 12:24:28.739,0.008275405,0.4919918,0.2923503
2569-08-21 12:24:28.740,0.009635646,0.4913292,0.2933017
2569-08-21 12:24:28.740,0.009635646,0.4913292,0.2933017
2569-08-21 12:24:28.750,0.01077155,0.4907977,0.2940446
2569-08-21 12:24:28.750,0.01077155,0.4907977,0.2940446
2569-08-21 12:24:28.758,0.01077155,0.4907977,0.2940446
2569-08-21 12:24:28.759,0.01170075,0.4903595,0.294653
2569-08-21 12:24:28.759,0.01170075,0.4903595,0.294653
2569-08-21 12:24:28.774,0.01271942,0.4898851,0.2953016
2569-08-21 12:24:28.774,0.01271942,0.4898851,0.2953016
2569-08-21 12:24:28.783,0.01271942,0.4898851,0.2953016
2569-08-21 12:24:28.783,0.01447569,0.4890584,0.2964216
2569-08-21 12:24:28.783,0.01447569,0.4890584,0.2964216
2569-08-21 12:24:28.795,0.01539772,0.4886096,0.2970297
2569-08-21 12:24:28.795,0.01539772,0.4886096,0.2970297
2569-08-21 12:24:28.803,0.01539772,0.4886096,0.2970297
2569-08-21 12:24:28.804,0.01658352,0.4880278,0.2978127
2569-08-21 12:24:28.804,0.01658352,0.4880278,0.2978127
2569-08-21 12:24:28.819,0.01758591,0.4875417,0.2984565
2569-08-21 12:24:28.819,0.01758591,0.4875417,0.2984565
2569-08-21 12:24:28.829,0.01758591,0.4875417,0.2984565
2569-08-21 12:24:28.829,0.01934186,0.4866812,0.299586
2569-08-21 12:24:28.829,0.01934186,0.4866812,0.299586
2569-08-21 12:24:28.837,0.01934186,0.4866812,0.299586
2569-08-21 12:24:28.840,0.0203161,0.4861956,0.3002195
2569-08-21 12:24:28.840,0.0203161,0.4861956,0.3002195
2569-08-21 12:24:28.848,0.02145162,0.4856249,0.3009587
2569-08-21 12:24:28.848,0.02145162,0.4856249,0.3009587
2569-08-21 12:24:28.857,0.02145162,0.4856249,0.3009587
2569-08-21 12:24:28.865,0.02242919,0.4851204,0.301613
2569-08-21 12:24:28.865,0.02242919,0.4851204,0.301613
2569-08-21 12:24:28.873,0.02242919,0.4851204,0.301613
2569-08-21 12:24:28.873,0.02412392,0.4842368,0.3027491
2569-08-21 12:24:28.873,0.02412392,0.4842368,0.3027491
2569-08-21 12:24:28.885,0.02505797,0.483759,0.3033504
2569-08-21 12:24:28.885,0.02505797,0.483759,0.3033504
2569-08-21 12:24:28.894,0.02505797,0.483759,0.3033504
2569-08-21 12:24:28.894,0.02617859,0.4831813,0.3040727
2569-08-21 12:24:28.894,0.02617859,0.4831813,0.3040727
2569-08-21 12:24:28.910,0.02706033,0.4827159,0.3046553
2569-08-21 12:24:28.910,0.02706033,0.4827159,0.3046553
2569-08-21 12:24:28.919,0.02706033,0.4827159,0.3046553
2569-08-21 12:24:28.930,0.02866512,0.4818786,0.3056849
2569-08-21 12:24:28.930,0.02866512,0.4818786,0.3056849
2569-08-21 12:24:28.940,0.02866512,0.4818786,0.3056849
2569-08-21 12:24:28.940,0.03082569,0.4807353,0.3070743
2569-08-21 12:24:28.940,0.03082569,0.4807353,0.3070743
2569-08-21 12:24:28.951,0.03174333,0.4802441,0.3076655
2569-08-21 12:24:28.951,0.03174333,0.4802441,0.3076655
2569-08-21 12:24:28.959,0.03174333,0.4802441,0.3076655
2569-08-21 12:24:28.959,0.03264674,0.4797572,0.3082481
2569-08-21 12:24:28.959,0.03264674,0.4797572,0.3082481
2569-08-21 12:24:28.974,0.03367593,0.4791976,0.3089148
2569-08-21 12:24:28.974,0.03367593,0.4791976,0.3089148
2569-08-21 12:24:28.985,0.03367593,0.4791976,0.3089148
2569-08-21 12:24:28.985,0.03515984,0.4783829,0.3098774
2569-08-21 12:24:28.985,0.03515984,0.4783829,0.3098774
2569-08-21 12:24:28.994,0.03515984,0.4783829,0.3098774
2569-08-21 12:24:28.995,0.03597889,0.4778924,0.310475
2569-08-21 12:24:28.995,0.03597889,0.4778924,0.310475
2569-08-21 12:24:29.005,0.03685579,0.4773637,0.3111154
2569-08-21 12:24:29.005,0.03685579,0.4773637,0.3111154
2569-08-21 12:24:29.015,0.03685579,0.4773637,0.3111154
2569-08-21 12:24:29.020,0.03760284,0.4768721,0.3117291
2569-08-21 12:24:29.020,0.03760284,0.4768721,0.3117291
2569-08-21 12:24:29.030,0.03870154,0.4761437,0.312633
2569-08-21 12:24:29.030,0.03870154,0.4761437,0.312633
2569-08-21 12:24:29.038,0.03870154,0.4761437,0.312633
2569-08-21 12:24:29.041,0.03927076,0.4757411,0.3131414
2569-08-21 12:24:29.041,0.03927076,0.4757411,0.3131414
2569-08-21 12:24:29.050,0.0399937,0.4752271,0.3137878
2569-08-21 12:24:29.050,0.0399937,0.4752271,0.3137878
2569-08-21 12:24:29.059,0.0399937,0.4752271,0.3137878
2569-08-21 12:24:29.065,0.04045818,0.4748442,0.3142917
2569-08-21 12:24:29.066,0.04045818,0.4748442,0.3142917
2569-08-21 12:24:29.074,0.04045818,0.4748442,0.3142917
2569-08-21 12:24:29.074,0.0412217,0.4742114,0.315121
2569-08-21 12:24:29.074,0.0412217,0.4742114,0.315121
2569-08-21 12:24:29.085,0.04161084,0.4738709,0.3155721
2569-08-21 12:24:29.085,0.04161084,0.4738709,0.3155721
2569-08-21 12:24:29.095,0.04161084,0.4738709,0.3155721
2569-08-21 12:24:29.095,0.0420861,0.4734534,0.3161236
2569-08-21 12:24:29.095,0.0420861,0.4734534,0.3161236
2569-08-21 12:24:29.110,0.04206256,0.4732158,0.3165372
2569-08-21 12:24:29.110,0.04206256,0.4732158,0.3165372
2569-08-21 12:24:29.119,0.04206256,0.4732158,0.3165372
2569-08-21 12:24:29.119,0.04202157,0.4728018,0.3172558
2569-08-21 12:24:29.120,0.04202157,0.4728018,0.3172558
2569-08-21 12:24:29.131,0.04200051,0.4725893,0.3176239
2569-08-21 12:24:29.131,0.04200051,0.4725893,0.3176239
2569-08-21 12:24:29.139,0.04200051,0.4725893,0.3176239
2569-08-21 12:24:29.139,0.04197283,0.4723096,0.3181071
2569-08-21 12:24:29.139,0.04197283,0.4723096,0.3181071
2569-08-21 12:24:29.155,0.04195279,0.4721072,0.3184561
2569-08-21 12:24:29.155,0.04195279,0.4721072,0.3184561
2569-08-21 12:24:29.165,0.04195279,0.4721072,0.3184561
2569-08-21 12:24:29.165,0.04191771,0.471753,0.3190655
2569-08-21 12:24:29.165,0.04191771,0.471753,0.3190655
2569-08-21 12:24:29.174,0.04191771,0.471753,0.3190655
2569-08-21 12:24:29.175,0.04191771,0.471753,0.3190655
2569-08-21 12:24:29.176,0.04191771,0.471753,0.3190655
2569-08-21 12:24:29.185,0.04191771,0.471753,0.3190655
2569-08-21 12:24:29.185,0.04191771,0.471753,0.3190655
2569-08-21 12:24:29.193,0.04191771,0.471753,0.3190655
2569-08-21 12:24:29.200,0.04191771,0.471753,0.3190655
2569-08-21 12:24:29.200,0.04191771,0.471753,0.3190655
2569-08-21 12:24:29.220,0.04191771,0.471753,0.3190655
2569-08-21 12:24:29.221,0.04191771,0.471753,0.3190655
2569-08-21 12:24:29.224,0.04191771,0.471753,0.3190655
2569-08-21 12:24:29.224,0.04191771,0.471753,0.3190655
2569-08-21 12:24:29.224,0.04191771,0.471753,0.3190655
2569-08-21 12:24:29.226,0.04191771,0.471753,0.3190655
2569-08-21 12:24:29.226,0.04191771,0.471753,0.3190655
2569-08-21 12:24:29.229,0.04191771,0.471753,0.3190655
2569-08-21 12:24:29.229,0.04191771,0.471753,0.3190655
2569-08-21 12:24:29.232,0.04191771,0.471753,0.3190655
2569-08-21 12:24:29.232,0.04191771,0.471753,0.3190655
2569-08-21 12:24:29.234,0.04191771,0.471753,0.3190655
2569-08-21 12:24:29.241,0.04191771,0.471753,0.3190655
2569-08-21 12:24:29.241,0.04191771,0.471753,0.3190655
2569-08-21 12:24:29.244,0.04191771,0.471753,0.3190655
2569-08-21 12:24:29.244,0.04191771,0.471753,0.3190655
2569-08-21 12:24:29.246,0.04191771,0.471753,0.3190655
2569-08-21 12:24:29.246,0.04191771,0.471753,0.3190655
2569-08-21 12:24:29.249,0.04191771,0.471753,0.3190655
2569-08-21 12:24:29.249,0.04191771,0.471753,0.3190655
2569-08-21 12:24:29.250,0.04191771,0.471753,0.3190655
2569-08-21 12:24:29.250,0.04191771,0.471753,0.3190655
2569-08-21 12:24:29.253,0.04191771,0.471753,0.3190655
2569-08-21 12:24:29.265,0.04191771,0.471753,0.3190655
2569-08-21 12:24:29.265,0.04191771,0.471753,0.3190655
2569-08-21 12:24:29.269,0.04191771,0.471753,0.3190655
2569-08-21 12:24:29.269,0.04191771,0.471753,0.3190655
2569-08-21 12:24:29.272,0.04191771,0.471753,0.3190655
2569-08-21 12:24:29.272,0.04191771,0.471753,0.3190655
2569-08-21 12:24:29.275,0.04191771,0.471753,0.3190655
2569-08-21 12:24:29.275,0.04191771,0.471753,0.3190655
2569-08-21 12:24:29.275,0.04191771,0.471753,0.3190655
2569-08-21 12:24:29.278,0.04191771,0.471753,0.3190655
2569-08-21 12:24:29.278,0.04191771,0.471753,0.3190655
2569-08-21 12:24:29.286,0.04191771,0.471753,0.3190655
2569-08-21 12:24:29.286,0.04191771,0.471753,0.3190655
2569-08-21 12:24:29.289,0.04191771,0.471753,0.3190655
2569-08-21 12:24:29.289,0.04191771,0.471753,0.3190655
2569-08-21 12:24:29.292,0.04191771,0.471753,0.3190655
2569-08-21 12:24:29.292,0.04191771,0.471753,0.3190655
2569-08-21 12:24:29.293,0.04191771,0.471753,0.3190655
2569-08-21 12:24:29.294,0.04191771,0.471753,0.3190655
2569-08-21 12:24:29.294,0.04191771,0.471753,0.3190655
2569-08-21 12:24:29.296,0.04191771,0.471753,0.3190655
2569-08-21 12:24:29.296,0.04191771,0.471753,0.3190655
2569-08-21 12:24:29.311,0.04191771,0.471753,0.3190655
2569-08-21 12:24:29.311,0.04191771,0.471753,0.3190655
2569-08-21 12:24:29.313,0.04191771,0.471753,0.3190655
2569-08-21 12:24:29.313,0.04191771,0.471753,0.3190655
2569-08-21 12:24:29.313,0.04191771,0.471753,0.3190655
2569-08-21 12:24:29.315,0.04191771,0.471753,0.3190655
2569-08-21 12:24:29.315,0.04191771,0.471753,0.3190655
2569-08-21 12:24:29.319,0.04191771,0.471753,0.3190655
2569-08-21 12:24:29.319,0.04191771,0.471753,0.3190655
2569-08-21 12:24:29.320,0.04191771,0.471753,0.3190655
2569-08-21 12:24:29.320,0.04191771,0.471753,0.3190655
2569-08-21 12:24:29.332,0.04191771,0.471753,0.3190655
2569-08-21 12:24:29.332,0.04191771,0.471753,0.3190655
2569-08-21 12:24:29.334,0.04191771,0.471753,0.3190655
2569-08-21 12:24:29.334,0.04191771,0.471753,0.3190655
2569-08-21 12:24:29.334,0.04191771,0.471753,0.3190655
2569-08-21 12:24:29.337,0.04191771,0.471753,0.3190655
2569-08-21 12:24:29.337,0.04191771,0.471753,0.3190655
2569-08-21 12:24:29.339,0.04191771,0.471753,0.3190655
2569-08-21 12:24:29.339,0.04191771,0.471753,0.3190655
2569-08-21 12:24:29.341,0.04191771,0.471753,0.3190655
2569-08-21 12:24:29.341,0.04191771,0.471753,0.3190655
2569-08-21 12:24:29.356,0.04191771,0.471753,0.3190655
2569-08-21 12:24:29.356,0.04191771,0.471753,0.3190655
2569-08-21 12:24:29.359,0.04191771,0.471753,0.3190655
2569-08-21 12:24:29.359,0.04191771,0.471753,0.3190655
2569-08-21 12:24:29.359,0.04191771,0.471753,0.3190655
2569-08-21 12:24:29.362,0.04191771,0.471753,0.3190655
2569-08-21 12:24:29.362,0.04191771,0.471753,0.3190655
2569-08-21 12:24:29.364,0.04191771,0.471753,0.3190655
2569-08-21 12:24:29.364,0.04191771,0.471753,0.3190655
2569-08-21 12:24:29.367,0.04191771,0.471753,0.3190655
2569-08-21 12:24:29.367,0.04191771,0.471753,0.3190655
2569-08-21 12:24:29.376,0.04191771,0.471753,0.3190655
2569-08-21 12:24:29.377,0.04191771,0.471753,0.3190655
2569-08-21 12:24:29.379,0.04191771,0.471753,0.3190655
2569-08-21 12:24:29.380,0.04191771,0.471753,0.3190655
2569-08-21 12:24:29.380,0.04191771,0.471753,0.3190655
2569-08-21 12:24:29.382,0.04191771,0.471753,0.3190655
2569-08-21 12:24:29.382,0.04191771,0.471753,0.3190655
2569-08-21 12:24:29.384,0.04191771,0.471753,0.3190655
2569-08-21 12:24:29.384,0.04191771,0.471753,0.3190655
2569-08-21 12:24:29.387,0.04191771,0.471753,0.3190655
2569-08-21 12:24:29.387,0.04191771,0.471753,0.3190655
2569-08-21 12:24:29.401,0.04191771,0.471753,0.3190655
2569-08-21 12:24:29.401,0.04191771,0.471753,0.3190655
2569-08-21 12:24:29.404,0.04191771,0.471753,0.3190655
2569-08-21 12:24:29.404,0.04191771,0.471753,0.3190655
2569-08-21 12:24:29.404,0.04191771,0.471753,0.3190655
2569-08-21 12:24:29.406,0.04191771,0.471753,0.3190655
2569-08-21 12:24:29.407,0.04191771,0.471753,0.3190655
2569-08-21 12:24:29.409,0.04191771,0.471753,0.3190655
2569-08-21 12:24:29.409,0.04191771,0.471753,0.3190655
2569-08-21 12:24:29.411,0.04191771,0.471753,0.3190655
2569-08-21 12:24:29.411,0.04191771,0.471753,0.3190655
2569-08-21 12:24:29.413,0.04191771,0.471753,0.3190655
2569-08-21 12:24:29.422,0.04191771,0.471753,0.3190655
2569-08-21 12:24:29.422,0.04191771,0.471753,0.3190655
2569-08-21 12:24:29.424,0.04191771,0.471753,0.3190655
2569-08-21 12:24:29.424,0.04191771,0.471753,0.3190655
2569-08-21 12:24:29.427,0.04191771,0.471753,0.3190655
2569-08-21 12:24:29.427,0.04191771,0.471753,0.3190655
2569-08-21 12:24:29.429,0.04191771,0.471753,0.3190655
2569-08-21 12:24:29.429,0.04191771,0.471753,0.3190655
2569-08-21 12:24:29.431,0.04191771,0.471753,0.3190655
2569-08-21 12:24:29.431,0.04191771,0.471753,0.3190655
2569-08-21 12:24:29.434,0.04191771,0.471753,0.3190655
2569-08-21 12:24:29.446,0.04191771,0.471753,0.3190655
2569-08-21 12:24:29.446,0.04191771,0.471753,0.3190655
2569-08-21 12:24:29.449,0.04191771,0.471753,0.3190655
2569-08-21 12:24:29.449,0.04191771,0.471753,0.3190655
2569-08-21 12:24:29.452,0.04191771,0.471753,0.3190655
2569-08-21 12:24:29.452,0.04191771,0.471753,0.3190655
2569-08-21 12:24:29.454,0.04191771,0.471753,0.3190655
2569-08-21 12:24:29.467,0.04191771,0.471753,0.3190655
2569-08-21 12:24:29.467,0.04191771,0.471753,0.3190655
2569-08-21 12:24:29.470,0.04191771,0.471753,0.3190655
2569-08-21 12:24:29.470,0.04191771,0.471753,0.3190655
2569-08-21 12:24:29.472,0.04191771,0.471753,0.3190655
2569-08-21 12:24:29.472,0.04191771,0.471753,0.3190655
2569-08-21 12:24:29.475,0.04191771,0.471753,0.3190655
2569-08-21 12:24:29.475,0.04191771,0.471753,0.3190655
2569-08-21 12:24:29.475,0.04191771,0.471753,0.3190655
2569-08-21 12:24:29.478,0.04191771,0.471753,0.3190655
2569-08-21 12:24:29.478,0.04191771,0.471753,0.3190655
2569-08-21 12:24:29.487,0.04191771,0.471753,0.3190655
2569-08-21 12:24:29.487,0.04191771,0.471753,0.3190655
2569-08-21 12:24:29.490,0.04191771,0.471753,0.3190655
2569-08-21 12:24:29.490,0.04191771,0.471753,0.3190655
2569-08-21 12:24:29.492,0.04191771,0.471753,0.3190655
2569-08-21 12:24:29.492,0.04191771,0.471753,0.3190655
2569-08-21 12:24:29.494,0.04191771,0.471753,0.3190655
2569-08-21 12:24:29.494,0.04191771,0.471753,0.3190655
2569-08-21 12:24:29.494,0.04191771,0.471753,0.3190655
2569-08-21 12:24:29.497,0.04191771,0.471753,0.3190655
2569-08-21 12:24:29.497,0.04191771,0.471753,0.3190655
2569-08-21 12:24:29.511,0.04191771,0.471753,0.3190655
2569-08-21 12:24:29.512,0.04191771,0.471753,0.3190655
2569-08-21 12:24:29.514,0.04191771,0.471753,0.3190655
2569-08-21 12:24:29.514,0.04191771,0.471753,0.3190655
2569-08-21 12:24:29.514,0.04191771,0.471753,0.3190655
2569-08-21 12:24:29.516,0.04191771,0.471753,0.3190655
2569-08-21 12:24:29.516,0.04191771,0.471753,0.3190655
2569-08-21 12:24:29.518,0.04191771,0.471753,0.3190655
2569-08-21 12:24:29.518,0.04191771,0.471753,0.3190655
2569-08-21 12:24:29.521,0.04191771,0.471753,0.3190655
2569-08-21 12:24:29.521,0.04191771,0.471753,0.3190655
2569-08-21 12:24:29.524,0.04191771,0.471753,0.3190655
2569-08-21 12:24:29.524,0.04191771,0.471753,0.3190655
2569-08-21 12:24:29.532,0.04191771,0.471753,0.3190655
2569-08-21 12:24:29.532,0.04191771,0.471753,0.3190655
2569-08-21 12:24:29.534,0.04191771,0.471753,0.3190655
2569-08-21 12:24:29.534,0.04191771,0.471753,0.3190655
2569-08-21 12:24:29.534,0.04191771,0.471753,0.3190655
2569-08-21 12:24:29.538,0.04191771,0.471753,0.3190655
2569-08-21 12:24:29.538,0.04191771,0.471753,0.3190655
2569-08-21 12:24:29.539,0.04191771,0.471753,0.3190655
2569-08-21 12:24:29.539,0.04191771,0.471753,0.3190655
2569-08-21 12:24:29.542,0.04191771,0.471753,0.3190655
2569-08-21 12:24:29.542,0.04191771,0.471753,0.3190655
2569-08-21 12:24:29.557,0.04191771,0.471753,0.3190655
2569-08-21 12:24:29.557,0.04191771,0.471753,0.3190655
2569-08-21 12:24:29.560,0.04191771,0.471753,0.3190655
2569-08-21 12:24:29.561,0.04191771,0.471753,0.3190655
2569-08-21 12:24:29.561,0.04191771,0.471753,0.3190655
2569-08-21 12:24:29.563,0.04191771,0.471753,0.3190655
2569-08-21 12:24:29.563,0.04191771,0.471753,0.3190655
2569-08-21 12:24:29.566,0.04191771,0.471753,0.3190655
2569-08-21 12:24:29.566,0.04191771,0.471753,0.3190655
2569-08-21 12:24:29.568,0.04191771,0.471753,0.3190655
2569-08-21 12:24:29.569,0.04191771,0.471753,0.3190655
2569-08-21 12:24:29.577,0.04191771,0.471753,0.3190655
2569-08-21 12:24:29.577,0.04191771,0.471753,0.3190655
2569-08-21 12:24:29.580,0.04191771,0.471753,0.3190655
2569-08-21 12:24:29.580,0.04191771,0.471753,0.3190655
2569-08-21 12:24:29.580,0.04191771,0.471753,0.3190655
2569-08-21 12:24:29.582,0.04191771,0.471753,0.3190655
2569-08-21 12:24:29.582,0.04191771,0.471753,0.3190655
2569-08-21 12:24:29.586,0.04191771,0.471753,0.3190655
2569-08-21 12:24:29.586,0.04191771,0.471753,0.3190655
2569-08-21 12:24:29.588,0.04191771,0.471753,0.3190655
2569-08-21 12:24:29.588,0.04191771,0.471753,0.3190655
2569-08-21 12:24:29.602,0.04191771,0.471753,0.3190655
2569-08-21 12:24:29.602,0.04191771,0.471753,0.3190655
2569-08-21 12:24:29.605,0.04191771,0.471753,0.3190655
2569-08-21 12:24:29.605,0.04191771,0.471753,0.3190655
2569-08-21 12:24:29.605,0.04191771,0.471753,0.3190655
2569-08-21 12:24:29.607,0.04191771,0.471753,0.3190655
2569-08-21 12:24:29.607,0.04191771,0.471753,0.3190655
2569-08-21 12:24:29.610,0.04191771,0.471753,0.3190655
2569-08-21 12:24:29.610,0.04191771,0.471753,0.3190655
2569-08-21 12:24:29.613,0.04191771,0.471753,0.3190655
2569-08-21 12:24:29.613,0.04191771,0.471753,0.3190655
2569-08-21 12:24:29.615,0.04191771,0.471753,0.3190655
2569-08-21 12:24:29.622,0.04191771,0.471753,0.3190655
2569-08-21 12:24:29.622,0.04191771,0.471753,0.3190655
2569-08-21 12:24:29.625,0.04191771,0.471753,0.3190655
2569-08-21 12:24:29.625,0.04191771,0.471753,0.3190655
2569-08-21 12:24:29.628,0.04191771,0.471753,0.3190655
2569-08-21 12:24:29.628,0.04191771,0.471753,0.3190655
2569-08-21 12:24:29.629,0.04191771,0.471753,0.3190655
2569-08-21 12:24:29.629,0.04191771,0.471753,0.3190655
2569-08-21 12:24:29.632,0.04191771,0.471753,0.3190655
2569-08-21 12:24:29.632,0.04191771,0.471753,0.3190655
2569-08-21 12:24:29.634,0.04191771,0.471753,0.3190655
2569-08-21 12:24:29.646,0.04191771,0.471753,0.3190655
2569-08-21 12:24:29.646,0.04191771,0.471753,0.3190655
2569-08-21 12:24:29.650,0.04191771,0.471753,0.3190655
2569-08-21 12:24:29.650,0.04191771,0.471753,0.3190655
2569-08-21 12:24:29.652,0.04191771,0.471753,0.3190655
2569-08-21 12:24:29.653,0.04191771,0.471753,0.3190655
2569-08-21 12:24:29.655,0.04191771,0.471753,0.3190655
2569-08-21 12:24:29.655,0.04191771,0.471753,0.3190655
2569-08-21 12:24:29.655,0.04191771,0.471753,0.3190655
2569-08-21 12:24:29.658,0.04191771,0.471753,0.3190655
2569-08-21 12:24:29.658,0.04191771,0.471753,0.3190655
2569-08-21 12:24:29.667,0.04191771,0.471753,0.3190655
2569-08-21 12:24:29.667,0.04191771,0.471753,0.3190655
2569-08-21 12:24:29.670,0.04191771,0.471753,0.3190655
2569-08-21 12:24:29.670,0.04191771,0.471753,0.3190655
2569-08-21 12:24:29.673,0.04191771,0.471753,0.3190655
2569-08-21 12:24:29.673,0.04191771,0.471753,0.3190655
2569-08-21 12:24:29.674,0.04191771,0.471753,0.3190655
2569-08-21 12:24:29.675,0.04191771,0.471753,0.3190655
2569-08-21 12:24:29.676,0.04191771,0.471753,0.3190655
2569-08-21 12:24:29.678,0.04191771,0.471753,0.3190655
2569-08-21 12:24:29.678,0.04191771,0.471753,0.3190655
2569-08-21 12:24:29.688,0.04191771,0.471753,0.3190655
2569-08-21 12:24:29.688,0.04191771,0.471753,0.3190655
2569-08-21 12:24:29.691,0.04191771,0.471753,0.3190655
2569-08-21 12:24:29.691,0.04191771,0.471753,0.3190655
2569-08-21 12:24:29.694,0.04191771,0.471753,0.3190655
2569-08-21 12:24:29.694,0.04191771,0.471753,0.3190655
2569-08-21 12:24:29.694,0.04191771,0.471753,0.3190655
2569-08-21 12:24:29.696,0.04191771,0.471753,0.3190655
2569-08-21 12:24:29.696,0.04191771,0.471753,0.3190655
2569-08-21 12:24:29.699,0.04191771,0.471753,0.3190655
2569-08-21 12:24:29.699,0.04191771,0.471753,0.3190655
2569-08-21 12:24:29.712,0.04191771,0.471753,0.3190655
2569-08-21 12:24:29.712,0.04191771,0.471753,0.3190655
2569-08-21 12:24:29.715,0.04191771,0.471753,0.3190655
2569-08-21 12:24:29.716,0.04191771,0.471753,0.3190655
2569-08-21 12:24:29.716,0.04191771,0.471753,0.3190655
2569-08-21 12:24:29.718,0.04191771,0.471753,0.3190655
2569-08-21 12:24:29.718,0.04191771,0.471753,0.3190655
2569-08-21 12:24:29.720,0.04191771,0.471753,0.3190655
2569-08-21 12:24:29.720,0.04191771,0.471753,0.3190655
2569-08-21 12:24:29.722,0.04191771,0.471753,0.3190655
2569-08-21 12:24:29.722,0.04191771,0.471753,0.3190655
2569-08-21 12:24:29.733,0.04191771,0.471753,0.3190655
2569-08-21 12:24:29.733,0.04191771,0.471753,0.3190655
2569-08-21 12:24:29.735,0.04191771,0.471753,0.3190655
2569-08-21 12:24:29.735,0.04191771,0.471753,0.3190655
2569-08-21 12:24:29.735,0.04191771,0.471753,0.3190655
2569-08-21 12:24:29.738,0.04191771,0.471753,0.3190655
2569-08-21 12:24:29.738,0.04191771,0.471753,0.3190655
2569-08-21 12:24:29.740,0.04191771,0.471753,0.3190655
2569-08-21 12:24:29.740,0.04191771,0.471753,0.3190655
2569-08-21 12:24:29.742,0.04191771,0.471753,0.3190655
2569-08-21 12:24:29.743,0.04191771,0.471753,0.3190655
2569-08-21 12:24:29.757,0.04191771,0.471753,0.3190655
2569-08-21 12:24:29.757,0.04191771,0.471753,0.3190655
2569-08-21 12:24:29.760,0.04191771,0.471753,0.3190655
2569-08-21 12:24:29.760,0.04191771,0.471753,0.3190655
2569-08-21 12:24:29.760,0.04191771,0.471753,0.3190655
2569-08-21 12:24:29.762,0.04191771,0.471753,0.3190655
2569-08-21 12:24:29.763,0.04191771,0.471753,0.3190655
2569-08-21 12:24:29.764,0.04191771,0.471753,0.3190655
2569-08-21 12:24:29.764,0.04191771,0.471753,0.3190655
2569-08-21 12:24:29.769,0.04191771,0.471753,0.3190655
2569-08-21 12:24:29.769,0.04191771,0.471753,0.3190655
2569-08-21 12:24:29.777,0.04191771,0.471753,0.3190655
2569-08-21 12:24:29.777,0.04191771,0.471753,0.3190655
2569-08-21 12:24:29.781,0.04191771,0.471753,0.3190655
2569-08-21 12:24:29.781,0.04191771,0.471753,0.3190655
2569-08-21 12:24:29.781,0.04191771,0.471753,0.3190655
2569-08-21 12:24:29.784,0.04191771,0.471753,0.3190655
2569-08-21 12:24:29.784,0.04191771,0.471753,0.3190655
2569-08-21 12:24:29.786,0.04191771,0.471753,0.3190655
2569-08-21 12:24:29.786,0.04191771,0.471753,0.3190655
2569-08-21 12:24:29.788,0.04191771,0.471753,0.3190655
2569-08-21 12:24:29.788,0.04191771,0.471753,0.3190655
2569-08-21 12:24:29.802,0.04191771,0.471753,0.3190655
2569-08-21 12:24:29.802,0.04191771,0.471753,0.3190655
2569-08-21 12:24:29.804,0.04191771,0.471753,0.3190655
2569-08-21 12:24:29.806,0.04191771,0.471753,0.3190655
2569-08-21 12:24:29.806,0.04191771,0.471753,0.3190655
2569-08-21 12:24:29.808,0.04191771,0.471753,0.3190655
2569-08-21 12:24:29.808,0.04191771,0.471753,0.3190655
2569-08-21 12:24:29.810,0.04191771,0.471753,0.3190655
2569-08-21 12:24:29.810,0.04191771,0.471753,0.3190655
2569-08-21 12:24:29.813,0.04191771,0.471753,0.3190655
2569-08-21 12:24:29.813,0.04191771,0.471753,0.3190655
2569-08-21 12:24:29.815,0.04191771,0.471753,0.3190655
2569-08-21 12:24:29.822,0.04191771,0.471753,0.3190655
2569-08-21 12:24:29.823,0.04191771,0.471753,0.3190655
2569-08-21 12:24:29.825,0.04191771,0.471753,0.3190655
2569-08-21 12:24:29.825,0.04191771,0.471753,0.3190655
2569-08-21 12:24:29.827,0.04191771,0.471753,0.3190655
2569-08-21 12:24:29.827,0.04191771,0.471753,0.3190655
2569-08-21 12:24:29.831,0.04191771,0.471753,0.3190655
2569-08-21 12:24:29.831,0.04191771,0.471753,0.3190655
2569-08-21 12:24:29.833,0.04191771,0.471753,0.3190655
2569-08-21 12:24:29.833,0.04191771,0.471753,0.3190655
2569-08-21 12:24:29.835,0.04191771,0.471753,0.3190655
2569-08-21 12:24:29.848,0.04191771,0.471753,0.3190655
2569-08-21 12:24:29.848,0.04191771,0.471753,0.3190655
2569-08-21 12:24:29.850,0.04191771,0.471753,0.3190655
2569-08-21 12:24:29.850,0.04191771,0.471753,0.3190655
2569-08-21 12:24:29.853,0.04191771,0.471753,0.3190655
2569-08-21 12:24:29.853,0.04191771,0.471753,0.3190655
2569-08-21 12:24:29.853,0.04191771,0.471753,0.3190655
2569-08-21 12:24:29.855,0.04191771,0.471753,0.3190655
2569-08-21 12:24:29.855,0.04191771,0.471753,0.3190655
2569-08-21 12:24:29.857,0.04191771,0.471753,0.3190655
2569-08-21 12:24:29.857,0.04191771,0.471753,0.3190655
2569-08-21 12:24:29.868,0.04191771,0.471753,0.3190655
2569-08-21 12:24:29.868,0.04191771,0.471753,0.3190655
2569-08-21 12:24:29.871,0.04191771,0.471753,0.3190655
2569-08-21 12:24:29.871,0.04191771,0.471753,0.3190655
2569-08-21 12:24:29.873,0.04191771,0.471753,0.3190655
2569-08-21 12:24:29.873,0.04191771,0.471753,0.3190655
2569-08-21 12:24:29.873,0.04191771,0.471753,0.3190655
2569-08-21 12:24:29.876,0.04191771,0.471753,0.3190655
2569-08-21 12:24:29.876,0.04191771,0.471753,0.3190655
2569-08-21 12:24:29.879,0.04191771,0.471753,0.3190655
2569-08-21 12:24:29.879,0.04191771,0.471753,0.3190655
2569-08-21 12:24:29.893,0.04191771,0.471753,0.3190655
2569-08-21 12:24:29.893,0.04191771,0.471753,0.3190655
2569-08-21 12:24:29.895,0.04191771,0.471753,0.3190655
2569-08-21 12:24:29.895,0.04191771,0.471753,0.3190655
2569-08-21 12:24:29.895,0.04191771,0.471753,0.3190655
2569-08-21 12:24:29.897,0.04191771,0.471753,0.3190655
2569-08-21 12:24:29.897,0.04191771,0.471753,0.3190655
2569-08-21 12:24:29.900,0.04191771,0.471753,0.3190655
2569-08-21 12:24:29.900,0.04191771,0.471753,0.3190655
2569-08-21 12:24:29.902,0.04191771,0.471753,0.3190655
2569-08-21 12:24:29.902,0.04191771,0.471753,0.3190655
2569-08-21 12:24:29.913,0.04191771,0.471753,0.3190655
2569-08-21 12:24:29.913,0.04191771,0.471753,0.3190655
2569-08-21 12:24:29.915,0.04191771,0.471753,0.3190655
2569-08-21 12:24:29.915,0.04191771,0.471753,0.3190655
2569-08-21 12:24:29.915,0.04191771,0.471753,0.3190655
2569-08-21 12:24:29.917,0.04191771,0.471753,0.3190655
2569-08-21 12:24:29.917,0.04191771,0.471753,0.3190655
2569-08-21 12:24:29.920,0.04191771,0.471753,0.3190655
2569-08-21 12:24:29.920,0.04191771,0.471753,0.3190655
2569-08-21 12:24:29.922,0.04191771,0.471753,0.3190655
2569-08-21 12:24:29.922,0.04191771,0.471753,0.3190655
2569-08-21 12:24:29.925,0.04191771,0.471753,0.3190655
2569-08-21 12:24:29.925,0.04191771,0.471753,0.3190655
2569-08-21 12:24:29.938,0.04191771,0.471753,0.3190655
2569-08-21 12:24:29.938,0.04191771,0.471753,0.3190655
2569-08-21 12:24:29.940,0.04191771,0.471753,0.3190655
2569-08-21 12:24:29.940,0.04191771,0.471753,0.3190655
2569-08-21 12:24:29.940,0.04191771,0.471753,0.3190655
2569-08-21 12:24:29.943,0.04191771,0.471753,0.3190655
2569-08-21 12:24:29.943,0.04191771,0.471753,0.3190655
2569-08-21 12:24:29.945,0.04191771,0.471753,0.3190655
2569-08-21 12:24:29.945,0.04191771,0.471753,0.3190655
2569-08-21 12:24:29.958,0.04191771,0.471753,0.3190655
2569-08-21 12:24:29.958,0.04191771,0.471753,0.3190655
2569-08-21 12:24:29.960,0.04191771,0.471753,0.3190655
2569-08-21 12:24:29.961,0.04191771,0.471753,0.3190655
2569-08-21 12:24:29.961,0.04191771,0.471753,0.3190655
2569-08-21 12:24:29.963,0.04191771,0.471753,0.3190655
2569-08-21 12:24:29.963,0.04191771,0.471753,0.3190655
2569-08-21 12:24:29.966,0.04191771,0.471753,0.3190655
2569-08-21 12:24:29.966,0.04191771,0.471753,0.3190655
2569-08-21 12:24:29.969,0.04191771,0.471753,0.3190655
2569-08-21 12:24:29.969,0.04191771,0.471753,0.3190655
2569-08-21 12:24:29.979,0.04191771,0.471753,0.3190655
2569-08-21 12:24:29.979,0.04191771,0.471753,0.3190655
2569-08-21 12:24:29.981,0.04191771,0.471753,0.3190655
2569-08-21 12:24:29.981,0.04191771,0.471753,0.3190655
2569-08-21 12:24:29.981,0.04191771,0.471753,0.3190655
2569-08-21 12:24:29.984,0.04191771,0.471753,0.3190655
2569-08-21 12:24:29.984,0.04191771,0.471753,0.3190655
2569-08-21 12:24:29.986,0.04191771,0.471753,0.3190655
2569-08-21 12:24:29.986,0.04191771,0.471753,0.3190655
2569-08-21 12:24:29.989,0.04191771,0.471753,0.3190655
2569-08-21 12:24:29.989,0.04191771,0.471753,0.3190655
2569-08-21 12:24:30.002,0.04191771,0.471753,0.3190655
2569-08-21 12:24:30.002,0.04191771,0.471753,0.3190655
2569-08-21 12:24:30.005,0.04191771,0.471753,0.3190655
2569-08-21 12:24:30.005,0.04191771,0.471753,0.3190655
2569-08-21 12:24:30.005,0.04191771,0.471753,0.3190655
2569-08-21 12:24:30.008,0.04191771,0.471753,0.3190655
2569-08-21 12:24:30.008,0.04191771,0.471753,0.3190655
2569-08-21 12:24:30.011,0.04191771,0.471753,0.3190655
2569-08-21 12:24:30.011,0.04191771,0.471753,0.3190655
2569-08-21 12:24:30.013,0.04191771,0.471753,0.3190655
2569-08-21 12:24:30.013,0.04191771,0.471753,0.3190655
2569-08-21 12:24:30.013,0.04191771,0.471753,0.3190655
2569-08-21 12:24:30.024,0.04191771,0.471753,0.3190655
2569-08-21 12:24:30.024,0.04191771,0.471753,0.3190655
2569-08-21 12:24:30.026,0.04191771,0.471753,0.3190655
2569-08-21 12:24:30.026,0.04191771,0.471753,0.3190655
2569-08-21 12:24:30.029,0.04191771,0.471753,0.3190655
2569-08-21 12:24:30.029,0.04191771,0.471753,0.3190655
2569-08-21 12:24:30.030,0.04191771,0.471753,0.3190655
2569-08-21 12:24:30.032,0.04191771,0.471753,0.3190655
2569-08-21 12:24:30.033,0.04191771,0.471753,0.3190655
2569-08-21 12:24:30.033,0.04191771,0.471753,0.3190655
2569-08-21 12:24:30.033,0.04191771,0.471753,0.3190655
2569-08-21 12:24:30.048,0.04191771,0.471753,0.3190655
2569-08-21 12:24:30.048,0.04191771,0.471753,0.3190655
2569-08-21 12:24:30.052,0.04191771,0.471753,0.3190655
2569-08-21 12:24:30.052,0.04191771,0.471753,0.3190655
2569-08-21 12:24:30.053,0.04191771,0.471753,0.3190655
2569-08-21 12:24:30.053,0.04191771,0.471753,0.3190655
2569-08-21 12:24:30.054,0.04191771,0.471753,0.3190655
2569-08-21 12:24:30.056,0.04191771,0.471753,0.3190655
2569-08-21 12:24:30.056,0.04191771,0.471753,0.3190655
2569-08-21 12:24:30.059,0.04191771,0.471753,0.3190655
2569-08-21 12:24:30.059,0.04191771,0.471753,0.3190655
2569-08-21 12:24:30.069,0.04191771,0.471753,0.3190655
2569-08-21 12:24:30.069,0.04191771,0.471753,0.3190655
2569-08-21 12:24:30.071,0.04191771,0.471753,0.3190655
2569-08-21 12:24:30.071,0.04191771,0.471753,0.3190655
2569-08-21 12:24:30.074,0.04191771,0.471753,0.3190655
2569-08-21 12:24:30.074,0.04191771,0.471753,0.3190655
2569-08-21 12:24:30.074,0.04191771,0.471753,0.3190655
2569-08-21 12:24:30.076,0.04191771,0.471753,0.3190655
2569-08-21 12:24:30.076,0.04191771,0.471753,0.3190655
2569-08-21 12:24:30.079,0.04191771,0.471753,0.3190655
2569-08-21 12:24:30.079,0.04191771,0.471753,0.3190655
2569-08-21 12:24:30.094,0.04191771,0.471753,0.3190655
2569-08-21 12:24:30.094,0.04191771,0.471753,0.3190655
2569-08-21 12:24:30.096,0.04191771,0.471753,0.3190655
2569-08-21 12:24:30.097,0.04191771,0.471753,0.3190655
2569-08-21 12:24:30.097,0.04191771,0.471753,0.3190655
2569-08-21 12:24:30.100,0.04191771,0.471753,0.3190655
2569-08-21 12:24:30.100,0.04191771,0.471753,0.3190655
2569-08-21 12:24:30.102,0.04191771,0.471753,0.3190655
2569-08-21 12:24:30.102,0.04191771,0.471753,0.3190655
2569-08-21 12:24:30.105,0.04191771,0.471753,0.3190655
2569-08-21 12:24:30.105,0.04191771,0.471753,0.3190655
2569-08-21 12:24:30.113,0.04191771,0.471753,0.3190655
2569-08-21 12:24:30.113,0.04191771,0.471753,0.3190655
2569-08-21 12:24:30.115,0.04191771,0.471753,0.3190655
2569-08-21 12:24:30.117,0.04191771,0.471753,0.3190655
2569-08-21 12:24:30.117,0.04191771,0.471753,0.3190655
2569-08-21 12:24:30.137,0.04191771,0.471753,0.3190655
2569-08-21 12:24:30.137,0.04191771,0.471753,0.3190655
2569-08-21 12:24:30.148,0.04191771,0.471753,0.3190655
2569-08-21 12:24:30.148,0.04191771,0.471753,0.3190655
2569-08-21 12:24:30.148,0.04191771,0.471753,0.3190655
2569-08-21 12:24:30.156,0.04191771,0.471753,0.3190655
2569-08-21 12:24:30.159,0.04191771,0.471753,0.3190655
2569-08-21 12:24:30.159,0.04191771,0.471753,0.3190655
2569-08-21 12:24:30.161,0.04191771,0.471753,0.3190655
2569-08-21 12:24:30.161,0.04191771,0.471753,0.3190655
2569-08-21 12:24:30.164,0.04191771,0.471753,0.3190655
2569-08-21 12:24:30.164,0.04191771,0.471753,0.3190655
2569-08-21 12:24:30.166,0.04191771,0.471753,0.3190655
2569-08-21 12:24:30.166,0.04191771,0.471753,0.3190655
2569-08-21 12:24:30.168,0.04191771,0.471753,0.3190655
2569-08-21 12:24:30.168,0.04191771,0.471753,0.3190655
2569-08-21 12:24:30.171,0.04191771,0.471753,0.3190655
2569-08-21 12:24:30.171,0.04191771,0.471753,0.3190655
2569-08-21 12:24:30.173,0.04191771,0.471753,0.3190655
2569-08-21 12:24:30.183,0.04191771,0.471753,0.3190655
2569-08-21 12:24:30.183,0.04191771,0.471753,0.3190655
2569-08-21 12:24:30.186,0.04191771,0.471753,0.3190655
2569-08-21 12:24:30.186,0.04191771,0.471753,0.3190655
2569-08-21 12:24:30.189,0.04191771,0.471753,0.3190655
2569-08-21 12:24:30.189,0.04191771,0.471753,0.3190655
2569-08-21 12:24:30.203,0.04191771,0.471753,0.3190655
2569-08-21 12:24:30.203,0.04191771,0.471753,0.3190655
2569-08-21 12:24:30.206,0.04191771,0.471753,0.3190655
2569-08-21 12:24:30.207,0.04191771,0.471753,0.3190655
2569-08-21 12:24:30.207,0.04191771,0.471753,0.3190655
2569-08-21 12:24:30.210,0.04191771,0.471753,0.3190655
2569-08-21 12:24:30.210,0.04191771,0.471753,0.3190655
2569-08-21 12:24:30.212,0.04191771,0.471753,0.3190655
2569-08-21 12:24:30.213,0.04191771,0.471753,0.3190655
2569-08-21 12:24:30.214,0.04191771,0.471753,0.3190655
2569-08-21 12:24:30.215,0.04191771,0.471753,0.3190655
2569-08-21 12:24:30.215,0.04191771,0.471753,0.3190655
2569-08-21 12:24:30.224,0.04191771,0.471753,0.3190655
2569-08-21 12:24:30.224,0.04191771,0.471753,0.3190655
2569-08-21 12:24:30.227,0.04191771,0.471753,0.3190655
2569-08-21 12:24:30.227,0.04191771,0.471753,0.3190655
2569-08-21 12:24:30.230,0.04191771,0.471753,0.3190655
2569-08-21 12:24:30.230,0.04191771,0.471753,0.3190655
2569-08-21 12:24:30.231,0.04191771,0.471753,0.3190655
2569-08-21 12:24:30.232,0.04191771,0.471753,0.3190655
2569-08-21 12:24:30.233,0.04191771,0.471753,0.3190655
2569-08-21 12:24:30.234,0.04191771,0.471753,0.3190655
2569-08-21 12:24:30.234,0.04191771,0.471753,0.3190655
2569-08-21 12:24:30.249,0.04191771,0.471753,0.3190655
2569-08-21 12:24:30.249,0.04191771,0.471753,0.3190655
2569-08-21 12:24:30.252,0.04191771,0.471753,0.3190655
2569-08-21 12:24:30.252,0.04191771,0.471753,0.3190655
2569-08-21 12:24:30.254,0.04191771,0.471753,0.3190655
2569-08-21 12:24:30.255,0.04191771,0.471753,0.3190655
2569-08-21 12:24:30.255,0.04191771,0.471753,0.3190655
2569-08-21 12:24:30.257,0.04191771,0.471753,0.3190655
2569-08-21 12:24:30.257,0.04191771,0.471753,0.3190655
2569-08-21 12:24:30.259,0.04191771,0.471753,0.3190655
2569-08-21 12:24:30.259,0.04191771,0.471753,0.3190655
2569-08-21 12:24:30.269,0.04191771,0.471753,0.3190655
2569-08-21 12:24:30.270,0.04191771,0.471753,0.3190655
2569-08-21 12:24:30.272,0.04191771,0.471753,0.3190655
2569-08-21 12:24:30.272,0.04191771,0.471753,0.3190655
2569-08-21 12:24:30.274,0.04191771,0.471753,0.3190655
2569-08-21 12:24:30.274,0.04191771,0.471753,0.3190655
2569-08-21 12:24:30.274,0.04191771,0.471753,0.3190655
2569-08-21 12:24:30.277,0.04191771,0.471753,0.3190655
2569-08-21 12:24:30.277,0.04191771,0.471753,0.3190655
2569-08-21 12:24:30.280,0.04191771,0.471753,0.3190655
2569-08-21 12:24:30.280,0.04191771,0.471753,0.3190655
2569-08-21 12:24:30.293,0.04191771,0.471753,0.3190655
2569-08-21 12:24:30.293,0.04191771,0.471753,0.3190655
2569-08-21 12:24:30.297,0.04191771,0.471753,0.3190655
2569-08-21 12:24:30.297,0.04191771,0.471753,0.3190655
2569-08-21 12:24:30.297,0.04191771,0.471753,0.3190655
2569-08-21 12:24:30.299,0.04191771,0.471753,0.3190655
2569-08-21 12:24:30.299,0.04191771,0.471753,0.3190655
2569-08-21 12:24:30.302,0.04191771,0.471753,0.3190655
2569-08-21 12:24:30.302,0.04191771,0.471753,0.3190655
2569-08-21 12:24:30.304,0.04191771,0.471753,0.3190655
2569-08-21 12:24:30.304,0.04191771,0.471753,0.3190655
2569-08-21 12:24:30.314,0.04191771,0.471753,0.3190655
2569-08-21 12:24:30.314,0.04191771,0.471753,0.3190655
2569-08-21 12:24:30.317,0.04191771,0.471753,0.3190655
2569-08-21 12:24:30.317,0.04191771,0.471753,0.3190655
2569-08-21 12:24:30.317,0.04191771,0.471753,0.3190655
2569-08-21 12:24:30.319,0.04191771,0.471753,0.3190655
2569-08-21 12:24:30.319,0.04191771,0.471753,0.3190655
2569-08-21 12:24:30.322,0.04191771,0.471753,0.3190655
2569-08-21 12:24:30.322,0.04191771,0.471753,0.3190655
2569-08-21 12:24:30.324,0.04191771,0.471753,0.3190655
2569-08-21 12:24:30.324,0.04191771,0.471753,0.3190655
2569-08-21 12:24:30.326,0.04191771,0.471753,0.3190655
2569-08-21 12:24:30.326,0.04191771,0.471753,0.3190655
2569-08-21 12:24:30.339,0.04191771,0.471753,0.3190655
2569-08-21 12:24:30.339,0.04191771,0.471753,0.3190655
2569-08-21 12:24:30.342,0.04191771,0.471753,0.3190655
2569-08-21 12:24:30.342,0.04191771,0.471753,0.3190655
2569-08-21 12:24:30.342,0.04191771,0.471753,0.3190655
2569-08-21 12:24:30.345,0.04191771,0.471753,0.3190655
2569-08-21 12:24:30.345,0.04191771,0.471753,0.3190655
2569-08-21 12:24:30.347,0.04191771,0.471753,0.3190655
2569-08-21 12:24:30.347,0.04191771,0.471753,0.3190655
2569-08-21 12:24:30.349,0.04191771,0.471753,0.3190655
2569-08-21 12:24:30.349,0.04191771,0.471753,0.3190655
2569-08-21 12:24:30.359,0.04191771,0.471753,0.3190655
2569-08-21 12:24:30.359,0.04191771,0.471753,0.3190655
2569-08-21 12:24:30.362,0.04191771,0.471753,0.3190655
2569-08-21 12:24:30.362,0.04191771,0.471753,0.3190655
2569-08-21 12:24:30.362,0.04191771,0.471753,0.3190655
2569-08-21 12:24:30.365,0.04191771,0.471753,0.3190655
2569-08-21 12:24:30.365,0.04191771,0.471753,0.3190655
2569-08-21 12:24:30.368,0.04191771,0.471753,0.3190655
2569-08-21 12:24:30.368,0.04191771,0.471753,0.3190655
2569-08-21 12:24:30.369,0.04191771,0.471753,0.3190655
2569-08-21 12:24:30.369,0.04191771,0.471753,0.3190655
2569-08-21 12:24:30.384,0.04191771,0.471753,0.3190655
2569-08-21 12:24:30.384,0.04191771,0.471753,0.3190655
2569-08-21 12:24:30.387,0.04191771,0.471753,0.3190655
2569-08-21 12:24:30.387,0.04191771,0.471753,0.3190655
2569-08-21 12:24:30.387,0.04191771,0.471753,0.3190655
2569-08-21 12:24:30.389,0.04191771,0.471753,0.3190655
2569-08-21 12:24:30.389,0.04191771,0.471753,0.3190655
2569-08-21 12:24:30.391,0.04191771,0.471753,0.3190655
2569-08-21 12:24:30.391,0.04191771,0.471753,0.3190655
2569-08-21 12:24:30.394,0.04191771,0.471753,0.3190655
2569-08-21 12:24:30.404,0.04191771,0.471753,0.3190655
2569-08-21 12:24:30.404,0.04191771,0.471753,0.3190655
2569-08-21 12:24:30.407,0.04191771,0.471753,0.3190655
2569-08-21 12:24:30.407,0.04191771,0.471753,0.3190655
2569-08-21 12:24:30.410,0.04191771,0.471753,0.3190655
2569-08-21 12:24:30.410,0.04191771,0.471753,0.3190655
2569-08-21 12:24:30.412,0.04191771,0.471753,0.3190655
2569-08-21 12:24:30.412,0.04191771,0.471753,0.3190655
2569-08-21 12:24:30.414,0.04191771,0.471753,0.3190655
2569-08-21 12:24:30.414,0.04191771,0.471753,0.3190655
2569-08-21 12:24:30.414,0.04191771,0.471753,0.3190655
2569-08-21 12:24:30.425,0.04191771,0.471753,0.3190655
2569-08-21 12:24:30.425,0.04191771,0.471753,0.3190655
2569-08-21 12:24:30.427,0.04191771,0.471753,0.3190655
2569-08-21 12:24:30.427,0.04191771,0.471753,0.3190655
2569-08-21 12:24:30.430,0.04191771,0.471753,0.3190655
2569-08-21 12:24:30.430,0.04191771,0.471753,0.3190655
2569-08-21 12:24:30.433,0.04191771,0.471753,0.3190655
2569-08-21 12:24:30.433,0.04191771,0.471753,0.3190655
2569-08-21 12:24:30.435,0.04191771,0.471753,0.3190655
2569-08-21 12:24:30.435,0.04191771,0.471753,0.3190655
2569-08-21 12:24:30.435,0.04191771,0.471753,0.3190655
2569-08-21 12:24:30.449,0.04191771,0.471753,0.3190655
2569-08-21 12:24:30.450,0.04191771,0.471753,0.3190655
2569-08-21 12:24:30.452,0.04191771,0.471753,0.3190655
2569-08-21 12:24:30.452,0.04191771,0.471753,0.3190655
2569-08-21 12:24:30.455,0.04191771,0.471753,0.3190655
2569-08-21 12:24:30.455,0.04191771,0.471753,0.3190655
2569-08-21 12:24:30.455,0.04191771,0.471753,0.3190655
2569-08-21 12:24:30.457,0.04191771,0.471753,0.3190655
2569-08-21 12:24:30.457,0.04191771,0.471753,0.3190655
2569-08-21 12:24:30.459,0.04191771,0.471753,0.3190655
2569-08-21 12:24:30.459,0.04191771,0.471753,0.3190655
2569-08-21 12:24:30.461,0.04191771,0.471753,0.3190655
2569-08-21 12:24:30.461,0.04191771,0.471753,0.3190655
2569-08-21 12:24:30.470,0.04191771,0.471753,0.3190655
2569-08-21 12:24:30.470,0.04191771,0.471753,0.3190655
2569-08-21 12:24:30.472,0.04191771,0.471753,0.3190655
2569-08-21 12:24:30.472,0.04191771,0.471753,0.3190655
2569-08-21 12:24:30.474,0.04191771,0.471753,0.3190655
2569-08-21 12:24:30.475,0.04191771,0.471753,0.3190655
2569-08-21 12:24:30.475,0.04191771,0.471753,0.3190655
2569-08-21 12:24:30.477,0.04191771,0.471753,0.3190655
2569-08-21 12:24:30.477,0.04191771,0.471753,0.3190655
2569-08-21 12:24:30.480,0.04191771,0.471753,0.3190655
2569-08-21 12:24:30.480,0.04191771,0.471753,0.3190655
2569-08-21 12:24:30.494,0.04191771,0.471753,0.3190655
2569-08-21 12:24:30.494,0.04191771,0.471753,0.3190655
2569-08-21 12:24:30.497,0.04191771,0.471753,0.3190655
2569-08-21 12:24:30.497,0.04191771,0.471753,0.3190655
2569-08-21 12:24:30.497,0.04191771,0.471753,0.3190655
2569-08-21 12:24:30.500,0.04191771,0.471753,0.3190655
2569-08-21 12:24:30.500,0.04191771,0.471753,0.3190655
2569-08-21 12:24:30.503,0.04191771,0.471753,0.3190655
2569-08-21 12:24:30.503,0.04191771,0.471753,0.3190655
2569-08-21 12:24:30.504,0.04191771,0.471753,0.3190655
2569-08-21 12:24:30.505,0.04191771,0.471753,0.3190655
2569-08-21 12:24:30.515,0.04191771,0.471753,0.3190655
2569-08-21 12:24:30.515,0.04191771,0.471753,0.3190655
2569-08-21 12:24:30.517,0.04191771,0.471753,0.3190655
2569-08-21 12:24:30.517,0.04191771,0.471753,0.3190655
2569-08-21 12:24:30.517,0.04191771,0.471753,0.3190655
2569-08-21 12:24:30.520,0.04191771,0.471753,0.3190655
2569-08-21 12:24:30.520,0.04191771,0.471753,0.3190655
2569-08-21 12:24:30.522,0.04191771,0.471753,0.3190655
2569-08-21 12:24:30.522,0.04191771,0.471753,0.3190655
2569-08-21 12:24:30.524,0.04191771,0.471753,0.3190655
2569-08-21 12:24:30.524,0.04191771,0.471753,0.3190655
2569-08-21 12:24:30.540,0.04191771,0.471753,0.3190655
2569-08-21 12:24:30.540,0.04191771,0.471753,0.3190655
2569-08-21 12:24:30.541,0.04191771,0.471753,0.3190655
2569-08-21 12:24:30.543,0.04191771,0.471753,0.3190655
2569-08-21 12:24:30.543,0.04191771,0.471753,0.3190655
2569-08-21 12:24:30.545,0.04191771,0.471753,0.3190655
2569-08-21 12:24:30.545,0.04191771,0.471753,0.3190655
2569-08-21 12:24:30.547,0.04191771,0.471753,0.3190655
2569-08-21 12:24:30.547,0.04191771,0.471753,0.3190655
2569-08-21 12:24:30.549,0.04191771,0.471753,0.3190655
2569-08-21 12:24:30.549,0.04191771,0.471753,0.3190655
2569-08-21 12:24:30.560,0.04191771,0.471753,0.3190655
2569-08-21 12:24:30.560,0.04191771,0.471753,0.3190655
2569-08-21 12:24:30.562,0.04191771,0.471753,0.3190655
2569-08-21 12:24:30.562,0.04191771,0.471753,0.3190655
2569-08-21 12:24:30.562,0.04191771,0.471753,0.3190655
2569-08-21 12:24:30.566,0.04191771,0.471753,0.3190655
2569-08-21 12:24:30.566,0.04191771,0.471753,0.3190655
2569-08-21 12:24:30.569,0.04191771,0.471753,0.3190655
2569-08-21 12:24:30.569,0.04191771,0.471753,0.3190655
2569-08-21 12:24:30.571,0.04191771,0.471753,0.3190655
2569-08-21 12:24:30.571,0.04191771,0.471753,0.3190655
2569-08-21 12:24:30.574,0.04191771,0.471753,0.3190655
2569-08-21 12:24:30.584,0.04191771,0.471753,0.3190655
2569-08-21 12:24:30.584,0.04191771,0.471753,0.3190655
2569-08-21 12:24:30.588,0.04191771,0.471753,0.3190655
2569-08-21 12:24:30.588,0.04191771,0.471753,0.3190655
2569-08-21 12:24:30.590,0.04191771,0.471753,0.3190655
2569-08-21 12:24:30.590,0.04191771,0.471753,0.3190655
2569-08-21 12:24:30.592,0.04191771,0.471753,0.3190655
2569-08-21 12:24:30.592,0.04191771,0.471753,0.3190655
2569-08-21 12:24:30.594,0.04191771,0.471753,0.3190655
2569-08-21 12:24:30.595,0.04191771,0.471753,0.3190655
2569-08-21 12:24:30.595,0.04191771,0.471753,0.3190655
2569-08-21 12:24:30.605,0.04191771,0.471753,0.3190655
2569-08-21 12:24:30.606,0.04191771,0.471753,0.3190655
2569-08-21 12:24:30.607,0.04191771,0.471753,0.3190655
2569-08-21 12:24:30.607,0.04191771,0.471753,0.3190655
2569-08-21 12:24:30.610,0.04191771,0.471753,0.3190655
2569-08-21 12:24:30.610,0.04191771,0.471753,0.3190655
2569-08-21 12:24:30.612,0.04191771,0.471753,0.3190655
2569-08-21 12:24:30.613,0.04191771,0.471753,0.3190655
2569-08-21 12:24:30.615,0.04191771,0.471753,0.3190655
2569-08-21 12:24:30.615,0.04191771,0.471753,0.3190655
2569-08-21 12:24:30.615,0.04191771,0.471753,0.3190655
2569-08-21 12:24:30.617,0.04191771,0.471753,0.3190655
2569-08-21 12:24:30.617,0.04191771,0.471753,0.3190655
2569-08-21 12:24:30.630,0.04191771,0.471753,0.3190655
2569-08-21 12:24:30.630,0.04191771,0.471753,0.3190655
2569-08-21 12:24:30.633,0.04191771,0.471753,0.3190655
2569-08-21 12:24:30.633,0.04191771,0.471753,0.3190655
2569-08-21 12:24:30.633,0.04191771,0.471753,0.3190655
2569-08-21 12:24:30.636,0.04191771,0.471753,0.3190655
2569-08-21 12:24:30.636,0.04191771,0.471753,0.3190655
2569-08-21 12:24:30.649,0.04191771,0.471753,0.3190655
2569-08-21 12:24:30.649,0.04191771,0.471753,0.3190655
2569-08-21 12:24:30.653,0.04191771,0.471753,0.3190655
2569-08-21 12:24:30.653,0.04191771,0.471753,0.3190655
2569-08-21 12:24:30.655,0.04191771,0.471753,0.3190655
2569-08-21 12:24:30.655,0.04191771,0.471753,0.3190655
2569-08-21 12:24:30.655,0.04191771,0.471753,0.3190655
2569-08-21 12:24:30.657,0.04191771,0.471753,0.3190655
2569-08-21 12:24:30.657,0.04191771,0.471753,0.3190655
2569-08-21 12:24:30.661,0.04191771,0.471753,0.3190655
2569-08-21 12:24:30.661,0.04191771,0.471753,0.3190655
2569-08-21 12:24:30.671,0.04191771,0.471753,0.3190655
2569-08-21 12:24:30.671,0.04191771,0.471753,0.3190655
2569-08-21 12:24:30.673,0.04191771,0.471753,0.3190655
2569-08-21 12:24:30.674,0.04191771,0.471753,0.3190655
2569-08-21 12:24:30.674,0.04191771,0.471753,0.3190655
2569-08-21 12:24:30.677,0.04191771,0.471753,0.3190655
2569-08-21 12:24:30.677,0.04191771,0.471753,0.3190655
2569-08-21 12:24:30.680,0.04191771,0.471753,0.3190655
2569-08-21 12:24:30.680,0.04191771,0.471753,0.3190655
2569-08-21 12:24:30.682,0.04191771,0.471753,0.3190655
2569-08-21 12:24:30.683,0.04191771,0.471753,0.3190655
2569-08-21 12:24:30.695,0.04191771,0.471753,0.3190655
2569-08-21 12:24:30.695,0.04191771,0.471753,0.3190655
2569-08-21 12:24:30.697,0.04191771,0.471753,0.3190655
2569-08-21 12:24:30.698,0.04191771,0.471753,0.3190655
2569-08-21 12:24:30.698,0.04191771,0.471753,0.3190655
2569-08-21 12:24:30.700,0.04191771,0.471753,0.3190655
2569-08-21 12:24:30.700,0.04191771,0.471753,0.3190655
2569-08-21 12:24:30.703,0.04191771,0.471753,0.3190655
2569-08-21 12:24:30.703,0.04191771,0.471753,0.3190655
2569-08-21 12:24:30.707,0.04191771,0.471753,0.3190655
2569-08-21 12:24:30.707,0.04191771,0.471753,0.3190655
2569-08-21 12:24:30.716,0.04191771,0.471753,0.3190655
2569-08-21 12:24:30.716,0.04191771,0.471753,0.3190655
2569-08-21 12:24:30.718,0.04191771,0.471753,0.3190655
2569-08-21 12:24:30.718,0.04191771,0.471753,0.3190655
2569-08-21 12:24:30.719,0.04191771,0.471753,0.3190655
2569-08-21 12:24:30.721,0.04191771,0.471753,0.3190655
2569-08-21 12:24:30.721,0.04191771,0.471753,0.3190655
2569-08-21 12:24:30.723,0.04191771,0.471753,0.3190655
2569-08-21 12:24:30.723,0.04191771,0.471753,0.3190655
2569-08-21 12:24:30.726,0.04191771,0.471753,0.3190655
2569-08-21 12:24:30.726,0.04191771,0.471753,0.3190655
2569-08-21 12:24:30.740,0.04191771,0.471753,0.3190655
2569-08-21 12:24:30.740,0.04191771,0.471753,0.3190655
2569-08-21 12:24:30.744,0.04191771,0.471753,0.3190655
2569-08-21 12:24:30.744,0.04191771,0.471753,0.3190655
2569-08-21 12:24:30.744,0.04191771,0.471753,0.3190655
2569-08-21 12:24:30.747,0.04191771,0.471753,0.3190655
2569-08-21 12:24:30.747,0.04191771,0.471753,0.3190655
2569-08-21 12:24:30.749,0.04191771,0.471753,0.3190655
2569-08-21 12:24:30.749,0.04191771,0.471753,0.3190655
2569-08-21 12:24:30.752,0.04191771,0.471753,0.3190655
2569-08-21 12:24:30.752,0.04191771,0.471753,0.3190655
2569-08-21 12:24:30.755,0.04191771,0.471753,0.3190655
2569-08-21 12:24:30.761,0.04191771,0.471753,0.3190655
2569-08-21 12:24:30.761,0.04191771,0.471753,0.3190655
2569-08-21 12:24:30.764,0.04191771,0.471753,0.3190655
2569-08-21 12:24:30.764,0.04191771,0.471753,0.3190655
2569-08-21 12:24:30.765,0.04191771,0.471753,0.3190655
2569-08-21 12:24:30.766,0.04191771,0.471753,0.3190655
2569-08-21 12:24:30.769,0.04191771,0.471753,0.3190655
2569-08-21 12:24:30.769,0.04191771,0.471753,0.3190655
2569-08-21 12:24:30.771,0.04191771,0.471753,0.3190655
2569-08-21 12:24:30.771,0.04191771,0.471753,0.3190655
2569-08-21 12:24:30.773,0.04191771,0.471753,0.3190655
2569-08-21 12:24:30.784,0.04191771,0.471753,0.3190655
2569-08-21 12:24:30.784,0.04191771,0.471753,0.3190655
2569-08-21 12:24:30.788,0.04191771,0.471753,0.3190655
2569-08-21 12:24:30.788,0.04191771,0.471753,0.3190655
2569-08-21 12:24:30.792,0.04191771,0.471753,0.3190655
2569-08-21 12:24:30.792,0.04191771,0.471753,0.3190655
2569-08-21 12:24:30.794,0.04191771,0.471753,0.3190655
2569-08-21 12:24:30.795,0.04191771,0.471753,0.3190655
2569-08-21 12:24:30.795,0.04191771,0.471753,0.3190655
2569-08-21 12:24:30.796,0.04191771,0.471753,0.3190655
2569-08-21 12:24:30.796,0.04191771,0.471753,0.3190655
2569-08-21 12:24:30.805,0.04191771,0.471753,0.3190655
2569-08-21 12:24:30.805,0.04191771,0.471753,0.3190655
2569-08-21 12:24:30.808,0.04191771,0.471753,0.3190655
2569-08-21 12:24:30.808,0.04191771,0.471753,0.3190655
2569-08-21 12:24:30.811,0.04194271,0.4720056,0.3191382
2569-08-21 12:24:30.812,0.04194271,0.4720056,0.3191382
2569-08-21 12:24:30.814,0.04194271,0.4720056,0.3191382
2569-08-21 12:24:30.814,0.04196694,0.4722503,0.3192086
2569-08-21 12:24:30.814,0.04196694,0.4722503,0.3192086
2569-08-21 12:24:30.817,0.04199189,0.4725021,0.3192811
2569-08-21 12:24:30.817,0.04199189,0.4725021,0.3192811
2569-08-21 12:24:30.830,0.04201447,0.4727302,0.3193468
2569-08-21 12:24:30.830,0.04201447,0.4727302,0.3193468
2569-08-21 12:24:30.833,0.04201447,0.4727302,0.3193468
2569-08-21 12:24:30.834,0.0421496,0.4740947,0.3197397
2569-08-21 12:24:30.834,0.0421496,0.4740947,0.3197397
2569-08-21 12:24:30.851,0.04224834,0.475092,0.3200268
2569-08-21 12:24:30.851,0.04224834,0.475092,0.3200268
2569-08-21 12:24:30.861,0.04224834,0.475092,0.3200268
2569-08-21 12:24:30.861,0.0424119,0.4767436,0.3205023
2569-08-21 12:24:30.861,0.0424119,0.4767436,0.3205023
2569-08-21 12:24:30.875,0.04250971,0.4777314,0.3207867
2569-08-21 12:24:30.875,0.04250971,0.4777314,0.3207867
2569-08-21 12:24:30.885,0.04250971,0.4777314,0.3207867
2569-08-21 12:24:30.896,0.04264087,0.4790559,0.321168
2569-08-21 12:24:30.896,0.04264087,0.4790559,0.321168
2569-08-21 12:24:30.905,0.04264087,0.4790559,0.321168
2569-08-21 12:24:30.906,0.04283304,0.4809965,0.3217267
2569-08-21 12:24:30.906,0.04283304,0.4809965,0.3217267
2569-08-21 12:24:30.913,0.04283304,0.4809965,0.3217267
2569-08-21 12:24:30.916,0.04291799,0.4818543,0.3219737
2569-08-21 12:24:30.916,0.04291799,0.4818543,0.3219737
2569-08-21 12:24:30.919,0.04296604,0.4823396,0.3221134
2569-08-21 12:24:30.919,0.04296604,0.4823396,0.3221134
2569-08-21 12:24:30.940,0.04305156,0.4832032,0.322362
2569-08-21 12:24:30.940,0.04305156,0.4832032,0.322362
2569-08-21 12:24:30.944,0.04305156,0.4832032,0.322362
2569-08-21 12:24:30.944,0.04319856,0.4846876,0.3227894
2569-08-21 12:24:30.944,0.04319856,0.4846876,0.3227894
2569-08-21 12:24:30.954,0.04319856,0.4846876,0.3227894
2569-08-21 12:24:30.961,0.04328682,0.485579,0.323046
2569-08-21 12:24:30.961,0.04328682,0.485579,0.323046
2569-08-21 12:24:30.965,0.04339325,0.4866537,0.3233554
2569-08-21 12:24:30.965,0.04339325,0.4866537,0.3233554
2569-08-21 12:24:30.975,0.04339325,0.4866537,0.3233554
2569-08-21 12:24:30.986,0.04349479,0.4876792,0.3236507
2569-08-21 12:24:30.986,0.04349479,0.4876792,0.3236507
2569-08-21 12:24:30.995,0.04349479,0.4876792,0.3236507
2569-08-21 12:24:30.995,0.0436875,0.4896252,0.3242109
2569-08-21 12:24:30.995,0.0436875,0.4896252,0.3242109
2569-08-21 12:24:31.007,0.04377193,0.4904777,0.3244564
2569-08-21 12:24:31.007,0.04377193,0.4904777,0.3244564
2569-08-21 12:24:31.009,0.04381896,0.4909528,0.3245932
2569-08-21 12:24:31.009,0.04381896,0.4909528,0.3245932
2569-08-21 12:24:31.019,0.04381896,0.4909528,0.3245932
2569-08-21 12:24:31.031,0.0439066,0.4918377,0.3248479
2569-08-21 12:24:31.031,0.0439066,0.4918377,0.3248479
2569-08-21 12:24:31.034,0.0439066,0.4918377,0.3248479
2569-08-21 12:24:31.034,0.04405324,0.4933186,0.3252743
2569-08-21 12:24:31.034,0.04405324,0.4933186,0.3252743
2569-08-21 12:24:31.052,0.0441379,0.4941736,0.3255205
2569-08-21 12:24:31.052,0.0441379,0.4941736,0.3255205
2569-08-21 12:24:31.054,0.0441379,0.4941736,0.3255205
2569-08-21 12:24:31.054,0.04424572,0.4952624,0.3258339
2569-08-21 12:24:31.054,0.04424572,0.4952624,0.3258339
2569-08-21 12:24:31.076,0.04433415,0.4961554,0.3260911
2569-08-21 12:24:31.076,0.04433415,0.4961554,0.3260911
2569-08-21 12:24:31.086,0.04433415,0.4961554,0.3260911
2569-08-21 12:24:31.097,0.0445431,0.4982654,0.3266985
2569-08-21 12:24:31.097,0.0445431,0.4982654,0.3266985
2569-08-21 12:24:31.107,0.0445431,0.4982654,0.3266985
2569-08-21 12:24:31.107,0.04474389,0.5002931,0.3272823
2569-08-21 12:24:31.107,0.04474389,0.5002931,0.3272823
2569-08-21 12:24:31.117,0.04474389,0.5002931,0.3272823
2569-08-21 12:24:31.117,0.04483943,0.5012579,0.3275601
2569-08-21 12:24:31.117,0.04483943,0.5012579,0.3275601
2569-08-21 12:24:31.127,0.04493031,0.5021757,0.3278243
2569-08-21 12:24:31.127,0.04493031,0.5021757,0.3278243
2569-08-21 12:24:31.141,0.04495848,0.5024603,0.3279062
2569-08-21 12:24:31.141,0.04495848,0.5024603,0.3279062
2569-08-21 12:24:31.151,0.04495848,0.5024603,0.3279062
2569-08-21 12:24:31.151,0.04515826,0.5044775,0.328487
2569-08-21 12:24:31.151,0.04515826,0.5044775,0.328487
2569-08-21 12:24:31.159,0.04515826,0.5044775,0.328487
2569-08-21 12:24:31.161,0.04524524,0.505356,0.3287399
2569-08-21 12:24:31.163,0.04524524,0.505356,0.3287399
2569-08-21 12:24:31.165,0.04529325,0.5058408,0.3288795
2569-08-21 12:24:31.165,0.04529325,0.5058408,0.3288795
2569-08-21 12:24:31.174,0.04529325,0.5058408,0.3288795
2569-08-21 12:24:31.174,0.04537741,0.5066907,0.3291242
2569-08-21 12:24:31.175,0.04537741,0.5066907,0.3291242
2569-08-21 12:24:31.187,0.0454047,0.5069663,0.3292035
2569-08-21 12:24:31.187,0.0454047,0.5069663,0.3292035
2569-08-21 12:24:31.198,0.0454047,0.5069663,0.3292035
2569-08-21 12:24:31.199,0.04560639,0.509003,0.3297899
2569-08-21 12:24:31.199,0.04560639,0.509003,0.3297899
2569-08-21 12:24:31.207,0.04569185,0.5098661,0.3300384
2569-08-21 12:24:31.207,0.04569185,0.5098661,0.3300384
2569-08-21 12:24:31.210,0.04572111,0.5101616,0.3301235
2569-08-21 12:24:31.210,0.04572111,0.5101616,0.3301235
2569-08-21 12:24:31.221,0.04572111,0.5101616,0.3301235
2569-08-21 12:24:31.231,0.04581764,0.5111364,0.3304041
2569-08-21 12:24:31.231,0.04581764,0.5111364,0.3304041
2569-08-21 12:24:31.240,0.04581764,0.5111364,0.3304041
2569-08-21 12:24:31.242,0.0460182,0.5131617,0.3309872
2569-08-21 12:24:31.242,0.0460182,0.5131617,0.3309872
2569-08-21 12:24:31.252,0.04610592,0.5140475,0.3312423
2569-08-21 12:24:31.252,0.04610592,0.5140475,0.3312423
2569-08-21 12:24:31.255,0.04610592,0.5140475,0.3312423
2569-08-21 12:24:31.255,0.04614649,0.5144572,0.3313602
2569-08-21 12:24:31.255,0.04614649,0.5144572,0.3313602
2569-08-21 12:24:31.277,0.04623468,0.5153478,0.3316166
2569-08-21 12:24:31.277,0.04623468,0.5153478,0.3316166
2569-08-21 12:24:31.279,0.04623468,0.5153478,0.3316166
2569-08-21 12:24:31.279,0.04638312,0.5168468,0.3320482
2569-08-21 12:24:31.279,0.04638312,0.5168468,0.3320482
2569-08-21 12:24:31.297,0.04647854,0.5178104,0.3323256
2569-08-21 12:24:31.297,0.04647854,0.5178104,0.3323256
2569-08-21 12:24:31.307,0.04647854,0.5178104,0.3323256
2569-08-21 12:24:31.307,0.0466455,0.5194964,0.332811
2569-08-21 12:24:31.308,0.0466455,0.5194964,0.332811
2569-08-21 12:24:31.317,0.0466455,0.5194964,0.332811
2569-08-21 12:24:31.322,0.04673333,0.5203834,0.3330664
2569-08-21 12:24:31.322,0.04673333,0.5203834,0.3330664
2569-08-21 12:24:31.325,0.04680524,0.5211096,0.3332755
2569-08-21 12:24:31.325,0.04680524,0.5211096,0.3332755
2569-08-21 12:24:31.334,0.04680524,0.5211096,0.3332755
2569-08-21 12:24:31.342,0.04689044,0.52197,0.3335232
2569-08-21 12:24:31.342,0.04689044,0.52197,0.3335232
2569-08-21 12:24:31.345,0.04700016,0.523078,0.3338422
2569-08-21 12:24:31.345,0.04700016,0.523078,0.3338422
2569-08-21 12:24:31.355,0.04700016,0.523078,0.3338422
2569-08-21 12:24:31.355,0.04708547,0.5239394,0.3340902
2569-08-21 12:24:31.355,0.04708547,0.5239394,0.3340902
2569-08-21 12:24:31.362,0.04711279,0.5242154,0.3341696
2569-08-21 12:24:31.362,0.04711279,0.5242154,0.3341696
2569-08-21 12:24:31.373,0.0472601,0.525703,0.3345979
2569-08-21 12:24:31.373,0.0472601,0.525703,0.3345979
2569-08-21 12:24:31.381,0.0472601,0.525703,0.3345979
2569-08-21 12:24:31.388,0.04734219,0.526532,0.3348366
2569-08-21 12:24:31.388,0.04734219,0.526532,0.3348366
2569-08-21 12:24:31.391,0.04742985,0.5274172,0.3350914
2569-08-21 12:24:31.391,0.04742985,0.5274172,0.3350914
2569-08-21 12:24:31.400,0.04742985,0.5274172,0.3350914
2569-08-21 12:24:31.408,0.04751384,0.5282653,0.3353356
2569-08-21 12:24:31.408,0.04751384,0.5282653,0.3353356
2569-08-21 12:24:31.411,0.047623,0.5293677,0.335653
2569-08-21 12:24:31.411,0.047623,0.5293677,0.335653
2569-08-21 12:24:31.419,0.047623,0.5293677,0.335653
2569-08-21 12:24:31.419,0.04770584,0.5302042,0.3358939
2569-08-21 12:24:31.419,0.04770584,0.5302042,0.3358939
2569-08-21 12:24:31.433,0.04773326,0.5304811,0.3359736
2569-08-21 12:24:31.433,0.04773326,0.5304811,0.3359736
2569-08-21 12:24:31.441,0.04773326,0.5304811,0.3359736
2569-08-21 12:24:31.443,0.04791933,0.5323602,0.3365146
2569-08-21 12:24:31.443,0.04791933,0.5323602,0.3365146
2569-08-21 12:24:31.453,0.04800506,0.533226,0.3367638
2569-08-21 12:24:31.453,0.04800506,0.533226,0.3367638
2569-08-21 12:24:31.456,0.04800506,0.533226,0.3367638
2569-08-21 12:24:31.456,0.04804964,0.5336761,0.3368934
2569-08-21 12:24:31.456,0.04804964,0.5336761,0.3368934
2569-08-21 12:24:31.465,0.04813172,0.534505,0.3371321
2569-08-21 12:24:31.465,0.04813172,0.534505,0.3371321
2569-08-21 12:24:31.478,0.04815883,0.5347788,0.3372109
2569-08-21 12:24:31.478,0.04815883,0.5347788,0.3372109
2569-08-21 12:24:31.487,0.04815883,0.5347788,0.3372109
2569-08-21 12:24:31.487,0.04834677,0.5366766,0.3377573
2569-08-21 12:24:31.487,0.04834677,0.5366766,0.3377573
2569-08-21 12:24:31.498,0.04834677,0.5366766,0.3377573
2569-08-21 12:24:31.499,0.04844902,0.5377092,0.3380546
2569-08-21 12:24:31.499,0.04844902,0.5377092,0.3380546
2569-08-21 12:24:31.507,0.04853114,0.5385385,0.3382933
2569-08-21 12:24:31.507,0.04853114,0.5385385,0.3382933
2569-08-21 12:24:31.510,0.04855944,0.5388243,0.3383756
2569-08-21 12:24:31.510,0.04855944,0.5388243,0.3383756
2569-08-21 12:24:31.520,0.04855944,0.5388243,0.3383756
2569-08-21 12:24:31.522,0.04865388,0.539778,0.3386502
2569-08-21 12:24:31.522,0.04865388,0.539778,0.3386502
2569-08-21 12:24:31.543,0.04876289,0.5408788,0.3389671
2569-08-21 12:24:31.543,0.04876289,0.5408788,0.3389671
2569-08-21 12:24:31.552,0.04876289,0.5408788,0.3389671
2569-08-21 12:24:31.553,0.04896462,0.5429161,0.3395537
2569-08-21 12:24:31.553,0.04896462,0.5429161,0.3395537
2569-08-21 12:24:31.562,0.04896462,0.5429161,0.3395537
2569-08-21 12:24:31.564,0.04905124,0.5437908,0.3398055
2569-08-21 12:24:31.564,0.04905124,0.5437908,0.3398055
2569-08-21 12:24:31.566,0.0490954,0.5442366,0.3399338
2569-08-21 12:24:31.566,0.0490954,0.5442366,0.3399338
2569-08-21 12:24:31.575,0.0490954,0.5442366,0.3399338
2569-08-21 12:24:31.576,0.04917861,0.545077,0.3401758
2569-08-21 12:24:31.576,0.04917861,0.545077,0.3401758
2569-08-21 12:24:31.588,0.04920839,0.5453777,0.3402624
2569-08-21 12:24:31.589,0.04920839,0.5453777,0.3402624
2569-08-21 12:24:31.598,0.04920839,0.5453777,0.3402624
2569-08-21 12:24:31.599,0.04939708,0.5472832,0.340811
2569-08-21 12:24:31.599,0.04939708,0.5472832,0.340811
2569-08-21 12:24:31.609,0.05006282,0.5481308,0.3408597
2569-08-21 12:24:31.609,0.05006282,0.5481308,0.3408597
2569-08-21 12:24:31.612,0.05040145,0.5485625,0.3408836
2569-08-21 12:24:31.612,0.05040145,0.5485625,0.3408836
2569-08-21 12:24:31.621,0.05040145,0.5485625,0.3408836
2569-08-21 12:24:31.633,0.05121129,0.5494273,0.3408836
2569-08-21 12:24:31.633,0.05121129,0.5494273,0.3408836
2569-08-21 12:24:31.642,0.05121129,0.5494273,0.3408836
2569-08-21 12:24:31.642,0.05309017,0.5514435,0.3408696
2569-08-21 12:24:31.642,0.05309017,0.5514435,0.3408696
2569-08-21 12:24:31.654,0.05398688,0.5523009,0.3408203
2569-08-21 12:24:31.654,0.05398688,0.5523009,0.3408203
2569-08-21 12:24:31.656,0.05398688,0.5523009,0.3408203
2569-08-21 12:24:31.656,0.05458855,0.5528781,0.3407847
2569-08-21 12:24:31.656,0.05458855,0.5528781,0.3407847
2569-08-21 12:24:31.677,0.05560121,0.5537583,0.3406892
2569-08-21 12:24:31.677,0.05560121,0.5537583,0.3406892
2569-08-21 12:24:31.687,0.05560121,0.5537583,0.3406892
2569-08-21 12:24:31.687,0.05794786,0.5558136,0.3404437
2569-08-21 12:24:31.687,0.05794786,0.5558136,0.3404437
2569-08-21 12:24:31.697,0.05794786,0.5558136,0.3404437
2569-08-21 12:24:31.699,0.05911721,0.5567814,0.3402876
2569-08-21 12:24:31.699,0.05911721,0.5567814,0.3402876
2569-08-21 12:24:31.708,0.06041655,0.5578632,0.3401039
2569-08-21 12:24:31.708,0.06041655,0.5578632,0.3401039
2569-08-21 12:24:31.716,0.06041655,0.5578632,0.3401039
2569-08-21 12:24:31.723,0.06154773,0.5587437,0.3399132
2569-08-21 12:24:31.724,0.06154773,0.5587437,0.3399132
2569-08-21 12:24:31.733,0.06154773,0.5587437,0.3399132
2569-08-21 12:24:31.733,0.06355679,0.5603206,0.3395537
2569-08-21 12:24:31.733,0.06355679,0.5603206,0.3395537
2569-08-21 12:24:31.743,0.06473741,0.5612093,0.3393148
2569-08-21 12:24:31.743,0.06473741,0.5612093,0.3393148
2569-08-21 12:24:31.753,0.06609666,0.5622398,0.3390281
2569-08-21 12:24:31.753,0.06609666,0.5622398,0.3390281
2569-08-21 12:24:31.760,0.06609666,0.5622398,0.3390281
2569-08-21 12:24:31.769,0.06734641,0.5631495,0.3387383
2569-08-21 12:24:31.769,0.06734641,0.5631495,0.3387383
2569-08-21 12:24:31.778,0.06734641,0.5631495,0.3387383
2569-08-21 12:24:31.789,0.06980486,0.5648629,0.3381038
2569-08-21 12:24:31.789,0.06980486,0.5648629,0.3381038
2569-08-21 12:24:31.798,0.06980486,0.5648629,0.3381038
2569-08-21 12:24:31.800,0.07277223,0.5669667,0.3372797
2569-08-21 12:24:31.800,0.07277223,0.5669667,0.3372797
2569-08-21 12:24:31.813,0.07417952,0.5679378,0.3368522
2569-08-21 12:24:31.813,0.07417952,0.5679378,0.3368522
2569-08-21 12:24:31.822,0.07417952,0.5679378,0.3368522
2569-08-21 12:24:31.834,0.07636246,0.569404,0.3361392
2569-08-21 12:24:31.834,0.07636246,0.569404,0.3361392
2569-08-21 12:24:31.843,0.07636246,0.569404,0.3361392
2569-08-21 12:24:31.844,0.07953604,0.5715767,0.3350358
2569-08-21 12:24:31.844,0.07953604,0.5715767,0.3350358
2569-08-21 12:24:31.853,0.07953604,0.5715767,0.3350358
2569-08-21 12:24:31.858,0.08106402,0.5726189,0.3344681
2569-08-21 12:24:31.858,0.08106402,0.5726189,0.3344681
2569-08-21 12:24:31.878,0.08336979,0.5741886,0.3335656
2569-08-21 12:24:31.878,0.08336979,0.5741886,0.3335656
2569-08-21 12:24:31.889,0.08336979,0.5741886,0.3335656
2569-08-21 12:24:31.889,0.08659954,0.5764357,0.3322251
2569-08-21 12:24:31.890,0.08659954,0.5764357,0.3322251
2569-08-21 12:24:31.899,0.08659954,0.5764357,0.3322251
2569-08-21 12:24:31.899,0.08814228,0.5775298,0.3315523
2569-08-21 12:24:31.900,0.08814228,0.5775298,0.3315523
2569-08-21 12:24:31.908,0.08961773,0.5776697,0.3305588
2569-08-21 12:24:31.908,0.08961773,0.5776697,0.3305588
2569-08-21 12:24:31.918,0.08961773,0.5776697,0.3305588
2569-08-21 12:24:31.924,0.09084265,0.5777915,0.3297145
2569-08-21 12:24:31.924,0.09084265,0.5777915,0.3297145
2569-08-21 12:24:31.933,0.09287663,0.5780053,0.3282726
2569-08-21 12:24:31.933,0.09287663,0.5780053,0.3282726
2569-08-21 12:24:31.942,0.09287663,0.5780053,0.3282726
2569-08-21 12:24:31.944,0.09405592,0.5781359,0.3274131
2569-08-21 12:24:31.944,0.09405592,0.5781359,0.3274131
2569-08-21 12:24:31.953,0.09405592,0.5781359,0.3274131
2569-08-21 12:24:31.953,0.09555751,0.5783097,0.3262929
2569-08-21 12:24:31.953,0.09555751,0.5783097,0.3262929
2569-08-21 12:24:31.969,0.09665118,0.5784417,0.3254584
2569-08-21 12:24:31.969,0.09665118,0.5784417,0.3254584
2569-08-21 12:24:31.977,0.09665118,0.5784417,0.3254584
2569-08-21 12:24:31.977,0.09854732,0.5786814,0.3239735
2569-08-21 12:24:31.977,0.09854732,0.5786814,0.3239735
2569-08-21 12:24:31.989,0.09963167,0.578825,0.3231019
2569-08-21 12:24:31.989,0.09963167,0.578825,0.3231019
2569-08-21 12:24:31.999,0.09963167,0.578825,0.3231019
2569-08-21 12:24:31.999,0.1009021,0.5789993,0.3220594
2569-08-21 12:24:31.999,0.1009021,0.5789993,0.3220594
2569-08-21 12:24:32.014,0.101837,0.579132,0.3212771
2569-08-21 12:24:32.014,0.101837,0.579132,0.3212771
2569-08-21 12:24:32.023,0.101837,0.579132,0.3212771
2569-08-21 12:24:32.023,0.1034185,0.579365,0.3199236
2569-08-21 12:24:32.023,0.1034185,0.579365,0.3199236
2569-08-21 12:24:32.033,0.1034185,0.579365,0.3199236
2569-08-21 12:24:32.035,0.1043933,0.5795142,0.3190701
2569-08-21 12:24:32.035,0.1043933,0.5795142,0.3190701
2569-08-21 12:24:32.044,0.105412,0.5796748,0.3181621
2569-08-21 12:24:32.044,0.105412,0.5796748,0.3181621
2569-08-21 12:24:32.059,0.1062023,0.5798028,0.3174458
2569-08-21 12:24:32.059,0.1062023,0.5798028,0.3174458
2569-08-21 12:24:32.068,0.1062023,0.5798028,0.3174458
2569-08-21 12:24:32.080,0.1074645,0.5800133,0.3162804
2569-08-21 12:24:32.080,0.1074645,0.5800133,0.3162804
2569-08-21 12:24:32.089,0.1074645,0.5800133,0.3162804
2569-08-21 12:24:32.089,0.109127,0.5803027,0.3147032
2569-08-21 12:24:32.089,0.109127,0.5803027,0.3147032
2569-08-21 12:24:32.098,0.109127,0.5803027,0.3147032
2569-08-21 12:24:32.100,0.1097866,0.5804215,0.3140637
2569-08-21 12:24:32.100,0.1097866,0.5804215,0.3140637
2569-08-21 12:24:32.109,0.1106165,0.5805743,0.3132478
2569-08-21 12:24:32.109,0.1106165,0.5805743,0.3132478
2569-08-21 12:24:32.117,0.1106165,0.5805743,0.3132478
2569-08-21 12:24:32.125,0.1112362,0.5806907,0.3126301
2569-08-21 12:24:32.125,0.1112362,0.5806907,0.3126301
2569-08-21 12:24:32.135,0.1112362,0.5806907,0.3126301
2569-08-21 12:24:32.135,0.1123841,0.5809121,0.3114663
2569-08-21 12:24:32.135,0.1123841,0.5809121,0.3114663
2569-08-21 12:24:32.145,0.1130452,0.5810431,0.3107842
2569-08-21 12:24:32.145,0.1130452,0.5810431,0.3107842
2569-08-21 12:24:32.155,0.1130452,0.5810431,0.3107842
2569-08-21 12:24:32.155,0.1136672,0.5811685,0.3101344
2569-08-21 12:24:32.155,0.1136672,0.5811685,0.3101344
2569-08-21 12:24:32.170,0.1141668,0.581271,0.3096067
2569-08-21 12:24:32.170,0.1141668,0.581271,0.3096067
2569-08-21 12:24:32.172,0.1146284,0.581367,0.3091145
2569-08-21 12:24:32.172,0.1146284,0.581367,0.3091145
2569-08-21 12:24:32.181,0.1146284,0.581367,0.3091145
2569-08-21 12:24:32.182,0.1150987,0.5814661,0.3086083
2569-08-21 12:24:32.182,0.1150987,0.5814661,0.3086083
2569-08-21 12:24:32.190,0.1155391,0.5815603,0.3081299
2569-08-21 12:24:32.190,0.1155391,0.5815603,0.3081299
2569-08-21 12:24:32.199,0.1155391,0.5815603,0.3081299
2569-08-21 12:24:32.199,0.1159838,0.5816565,0.3076426
2569-08-21 12:24:32.199,0.1159838,0.5816565,0.3076426
2569-08-21 12:24:32.215,0.1164046,0.5817488,0.3071774
2569-08-21 12:24:32.215,0.1164046,0.5817488,0.3071774
2569-08-21 12:24:32.224,0.1164046,0.5817488,0.3071774
2569-08-21 12:24:32.224,0.1171564,0.5819165,0.3063361
2569-08-21 12:24:32.224,0.1171564,0.5819165,0.3063361
2569-08-21 12:24:32.232,0.1171564,0.5819165,0.3063361
2569-08-21 12:24:32.235,0.1175045,0.5819955,0.3059422
2569-08-21 12:24:32.235,0.1175045,0.5819955,0.3059422
2569-08-21 12:24:32.244,0.1179212,0.582091,0.3054669
2569-08-21 12:24:32.244,0.1179212,0.582091,0.3054669
2569-08-21 12:24:32.260,0.1182154,0.5821593,0.3051288
2569-08-21 12:24:32.260,0.1182154,0.5821593,0.3051288
2569-08-21 12:24:32.269,0.1182154,0.5821593,0.3051288
2569-08-21 12:24:32.269,0.1187458,0.5822837,0.3045141
2569-08-21 12:24:32.269,0.1187458,0.5822837,0.3045141
2569-08-21 12:24:32.279,0.1187458,0.5822837,0.3045141
2569-08-21 12:24:32.280,0.1189747,0.5823381,0.3042465
2569-08-21 12:24:32.280,0.1189747,0.5823381,0.3042465
2569-08-21 12:24:32.290,0.1192179,0.5823962,0.3039609
2569-08-21 12:24:32.290,0.1192179,0.5823962,0.3039609
2569-08-21 12:24:32.300,0.1192179,0.5823962,0.3039609
2569-08-21 12:24:32.305,0.1192179,0.5823962,0.3039609
2569-08-21 12:24:32.305,0.1192179,0.5823962,0.3039609
2569-08-21 12:24:32.315,0.1192179,0.5823962,0.3039609
2569-08-21 12:24:32.315,0.1192179,0.5823962,0.3039609
2569-08-21 12:24:32.315,0.1192179,0.5823962,0.3039609
2569-08-21 12:24:32.325,0.1192179,0.5823962,0.3039609
2569-08-21 12:24:32.325,0.1192179,0.5823962,0.3039609
2569-08-21 12:24:32.328,0.1192179,0.5823962,0.3039609
2569-08-21 12:24:32.328,0.1192179,0.5823962,0.3039609
2569-08-21 12:24:32.330,0.1192179,0.5823962,0.3039609
2569-08-21 12:24:32.330,0.1192179,0.5823962,0.3039609
2569-08-21 12:24:32.332,0.1192179,0.5823962,0.3039609
2569-08-21 12:24:32.332,0.1192179,0.5823962,0.3039609
2569-08-21 12:24:32.334,0.1192179,0.5823962,0.3039609
2569-08-21 12:24:32.335,0.1192179,0.5823962,0.3039609
2569-08-21 12:24:32.335,0.1192179,0.5823962,0.3039609
2569-08-21 12:24:32.337,0.1192179,0.5823962,0.3039609
2569-08-21 12:24:32.337,0.1192179,0.5823962,0.3039609
2569-08-21 12:24:32.349,0.1192179,0.5823962,0.3039609
2569-08-21 12:24:32.349,0.1192179,0.5823962,0.3039609
2569-08-21 12:24:32.353,0.1192179,0.5823962,0.3039609
2569-08-21 12:24:32.353,0.1192179,0.5823962,0.3039609
2569-08-21 12:24:32.354,0.1192179,0.5823962,0.3039609
2569-08-21 12:24:32.356,0.1192179,0.5823962,0.3039609
2569-08-21 12:24:32.356,0.1192179,0.5823962,0.3039609
2569-08-21 12:24:32.370,0.1192179,0.5823962,0.3039609
2569-08-21 12:24:32.370,0.1192179,0.5823962,0.3039609
2569-08-21 12:24:32.373,0.1192179,0.5823962,0.3039609
2569-08-21 12:24:32.374,0.1192179,0.5823962,0.3039609
2569-08-21 12:24:32.374,0.1192179,0.5823962,0.3039609
2569-08-21 12:24:32.376,0.1192179,0.5823962,0.3039609
2569-08-21 12:24:32.376,0.1192179,0.5823962,0.3039609
2569-08-21 12:24:32.379,0.1192179,0.5823962,0.3039609
2569-08-21 12:24:32.379,0.1192179,0.5823962,0.3039609
2569-08-21 12:24:32.382,0.1192179,0.5823962,0.3039609
2569-08-21 12:24:32.382,0.1192179,0.5823962,0.3039609
2569-08-21 12:24:32.391,0.1192179,0.5823962,0.3039609
2569-08-21 12:24:32.391,0.1192179,0.5823962,0.3039609
2569-08-21 12:24:32.393,0.1192179,0.5823962,0.3039609
2569-08-21 12:24:32.393,0.1192179,0.5823962,0.3039609
2569-08-21 12:24:32.393,0.1192179,0.5823962,0.3039609
2569-08-21 12:24:32.396,0.1192179,0.5823962,0.3039609
2569-08-21 12:24:32.396,0.1192179,0.5823962,0.3039609
2569-08-21 12:24:32.398,0.1192179,0.5823962,0.3039609
2569-08-21 12:24:32.398,0.1192179,0.5823962,0.3039609
2569-08-21 12:24:32.401,0.1192179,0.5823962,0.3039609
2569-08-21 12:24:32.401,0.1192179,0.5823962,0.3039609
2569-08-21 12:24:32.415,0.1192179,0.5823962,0.3039609
2569-08-21 12:24:32.415,0.1192179,0.5823962,0.3039609
2569-08-21 12:24:32.419,0.1192179,0.5823962,0.3039609
2569-08-21 12:24:32.419,0.1191105,0.5831556,0.3040245
2569-08-21 12:24:32.419,0.1191105,0.5831556,0.3040245
2569-08-21 12:24:32.422,0.1190901,0.5832971,0.304036
2569-08-21 12:24:32.422,0.1190901,0.5832971,0.304036
2569-08-21 12:24:32.423,0.1190704,0.5834331,0.304047
2569-08-21 12:24:32.423,0.1190704,0.5834331,0.304047
2569-08-21 12:24:32.427,0.1190487,0.5835815,0.3040588
2569-08-21 12:24:32.427,0.1190487,0.5835815,0.3040588
2569-08-21 12:24:32.436,0.1190177,0.5837933,0.3040757
2569-08-21 12:24:32.436,0.1190177,0.5837933,0.3040757
2569-08-21 12:24:32.446,0.1190177,0.5837933,0.3040757
2569-08-21 12:24:32.448,0.1188487,0.5849179,0.3041613
2569-08-21 12:24:32.448,0.1188487,0.5849179,0.3041613
2569-08-21 12:24:32.456,0.1188487,0.5849179,0.3041613
2569-08-21 12:24:32.460,0.1187268,0.5857018,0.3042175
2569-08-21 12:24:32.460,0.1187268,0.5857018,0.3042175
2569-08-21 12:24:32.469,0.1185644,0.5867134,0.3042858
2569-08-21 12:24:32.469,0.1185644,0.5867134,0.3042858
2569-08-21 12:24:32.477,0.1185644,0.5867134,0.3042858
2569-08-21 12:24:32.481,0.1184247,0.5875565,0.304339
2569-08-21 12:24:32.481,0.1184247,0.5875565,0.304339
2569-08-21 12:24:32.490,0.1182354,0.5886629,0.3044037
2569-08-21 12:24:32.490,0.1182354,0.5886629,0.3044037
2569-08-21 12:24:32.498,0.1182354,0.5886629,0.3044037
2569-08-21 12:24:32.505,0.1180553,0.5896806,0.3044581
2569-08-21 12:24:32.505,0.1180553,0.5896806,0.3044581
2569-08-21 12:24:32.514,0.1180553,0.5896806,0.3044581
2569-08-21 12:24:32.515,0.1177132,0.5915306,0.3045445
2569-08-21 12:24:32.515,0.1177132,0.5915306,0.3045445
2569-08-21 12:24:32.526,0.1174857,0.5927067,0.3045911
2569-08-21 12:24:32.526,0.1174857,0.5927067,0.3045911
2569-08-21 12:24:32.535,0.1174857,0.5927067,0.3045911
2569-08-21 12:24:32.535,0.1171758,0.5942488,0.3046421
2569-08-21 12:24:32.535,0.1171758,0.5942488,0.3046421
2569-08-21 12:24:32.551,0.1168925,0.5956036,0.3046776
2569-08-21 12:24:32.551,0.1168925,0.5956036,0.3046776
2569-08-21 12:24:32.559,0.1168925,0.5956036,0.3046776
2569-08-21 12:24:32.560,0.1163904,0.5978931,0.3047177
2569-08-21 12:24:32.560,0.1163904,0.5978931,0.3047177
2569-08-21 12:24:32.571,0.116051,0.5993689,0.3047303
2569-08-21 12:24:32.571,0.116051,0.5993689,0.3047303
2569-08-21 12:24:32.579,0.116051,0.5993689,0.3047303
2569-08-21 12:24:32.580,0.1156259,0.6011462,0.3047315
2569-08-21 12:24:32.580,0.1156259,0.6011462,0.3047315
2569-08-21 12:24:32.596,0.1152338,0.6027227,0.3047198
2569-08-21 12:24:32.596,0.1152338,0.6027227,0.3047198
2569-08-21 12:24:32.605,0.1152338,0.6027227,0.3047198
2569-08-21 12:24:32.605,0.1145472,0.605356,0.3046732
2569-08-21 12:24:32.605,0.1145472,0.605356,0.3046732
2569-08-21 12:24:32.614,0.1145472,0.605356,0.3046732
2569-08-21 12:24:32.616,0.1140922,0.6070215,0.3046262
2569-08-21 12:24:32.616,0.1140922,0.6070215,0.3046262
2569-08-21 12:24:32.626,0.1135451,0.6089505,0.3045547
2569-08-21 12:24:32.626,0.1135451,0.6089505,0.3045547
2569-08-21 12:24:32.634,0.1135451,0.6089505,0.3045547
2569-08-21 12:24:32.640,0.1130677,0.6105742,0.3044801
2569-08-21 12:24:32.640,0.1130677,0.6105742,0.3044801
2569-08-21 12:24:32.661,0.1121899,0.6134307,0.3043168
2569-08-21 12:24:32.661,0.1121899,0.6134307,0.3043168
2569-08-21 12:24:32.671,0.1121899,0.6134307,0.3043168
2569-08-21 12:24:32.671,0.1108539,0.6175036,0.3040121
2569-08-21 12:24:32.671,0.1108539,0.6175036,0.3040121
2569-08-21 12:24:32.678,0.1108539,0.6175036,0.3040121
2569-08-21 12:24:32.686,0.1102944,0.6191233,0.3038671
2569-08-21 12:24:32.686,0.1102944,0.6191233,0.3038671
2569-08-21 12:24:32.694,0.1102944,0.6191233,0.3038671
2569-08-21 12:24:32.706,0.1091831,0.6222107,0.3035524
2569-08-21 12:24:32.706,0.1091831,0.6222107,0.3035524
2569-08-21 12:24:32.715,0.1091831,0.6222107,0.3035524
2569-08-21 12:24:32.715,0.1075953,0.6263584,0.3030492
2569-08-21 12:24:32.715,0.1075953,0.6263584,0.3030492
2569-08-21 12:24:32.727,0.1067079,0.6285586,0.3027439
2569-08-21 12:24:32.727,0.1067079,0.6285586,0.3027439
2569-08-21 12:24:32.736,0.1067079,0.6285586,0.3027439
2569-08-21 12:24:32.737,0.1059316,0.6304215,0.3024642
2569-08-21 12:24:32.737,0.1059316,0.6304215,0.3024642
2569-08-21 12:24:32.751,0.1052362,0.6320448,0.3022044
2569-08-21 12:24:32.751,0.1052362,0.6320448,0.3022044
2569-08-21 12:24:32.760,0.1052362,0.6320448,0.3022044
2569-08-21 12:24:32.760,0.1038967,0.6350598,0.3016813
2569-08-21 12:24:32.760,0.1038967,0.6350598,0.3016813
2569-08-21 12:24:32.772,0.1031408,0.6367015,0.3013738
2569-08-21 12:24:32.772,0.1031408,0.6367015,0.3013738
2569-08-21 12:24:32.781,0.1031408,0.6367015,0.3013738
2569-08-21 12:24:32.781,0.1021529,0.638787,0.3009598
2569-08-21 12:24:32.781,0.1021529,0.638787,0.3009598
2569-08-21 12:24:32.796,0.1013845,0.640365,0.3006288
2569-08-21 12:24:32.796,0.1013845,0.640365,0.3006288
2569-08-21 12:24:32.804,0.1013845,0.640365,0.3006288
2569-08-21 12:24:32.806,0.09988552,0.6433399,0.299962
2569-08-21 12:24:32.806,0.09988552,0.6433399,0.299962
2569-08-21 12:24:32.816,0.09988552,0.6433399,0.299962
2569-08-21 12:24:32.816,0.09895909,0.645115,0.2995369
2569-08-21 12:24:32.816,0.09895909,0.645115,0.2995369
2569-08-21 12:24:32.825,0.09798993,0.6469237,0.2990824
2569-08-21 12:24:32.825,0.09798993,0.6469237,0.2990824
2569-08-21 12:24:32.834,0.09798993,0.6469237,0.2990824
2569-08-21 12:24:32.842,0.09716517,0.6484259,0.2986881
2569-08-21 12:24:32.842,0.09716517,0.6484259,0.2986881
2569-08-21 12:24:32.850,0.0956177,0.6511587,0.2979307
2569-08-21 12:24:32.850,0.0956177,0.6511587,0.2979307
2569-08-21 12:24:32.859,0.0956177,0.6511587,0.2979307
2569-08-21 12:24:32.862,0.094677,0.652768,0.2974598
2569-08-21 12:24:32.862,0.094677,0.652768,0.2974598
2569-08-21 12:24:32.871,0.09356777,0.6546186,0.2968948
2569-08-21 12:24:32.871,0.09356777,0.6546186,0.2968948
2569-08-21 12:24:32.879,0.09356777,0.6546186,0.2968948
2569-08-21 12:24:32.886,0.09265171,0.65611,0.2964207
2569-08-21 12:24:32.886,0.09265171,0.65611,0.2964207
2569-08-21 12:24:32.895,0.09265171,0.65611,0.2964207
2569-08-21 12:24:32.895,0.0910363,0.6586636,0.2955692
2569-08-21 12:24:32.895,0.0910363,0.6586636,0.2955692
2569-08-21 12:24:32.907,0.090104,0.660095,0.295069
2569-08-21 12:24:32.907,0.090104,0.660095,0.295069
2569-08-21 12:24:32.915,0.090104,0.660095,0.295069
2569-08-21 12:24:32.915,0.08892114,0.6618689,0.2944259
2569-08-21 12:24:32.915,0.08892114,0.6618689,0.2944259
2569-08-21 12:24:32.932,0.08795717,0.6632808,0.293895
2569-08-21 12:24:32.932,0.08795717,0.6632808,0.293895
2569-08-21 12:24:32.940,0.08795717,0.6632808,0.293895
2569-08-21 12:24:32.952,0.08632745,0.6656027,0.292984
2569-08-21 12:24:32.952,0.08632745,0.6656027,0.292984
2569-08-21 12:24:32.962,0.08632745,0.6656027,0.292984
2569-08-21 12:24:32.962,0.08396833,0.6688265,0.2916374
2569-08-21 12:24:32.962,0.08396833,0.6688265,0.2916374
2569-08-21 12:24:32.977,0.08293904,0.6701851,0.2910401
2569-08-21 12:24:32.977,0.08293904,0.6701851,0.2910401
2569-08-21 12:24:32.985,0.08293904,0.6701851,0.2910401
2569-08-21 12:24:32.998,0.08139594,0.6721701,0.290134
2569-08-21 12:24:32.998,0.08139594,0.6721701,0.290134
2569-08-21 12:24:33.008,0.08139594,0.6721701,0.290134
2569-08-21 12:24:33.008,0.07884336,0.675324,0.2886088
2569-08-21 12:24:33.008,0.07884336,0.675324,0.2886088
2569-08-21 12:24:33.017,0.07884336,0.675324,0.2886088
2569-08-21 12:24:33.022,0.07774784,0.6766307,0.2879447
2569-08-21 12:24:33.022,0.07774784,0.6766307,0.2879447
2569-08-21 12:24:33.042,0.07618958,0.6784426,0.2869905
2569-08-21 12:24:33.042,0.07618958,0.6784426,0.2869905
2569-08-21 12:24:33.052,0.07618958,0.6784426,0.2869905
2569-08-21 12:24:33.052,0.07351303,0.6814333,0.2853267
2569-08-21 12:24:33.052,0.07351303,0.6814333,0.2853267
2569-08-21 12:24:33.061,0.07351303,0.6814333,0.2853267
2569-08-21 12:24:33.063,0.07239249,0.6826415,0.2846213
2569-08-21 12:24:33.063,0.07239249,0.6826415,0.2846213
2569-08-21 12:24:33.071,0.07110001,0.6840044,0.2838013
2569-08-21 12:24:33.071,0.07110001,0.6840044,0.2838013
2569-08-21 12:24:33.080,0.07110001,0.6840044,0.2838013
2569-08-21 12:24:33.087,0.06993701,0.6852031,0.2830579
2569-08-21 12:24:33.087,0.06993701,0.6852031,0.2830579
2569-08-21 12:24:33.096,0.06993701,0.6852031,0.2830579
2569-08-21 12:24:33.097,0.06788358,0.6872584,0.2817327
2569-08-21 12:24:33.097,0.06788358,0.6872584,0.2817327
2569-08-21 12:24:33.107,0.06671013,0.6883985,0.2809684
2569-08-21 12:24:33.107,0.06671013,0.6883985,0.2809684
2569-08-21 12:24:33.116,0.06671013,0.6883985,0.2809684
2569-08-21 12:24:33.117,0.06514744,0.6898794,0.279943
2569-08-21 12:24:33.117,0.06514744,0.6898794,0.279943
2569-08-21 12:24:33.132,0.06389715,0.6910341,0.2791165
2569-08-21 12:24:33.132,0.06389715,0.6910341,0.2791165
2569-08-21 12:24:33.141,0.06389715,0.6910341,0.2791165
2569-08-21 12:24:33.141,0.06186667,0.692854,0.2777629
2569-08-21 12:24:33.141,0.06186667,0.692854,0.2777629
2569-08-21 12:24:33.153,0.06073602,0.6938385,0.2770032
2569-08-21 12:24:33.153,0.06073602,0.6938385,0.2770032
2569-08-21 12:24:33.161,0.06073602,0.6938385,0.2770032
2569-08-21 12:24:33.161,0.05928931,0.6950687,0.2760252
2569-08-21 12:24:33.162,0.05928931,0.6950687,0.2760252
2569-08-21 12:24:33.177,0.05818346,0.6959872,0.2752732
2569-08-21 12:24:33.177,0.05818346,0.6959872,0.2752732
2569-08-21 12:24:33.185,0.05818346,0.6959872,0.2752732
2569-08-21 12:24:33.187,0.05638941,0.6974378,0.2740451
2569-08-21 12:24:33.187,0.05638941,0.6974378,0.2740451
2569-08-21 12:24:33.195,0.05638941,0.6974378,0.2740451
2569-08-21 12:24:33.198,0.05539433,0.6982216,0.2733597
2569-08-21 12:24:33.198,0.05539433,0.6982216,0.2733597
2569-08-21 12:24:33.207,0.05401304,0.6992859,0.2724034
2569-08-21 12:24:33.207,0.05401304,0.6992859,0.2724034
2569-08-21 12:24:33.219,0.05401304,0.6992859,0.2724034
2569-08-21 12:24:33.222,0.05297288,0.7000693,0.2716796
2569-08-21 12:24:33.222,0.05297288,0.7000693,0.2716796
2569-08-21 12:24:33.232,0.05172105,0.7009917,0.2708044
2569-08-21 12:24:33.232,0.05172105,0.7009917,0.2708044
2569-08-21 12:24:33.241,0.05172105,0.7009917,0.2708044
2569-08-21 12:24:33.243,0.05100207,0.7015117,0.2702998
2569-08-21 12:24:33.243,0.05100207,0.7015117,0.2702998
2569-08-21 12:24:33.253,0.0500637,0.7021795,0.2696389
2569-08-21 12:24:33.253,0.0500637,0.7021795,0.2696389
2569-08-21 12:24:33.262,0.0500637,0.7021795,0.2696389
2569-08-21 12:24:33.267,0.04944099,0.702616,0.269199
2569-08-21 12:24:33.267,0.04944099,0.702616,0.269199
2569-08-21 12:24:33.275,0.04944099,0.702616,0.269199
2569-08-21 12:24:33.277,0.0484699,0.7032864,0.2685108
2569-08-21 12:24:33.277,0.0484699,0.7032864,0.2685108
2569-08-21 12:24:33.288,0.04799266,0.7036111,0.2681716
2569-08-21 12:24:33.288,0.04799266,0.7036111,0.2681716
2569-08-21 12:24:33.296,0.04799266,0.7036111,0.2681716
2569-08-21 12:24:33.296,0.0474381,0.7039846,0.2677768
2569-08-21 12:24:33.297,0.0474381,0.7039846,0.2677768
2569-08-21 12:24:33.312,0.04714933,0.7041776,0.2675709
2569-08-21 12:24:33.312,0.04714933,0.7041776,0.2675709
2569-08-21 12:24:33.321,0.04714933,0.7041776,0.2675709
2569-08-21 12:24:33.332,0.04691255,0.7043349,0.2674018
2569-08-21 12:24:33.332,0.04691255,0.7043349,0.2674018
2569-08-21 12:24:33.342,0.04691255,0.7043349,0.2674018
2569-08-21 12:24:33.342,0.04660175,0.7045403,0.2671797
2569-08-21 12:24:33.342,0.04660175,0.7045403,0.2671797
2569-08-21 12:24:33.353,0.04660175,0.7045403,0.2671797
2569-08-21 12:24:33.353,0.04660175,0.7045403,0.2671797
2569-08-21 12:24:33.362,0.04660175,0.7045403,0.2671797
2569-08-21 12:24:33.362,0.04660175,0.7045403,0.2671797
2569-08-21 12:24:33.362,0.04660175,0.7045403,0.2671797
2569-08-21 12:24:33.378,0.04660175,0.7045403,0.2671797
2569-08-21 12:24:33.378,0.04660175,0.7045403,0.2671797
2569-08-21 12:24:33.387,0.04660175,0.7045403,0.2671797
2569-08-21 12:24:33.387,0.04660175,0.7045403,0.2671797
2569-08-21 12:24:33.387,0.04660175,0.7045403,0.2671797
2569-08-21 12:24:33.389,0.04660175,0.7045403,0.2671797
2569-08-21 12:24:33.389,0.04660175,0.7045403,0.2671797
2569-08-21 12:24:33.398,0.04660175,0.7045403,0.2671797
2569-08-21 12:24:33.399,0.04660175,0.7045403,0.2671797
2569-08-21 12:24:33.401,0.04660175,0.7045403,0.2671797
2569-08-21 12:24:33.401,0.04660175,0.7045403,0.2671797
2569-08-21 12:24:33.401,0.04660175,0.7045403,0.2671797
2569-08-21 12:24:33.404,0.04660175,0.7045403,0.2671797
2569-08-21 12:24:33.404,0.04660175,0.7045403,0.2671797
2569-08-21 12:24:33.422,0.04660175,0.7045403,0.2671797
2569-08-21 12:24:33.422,0.04660175,0.7045403,0.2671797
2569-08-21 12:24:33.426,0.04660175,0.7045403,0.2671797
2569-08-21 12:24:33.426,0.04660175,0.7045403,0.2671797
2569-08-21 12:24:33.426,0.04660175,0.7045403,0.2671797
2569-08-21 12:24:33.429,0.04660175,0.7045403,0.2671797
2569-08-21 12:24:33.429,0.04660175,0.7045403,0.2671797
2569-08-21 12:24:33.431,0.04660175,0.7045403,0.2671797
2569-08-21 12:24:33.431,0.04660175,0.7045403,0.2671797
2569-08-21 12:24:33.433,0.04660175,0.7045403,0.2671797
2569-08-21 12:24:33.433,0.04660175,0.7045403,0.2671797
2569-08-21 12:24:33.434,0.04660175,0.7045403,0.2671797
2569-08-21 12:24:33.444,0.04660175,0.7045403,0.2671797
2569-08-21 12:24:33.444,0.04660175,0.7045403,0.2671797
2569-08-21 12:24:33.447,0.04660175,0.7045403,0.2671797
2569-08-21 12:24:33.447,0.04660175,0.7045403,0.2671797
2569-08-21 12:24:33.449,0.04660175,0.7045403,0.2671797
2569-08-21 12:24:33.449,0.04660175,0.7045403,0.2671797
2569-08-21 12:24:33.451,0.04660175,0.7045403,0.2671797
2569-08-21 12:24:33.451,0.04660175,0.7045403,0.2671797
2569-08-21 12:24:33.454,0.04660175,0.7045403,0.2671797
2569-08-21 12:24:33.454,0.04660175,0.7045403,0.2671797
2569-08-21 12:24:33.454,0.04660175,0.7045403,0.2671797
2569-08-21 12:24:33.468,0.04660175,0.7045403,0.2671797
2569-08-21 12:24:33.468,0.04660175,0.7045403,0.2671797
2569-08-21 12:24:33.471,0.04660175,0.7045403,0.2671797
2569-08-21 12:24:33.471,0.04660175,0.7045403,0.2671797
2569-08-21 12:24:33.474,0.04660175,0.7045403,0.2671797
2569-08-21 12:24:33.474,0.04660175,0.7045403,0.2671797
2569-08-21 12:24:33.474,0.04660175,0.7045403,0.2671797
2569-08-21 12:24:33.476,0.04660175,0.7045403,0.2671797
2569-08-21 12:24:33.476,0.04660175,0.7045403,0.2671797
2569-08-21 12:24:33.479,0.04660175,0.7045403,0.2671797
2569-08-21 12:24:33.479,0.04660175,0.7045403,0.2671797
2569-08-21 12:24:33.488,0.04660175,0.7045403,0.2671797
2569-08-21 12:24:33.488,0.04660175,0.7045403,0.2671797
2569-08-21 12:24:33.491,0.04660175,0.7045403,0.2671797
2569-08-21 12:24:33.491,0.04660175,0.7045403,0.2671797
2569-08-21 12:24:33.493,0.04660175,0.7045403,0.2671797
2569-08-21 12:24:33.494,0.04660175,0.7045403,0.2671797
2569-08-21 12:24:33.494,0.04660175,0.7045403,0.2671797
2569-08-21 12:24:33.497,0.04660175,0.7045403,0.2671797
2569-08-21 12:24:33.497,0.04660175,0.7045403,0.2671797
2569-08-21 12:24:33.499,0.04660175,0.7045403,0.2671797
2569-08-21 12:24:33.499,0.04660175,0.7045403,0.2671797
2569-08-21 12:24:33.513,0.04660175,0.7045403,0.2671797
2569-08-21 12:24:33.513,0.04660175,0.7045403,0.2671797
2569-08-21 12:24:33.516,0.04660175,0.7045403,0.2671797
2569-08-21 12:24:33.517,0.04660175,0.7045403,0.2671797
2569-08-21 12:24:33.517,0.04660175,0.7045403,0.2671797
2569-08-21 12:24:33.519,0.04660175,0.7045403,0.2671797
2569-08-21 12:24:33.520,0.04660175,0.7045403,0.2671797
2569-08-21 12:24:33.534,0.04660175,0.7045403,0.2671797
2569-08-21 12:24:33.534,0.04660175,0.7045403,0.2671797
2569-08-21 12:24:33.536,0.04660175,0.7045403,0.2671797
2569-08-21 12:24:33.536,0.04647002,0.704509,0.267334
2569-08-21 12:24:33.536,0.04647002,0.704509,0.267334
2569-08-21 12:24:33.539,0.04644686,0.7045035,0.2673609
2569-08-21 12:24:33.539,0.04644686,0.7045035,0.2673609
2569-08-21 12:24:33.541,0.04642687,0.7044988,0.2673841
2569-08-21 12:24:33.541,0.04642687,0.7044988,0.2673841
2569-08-21 12:24:33.544,0.04640495,0.7044936,0.2674096
2569-08-21 12:24:33.544,0.04640495,0.7044936,0.2674096
2569-08-21 12:24:33.554,0.04637958,0.7044877,0.2674389
2569-08-21 12:24:33.554,0.04637958,0.7044877,0.2674389
2569-08-21 12:24:33.557,0.04637958,0.7044877,0.2674389
2569-08-21 12:24:33.557,0.04626364,0.7044607,0.2675724
2569-08-21 12:24:33.557,0.04626364,0.7044607,0.2675724
2569-08-21 12:24:33.579,0.04612479,0.7044289,0.2677306
2569-08-21 12:24:33.579,0.04612479,0.7044289,0.2677306
2569-08-21 12:24:33.589,0.04612479,0.7044289,0.2677306
2569-08-21 12:24:33.589,0.04584793,0.704367,0.2680408
2569-08-21 12:24:33.589,0.04584793,0.704367,0.2680408
2569-08-21 12:24:33.601,0.04584793,0.704367,0.2680408
2569-08-21 12:24:33.601,0.04566402,0.704327,0.2682432
2569-08-21 12:24:33.601,0.04566402,0.704327,0.2682432
2569-08-21 12:24:33.610,0.04552745,0.7042978,0.2683917
2569-08-21 12:24:33.610,0.04552745,0.7042978,0.2683917
2569-08-21 12:24:33.617,0.04552745,0.7042978,0.2683917
2569-08-21 12:24:33.623,0.0453787,0.7042665,0.2685516
2569-08-21 12:24:33.623,0.0453787,0.7042665,0.2685516
2569-08-21 12:24:33.633,0.04512363,0.704214,0.2688217
2569-08-21 12:24:33.633,0.04512363,0.704214,0.2688217
2569-08-21 12:24:33.642,0.04512363,0.704214,0.2688217
2569-08-21 12:24:33.644,0.04494258,0.7041776,0.2690102
2569-08-21 12:24:33.644,0.04494258,0.7041776,0.2690102
2569-08-21 12:24:33.653,0.04473535,0.7041368,0.2692229
2569-08-21 12:24:33.653,0.04473535,0.7041368,0.2692229
2569-08-21 12:24:33.661,0.04473535,0.7041368,0.2692229
2569-08-21 12:24:33.669,0.04453729,0.7040989,0.2694232
2569-08-21 12:24:33.669,0.04453729,0.7040989,0.2694232
2569-08-21 12:24:33.677,0.04453729,0.7040989,0.2694232
2569-08-21 12:24:33.677,0.04420238,0.7040364,0.2697553
2569-08-21 12:24:33.677,0.04420238,0.7040364,0.2697553
2569-08-21 12:24:33.689,0.04398968,0.7039979,0.269962
2569-08-21 12:24:33.689,0.04398968,0.7039979,0.269962
2569-08-21 12:24:33.696,0.04398968,0.7039979,0.269962
2569-08-21 12:24:33.698,0.04371985,0.7039505,0.2702198
2569-08-21 12:24:33.698,0.04371985,0.7039505,0.2702198
2569-08-21 12:24:33.714,0.04348194,0.7039098,0.270443
2569-08-21 12:24:33.714,0.04348194,0.7039098,0.270443
2569-08-21 12:24:33.723,0.04348194,0.7039098,0.270443
2569-08-21 12:24:33.724,0.04305902,0.70384,0.2708306
2569-08-21 12:24:33.724,0.04305902,0.70384,0.2708306
2569-08-21 12:24:33.734,0.04305902,0.70384,0.2708306
2569-08-21 12:24:33.734,0.04277305,0.7037947,0.2710863
2569-08-21 12:24:33.734,0.04277305,0.7037947,0.2710863
2569-08-21 12:24:33.744,0.04252596,0.7037567,0.2713032
2569-08-21 12:24:33.744,0.04252596,0.7037567,0.2713032
2569-08-21 12:24:33.759,0.04227303,0.703719,0.2715214
2569-08-21 12:24:33.759,0.04227303,0.703719,0.2715214
2569-08-21 12:24:33.769,0.04227303,0.703719,0.2715214
2569-08-21 12:24:33.769,0.04180265,0.7036515,0.2719173
2569-08-21 12:24:33.769,0.04180265,0.7036515,0.2719173
2569-08-21 12:24:33.777,0.04180265,0.7036515,0.2719173
2569-08-21 12:24:33.778,0.04152878,0.7036141,0.2721421
2569-08-21 12:24:33.778,0.04152878,0.7036141,0.2721421
2569-08-21 12:24:33.787,0.0412051,0.7035711,0.2724023
2569-08-21 12:24:33.787,0.0412051,0.7035711,0.2724023
2569-08-21 12:24:33.796,0.0412051,0.7035711,0.2724023
2569-08-21 12:24:33.804,0.04092287,0.703535,0.2726248
2569-08-21 12:24:33.804,0.04092287,0.703535,0.2726248
2569-08-21 12:24:33.824,0.04042253,0.7034739,0.2730089
2569-08-21 12:24:33.824,0.04042253,0.7034739,0.2730089
2569-08-21 12:24:33.834,0.04042253,0.7034739,0.2730089
2569-08-21 12:24:33.834,0.04042253,0.7034739,0.2730089
2569-08-21 12:24:33.834,0.03973006,0.7033954,0.2735198
2569-08-21 12:24:33.834,0.03973006,0.7033954,0.2735198
2569-08-21 12:24:33.848,0.03943163,0.7033637,0.2737328
2569-08-21 12:24:33.849,0.03943163,0.7033637,0.2737328
2569-08-21 12:24:33.857,0.03943163,0.7033637,0.2737328
2569-08-21 12:24:33.870,0.03892991,0.703313,0.2740816
2569-08-21 12:24:33.870,0.03892991,0.703313,0.2740816
2569-08-21 12:24:33.879,0.03892991,0.703313,0.2740816
2569-08-21 12:24:33.879,0.03821047,0.7032459,0.2745619
2569-08-21 12:24:33.879,0.03821047,0.7032459,0.2745619
2569-08-21 12:24:33.894,0.03790151,0.7032191,0.2747612
2569-08-21 12:24:33.894,0.03790151,0.7032191,0.2747612
2569-08-21 12:24:33.903,0.03790151,0.7032191,0.2747612
2569-08-21 12:24:33.914,0.03739985,0.7031781,0.2750763
2569-08-21 12:24:33.914,0.03739985,0.7031781,0.2750763
2569-08-21 12:24:33.924,0.03739985,0.7031781,0.2750763
2569-08-21 12:24:33.924,0.03663616,0.7031213,0.2755361
2569-08-21 12:24:33.924,0.03663616,0.7031213,0.2755361
2569-08-21 12:24:33.933,0.03663616,0.7031213,0.2755361
2569-08-21 12:24:33.935,0.03633473,0.7031008,0.2757111
2569-08-21 12:24:33.935,0.03633473,0.7031008,0.2757111
2569-08-21 12:24:33.944,0.03598541,0.7030782,0.2759096
2569-08-21 12:24:33.944,0.03598541,0.7030782,0.2759096
2569-08-21 12:24:33.959,0.03568036,0.7030597,0.2760791
2569-08-21 12:24:33.959,0.03568036,0.7030597,0.2760791
2569-08-21 12:24:33.967,0.03568036,0.7030597,0.2760791
2569-08-21 12:24:33.969,0.03513348,0.7030289,0.2763742
2569-08-21 12:24:33.969,0.03513348,0.7030289,0.2763742
2569-08-21 12:24:33.977,0.03513348,0.7030289,0.2763742
2569-08-21 12:24:33.980,0.03483959,0.7030136,0.2765282
2569-08-21 12:24:33.980,0.03483959,0.7030136,0.2765282
2569-08-21 12:24:33.989,0.03445968,0.7029952,0.2767227
2569-08-21 12:24:33.989,0.03445968,0.7029952,0.2767227
2569-08-21 12:24:33.997,0.03445968,0.7029952,0.2767227
2569-08-21 12:24:34.004,0.03416068,0.7029818,0.2768722
2569-08-21 12:24:34.004,0.03416068,0.7029818,0.2768722
2569-08-21 12:24:34.013,0.03416068,0.7029818,0.2768722
2569-08-21 12:24:34.014,0.03363584,0.7029604,0.2771269
2569-08-21 12:24:34.014,0.03363584,0.7029604,0.2771269
2569-08-21 12:24:34.025,0.03335788,0.7029502,0.277258
2569-08-21 12:24:34.025,0.03335788,0.7029502,0.277258
2569-08-21 12:24:34.033,0.03335788,0.7029502,0.277258
2569-08-21 12:24:34.034,0.03301898,0.7029387,0.2774143
2569-08-21 12:24:34.034,0.03301898,0.7029387,0.2774143
2569-08-21 12:24:34.049,0.0327744,0.7029312,0.2775247
2569-08-21 12:24:34.049,0.0327744,0.7029312,0.2775247
2569-08-21 12:24:34.057,0.0327744,0.7029312,0.2775247
2569-08-21 12:24:34.058,0.03232562,0.7029188,0.2777221
2569-08-21 12:24:34.058,0.03232562,0.7029188,0.2777221
2569-08-21 12:24:34.070,0.03204082,0.702912,0.2778439
2569-08-21 12:24:34.070,0.03204082,0.702912,0.2778439
2569-08-21 12:24:34.079,0.03204082,0.702912,0.2778439
2569-08-21 12:24:34.079,0.03174242,0.7029055,0.2779687
2569-08-21 12:24:34.079,0.03174242,0.7029055,0.2779687
2569-08-21 12:24:34.095,0.03152294,0.7029014,0.2780588
2569-08-21 12:24:34.095,0.03152294,0.7029014,0.2780588
2569-08-21 12:24:34.104,0.03152294,0.7029014,0.2780588
2569-08-21 12:24:34.115,0.03104215,0.7030643,0.2779472
2569-08-21 12:24:34.115,0.03104215,0.7030643,0.2779472
2569-08-21 12:24:34.125,0.03104215,0.7030643,0.2779472
2569-08-21 12:24:34.126,0.0303778,0.7032934,0.27778
2569-08-21 12:24:34.126,0.0303778,0.7032934,0.27778
2569-08-21 12:24:34.134,0.0303778,0.7032934,0.27778
2569-08-21 12:24:34.135,0.03010983,0.7034141,0.27766
2569-08-21 12:24:34.135,0.03010983,0.7034141,0.27766
2569-08-21 12:24:34.144,0.02981101,0.7035496,0.2775225
2569-08-21 12:24:34.144,0.02981101,0.7035496,0.2775225
2569-08-21 12:24:34.155,0.02981101,0.7035496,0.2775225
2569-08-21 12:24:34.160,0.02951716,0.7037013,0.2773528
2569-08-21 12:24:34.160,0.02951716,0.7037013,0.2773528
2569-08-21 12:24:34.170,0.02908464,0.7039267,0.277095
2569-08-21 12:24:34.170,0.02908464,0.7039267,0.277095
2569-08-21 12:24:34.178,0.02908464,0.7039267,0.277095
2569-08-21 12:24:34.181,0.02883019,0.7040738,0.2769154
2569-08-21 12:24:34.181,0.02883019,0.7040738,0.2769154
2569-08-21 12:24:34.189,0.02851865,0.7042554,0.2766903
2569-08-21 12:24:34.189,0.02851865,0.7042554,0.2766903
2569-08-21 12:24:34.199,0.02851865,0.7042554,0.2766903
2569-08-21 12:24:34.205,0.02825612,0.7044163,0.2764844
2569-08-21 12:24:34.205,0.02825612,0.7044163,0.2764844
2569-08-21 12:24:34.214,0.02825612,0.7044163,0.2764844
2569-08-21 12:24:34.214,0.02784329,0.7046722,0.2761516
2569-08-21 12:24:34.214,0.02784329,0.7046722,0.2761516
2569-08-21 12:24:34.225,0.02759631,0.7048268,0.2759471
2569-08-21 12:24:34.225,0.02759631,0.7048268,0.2759471
2569-08-21 12:24:34.235,0.02759631,0.7048268,0.2759471
2569-08-21 12:24:34.236,0.02726274,0.7050379,0.275664
2569-08-21 12:24:34.236,0.02726274,0.7050379,0.275664
2569-08-21 12:24:34.250,0.02701525,0.7051934,0.2754541
2569-08-21 12:24:34.250,0.02701525,0.7051934,0.2754541
2569-08-21 12:24:34.259,0.02701525,0.7051934,0.2754541
2569-08-21 12:24:34.259,0.02665293,0.7054237,0.2751387
2569-08-21 12:24:34.259,0.02665293,0.7054237,0.2751387
2569-08-21 12:24:34.271,0.02640281,0.7055668,0.2749486
2569-08-21 12:24:34.271,0.02640281,0.7055668,0.2749486
2569-08-21 12:24:34.279,0.02640281,0.7055668,0.2749486
2569-08-21 12:24:34.279,0.026138,0.7057198,0.2747425
2569-08-21 12:24:34.279,0.026138,0.7057198,0.2747425
2569-08-21 12:24:34.295,0.02591984,0.7058446,0.2745738
2569-08-21 12:24:34.295,0.02591984,0.7058446,0.2745738
2569-08-21 12:24:34.303,0.02591984,0.7058446,0.2745738
2569-08-21 12:24:34.304,0.02558308,0.7060394,0.2743068
2569-08-21 12:24:34.304,0.02558308,0.7060394,0.2743068
2569-08-21 12:24:34.313,0.02558308,0.7060394,0.2743068
2569-08-21 12:24:34.316,0.02542454,0.7060429,0.2743493
2569-08-21 12:24:34.316,0.02542454,0.7060429,0.2743493
2569-08-21 12:24:34.325,0.02523772,0.7060473,0.2743983
2569-08-21 12:24:34.325,0.02523772,0.7060473,0.2743983
2569-08-21 12:24:34.333,0.02523772,0.7060473,0.2743983
2569-08-21 12:24:34.340,0.02508819,0.7060511,0.2744366
2569-08-21 12:24:34.340,0.02508819,0.7060511,0.2744366
2569-08-21 12:24:34.349,0.02484018,0.7060578,0.2744986
2569-08-21 12:24:34.349,0.02484018,0.7060578,0.2744986
2569-08-21 12:24:34.357,0.02484018,0.7060578,0.2744986
2569-08-21 12:24:34.361,0.0246865,0.7060622,0.274536
2569-08-21 12:24:34.361,0.0246865,0.7060622,0.274536
2569-08-21 12:24:34.370,0.02449364,0.7060681,0.2745818
2569-08-21 12:24:34.370,0.02449364,0.7060681,0.2745818
2569-08-21 12:24:34.380,0.02449364,0.7060681,0.2745818
2569-08-21 12:24:34.386,0.02434176,0.706073,0.2746171
2569-08-21 12:24:34.386,0.02434176,0.706073,0.2746171
2569-08-21 12:24:34.394,0.02434176,0.706073,0.2746171
2569-08-21 12:24:34.406,0.02409841,0.7060813,0.274672
2569-08-21 12:24:34.406,0.02409841,0.7060813,0.274672
2569-08-21 12:24:34.415,0.02409841,0.7060813,0.274672
2569-08-21 12:24:34.415,0.02375657,0.7060939,0.2747459
2569-08-21 12:24:34.415,0.02375657,0.7060939,0.2747459
2569-08-21 12:24:34.427,0.02361264,0.7060995,0.2747759
2569-08-21 12:24:34.427,0.02361264,0.7060995,0.2747759
2569-08-21 12:24:34.435,0.02361264,0.7060995,0.2747759
2569-08-21 12:24:34.435,0.02343674,0.7061066,0.2748116
2569-08-21 12:24:34.435,0.02343674,0.7061066,0.2748116
2569-08-21 12:24:34.451,0.02329257,0.7061127,0.2748401
2569-08-21 12:24:34.451,0.02329257,0.7061127,0.2748401
2569-08-21 12:24:34.460,0.02329257,0.7061127,0.2748401
2569-08-21 12:24:34.461,0.02304075,0.7061237,0.2748884
2569-08-21 12:24:34.461,0.02304075,0.7061237,0.2748884
2569-08-21 12:24:34.471,0.02287812,0.7061312,0.2749185
2569-08-21 12:24:34.471,0.02287812,0.7061312,0.2749185
2569-08-21 12:24:34.481,0.02287812,0.7061312,0.2749185
2569-08-21 12:24:34.481,0.02271366,0.706139,0.2749481
2569-08-21 12:24:34.481,0.02271366,0.706139,0.2749481
2569-08-21 12:24:34.496,0.02257283,0.7061458,0.2749728
2569-08-21 12:24:34.496,0.02257283,0.7061458,0.2749728
2569-08-21 12:24:34.505,0.02257283,0.7061458,0.2749728
2569-08-21 12:24:34.505,0.02231353,0.7061589,0.2750165
2569-08-21 12:24:34.506,0.02231353,0.7061589,0.2750165
2569-08-21 12:24:34.513,0.02231353,0.7061589,0.2750165
2569-08-21 12:24:34.517,0.02216904,0.7061664,0.27504
2569-08-21 12:24:34.517,0.02216904,0.7061664,0.27504
2569-08-21 12:24:34.525,0.02198083,0.7061765,0.2750696
2569-08-21 12:24:34.525,0.02198083,0.7061765,0.2750696
2569-08-21 12:24:34.534,0.02198083,0.7061765,0.2750696
2569-08-21 12:24:34.541,0.02183304,0.7061847,0.275092
2569-08-21 12:24:34.541,0.02183304,0.7061847,0.275092
2569-08-21 12:24:34.550,0.02157884,0.7061992,0.275129
2569-08-21 12:24:34.550,0.02157884,0.7061992,0.275129
2569-08-21 12:24:34.558,0.02157884,0.7061992,0.275129
2569-08-21 12:24:34.562,0.0214237,0.7062084,0.2751506
2569-08-21 12:24:34.562,0.0214237,0.7062084,0.2751506
2569-08-21 12:24:34.570,0.02123108,0.70622,0.2751764
2569-08-21 12:24:34.570,0.02123108,0.70622,0.2751764
2569-08-21 12:24:34.579,0.02123108,0.70622,0.2751764
2569-08-21 12:24:34.586,0.02107399,0.7062297,0.2751966
2569-08-21 12:24:34.586,0.02107399,0.7062297,0.2751966
2569-08-21 12:24:34.595,0.02107399,0.7062297,0.2751966
2569-08-21 12:24:34.595,0.02080404,0.7062471,0.2752294
2569-08-21 12:24:34.595,0.02080404,0.7062471,0.2752294
2569-08-21 12:24:34.607,0.02064399,0.7062576,0.2752478
2569-08-21 12:24:34.607,0.02064399,0.7062576,0.2752478
2569-08-21 12:24:34.616,0.02064399,0.7062576,0.2752478
2569-08-21 12:24:34.616,0.02043958,0.7062714,0.2752702
2569-08-21 12:24:34.616,0.02043958,0.7062714,0.2752702
2569-08-21 12:24:34.631,0.02027852,0.7062826,0.2752869
2569-08-21 12:24:34.631,0.02027852,0.7062826,0.2752869
2569-08-21 12:24:34.640,0.02027852,0.7062826,0.2752869
2569-08-21 12:24:34.641,0.02001188,0.7063015,0.2753129
2569-08-21 12:24:34.641,0.02001188,0.7063015,0.2753129
2569-08-21 12:24:34.652,0.01985009,0.7063133,0.2753275
2569-08-21 12:24:34.652,0.01985009,0.7063133,0.2753275
2569-08-21 12:24:34.660,0.01985009,0.7063133,0.2753275
2569-08-21 12:24:34.660,0.01965423,0.7063279,0.2753442
2569-08-21 12:24:34.660,0.01965423,0.7063279,0.2753442
2569-08-21 12:24:34.676,0.01949764,0.7063398,0.2753567
2569-08-21 12:24:34.676,0.01949764,0.7063398,0.2753567
2569-08-21 12:24:34.685,0.01949764,0.7063398,0.2753567
2569-08-21 12:24:34.697,0.01920532,0.7063626,0.275378
2569-08-21 12:24:34.697,0.01920532,0.7063626,0.275378
2569-08-21 12:24:34.707,0.01920532,0.7063626,0.275378
2569-08-21 12:24:34.707,0.01883564,0.7063925,0.2754012
2569-08-21 12:24:34.707,0.01883564,0.7063925,0.2754012
2569-08-21 12:24:34.715,0.01883564,0.7063925,0.2754012
2569-08-21 12:24:34.717,0.01867641,0.7064058,0.2754099
2569-08-21 12:24:34.717,0.01867641,0.7064058,0.2754099
2569-08-21 12:24:34.725,0.01849506,0.7064212,0.2754189
2569-08-21 12:24:34.725,0.01849506,0.7064212,0.2754189
2569-08-21 12:24:34.734,0.01849506,0.7064212,0.2754189
2569-08-21 12:24:34.742,0.01833557,0.7063231,0.2756369
2569-08-21 12:24:34.742,0.01833557,0.7063231,0.2756369
2569-08-21 12:24:34.751,0.01803768,0.7061443,0.2760337
2569-08-21 12:24:34.751,0.01803768,0.7061443,0.2760337
2569-08-21 12:24:34.761,0.01803768,0.7061443,0.2760337
2569-08-21 12:24:34.762,0.01786913,0.7059946,0.2763467
2569-08-21 12:24:34.762,0.01786913,0.7059946,0.2763467
2569-08-21 12:24:34.770,0.0176823,0.7058321,0.2766851
2569-08-21 12:24:34.770,0.0176823,0.7058321,0.2766851
2569-08-21 12:24:34.779,0.0176823,0.7058321,0.2766851
2569-08-21 12:24:34.787,0.01751272,0.7056488,0.2770559
2569-08-21 12:24:34.787,0.01751272,0.7056488,0.2770559
2569-08-21 12:24:34.795,0.01751272,0.7056488,0.2770559
2569-08-21 12:24:34.795,0.01720536,0.7053263,0.2777041
2569-08-21 12:24:34.795,0.01720536,0.7053263,0.2777041
2569-08-21 12:24:34.808,0.01701337,0.7051144,0.2781237
2569-08-21 12:24:34.808,0.01701337,0.7051144,0.2781237
2569-08-21 12:24:34.816,0.01701337,0.7051144,0.2781237
2569-08-21 12:24:34.816,0.01677275,0.704855,0.2786332
2569-08-21 12:24:34.816,0.01677275,0.704855,0.2786332
2569-08-21 12:24:34.832,0.01657766,0.7046401,0.2790512
2569-08-21 12:24:34.832,0.01657766,0.7046401,0.2790512
2569-08-21 12:24:34.840,0.01657766,0.7046401,0.2790512
2569-08-21 12:24:34.841,0.01620736,0.7042437,0.2798148
2569-08-21 12:24:34.841,0.01620736,0.7042437,0.2798148
2569-08-21 12:24:34.852,0.01599332,0.7040076,0.280263
2569-08-21 12:24:34.852,0.01599332,0.7040076,0.280263
2569-08-21 12:24:34.861,0.01599332,0.7040076,0.280263
2569-08-21 12:24:34.861,0.01573029,0.703724,0.2807975
2569-08-21 12:24:34.861,0.01573029,0.703724,0.2807975
2569-08-21 12:24:34.877,0.01550521,0.7034676,0.2812738
2569-08-21 12:24:34.877,0.01550521,0.7034676,0.2812738
2569-08-21 12:24:34.886,0.01550521,0.7034676,0.2812738
2569-08-21 12:24:34.886,0.01511869,0.7030388,0.2820623
2569-08-21 12:24:34.886,0.01511869,0.7030388,0.2820623
2569-08-21 12:24:34.894,0.01511869,0.7030388,0.2820623
2569-08-21 12:24:34.896,0.01488736,0.7027831,0.2825267
2569-08-21 12:24:34.896,0.01488736,0.7027831,0.2825267
2569-08-21 12:24:34.906,0.01457959,0.7024501,0.2831266
2569-08-21 12:24:34.906,0.01457959,0.7024501,0.2831266
2569-08-21 12:24:34.916,0.01457959,0.7024501,0.2831266
2569-08-21 12:24:34.922,0.01428377,0.7021394,0.2836807
2569-08-21 12:24:34.922,0.01428377,0.7021394,0.2836807
2569-08-21 12:24:34.932,0.01383994,0.701685,0.2844821
2569-08-21 12:24:34.932,0.01383994,0.701685,0.2844821
2569-08-21 12:24:34.941,0.01383994,0.701685,0.2844821
2569-08-21 12:24:34.943,0.01356784,0.7014182,0.2849481
2569-08-21 12:24:34.943,0.01356784,0.7014182,0.2849481
2569-08-21 12:24:34.951,0.01327706,0.7011379,0.2854334
2569-08-21 12:24:34.952,0.01327706,0.7011379,0.2854334
2569-08-21 12:24:34.960,0.01327706,0.7011379,0.2854334
2569-08-21 12:24:34.967,0.01299906,0.7008763,0.2858828
2569-08-21 12:24:34.967,0.01299906,0.7008763,0.2858828
2569-08-21 12:24:34.976,0.01299906,0.7008763,0.2858828
2569-08-21 12:24:34.987,0.01250364,0.7004237,0.2866524
2569-08-21 12:24:34.987,0.01250364,0.7004237,0.2866524
2569-08-21 12:24:34.998,0.01250364,0.7004237,0.2866524
2569-08-21 12:24:34.998,0.01178867,0.69979,0.2877106
2569-08-21 12:24:34.998,0.01178867,0.69979,0.2877106
2569-08-21 12:24:35.008,0.01148121,0.6995293,0.2881403
2569-08-21 12:24:35.008,0.01148121,0.6995293,0.2881403
2569-08-21 12:24:35.017,0.01148121,0.6995293,0.2881403
2569-08-21 12:24:35.018,0.01110852,0.6992183,0.2886484
2569-08-21 12:24:35.018,0.01110852,0.6992183,0.2886484
2569-08-21 12:24:35.033,0.01075277,0.6989214,0.289128
2569-08-21 12:24:35.033,0.01075277,0.6989214,0.289128
2569-08-21 12:24:35.045,0.01075277,0.6989214,0.289128
2569-08-21 12:24:35.053,0.01012484,0.6984279,0.2899168
2569-08-21 12:24:35.054,0.01012484,0.6984279,0.2899168
2569-08-21 12:24:35.062,0.01012484,0.6984279,0.2899168
2569-08-21 12:24:35.062,0.009520825,0.6979641,0.2906455
2569-08-21 12:24:35.062,0.009520825,0.6979641,0.2906455
2569-08-21 12:24:35.077,0.009194177,0.6977302,0.29101
2569-08-21 12:24:35.077,0.009194177,0.6977302,0.29101
2569-08-21 12:24:35.086,0.009194177,0.6977302,0.29101
2569-08-21 12:24:35.086,0.008686606,0.6973718,0.2915621
2569-08-21 12:24:35.086,0.008686606,0.6973718,0.2915621
2569-08-21 12:24:35.094,0.008686606,0.6973718,0.2915621
2569-08-21 12:24:35.099,0.008387405,0.6971717,0.2918679
2569-08-21 12:24:35.099,0.008387405,0.6971717,0.2918679
2569-08-21 12:24:35.108,0.007937543,0.6968746,0.2923176
2569-08-21 12:24:35.108,0.007937543,0.6968746,0.2923176
2569-08-21 12:24:35.119,0.007937543,0.6968746,0.2923176
2569-08-21 12:24:35.123,0.00757926,0.6966442,0.2926629
2569-08-21 12:24:35.123,0.00757926,0.6966442,0.2926629
2569-08-21 12:24:35.132,0.007104497,0.6963431,0.2931097
2569-08-21 12:24:35.132,0.007104497,0.6963431,0.2931097
2569-08-21 12:24:35.141,0.007104497,0.6963431,0.2931097
2569-08-21 12:24:35.143,0.006811168,0.6961633,0.2933739
2569-08-21 12:24:35.143,0.006811168,0.6961633,0.2933739
2569-08-21 12:24:35.152,0.006501827,0.6959755,0.2936479
2569-08-21 12:24:35.152,0.006501827,0.6959755,0.2936479
2569-08-21 12:24:35.161,0.006501827,0.6959755,0.2936479
2569-08-21 12:24:35.168,0.006239429,0.6958194,0.293874
2569-08-21 12:24:35.168,0.006239429,0.6958194,0.293874
2569-08-21 12:24:35.176,0.006239429,0.6958194,0.293874
2569-08-21 12:24:35.176,0.005747072,0.6955298,0.2942896
2569-08-21 12:24:35.176,0.005747072,0.6955298,0.2942896
2569-08-21 12:24:35.188,0.005490243,0.6953807,0.2945014
2569-08-21 12:24:35.188,0.005490243,0.6953807,0.2945014
2569-08-21 12:24:35.196,0.005490243,0.6953807,0.2945014
2569-08-21 12:24:35.196,0.005164009,0.6951929,0.2947663
2569-08-21 12:24:35.198,0.005164009,0.6951929,0.2947663
2569-08-21 12:24:35.213,0.00491944,0.6950644,0.2949465
2569-08-21 12:24:35.213,0.00491944,0.6950644,0.2949465
2569-08-21 12:24:35.221,0.00491944,0.6950644,0.2949465
2569-08-21 12:24:35.222,0.004521366,0.6948572,0.2952348
2569-08-21 12:24:35.222,0.004521366,0.6948572,0.2952348
2569-08-21 12:24:35.234,0.004288703,0.6947456,0.2953889
2569-08-21 12:24:35.234,0.004288703,0.6947456,0.2953889
2569-08-21 12:24:35.242,0.004288703,0.6947456,0.2953889
2569-08-21 12:24:35.243,0.003996465,0.6946065,0.2955797
2569-08-21 12:24:35.243,0.003996465,0.6946065,0.2955797
2569-08-21 12:24:35.258,0.0037774,0.6945059,0.2957167
2569-08-21 12:24:35.258,0.0037774,0.6945059,0.2957167
2569-08-21 12:24:35.267,0.0037774,0.6945059,0.2957167
2569-08-21 12:24:35.278,0.003451664,0.6943513,0.2959258
2569-08-21 12:24:35.278,0.003451664,0.6943513,0.2959258
2569-08-21 12:24:35.288,0.003451664,0.6943513,0.2959258
2569-08-21 12:24:35.288,0.002988197,0.6941333,0.2962172
2569-08-21 12:24:35.288,0.002988197,0.6941333,0.2962172
2569-08-21 12:24:35.297,0.002988197,0.6941333,0.2962172
2569-08-21 12:24:35.299,0.002804309,0.6940501,0.2963274
2569-08-21 12:24:35.299,0.002804309,0.6940501,0.2963274
2569-08-21 12:24:35.307,0.002579477,0.6939488,0.2964608
2569-08-21 12:24:35.307,0.002579477,0.6939488,0.2964608
2569-08-21 12:24:35.316,0.002579477,0.6939488,0.2964608
2569-08-21 12:24:35.323,0.002382629,0.6938521,0.2965876
2569-08-21 12:24:35.323,0.002382629,0.6938521,0.2965876
2569-08-21 12:24:35.332,0.002044894,0.6936871,0.2968023
2569-08-21 12:24:35.332,0.002044894,0.6936871,0.2968023
2569-08-21 12:24:35.342,0.002044894,0.6936871,0.2968023
2569-08-21 12:24:35.344,0.001821268,0.693579,0.2969418
2569-08-21 12:24:35.344,0.001821268,0.693579,0.2969418
2569-08-21 12:24:35.353,0.001581851,0.6934639,0.2970893
2569-08-21 12:24:35.353,0.001581851,0.6934639,0.2970893
2569-08-21 12:24:35.361,0.001581851,0.6934639,0.2970893
2569-08-21 12:24:35.367,0.001385637,0.6933773,0.2971995
2569-08-21 12:24:35.369,0.001385637,0.6933773,0.2971995
2569-08-21 12:24:35.377,0.001385637,0.6933773,0.2971995
2569-08-21 12:24:35.377,0.001019578,0.6932167,0.2974019
2569-08-21 12:24:35.377,0.001019578,0.6932167,0.2974019
2569-08-21 12:24:35.389,0.000790868,0.693116,0.2975278
2569-08-21 12:24:35.389,0.000790868,0.693116,0.2975278
2569-08-21 12:24:35.399,0.000790868,0.693116,0.2975278
2569-08-21 12:24:35.400,0.0005500726,0.6930106,0.2976587
2569-08-21 12:24:35.400,0.0005500726,0.6930106,0.2976587
2569-08-21 12:24:35.413,0.0003191829,0.6929114,0.2977807
2569-08-21 12:24:35.413,0.0003191829,0.6929114,0.2977807
2569-08-21 12:24:35.424,0.0003191829,0.6929114,0.2977807
2569-08-21 12:24:35.424,-2.02246E-05,0.6927665,0.2979575
2569-08-21 12:24:35.424,-2.02246E-05,0.6927665,0.2979575
2569-08-21 12:24:35.434,-2.02246E-05,0.6927665,0.2979575
2569-08-21 12:24:35.436,-0.0002825484,0.6926516,0.2980968
2569-08-21 12:24:35.436,-0.0002825484,0.6926516,0.2980968
2569-08-21 12:24:35.459,-0.0005117022,0.6925462,0.2982241
2569-08-21 12:24:35.459,-0.0005117022,0.6925462,0.2982241
2569-08-21 12:24:35.469,-0.0005117022,0.6925462,0.2982241
2569-08-21 12:24:35.469,-0.001027711,0.6923107,0.2985052
2569-08-21 12:24:35.469,-0.001027711,0.6923107,0.2985052
2569-08-21 12:24:35.480,-0.001027711,0.6923107,0.2985052
2569-08-21 12:24:35.480,-0.001254663,0.6922094,0.2986245
2569-08-21 12:24:35.480,-0.001254663,0.6922094,0.2986245
2569-08-21 12:24:35.490,-0.001486003,0.6921067,0.2987447
2569-08-21 12:24:35.490,-0.001486003,0.6921067,0.2987447
2569-08-21 12:24:35.500,-0.001486003,0.6921067,0.2987447
2569-08-21 12:24:35.503,-0.00171889,0.6920022,0.2988663
2569-08-21 12:24:35.503,-0.00171889,0.6920022,0.2988663
2569-08-21 12:24:35.513,-0.00171889,0.6920022,0.2988663
2569-08-21 12:24:35.514,-0.002026204,0.691865,0.2990246
2569-08-21 12:24:35.514,-0.002026204,0.691865,0.2990246
2569-08-21 12:24:35.524,-0.002259843,0.6917406,0.2991692
2569-08-21 12:24:35.524,-0.002259843,0.6917406,0.2991692
2569-08-21 12:24:35.535,-0.002259843,0.6917406,0.2991692
2569-08-21 12:24:35.535,-0.002491791,0.6916178,0.2993114
2569-08-21 12:24:35.535,-0.002491791,0.6916178,0.2993114
2569-08-21 12:24:35.549,-0.002735205,0.691493,0.2994543
2569-08-21 12:24:35.549,-0.002735205,0.691493,0.2994543
2569-08-21 12:24:35.559,-0.002735205,0.691493,0.2994543
2569-08-21 12:24:35.569,-0.003038447,0.6913327,0.299637
2569-08-21 12:24:35.569,-0.003038447,0.6913327,0.299637
2569-08-21 12:24:35.579,-0.003038447,0.6913327,0.299637
2569-08-21 12:24:35.580,-0.003499661,0.6910904,0.2999099
2569-08-21 12:24:35.580,-0.003499661,0.6910904,0.2999099
2569-08-21 12:24:35.590,-0.003734924,0.6909633,0.3000521
2569-08-21 12:24:35.590,-0.003734924,0.6909633,0.3000521
2569-08-21 12:24:35.598,-0.003734924,0.6909633,0.3000521
2569-08-21 12:24:35.600,-0.003958568,0.690843,0.3001858
2569-08-21 12:24:35.600,-0.003958568,0.690843,0.3001858
2569-08-21 12:24:35.614,-0.004200861,0.6907166,0.3003248
2569-08-21 12:24:35.614,-0.004200861,0.6907166,0.3003248
2569-08-21 12:24:35.625,-0.004200861,0.6907166,0.3003248
2569-08-21 12:24:35.626,-0.004569564,0.6905251,0.3005333
2569-08-21 12:24:35.626,-0.004569564,0.6905251,0.3005333
2569-08-21 12:24:35.635,-0.004569564,0.6905251,0.3005333
2569-08-21 12:24:35.635,-0.004799936,0.6904035,0.300665
2569-08-21 12:24:35.635,-0.004799936,0.6904035,0.300665
2569-08-21 12:24:35.646,-0.005029466,0.6902827,0.3007948
2569-08-21 12:24:35.646,-0.005029466,0.6902827,0.3007948
2569-08-21 12:24:35.656,-0.005029466,0.6902827,0.3007948
2569-08-21 12:24:35.660,-0.005107157,0.6901475,0.3009548
2569-08-21 12:24:35.660,-0.005107157,0.6901475,0.3009548
2569-08-21 12:24:35.669,-0.005199041,0.6899873,0.3011438
2569-08-21 12:24:35.669,-0.005199041,0.6899873,0.3011438
2569-08-21 12:24:35.679,-0.005199041,0.6899873,0.3011438
2569-08-21 12:24:35.680,-0.005199041,0.6899873,0.3011438
2569-08-21 12:24:35.680,-0.005199041,0.6899873,0.3011438
2569-08-21 12:24:35.689,-0.005199041,0.6899873,0.3011438
2569-08-21 12:24:35.689,-0.005199041,0.6899873,0.3011438
2569-08-21 12:24:35.699,-0.005199041,0.6899873,0.3011438
2569-08-21 12:24:35.704,-0.005199041,0.6899873,0.3011438
2569-08-21 12:24:35.704,-0.005199041,0.6899873,0.3011438
2569-08-21 12:24:35.707,-0.005199041,0.6899873,0.3011438
2569-08-21 12:24:35.707,-0.005199041,0.6899873,0.3011438
2569-08-21 12:24:35.711,-0.005199041,0.6899873,0.3011438
2569-08-21 12:24:35.711,-0.005199041,0.6899873,0.3011438
2569-08-21 12:24:35.713,-0.005199041,0.6899873,0.3011438
2569-08-21 12:24:35.713,-0.005199041,0.6899873,0.3011438
2569-08-21 12:24:35.713,-0.005199041,0.6899873,0.3011438
2569-08-21 12:24:35.716,-0.005199041,0.6899873,0.3011438
2569-08-21 12:24:35.716,-0.005199041,0.6899873,0.3011438
2569-08-21 12:24:35.725,-0.005199041,0.6899873,0.3011438
2569-08-21 12:24:35.725,-0.005199041,0.6899873,0.3011438
2569-08-21 12:24:35.729,-0.005199041,0.6899873,0.3011438
2569-08-21 12:24:35.729,-0.005199041,0.6899873,0.3011438
2569-08-21 12:24:35.732,-0.005199041,0.6899873,0.3011438
2569-08-21 12:24:35.732,-0.005199041,0.6899873,0.3011438
2569-08-21 12:24:35.733,-0.005199041,0.6899873,0.3011438
2569-08-21 12:24:35.734,-0.005199041,0.6899873,0.3011438
2569-08-21 12:24:35.734,-0.005199041,0.6899873,0.3011438
2569-08-21 12:24:35.737,-0.005199041,0.6899873,0.3011438
2569-08-21 12:24:35.737,-0.005199041,0.6899873,0.3011438
2569-08-21 12:24:35.749,-0.005199041,0.6899873,0.3011438
2569-08-21 12:24:35.749,-0.005199041,0.6899873,0.3011438
2569-08-21 12:24:35.753,-0.005199041,0.6899873,0.3011438
2569-08-21 12:24:35.753,-0.005199041,0.6899873,0.3011438
2569-08-21 12:24:35.763,-0.005199041,0.6899873,0.3011438
2569-08-21 12:24:35.769,-0.005199041,0.6899873,0.3011438
2569-08-21 12:24:35.769,-0.005199041,0.6899873,0.3011438
2569-08-21 12:24:35.773,-0.005199041,0.6899873,0.3011438
2569-08-21 12:24:35.773,-0.005199041,0.6899873,0.3011438
2569-08-21 12:24:35.773,-0.005199041,0.6899873,0.3011438
2569-08-21 12:24:35.777,-0.005199041,0.6899873,0.3011438
2569-08-21 12:24:35.777,-0.005199041,0.6899873,0.3011438
2569-08-21 12:24:35.780,-0.005199041,0.6899873,0.3011438
2569-08-21 12:24:35.780,-0.005199041,0.6899873,0.3011438
2569-08-21 12:24:35.795,-0.005199041,0.6899873,0.3011438
2569-08-21 12:24:35.795,-0.005199041,0.6899873,0.3011438
2569-08-21 12:24:35.798,-0.005199041,0.6899873,0.3011438
2569-08-21 12:24:35.798,-0.005199041,0.6899873,0.3011438
2569-08-21 12:24:35.798,-0.005199041,0.6899873,0.3011438
2569-08-21 12:24:35.801,-0.005199041,0.6899873,0.3011438
2569-08-21 12:24:35.801,-0.005199041,0.6899873,0.3011438
2569-08-21 12:24:35.815,-0.005199041,0.6899873,0.3011438
2569-08-21 12:24:35.815,-0.005199041,0.6899873,0.3011438
2569-08-21 12:24:35.817,-0.005199041,0.6899873,0.3011438
2569-08-21 12:24:35.818,-0.005199041,0.6899873,0.3011438
2569-08-21 12:24:35.818,-0.005199041,0.6899873,0.3011438
2569-08-21 12:24:35.821,-0.005199041,0.6899873,0.3011438
2569-08-21 12:24:35.821,-0.005199041,0.6899873,0.3011438
2569-08-21 12:24:35.822,-0.005199041,0.6899873,0.3011438
2569-08-21 12:24:35.823,-0.005199041,0.6899873,0.3011438
2569-08-21 12:24:35.824,-0.005199041,0.6899873,0.3011438
2569-08-21 12:24:35.825,-0.005199041,0.6899873,0.3011438
2569-08-21 12:24:35.835,-0.005199041,0.6899873,0.3011438
2569-08-21 12:24:35.835,-0.005199041,0.6899873,0.3011438
2569-08-21 12:24:35.837,-0.005199041,0.6899873,0.3011438
2569-08-21 12:24:35.838,-0.005199041,0.6899873,0.3011438
2569-08-21 12:24:35.838,-0.005199041,0.6899873,0.3011438
2569-08-21 12:24:35.840,-0.005199041,0.6899873,0.3011438
2569-08-21 12:24:35.840,-0.005199041,0.6899873,0.3011438
2569-08-21 12:24:35.842,-0.005199041,0.6899873,0.3011438
2569-08-21 12:24:35.842,-0.005199041,0.6899873,0.3011438
2569-08-21 12:24:35.845,-0.005199041,0.6899873,0.3011438
2569-08-21 12:24:35.845,-0.005199041,0.6899873,0.3011438
2569-08-21 12:24:35.848,-0.005199041,0.6899873,0.3011438
2569-08-21 12:24:35.848,-0.005199041,0.6899873,0.3011438
2569-08-21 12:24:35.860,-0.005199041,0.6899873,0.3011438
2569-08-21 12:24:35.860,-0.005199041,0.6899873,0.3011438
2569-08-21 12:24:35.863,-0.005199041,0.6899873,0.3011438
2569-08-21 12:24:35.863,-0.005199041,0.6899873,0.3011438
2569-08-21 12:24:35.863,-0.005199041,0.6899873,0.3011438
2569-08-21 12:24:35.865,-0.005199041,0.6899873,0.3011438
2569-08-21 12:24:35.865,-0.005199041,0.6899873,0.3011438
2569-08-21 12:24:35.868,-0.005199041,0.6899873,0.3011438
2569-08-21 12:24:35.868,-0.005199041,0.6899873,0.3011438
2569-08-21 12:24:35.869,-0.005199041,0.6899873,0.3011438
2569-08-21 12:24:35.869,-0.005199041,0.6899873,0.3011438
2569-08-21 12:24:35.880,-0.005199041,0.6899873,0.3011438
2569-08-21 12:24:35.880,-0.005199041,0.6899873,0.3011438
2569-08-21 12:24:35.883,-0.005199041,0.6899873,0.3011438
2569-08-21 12:24:35.883,-0.005199041,0.6899873,0.3011438
2569-08-21 12:24:35.883,-0.005199041,0.6899873,0.3011438
2569-08-21 12:24:35.885,-0.005199041,0.6899873,0.3011438
2569-08-21 12:24:35.885,-0.005199041,0.6899873,0.3011438
2569-08-21 12:24:35.888,-0.005199041,0.6899873,0.3011438
2569-08-21 12:24:35.888,-0.005199041,0.6899873,0.3011438
2569-08-21 12:24:35.890,-0.005199041,0.6899873,0.3011438
2569-08-21 12:24:35.890,-0.005199041,0.6899873,0.3011438
2569-08-21 12:24:35.892,-0.005199041,0.6899873,0.3011438
2569-08-21 12:24:35.892,-0.005199041,0.6899873,0.3011438
2569-08-21 12:24:35.894,-0.005199041,0.6899873,0.3011438
2569-08-21 12:24:35.905,-0.005199041,0.6899873,0.3011438
2569-08-21 12:24:35.905,-0.005199041,0.6899873,0.3011438
2569-08-21 12:24:35.908,-0.005199041,0.6899873,0.3011438
2569-08-21 12:24:35.908,-0.005199041,0.6899873,0.3011438
2569-08-21 12:24:35.911,-0.005199041,0.6899873,0.3011438
2569-08-21 12:24:35.911,-0.005199041,0.6899873,0.3011438
2569-08-21 12:24:35.913,-0.005199041,0.6899873,0.3011438
2569-08-21 12:24:35.913,-0.005199041,0.6899873,0.3011438
2569-08-21 12:24:35.915,-0.005199041,0.6899873,0.3011438
2569-08-21 12:24:35.915,-0.005199041,0.6899873,0.3011438
2569-08-21 12:24:35.915,-0.005199041,0.6899873,0.3011438
2569-08-21 12:24:35.925,-0.005199041,0.6899873,0.3011438
2569-08-21 12:24:35.925,-0.005199041,0.6899873,0.3011438
2569-08-21 12:24:35.928,-0.005199041,0.6899873,0.3011438
2569-08-21 12:24:35.928,-0.005199041,0.6899873,0.3011438
2569-08-21 12:24:35.931,-0.005199041,0.6899873,0.3011438
2569-08-21 12:24:35.931,-0.005199041,0.6899873,0.3011438
2569-08-21 12:24:35.932,-0.005199041,0.6899873,0.3011438
2569-08-21 12:24:35.934,-0.005199041,0.6899873,0.3011438
2569-08-21 12:24:35.934,-0.005199041,0.6899873,0.3011438
2569-08-21 12:24:35.936,-0.005199041,0.6899873,0.3011438
2569-08-21 12:24:35.936,-0.005199041,0.6899873,0.3011438
2569-08-21 12:24:35.949,-0.005199041,0.6899873,0.3011438
2569-08-21 12:24:35.950,-0.005199041,0.6899873,0.3011438
2569-08-21 12:24:35.953,-0.005199041,0.6899873,0.3011438
2569-08-21 12:24:35.953,-0.005199041,0.6899873,0.3011438
2569-08-21 12:24:35.953,-0.005199041,0.6899873,0.3011438
2569-08-21 12:24:35.955,-0.005199041,0.6899873,0.3011438
2569-08-21 12:24:35.955,-0.005199041,0.6899873,0.3011438
2569-08-21 12:24:35.958,-0.005199041,0.6899873,0.3011438
2569-08-21 12:24:35.958,-0.005199041,0.6899873,0.3011438
2569-08-21 12:24:35.961,-0.005199041,0.6899873,0.3011438
2569-08-21 12:24:35.961,-0.005199041,0.6899873,0.3011438
2569-08-21 12:24:35.971,-0.005199041,0.6899873,0.3011438
2569-08-21 12:24:35.971,-0.005199041,0.6899873,0.3011438
2569-08-21 12:24:35.972,-0.005199041,0.6899873,0.3011438
2569-08-21 12:24:35.974,-0.005199041,0.6899873,0.3011438
2569-08-21 12:24:35.974,-0.005199041,0.6899873,0.3011438
2569-08-21 12:24:35.975,-0.005199041,0.6899873,0.3011438
2569-08-21 12:24:35.975,-0.005199041,0.6899873,0.3011438
2569-08-21 12:24:35.978,-0.005199041,0.6899873,0.3011438
2569-08-21 12:24:35.978,-0.005199041,0.6899873,0.3011438
2569-08-21 12:24:35.980,-0.005199041,0.6899873,0.3011438
2569-08-21 12:24:35.980,-0.005199041,0.6899873,0.3011438
2569-08-21 12:24:35.994,-0.005199041,0.6899873,0.3011438
2569-08-21 12:24:35.996,-0.005199041,0.6899873,0.3011438
2569-08-21 12:24:35.997,-0.005199041,0.6899873,0.3011438
2569-08-21 12:24:35.997,-0.005199041,0.6899873,0.3011438
2569-08-21 12:24:35.997,-0.005199041,0.6899873,0.3011438
2569-08-21 12:24:36.001,-0.005199041,0.6899873,0.3011438
2569-08-21 12:24:36.001,-0.005199041,0.6899873,0.3011438
2569-08-21 12:24:36.003,-0.005199041,0.6899873,0.3011438
2569-08-21 12:24:36.003,-0.005199041,0.6899873,0.3011438
2569-08-21 12:24:36.005,-0.005199041,0.6899873,0.3011438
2569-08-21 12:24:36.006,-0.005199041,0.6899873,0.3011438
2569-08-21 12:24:36.016,-0.005199041,0.6899873,0.3011438
2569-08-21 12:24:36.016,-0.005199041,0.6899873,0.3011438
2569-08-21 12:24:36.018,-0.005199041,0.6899873,0.3011438
2569-08-21 12:24:36.018,-0.005199041,0.6899873,0.3011438
2569-08-21 12:24:36.018,-0.005199041,0.6899873,0.3011438
2569-08-21 12:24:36.021,-0.005199041,0.6899873,0.3011438
2569-08-21 12:24:36.021,-0.005199041,0.6899873,0.3011438
2569-08-21 12:24:36.024,-0.005199041,0.6899873,0.3011438
2569-08-21 12:24:36.024,-0.005199041,0.6899873,0.3011438
2569-08-21 12:24:36.026,-0.005199041,0.6899873,0.3011438
2569-08-21 12:24:36.026,-0.005199041,0.6899873,0.3011438
2569-08-21 12:24:36.040,-0.005199041,0.6899873,0.3011438
2569-08-21 12:24:36.040,-0.005199041,0.6899873,0.3011438
2569-08-21 12:24:36.043,-0.005199041,0.6899873,0.3011438
2569-08-21 12:24:36.043,-0.005199041,0.6899873,0.3011438
2569-08-21 12:24:36.043,-0.005199041,0.6899873,0.3011438
2569-08-21 12:24:36.046,-0.005199041,0.6899873,0.3011438
2569-08-21 12:24:36.046,-0.005199041,0.6899873,0.3011438
2569-08-21 12:24:36.061,-0.005199041,0.6899873,0.3011438
2569-08-21 12:24:36.061,-0.005199041,0.6899873,0.3011438
2569-08-21 12:24:36.064,-0.005199041,0.6899873,0.3011438
2569-08-21 12:24:36.064,-0.005199041,0.6899873,0.3011438
2569-08-21 12:24:36.064,-0.005199041,0.6899873,0.3011438
2569-08-21 12:24:36.066,-0.005199041,0.6899873,0.3011438
2569-08-21 12:24:36.066,-0.005199041,0.6899873,0.3011438
2569-08-21 12:24:36.069,-0.005199041,0.6899873,0.3011438
2569-08-21 12:24:36.069,-0.005199041,0.6899873,0.3011438
2569-08-21 12:24:36.071,-0.005199041,0.6899873,0.3011438
2569-08-21 12:24:36.071,-0.005199041,0.6899873,0.3011438
2569-08-21 12:24:36.074,-0.005199041,0.6899873,0.3011438
2569-08-21 12:24:36.081,-0.005199041,0.6899873,0.3011438
2569-08-21 12:24:36.081,-0.005199041,0.6899873,0.3011438
2569-08-21 12:24:36.083,-0.005199041,0.6899873,0.3011438
2569-08-21 12:24:36.084,-0.005199041,0.6899873,0.3011438
2569-08-21 12:24:36.086,-0.005199041,0.6899873,0.3011438
2569-08-21 12:24:36.086,-0.005199041,0.6899873,0.3011438
2569-08-21 12:24:36.089,-0.005199041,0.6899873,0.3011438
2569-08-21 12:24:36.089,-0.005199041,0.6899873,0.3011438
2569-08-21 12:24:36.091,-0.005199041,0.6899873,0.3011438
2569-08-21 12:24:36.092,-0.005199041,0.6899873,0.3011438
2569-08-21 12:24:36.093,-0.005199041,0.6899873,0.3011438
2569-08-21 12:24:36.106,-0.005199041,0.6899873,0.3011438
2569-08-21 12:24:36.106,-0.005199041,0.6899873,0.3011438
2569-08-21 12:24:36.109,-0.005199041,0.6899873,0.3011438
2569-08-21 12:24:36.109,-0.005199041,0.6899873,0.3011438
2569-08-21 12:24:36.111,-0.005199041,0.6899873,0.3011438
2569-08-21 12:24:36.111,-0.005199041,0.6899873,0.3011438
2569-08-21 12:24:36.113,-0.005199041,0.6899873,0.3011438
2569-08-21 12:24:36.114,-0.005199041,0.6899873,0.3011438
2569-08-21 12:24:36.114,-0.005199041,0.6899873,0.3011438
2569-08-21 12:24:36.116,-0.005199041,0.6899873,0.3011438
2569-08-21 12:24:36.116,-0.005199041,0.6899873,0.3011438
2569-08-21 12:24:36.126,-0.005199041,0.6899873,0.3011438
2569-08-21 12:24:36.126,-0.005199041,0.6899873,0.3011438
2569-08-21 12:24:36.129,-0.005014174,0.6899518,0.3012032
2569-08-21 12:24:36.129,-0.005014174,0.6899518,0.3012032
2569-08-21 12:24:36.132,-0.004968569,0.6899431,0.3012178
2569-08-21 12:24:36.132,-0.004968569,0.6899431,0.3012178
2569-08-21 12:24:36.134,-0.004968569,0.6899431,0.3012178
2569-08-21 12:24:36.134,-0.004925769,0.689935,0.3012314
2569-08-21 12:24:36.134,-0.004925769,0.689935,0.3012314
2569-08-21 12:24:36.136,-0.004885066,0.6899272,0.3012444
2569-08-21 12:24:36.136,-0.004885066,0.6899272,0.3012444
2569-08-21 12:24:36.150,-0.004842956,0.6899192,0.3012577
2569-08-21 12:24:36.150,-0.004842956,0.6899192,0.3012577
2569-08-21 12:24:36.154,-0.004842956,0.6899192,0.3012577
2569-08-21 12:24:36.154,-0.00454706,0.6898631,0.3013507
2569-08-21 12:24:36.155,-0.00454706,0.6898631,0.3013507
2569-08-21 12:24:36.171,-0.004323516,0.6898211,0.3014199
2569-08-21 12:24:36.171,-0.004323516,0.6898211,0.3014199
2569-08-21 12:24:36.181,-0.004323516,0.6898211,0.3014199
2569-08-21 12:24:36.181,-0.003996808,0.68976,0.3015195
2569-08-21 12:24:36.181,-0.003996808,0.68976,0.3015195
2569-08-21 12:24:36.195,-0.003807243,0.6897249,0.3015764
2569-08-21 12:24:36.195,-0.003807243,0.6897249,0.3015764
2569-08-21 12:24:36.199,-0.003807243,0.6897249,0.3015764
2569-08-21 12:24:36.199,-0.003619697,0.6896903,0.3016321
2569-08-21 12:24:36.199,-0.003619697,0.6896903,0.3016321
2569-08-21 12:24:36.207,-0.003430881,0.6896557,0.3016875
2569-08-21 12:24:36.207,-0.003430881,0.6896557,0.3016875
2569-08-21 12:24:36.215,-0.003430881,0.6896557,0.3016875
2569-08-21 12:24:36.216,-0.003237195,0.6896203,0.3017437
2569-08-21 12:24:36.216,-0.003237195,0.6896203,0.3017437
2569-08-21 12:24:36.225,-0.003033258,0.6895832,0.3018022
2569-08-21 12:24:36.225,-0.003033258,0.6895832,0.3018022
2569-08-21 12:24:36.233,-0.003033258,0.6895832,0.3018022
2569-08-21 12:24:36.241,-0.00284477,0.6895491,0.3018557
2569-08-21 12:24:36.241,-0.00284477,0.6895491,0.3018557
2569-08-21 12:24:36.250,-0.002475858,0.6894831,0.3019584
2569-08-21 12:24:36.250,-0.002475858,0.6894831,0.3019584
2569-08-21 12:24:36.259,-0.002475858,0.6894831,0.3019584
2569-08-21 12:24:36.261,-0.002264798,0.6894456,0.3020162
2569-08-21 12:24:36.261,-0.002264798,0.6894456,0.3020162
2569-08-21 12:24:36.270,-0.002041444,0.689406,0.3020765
2569-08-21 12:24:36.270,-0.002041444,0.689406,0.3020765
2569-08-21 12:24:36.277,-0.002041444,0.689406,0.3020765
2569-08-21 12:24:36.285,-0.001848359,0.6893722,0.3021279
2569-08-21 12:24:36.285,-0.001848359,0.6893722,0.3021279
2569-08-21 12:24:36.295,-0.001848359,0.6893722,0.3021279
2569-08-21 12:24:36.306,-0.0014611,0.6893046,0.3022291
2569-08-21 12:24:36.306,-0.0014611,0.6893046,0.3022291
2569-08-21 12:24:36.316,-0.0014611,0.6893046,0.3022291
2569-08-21 12:24:36.316,-0.0009573027,0.689218,0.302357
2569-08-21 12:24:36.316,-0.0009573027,0.689218,0.302357
2569-08-21 12:24:36.326,-0.0007487796,0.6891824,0.3024087
2569-08-21 12:24:36.326,-0.0007487796,0.6891824,0.3024087
2569-08-21 12:24:36.336,-0.0007487796,0.6891824,0.3024087
2569-08-21 12:24:36.336,-0.0005012006,0.6891406,0.3024691
2569-08-21 12:24:36.336,-0.0005012006,0.6891406,0.3024691
2569-08-21 12:24:36.352,-0.0002767928,0.6891028,0.302523
2569-08-21 12:24:36.352,-0.0002767928,0.6891028,0.302523
2569-08-21 12:24:36.360,-0.0002767928,0.6891028,0.302523
2569-08-21 12:24:36.360,0.0001192838,0.6890368,0.3026161
2569-08-21 12:24:36.360,0.0001192838,0.6890368,0.3026161
2569-08-21 12:24:36.371,0.0003554821,0.6889977,0.3026703
2569-08-21 12:24:36.371,0.0003554821,0.6889977,0.3026703
2569-08-21 12:24:36.380,0.0003554821,0.6889977,0.3026703
2569-08-21 12:24:36.380,0.0006508827,0.6889493,0.3027369
2569-08-21 12:24:36.381,0.0006508827,0.6889493,0.3027369
2569-08-21 12:24:36.396,0.0009041578,0.6889082,0.3027928
2569-08-21 12:24:36.396,0.0009041578,0.6889082,0.3027928
2569-08-21 12:24:36.405,0.0009041578,0.6889082,0.3027928
2569-08-21 12:24:36.405,0.00135627,0.6888354,0.30289
2569-08-21 12:24:36.405,0.00135627,0.6888354,0.30289
2569-08-21 12:24:36.414,0.00135627,0.6888354,0.30289
2569-08-21 12:24:36.416,0.001642291,0.6887899,0.3029498
2569-08-21 12:24:36.416,0.001642291,0.6887899,0.3029498
2569-08-21 12:24:36.425,0.002002373,0.6887331,0.3030231
2569-08-21 12:24:36.425,0.002002373,0.6887331,0.3030231
2569-08-21 12:24:36.433,0.002002373,0.6887331,0.3030231
2569-08-21 12:24:36.442,0.002290875,0.688688,0.3030804
2569-08-21 12:24:36.442,0.002290875,0.688688,0.3030804
2569-08-21 12:24:36.451,0.002846919,0.6886023,0.303187
2569-08-21 12:24:36.451,0.002846919,0.6886023,0.303187
2569-08-21 12:24:36.460,0.002846919,0.6886023,0.303187
2569-08-21 12:24:36.462,0.003177293,0.688552,0.3032479
2569-08-21 12:24:36.462,0.003177293,0.688552,0.3032479
2569-08-21 12:24:36.471,0.003579605,0.6884915,0.3033198
2569-08-21 12:24:36.471,0.003579605,0.6884915,0.3033198
2569-08-21 12:24:36.479,0.003579605,0.6884915,0.3033198
2569-08-21 12:24:36.487,0.003896337,0.6884444,0.3033746
2569-08-21 12:24:36.487,0.003896337,0.6884444,0.3033746
2569-08-21 12:24:36.497,0.003896337,0.6884444,0.3033746
2569-08-21 12:24:36.497,0.004589736,0.6883428,0.3034889
2569-08-21 12:24:36.497,0.004589736,0.6883428,0.3034889
2569-08-21 12:24:36.507,0.004939999,0.6882923,0.3035438
2569-08-21 12:24:36.507,0.004939999,0.6882923,0.3035438
2569-08-21 12:24:36.510,0.005093195,0.6882704,0.3035672
2569-08-21 12:24:36.510,0.005093195,0.6882704,0.3035672
2569-08-21 12:24:36.519,0.005093195,0.6882704,0.3035672
2569-08-21 12:24:36.519,0.005431373,0.6882224,0.3036176
2569-08-21 12:24:36.519,0.005431373,0.6882224,0.3036176
2569-08-21 12:24:36.532,0.005782895,0.6881731,0.303668
2569-08-21 12:24:36.532,0.005782895,0.6881731,0.303668
2569-08-21 12:24:36.540,0.005782895,0.6881731,0.303668
2569-08-21 12:24:36.551,0.006388173,0.6880894,0.3037503
2569-08-21 12:24:36.552,0.006388173,0.6880894,0.3037503
2569-08-21 12:24:36.562,0.006388173,0.6880894,0.3037503
2569-08-21 12:24:36.562,0.007333066,0.6879621,0.3038675
2569-08-21 12:24:36.562,0.007333066,0.6879621,0.3038675
2569-08-21 12:24:36.573,0.007723406,0.6879107,0.3039118
2569-08-21 12:24:36.573,0.007723406,0.6879107,0.3039118
2569-08-21 12:24:36.581,0.007723406,0.6879107,0.3039118
2569-08-21 12:24:36.581,0.008184295,0.6878508,0.3039612
2569-08-21 12:24:36.581,0.008184295,0.6878508,0.3039612
2569-08-21 12:24:36.597,0.008560307,0.6878027,0.303999
2569-08-21 12:24:36.597,0.008560307,0.6878027,0.303999
2569-08-21 12:24:36.606,0.008560307,0.6878027,0.303999
2569-08-21 12:24:36.606,0.009298813,0.68771,0.3040671
2569-08-21 12:24:36.606,0.009298813,0.68771,0.3040671
2569-08-21 12:24:36.614,0.009298813,0.68771,0.3040671
2569-08-21 12:24:36.618,0.009693336,0.6876614,0.3041
2569-08-21 12:24:36.618,0.009693336,0.6876614,0.3041
2569-08-21 12:24:36.627,0.01020388,0.6875996,0.3041391
2569-08-21 12:24:36.627,0.01020388,0.6875996,0.3041391
2569-08-21 12:24:36.638,0.01020388,0.6875996,0.3041391
2569-08-21 12:24:36.642,0.01068237,0.6875427,0.3041722
2569-08-21 12:24:36.642,0.01068237,0.6875427,0.3041722
2569-08-21 12:24:36.652,0.01129736,0.6874711,0.3042096
2569-08-21 12:24:36.652,0.01129736,0.6874711,0.3042096
2569-08-21 12:24:36.661,0.01129736,0.6874711,0.3042096
2569-08-21 12:24:36.662,0.01167427,0.6874279,0.3042297
2569-08-21 12:24:36.662,0.01167427,0.6874279,0.3042297
2569-08-21 12:24:36.671,0.01208526,0.6873816,0.3042492
2569-08-21 12:24:36.671,0.01208526,0.6873816,0.3042492
2569-08-21 12:24:36.680,0.01208526,0.6873816,0.3042492
2569-08-21 12:24:36.687,0.01242433,0.687344,0.3042633
2569-08-21 12:24:36.687,0.01242433,0.687344,0.3042633
2569-08-21 12:24:36.695,0.01242433,0.687344,0.3042633
2569-08-21 12:24:36.695,0.01304864,0.687276,0.3042848
2569-08-21 12:24:36.695,0.01304864,0.687276,0.3042848
2569-08-21 12:24:36.708,0.01336962,0.6872417,0.3042936
2569-08-21 12:24:36.708,0.01336962,0.6872417,0.3042936
2569-08-21 12:24:36.716,0.01336962,0.6872417,0.3042936
2569-08-21 12:24:36.717,0.01381565,0.6871947,0.3043033
2569-08-21 12:24:36.717,0.01381565,0.6871947,0.3043033
2569-08-21 12:24:36.732,0.01411548,0.6871636,0.3043081
2569-08-21 12:24:36.732,0.01411548,0.6871636,0.3043081
2569-08-21 12:24:36.741,0.01411548,0.6871636,0.3043081
2569-08-21 12:24:36.742,0.01466529,0.6871077,0.3043134
2569-08-21 12:24:36.742,0.01466529,0.6871077,0.3043134
2569-08-21 12:24:36.753,0.01492845,0.6869249,0.3044955
2569-08-21 12:24:36.753,0.01492845,0.6869249,0.3044955
2569-08-21 12:24:36.762,0.01492845,0.6869249,0.3044955
2569-08-21 12:24:36.762,0.01521886,0.6867246,0.3046933
2569-08-21 12:24:36.762,0.01521886,0.6867246,0.3046933
2569-08-21 12:24:36.777,0.01542464,0.68652,0.3049046
2569-08-21 12:24:36.777,0.01542464,0.68652,0.3049046
2569-08-21 12:24:36.787,0.01542464,0.68652,0.3049046
2569-08-21 12:24:36.797,0.01573209,0.6860508,0.3054041
2569-08-21 12:24:36.798,0.01573209,0.6860508,0.3054041
2569-08-21 12:24:36.807,0.01573209,0.6860508,0.3054041
2569-08-21 12:24:36.807,0.01613471,0.6854469,0.306038
2569-08-21 12:24:36.807,0.01613471,0.6854469,0.306038
2569-08-21 12:24:36.817,0.01613471,0.6854469,0.306038
2569-08-21 12:24:36.818,0.01626677,0.6851431,0.3063623
2569-08-21 12:24:36.818,0.01626677,0.6851431,0.3063623
2569-08-21 12:24:36.826,0.01640903,0.684819,0.3067058
2569-08-21 12:24:36.827,0.01640903,0.684819,0.3067058
2569-08-21 12:24:36.835,0.01640903,0.684819,0.3067058
2569-08-21 12:24:36.843,0.01638513,0.6844639,0.307102
2569-08-21 12:24:36.843,0.01638513,0.6844639,0.307102
2569-08-21 12:24:36.852,0.01634296,0.6838393,0.3077922
2569-08-21 12:24:36.852,0.01634296,0.6838393,0.3077922
2569-08-21 12:24:36.862,0.01634296,0.6838393,0.3077922
2569-08-21 12:24:36.863,0.0163137,0.6834077,0.3082646
2569-08-21 12:24:36.863,0.0163137,0.6834077,0.3082646
2569-08-21 12:24:36.872,0.01627949,0.6829047,0.3088098
2569-08-21 12:24:36.872,0.01627949,0.6829047,0.3088098
2569-08-21 12:24:36.880,0.01627949,0.6829047,0.3088098
2569-08-21 12:24:36.888,0.01624575,0.6824102,0.3093408
2569-08-21 12:24:36.888,0.01624575,0.6824102,0.3093408
2569-08-21 12:24:36.896,0.01624575,0.6824102,0.3093408
2569-08-21 12:24:36.899,0.01618849,0.6815748,0.3102267
2569-08-21 12:24:36.899,0.01618849,0.6815748,0.3102267
2569-08-21 12:24:36.912,0.01612022,0.6805846,0.3112588
2569-08-21 12:24:36.912,0.01612022,0.6805846,0.3112588
2569-08-21 12:24:36.926,0.01612022,0.6805846,0.3112588
2569-08-21 12:24:36.933,0.01605645,0.6796654,0.3122
2569-08-21 12:24:36.933,0.01605645,0.6796654,0.3122
2569-08-21 12:24:36.948,0.01605645,0.6796654,0.3122
2569-08-21 12:24:36.954,0.01594469,0.6780665,0.3137996
2569-08-21 12:24:36.954,0.01594469,0.6780665,0.3137996
2569-08-21 12:24:36.968,0.01594469,0.6780665,0.3137996
2569-08-21 12:24:36.979,0.01583106,0.676456,0.315364
2569-08-21 12:24:36.979,0.01583106,0.676456,0.315364
2569-08-21 12:24:36.992,0.01583106,0.676456,0.315364
2569-08-21 12:24:36.999,0.01568216,0.6743668,0.3173272
2569-08-21 12:24:36.999,0.01568216,0.6743668,0.3173272
2569-08-21 12:24:37.014,0.01568216,0.6743668,0.3173272
2569-08-21 12:24:37.014,0.01568216,0.6743668,0.3173272
2569-08-21 12:24:37.023,0.01554448,0.672455,0.3190609
2569-08-21 12:24:37.023,0.01554448,0.672455,0.3190609
2569-08-21 12:24:37.038,0.01554448,0.672455,0.3190609
2569-08-21 12:24:37.044,0.01537504,0.6701266,0.3210949
2569-08-21 12:24:37.044,0.01537504,0.6701266,0.3210949
2569-08-21 12:24:37.079,0.01537504,0.6701266,0.3210949
2569-08-21 12:24:37.079,0.01537504,0.6701266,0.3210949
2569-08-21 12:24:37.079,0.01508399,0.6661832,0.3243574
2569-08-21 12:24:37.079,0.01508399,0.6661832,0.3243574
2569-08-21 12:24:37.092,0.01499032,0.6649283,0.3253498
2569-08-21 12:24:37.092,0.01499032,0.6649283,0.3253498
2569-08-21 12:24:37.104,0.01499032,0.6649283,0.3253498
2569-08-21 12:24:37.114,0.01489724,0.6636874,0.3263105
2569-08-21 12:24:37.114,0.01489724,0.6636874,0.3263105
2569-08-21 12:24:37.127,0.01489724,0.6636874,0.3263105
2569-08-21 12:24:37.135,0.0147274,0.6614388,0.3279998
2569-08-21 12:24:37.135,0.0147274,0.6614388,0.3279998
2569-08-21 12:24:37.144,0.0147274,0.6614388,0.3279998
2569-08-21 12:24:37.144,0.01459446,0.659692,0.3292682
2569-08-21 12:24:37.144,0.01459446,0.659692,0.3292682
2569-08-21 12:24:37.153,0.01459446,0.659692,0.3292682
2569-08-21 12:24:37.157,0.01452724,0.6588129,0.3298923
2569-08-21 12:24:37.157,0.01452724,0.6588129,0.3298923
2569-08-21 12:24:37.179,0.01441047,0.6572923,0.3309498
2569-08-21 12:24:37.179,0.01441047,0.6572923,0.3309498
2569-08-21 12:24:37.190,0.01441047,0.6572923,0.3309498
2569-08-21 12:24:37.190,0.0142433,0.6551291,0.3324074
2569-08-21 12:24:37.190,0.0142433,0.6551291,0.3324074
2569-08-21 12:24:37.198,0.0142433,0.6551291,0.3324074
2569-08-21 12:24:37.203,0.01417488,0.6542484,0.3329855
2569-08-21 12:24:37.203,0.01417488,0.6542484,0.3329855
2569-08-21 12:24:37.224,0.01408376,0.6530793,0.3337394
2569-08-21 12:24:37.224,0.01408376,0.6530793,0.3337394
2569-08-21 12:24:37.233,0.01408376,0.6530793,0.3337394
2569-08-21 12:24:37.233,0.01408376,0.6530793,0.3337394
2569-08-21 12:24:37.234,0.0139355,0.6511863,0.3349281
2569-08-21 12:24:37.234,0.0139355,0.6511863,0.3349281
2569-08-21 12:24:37.244,0.01388223,0.6505087,0.3353442
2569-08-21 12:24:37.244,0.01388223,0.6505087,0.3353442
2569-08-21 12:24:37.252,0.01381147,0.6496112,0.3358878
2569-08-21 12:24:37.252,0.01381147,0.6496112,0.3358878
2569-08-21 12:24:37.263,0.01381147,0.6496112,0.3358878
2569-08-21 12:24:37.269,0.01375138,0.6488506,0.3363417
2569-08-21 12:24:37.269,0.01375138,0.6488506,0.3363417
2569-08-21 12:24:37.277,0.01375138,0.6488506,0.3363417
2569-08-21 12:24:37.277,0.01366891,0.6478098,0.3369533
2569-08-21 12:24:37.277,0.01366891,0.6478098,0.3369533
2569-08-21 12:24:37.290,0.01362431,0.6472483,0.3372784
2569-08-21 12:24:37.290,0.01362431,0.6472483,0.3372784
2569-08-21 12:24:37.298,0.01362431,0.6472483,0.3372784
2569-08-21 12:24:37.298,0.0135692,0.6465557,0.3376751
2569-08-21 12:24:37.298,0.0135692,0.6465557,0.3376751
2569-08-21 12:24:37.314,0.01352805,0.6460394,0.3379678
2569-08-21 12:24:37.314,0.01352805,0.6460394,0.3379678
2569-08-21 12:24:37.324,0.01352805,0.6460394,0.3379678
2569-08-21 12:24:37.324,0.01346501,0.64525,0.3384099
2569-08-21 12:24:37.324,0.01346501,0.64525,0.3384099
2569-08-21 12:24:37.333,0.01346501,0.64525,0.3384099
2569-08-21 12:24:37.335,0.01343467,0.6448706,0.3386201
2569-08-21 12:24:37.335,0.01343467,0.6448706,0.3386201
2569-08-21 12:24:37.344,0.0134039,0.6444864,0.3388316
2569-08-21 12:24:37.344,0.0134039,0.6444864,0.3388316
2569-08-21 12:24:37.353,0.0134039,0.6444864,0.3388316
2569-08-21 12:24:37.359,0.01338294,0.6442248,0.3389747
2569-08-21 12:24:37.359,0.01338294,0.6442248,0.3389747
2569-08-21 12:24:37.369,0.01334909,0.6438029,0.3392043
2569-08-21 12:24:37.369,0.01334909,0.6438029,0.3392043
2569-08-21 12:24:37.377,0.01334909,0.6438029,0.3392043
2569-08-21 12:24:37.379,0.01334909,0.6438029,0.3392043
2569-08-21 12:24:37.379,0.01334909,0.6438029,0.3392043
2569-08-21 12:24:37.387,0.01334909,0.6438029,0.3392043
2569-08-21 12:24:37.388,0.01334909,0.6438029,0.3392043
2569-08-21 12:24:37.396,0.01334909,0.6438029,0.3392043
2569-08-21 12:24:37.404,0.01334909,0.6438029,0.3392043
2569-08-21 12:24:37.404,0.01334909,0.6438029,0.3392043
2569-08-21 12:24:37.425,0.01334909,0.6438029,0.3392043
2569-08-21 12:24:37.425,0.01334909,0.6438029,0.3392043
2569-08-21 12:24:37.428,0.01334909,0.6438029,0.3392043
2569-08-21 12:24:37.428,0.01334909,0.6438029,0.3392043
2569-08-21 12:24:37.428,0.01334909,0.6438029,0.3392043
2569-08-21 12:24:37.430,0.01334909,0.6438029,0.3392043
2569-08-21 12:24:37.430,0.01334909,0.6438029,0.3392043
2569-08-21 12:24:37.433,0.01334909,0.6438029,0.3392043
2569-08-21 12:24:37.433,0.01334909,0.6438029,0.3392043
2569-08-21 12:24:37.436,0.01334909,0.6438029,0.3392043
2569-08-21 12:24:37.436,0.01334909,0.6438029,0.3392043
2569-08-21 12:24:37.436,0.01334909,0.6438029,0.3392043
2569-08-21 12:24:37.445,0.01334909,0.6438029,0.3392043
2569-08-21 12:24:37.445,0.01334909,0.6438029,0.3392043
2569-08-21 12:24:37.449,0.01334909,0.6438029,0.3392043
2569-08-21 12:24:37.449,0.01334909,0.6438029,0.3392043
2569-08-21 12:24:37.457,0.01334909,0.6438029,0.3392043
2569-08-21 12:24:37.469,0.01334909,0.6438029,0.3392043
2569-08-21 12:24:37.469,0.01334909,0.6438029,0.3392043
2569-08-21 12:24:37.473,0.01334909,0.6438029,0.3392043
2569-08-21 12:24:37.473,0.01334909,0.6438029,0.3392043
2569-08-21 12:24:37.475,0.01334909,0.6438029,0.3392043
2569-08-21 12:24:37.475,0.01334909,0.6438029,0.3392043
2569-08-21 12:24:37.475,0.01334909,0.6438029,0.3392043
2569-08-21 12:24:37.478,0.01334909,0.6438029,0.3392043
2569-08-21 12:24:37.478,0.01334909,0.6438029,0.3392043
2569-08-21 12:24:37.480,0.01334909,0.6438029,0.3392043
2569-08-21 12:24:37.480,0.01334909,0.6438029,0.3392043
2569-08-21 12:24:37.490,0.01334909,0.6438029,0.3392043
2569-08-21 12:24:37.490,0.01334909,0.6438029,0.3392043
2569-08-21 12:24:37.493,0.01334909,0.6438029,0.3392043
2569-08-21 12:24:37.493,0.01334909,0.6438029,0.3392043
2569-08-21 12:24:37.493,0.01334909,0.6438029,0.3392043
2569-08-21 12:24:37.496,0.01334909,0.6438029,0.3392043
2569-08-21 12:24:37.496,0.01334909,0.6438029,0.3392043
2569-08-21 12:24:37.499,0.01334909,0.6438029,0.3392043
2569-08-21 12:24:37.499,0.01334909,0.6438029,0.3392043
2569-08-21 12:24:37.502,0.01334909,0.6438029,0.3392043
2569-08-21 12:24:37.502,0.01334909,0.6438029,0.3392043
2569-08-21 12:24:37.515,0.01334909,0.6438029,0.3392043
2569-08-21 12:24:37.515,0.01334909,0.6438029,0.3392043
2569-08-21 12:24:37.517,0.01334909,0.6438029,0.3392043
2569-08-21 12:24:37.517,0.01334909,0.6438029,0.3392043
2569-08-21 12:24:37.517,0.01334909,0.6438029,0.3392043
2569-08-21 12:24:37.520,0.01334909,0.6438029,0.3392043
2569-08-21 12:24:37.520,0.01334909,0.6438029,0.3392043
2569-08-21 12:24:37.522,0.01334909,0.6438029,0.3392043
2569-08-21 12:24:37.522,0.01334909,0.6438029,0.3392043
2569-08-21 12:24:37.525,0.01334909,0.6438029,0.3392043
2569-08-21 12:24:37.525,0.01334909,0.6438029,0.3392043
2569-08-21 12:24:37.535,0.01334909,0.6438029,0.3392043
2569-08-21 12:24:37.535,0.01334909,0.6438029,0.3392043
2569-08-21 12:24:37.538,0.01334909,0.6438029,0.3392043
2569-08-21 12:24:37.538,0.01334909,0.6438029,0.3392043
2569-08-21 12:24:37.539,0.01334909,0.6438029,0.3392043
2569-08-21 12:24:37.541,0.01334909,0.6438029,0.3392043
2569-08-21 12:24:37.541,0.01334909,0.6438029,0.3392043
2569-08-21 12:24:37.543,0.01334909,0.6438029,0.3392043
2569-08-21 12:24:37.543,0.01334909,0.6438029,0.3392043
2569-08-21 12:24:37.546,0.01334909,0.6438029,0.3392043
2569-08-21 12:24:37.546,0.01334909,0.6438029,0.3392043
2569-08-21 12:24:37.560,0.01334909,0.6438029,0.3392043
2569-08-21 12:24:37.560,0.01334909,0.6438029,0.3392043
2569-08-21 12:24:37.562,0.01334909,0.6438029,0.3392043
2569-08-21 12:24:37.562,0.01334909,0.6438029,0.3392043
2569-08-21 12:24:37.563,0.01334909,0.6438029,0.3392043
2569-08-21 12:24:37.566,0.01334909,0.6438029,0.3392043
2569-08-21 12:24:37.566,0.01334909,0.6438029,0.3392043
2569-08-21 12:24:37.568,0.01334909,0.6438029,0.3392043
2569-08-21 12:24:37.568,0.01334909,0.6438029,0.3392043
2569-08-21 12:24:37.570,0.01334909,0.6438029,0.3392043
2569-08-21 12:24:37.570,0.01334909,0.6438029,0.3392043
2569-08-21 12:24:37.580,0.01334909,0.6438029,0.3392043
2569-08-21 12:24:37.580,0.01334909,0.6438029,0.3392043
2569-08-21 12:24:37.583,0.01334909,0.6438029,0.3392043
2569-08-21 12:24:37.583,0.01334909,0.6438029,0.3392043
2569-08-21 12:24:37.583,0.01334909,0.6438029,0.3392043
2569-08-21 12:24:37.585,0.01334909,0.6438029,0.3392043
2569-08-21 12:24:37.585,0.01334909,0.6438029,0.3392043
2569-08-21 12:24:37.588,0.01334909,0.6438029,0.3392043
2569-08-21 12:24:37.588,0.01334909,0.6438029,0.3392043
2569-08-21 12:24:37.590,0.01334909,0.6438029,0.3392043
2569-08-21 12:24:37.590,0.01334909,0.6438029,0.3392043
2569-08-21 12:24:37.592,0.01334909,0.6438029,0.3392043
2569-08-21 12:24:37.605,0.01334909,0.6438029,0.3392043
2569-08-21 12:24:37.605,0.01334909,0.6438029,0.3392043
2569-08-21 12:24:37.608,0.01334909,0.6438029,0.3392043
2569-08-21 12:24:37.608,0.01334909,0.6438029,0.3392043
2569-08-21 12:24:37.610,0.01334909,0.6438029,0.3392043
2569-08-21 12:24:37.610,0.01334909,0.6438029,0.3392043
2569-08-21 12:24:37.613,0.01334909,0.6438029,0.3392043
2569-08-21 12:24:37.613,0.01334909,0.6438029,0.3392043
2569-08-21 12:24:37.615,0.01334909,0.6438029,0.3392043
2569-08-21 12:24:37.615,0.01334909,0.6438029,0.3392043
2569-08-21 12:24:37.616,0.01334909,0.6438029,0.3392043
2569-08-21 12:24:37.625,0.01334909,0.6438029,0.3392043
2569-08-21 12:24:37.625,0.01334909,0.6438029,0.3392043
2569-08-21 12:24:37.628,0.01334909,0.6438029,0.3392043
2569-08-21 12:24:37.628,0.01334909,0.6438029,0.3392043
2569-08-21 12:24:37.630,0.01334909,0.6438029,0.3392043
2569-08-21 12:24:37.630,0.01334909,0.6438029,0.3392043
2569-08-21 12:24:37.633,0.01334909,0.6438029,0.3392043
2569-08-21 12:24:37.633,0.01334909,0.6438029,0.3392043
2569-08-21 12:24:37.633,0.01334909,0.6438029,0.3392043
2569-08-21 12:24:37.636,0.01334909,0.6438029,0.3392043
2569-08-21 12:24:37.636,0.01334909,0.6438029,0.3392043
2569-08-21 12:24:37.650,0.01334909,0.6438029,0.3392043
2569-08-21 12:24:37.650,0.01334909,0.6438029,0.3392043
2569-08-21 12:24:37.653,0.01334909,0.6438029,0.3392043
2569-08-21 12:24:37.653,0.01334909,0.6438029,0.3392043
2569-08-21 12:24:37.655,0.01334909,0.6438029,0.3392043
2569-08-21 12:24:37.655,0.01334909,0.6438029,0.3392043
2569-08-21 12:24:37.655,0.01334909,0.6438029,0.3392043
2569-08-21 12:24:37.670,0.01334909,0.6438029,0.3392043
2569-08-21 12:24:37.670,0.01334909,0.6438029,0.3392043
2569-08-21 12:24:37.674,0.01334909,0.6438029,0.3392043
2569-08-21 12:24:37.674,0.01334909,0.6438029,0.3392043
2569-08-21 12:24:37.674,0.01334909,0.6438029,0.3392043
2569-08-21 12:24:37.676,0.01334909,0.6438029,0.3392043
2569-08-21 12:24:37.676,0.01334909,0.6438029,0.3392043
2569-08-21 12:24:37.679,0.01334909,0.6438029,0.3392043
2569-08-21 12:24:37.679,0.01334909,0.6438029,0.3392043
2569-08-21 12:24:37.681,0.01334909,0.6438029,0.3392043
2569-08-21 12:24:37.681,0.01334909,0.6438029,0.3392043
2569-08-21 12:24:37.691,0.01334909,0.6438029,0.3392043
2569-08-21 12:24:37.691,0.01334909,0.6438029,0.3392043
2569-08-21 12:24:37.694,0.01334909,0.6438029,0.3392043
2569-08-21 12:24:37.694,0.01334909,0.6438029,0.3392043
2569-08-21 12:24:37.694,0.01334909,0.6438029,0.3392043
2569-08-21 12:24:37.696,0.01334909,0.6438029,0.3392043
2569-08-21 12:24:37.696,0.01334909,0.6438029,0.3392043
2569-08-21 12:24:37.699,0.01334909,0.6438029,0.3392043
2569-08-21 12:24:37.699,0.01334909,0.6438029,0.3392043
2569-08-21 12:24:37.700,0.01334909,0.6438029,0.3392043
2569-08-21 12:24:37.700,0.01334909,0.6438029,0.3392043
2569-08-21 12:24:37.715,0.01334909,0.6438029,0.3392043
2569-08-21 12:24:37.715,0.01334909,0.6438029,0.3392043
2569-08-21 12:24:37.719,0.01334909,0.6438029,0.3392043
2569-08-21 12:24:37.719,0.01334909,0.6438029,0.3392043
2569-08-21 12:24:37.719,0.01334909,0.6438029,0.3392043
2569-08-21 12:24:37.721,0.01334909,0.6438029,0.3392043
2569-08-21 12:24:37.721,0.01334909,0.6438029,0.3392043
2569-08-21 12:24:37.724,0.01334909,0.6438029,0.3392043
2569-08-21 12:24:37.724,0.01334909,0.6438029,0.3392043
2569-08-21 12:24:37.726,0.01334909,0.6438029,0.3392043
2569-08-21 12:24:37.726,0.01334909,0.6438029,0.3392043
2569-08-21 12:24:37.736,0.01334909,0.6438029,0.3392043
2569-08-21 12:24:37.736,0.01334909,0.6438029,0.3392043
2569-08-21 12:24:37.737,0.01334909,0.6438029,0.3392043
2569-08-21 12:24:37.739,0.01334909,0.6438029,0.3392043
2569-08-21 12:24:37.739,0.01334909,0.6438029,0.3392043
2569-08-21 12:24:37.742,0.01334909,0.6438029,0.3392043
2569-08-21 12:24:37.742,0.01334909,0.6438029,0.3392043
2569-08-21 12:24:37.745,0.01334909,0.6438029,0.3392043
2569-08-21 12:24:37.745,0.01334909,0.6438029,0.3392043
2569-08-21 12:24:37.747,0.01334909,0.6438029,0.3392043
2569-08-21 12:24:37.747,0.01334909,0.6438029,0.3392043
2569-08-21 12:24:37.760,0.01334909,0.6438029,0.3392043
2569-08-21 12:24:37.760,0.01334909,0.6438029,0.3392043
2569-08-21 12:24:37.763,0.01334909,0.6438029,0.3392043
2569-08-21 12:24:37.764,0.01334909,0.6438029,0.3392043
2569-08-21 12:24:37.764,0.01334909,0.6438029,0.3392043
2569-08-21 12:24:37.767,0.01334909,0.6438029,0.3392043
2569-08-21 12:24:37.767,0.01334909,0.6438029,0.3392043
2569-08-21 12:24:37.769,0.01334909,0.6438029,0.3392043
2569-08-21 12:24:37.769,0.01334909,0.6438029,0.3392043
2569-08-21 12:24:37.771,0.01334909,0.6438029,0.3392043
2569-08-21 12:24:37.771,0.01334909,0.6438029,0.3392043
2569-08-21 12:24:37.774,0.01334909,0.6438029,0.3392043
2569-08-21 12:24:37.781,0.01334909,0.6438029,0.3392043
2569-08-21 12:24:37.781,0.01334909,0.6438029,0.3392043
2569-08-21 12:24:37.783,0.01334909,0.6438029,0.3392043
2569-08-21 12:24:37.783,0.01334909,0.6438029,0.3392043
2569-08-21 12:24:37.786,0.01334909,0.6438029,0.3392043
2569-08-21 12:24:37.786,0.01334909,0.6438029,0.3392043
2569-08-21 12:24:37.788,0.01334909,0.6438029,0.3392043
2569-08-21 12:24:37.788,0.01334909,0.6438029,0.3392043
2569-08-21 12:24:37.791,0.01334909,0.6438029,0.3392043
2569-08-21 12:24:37.791,0.01334909,0.6438029,0.3392043
2569-08-21 12:24:37.793,0.01334909,0.6438029,0.3392043
2569-08-21 12:24:37.805,0.01334909,0.6438029,0.3392043
2569-08-21 12:24:37.805,0.01334909,0.6438029,0.3392043
2569-08-21 12:24:37.808,0.01334909,0.6438029,0.3392043
2569-08-21 12:24:37.809,0.01334909,0.6438029,0.3392043
2569-08-21 12:24:37.811,0.01334909,0.6438029,0.3392043
2569-08-21 12:24:37.811,0.01334909,0.6438029,0.3392043
2569-08-21 12:24:37.813,0.01334909,0.6438029,0.3392043
2569-08-21 12:24:37.813,0.01334909,0.6438029,0.3392043
2569-08-21 12:24:37.813,0.01334909,0.6438029,0.3392043
2569-08-21 12:24:37.816,0.01334909,0.6438029,0.3392043
2569-08-21 12:24:37.816,0.01334909,0.6438029,0.3392043
2569-08-21 12:24:37.826,0.01334909,0.6438029,0.3392043
2569-08-21 12:24:37.826,0.01334909,0.6438029,0.3392043
2569-08-21 12:24:37.829,0.01334909,0.6438029,0.3392043
2569-08-21 12:24:37.829,0.01334909,0.6438029,0.3392043
2569-08-21 12:24:37.831,0.01334909,0.6438029,0.3392043
2569-08-21 12:24:37.831,0.01334909,0.6438029,0.3392043
2569-08-21 12:24:37.833,0.01334909,0.6438029,0.3392043
2569-08-21 12:24:37.834,0.01334909,0.6438029,0.3392043
2569-08-21 12:24:37.834,0.01334909,0.6438029,0.3392043
2569-08-21 12:24:37.836,0.01334909,0.6438029,0.3392043
2569-08-21 12:24:37.836,0.01334909,0.6438029,0.3392043
2569-08-21 12:24:37.851,0.01334909,0.6438029,0.3392043
2569-08-21 12:24:37.851,0.01334909,0.6438029,0.3392043
2569-08-21 12:24:37.854,0.01334909,0.6438029,0.3392043
2569-08-21 12:24:37.854,0.01334909,0.6438029,0.3392043
2569-08-21 12:24:37.854,0.01334909,0.6438029,0.3392043
2569-08-21 12:24:37.856,0.01334909,0.6438029,0.3392043
2569-08-21 12:24:37.856,0.01334909,0.6438029,0.3392043
2569-08-21 12:24:37.859,0.01334909,0.6438029,0.3392043
2569-08-21 12:24:37.859,0.01334909,0.6438029,0.3392043
2569-08-21 12:24:37.861,0.01334909,0.6438029,0.3392043
2569-08-21 12:24:37.861,0.01334909,0.6438029,0.3392043
2569-08-21 12:24:37.871,0.01334909,0.6438029,0.3392043
2569-08-21 12:24:37.871,0.01334909,0.6438029,0.3392043
2569-08-21 12:24:37.873,0.01334909,0.6438029,0.3392043
2569-08-21 12:24:37.874,0.01373913,0.6437669,0.3391948
2569-08-21 12:24:37.874,0.01373913,0.6437669,0.3391948
2569-08-21 12:24:37.876,0.01382908,0.6437587,0.3391924
2569-08-21 12:24:37.876,0.01382908,0.6437587,0.3391924
2569-08-21 12:24:37.879,0.01391843,0.6437506,0.33919
2569-08-21 12:24:37.879,0.01391843,0.6437506,0.33919
2569-08-21 12:24:37.881,0.01401641,0.6437417,0.3391872
2569-08-21 12:24:37.881,0.01401641,0.6437417,0.3391872
2569-08-21 12:24:37.895,0.01411765,0.6437324,0.3391843
2569-08-21 12:24:37.895,0.01411765,0.6437324,0.3391843
2569-08-21 12:24:37.898,0.01411765,0.6437324,0.3391843
2569-08-21 12:24:37.899,0.01475966,0.6436749,0.3391636
2569-08-21 12:24:37.899,0.01475966,0.6436749,0.3391636
2569-08-21 12:24:37.916,0.01526269,0.6436304,0.3391449
2569-08-21 12:24:37.916,0.01526269,0.6436304,0.3391449
2569-08-21 12:24:37.926,0.01526269,0.6436304,0.3391449
2569-08-21 12:24:37.926,0.01603839,0.6435632,0.3391117
2569-08-21 12:24:37.926,0.01603839,0.6435632,0.3391117
2569-08-21 12:24:37.936,0.01603839,0.6435632,0.3391117
2569-08-21 12:24:37.937,0.01653234,0.6435211,0.3390878
2569-08-21 12:24:37.937,0.01653234,0.6435211,0.3390878
2569-08-21 12:24:37.946,0.01697255,0.6434842,0.3390647
2569-08-21 12:24:37.946,0.01697255,0.6434842,0.3390647
2569-08-21 12:24:37.954,0.01697255,0.6434842,0.3390647
2569-08-21 12:24:37.961,0.01741816,0.6434473,0.3390395
2569-08-21 12:24:37.961,0.01741816,0.6434473,0.3390395
2569-08-21 12:24:37.971,0.01827425,0.6433778,0.3389863
2569-08-21 12:24:37.971,0.01827425,0.6433778,0.3389863
2569-08-21 12:24:37.979,0.01827425,0.6433778,0.3389863
2569-08-21 12:24:37.982,0.01876841,0.6433386,0.3389527
2569-08-21 12:24:37.982,0.01876841,0.6433386,0.3389527
2569-08-21 12:24:37.991,0.01930549,0.6432967,0.3389137
2569-08-21 12:24:37.991,0.01930549,0.6432967,0.3389137
2569-08-21 12:24:38.000,0.01930549,0.6432967,0.3389137
2569-08-21 12:24:38.006,0.01979183,0.6432593,0.3388761
2569-08-21 12:24:38.006,0.01979183,0.6432593,0.3388761
2569-08-21 12:24:38.014,0.01979183,0.6432593,0.3388761
2569-08-21 12:24:38.014,0.02061749,0.6431972,0.3388077
2569-08-21 12:24:38.014,0.02061749,0.6431972,0.3388077
2569-08-21 12:24:38.027,0.02112346,0.6431601,0.3387627
2569-08-21 12:24:38.027,0.02112346,0.6431601,0.3387627
2569-08-21 12:24:38.035,0.02112346,0.6431601,0.3387627
2569-08-21 12:24:38.035,0.02167813,0.6431201,0.3387108
2569-08-21 12:24:38.035,0.02167813,0.6431201,0.3387108
2569-08-21 12:24:38.051,0.02219297,0.6430836,0.3386603
2569-08-21 12:24:38.051,0.02219297,0.6430836,0.3386603
2569-08-21 12:24:38.060,0.02219297,0.6430836,0.3386603
2569-08-21 12:24:38.060,0.02304047,0.6430252,0.3385719
2569-08-21 12:24:38.060,0.02304047,0.6430252,0.3385719
2569-08-21 12:24:38.071,0.02355748,0.6429904,0.3385148
2569-08-21 12:24:38.071,0.02355748,0.6429904,0.3385148
2569-08-21 12:24:38.081,0.02355748,0.6429904,0.3385148
2569-08-21 12:24:38.081,0.02415823,0.6429509,0.3384456
2569-08-21 12:24:38.081,0.02415823,0.6429509,0.3384456
2569-08-21 12:24:38.096,0.02470707,0.6429155,0.3383795
2569-08-21 12:24:38.096,0.02470707,0.6429155,0.3383795
2569-08-21 12:24:38.105,0.02470707,0.6429155,0.3383795
2569-08-21 12:24:38.105,0.02554863,0.6428629,0.3382729
2569-08-21 12:24:38.105,0.02554863,0.6428629,0.3382729
2569-08-21 12:24:38.115,0.02554863,0.6428629,0.3382729
2569-08-21 12:24:38.116,0.0260425,0.6428329,0.3382074
2569-08-21 12:24:38.116,0.0260425,0.6428329,0.3382074
2569-08-21 12:24:38.126,0.0266155,0.6427988,0.3381287
2569-08-21 12:24:38.126,0.0266155,0.6427988,0.3381287
2569-08-21 12:24:38.134,0.0266155,0.6427988,0.3381287
2569-08-21 12:24:38.141,0.02710323,0.6427705,0.3380594
2569-08-21 12:24:38.141,0.02710323,0.6427705,0.3380594
2569-08-21 12:24:38.162,0.02790843,0.642725,0.3379402
2569-08-21 12:24:38.162,0.02790843,0.642725,0.3379402
2569-08-21 12:24:38.172,0.02790843,0.642725,0.3379402
2569-08-21 12:24:38.172,0.02904246,0.6426638,0.3377626
2569-08-21 12:24:38.172,0.02904246,0.6426638,0.3377626
2569-08-21 12:24:38.180,0.02904246,0.6426638,0.3377626
2569-08-21 12:24:38.182,0.02951666,0.6426393,0.3376848
2569-08-21 12:24:38.182,0.02951666,0.6426393,0.3376848
2569-08-21 12:24:38.191,0.03003037,0.6426133,0.3375983
2569-08-21 12:24:38.191,0.03003037,0.6426133,0.3375983
2569-08-21 12:24:38.200,0.03003037,0.6426133,0.3375983
2569-08-21 12:24:38.207,0.0304881,0.6425908,0.3375192
2569-08-21 12:24:38.207,0.0304881,0.6425908,0.3375192
2569-08-21 12:24:38.215,0.0304881,0.6425908,0.3375192
2569-08-21 12:24:38.215,0.03125025,0.6425545,0.3373832
2569-08-21 12:24:38.215,0.03125025,0.6425545,0.3373832
2569-08-21 12:24:38.228,0.03171363,0.6425331,0.337298
2569-08-21 12:24:38.228,0.03171363,0.6425331,0.337298
2569-08-21 12:24:38.236,0.03171363,0.6425331,0.337298
2569-08-21 12:24:38.236,0.03226725,0.6425083,0.3371936
2569-08-21 12:24:38.236,0.03226725,0.6425083,0.3371936
2569-08-21 12:24:38.252,0.03269467,0.6424898,0.337111
2569-08-21 12:24:38.252,0.03269467,0.6424898,0.337111
2569-08-21 12:24:38.260,0.03269467,0.6424898,0.337111
2569-08-21 12:24:38.261,0.03345208,0.6424581,0.3369606
2569-08-21 12:24:38.261,0.03345208,0.6424581,0.3369606
2569-08-21 12:24:38.272,0.03391843,0.6424393,0.3368654
2569-08-21 12:24:38.272,0.03391843,0.6424393,0.3368654
2569-08-21 12:24:38.281,0.03391843,0.6424393,0.3368654
2569-08-21 12:24:38.281,0.03433834,0.6424229,0.3367779
2569-08-21 12:24:38.281,0.03433834,0.6424229,0.3367779
2569-08-21 12:24:38.297,0.0347089,0.6424088,0.3366993
2569-08-21 12:24:38.297,0.0347089,0.6424088,0.3366993
2569-08-21 12:24:38.306,0.0347089,0.6424088,0.3366993
2569-08-21 12:24:38.307,0.03536234,0.6423849,0.3365577
2569-08-21 12:24:38.307,0.03536234,0.6423849,0.3365577
2569-08-21 12:24:38.316,0.03536234,0.6423849,0.3365577
2569-08-21 12:24:38.317,0.03569717,0.6423731,0.3364836
2569-08-21 12:24:38.317,0.03569717,0.6423731,0.3364836
2569-08-21 12:24:38.327,0.03609131,0.6423596,0.336395
2569-08-21 12:24:38.327,0.03609131,0.6423596,0.336395
2569-08-21 12:24:38.337,0.03609131,0.6423596,0.336395
2569-08-21 12:24:38.342,0.03642659,0.6423484,0.3363185
2569-08-21 12:24:38.342,0.03642659,0.6423484,0.3363185
2569-08-21 12:24:38.352,0.03691446,0.6423327,0.3362053
2569-08-21 12:24:38.352,0.03691446,0.6423327,0.3362053
2569-08-21 12:24:38.360,0.03691446,0.6423327,0.3362053
2569-08-21 12:24:38.362,0.0371532,0.6423252,0.3361491
2569-08-21 12:24:38.362,0.0371532,0.6423252,0.3361491
2569-08-21 12:24:38.371,0.03740432,0.6423175,0.3360894
2569-08-21 12:24:38.371,0.03740432,0.6423175,0.3360894
2569-08-21 12:24:38.379,0.03740432,0.6423175,0.3360894
2569-08-21 12:24:38.387,0.03740432,0.6423175,0.3360894
2569-08-21 12:24:38.387,0.03740432,0.6423175,0.3360894
2569-08-21 12:24:38.396,0.03740432,0.6423175,0.3360894
2569-08-21 12:24:38.408,0.03740432,0.6423175,0.3360894
2569-08-21 12:24:38.408,0.03740432,0.6423175,0.3360894
2569-08-21 12:24:38.417,0.03740432,0.6423175,0.3360894
2569-08-21 12:24:38.417,0.03740432,0.6423175,0.3360894
2569-08-21 12:24:38.417,0.03740432,0.6423175,0.3360894
2569-08-21 12:24:38.428,0.03740432,0.6423175,0.3360894
2569-08-21 12:24:38.428,0.03740432,0.6423175,0.3360894
2569-08-21 12:24:38.430,0.03740432,0.6423175,0.3360894
2569-08-21 12:24:38.431,0.03740432,0.6423175,0.3360894
2569-08-21 12:24:38.433,0.03740432,0.6423175,0.3360894
2569-08-21 12:24:38.433,0.03740432,0.6423175,0.3360894
2569-08-21 12:24:38.433,0.03740432,0.6423175,0.3360894
2569-08-21 12:24:38.435,0.03740432,0.6423175,0.3360894
2569-08-21 12:24:38.435,0.03740432,0.6423175,0.3360894
2569-08-21 12:24:38.437,0.03740432,0.6423175,0.3360894
2569-08-21 12:24:38.437,0.03740432,0.6423175,0.3360894
2569-08-21 12:24:38.453,0.03740432,0.6423175,0.3360894
2569-08-21 12:24:38.453,0.03740432,0.6423175,0.3360894
2569-08-21 12:24:38.455,0.03740432,0.6423175,0.3360894
2569-08-21 12:24:38.455,0.03740432,0.6423175,0.3360894
2569-08-21 12:24:38.455,0.03740432,0.6423175,0.3360894
2569-08-21 12:24:38.458,0.03740432,0.6423175,0.3360894
2569-08-21 12:24:38.458,0.03740432,0.6423175,0.3360894
2569-08-21 12:24:38.460,0.03740432,0.6423175,0.3360894
2569-08-21 12:24:38.461,0.03740432,0.6423175,0.3360894
2569-08-21 12:24:38.463,0.03740432,0.6423175,0.3360894
2569-08-21 12:24:38.463,0.03740432,0.6423175,0.3360894
2569-08-21 12:24:38.472,0.03740432,0.6423175,0.3360894
2569-08-21 12:24:38.473,0.03740432,0.6423175,0.3360894
2569-08-21 12:24:38.476,0.03740432,0.6423175,0.3360894
2569-08-21 12:24:38.476,0.03740432,0.6423175,0.3360894
2569-08-21 12:24:38.476,0.03740432,0.6423175,0.3360894
2569-08-21 12:24:38.479,0.03740432,0.6423175,0.3360894
2569-08-21 12:24:38.479,0.03740432,0.6423175,0.3360894
2569-08-21 12:24:38.482,0.03740432,0.6423175,0.3360894
2569-08-21 12:24:38.482,0.03740432,0.6423175,0.3360894
2569-08-21 12:24:38.484,0.03740432,0.6423175,0.3360894
2569-08-21 12:24:38.484,0.03740432,0.6423175,0.3360894
2569-08-21 12:24:38.497,0.03740432,0.6423175,0.3360894
2569-08-21 12:24:38.497,0.03740432,0.6423175,0.3360894
2569-08-21 12:24:38.501,0.03740432,0.6423175,0.3360894
2569-08-21 12:24:38.501,0.03740432,0.6423175,0.3360894
2569-08-21 12:24:38.501,0.03740432,0.6423175,0.3360894
2569-08-21 12:24:38.503,0.03740432,0.6423175,0.3360894
2569-08-21 12:24:38.503,0.03740432,0.6423175,0.3360894
2569-08-21 12:24:38.505,0.03740432,0.6423175,0.3360894
2569-08-21 12:24:38.506,0.03740432,0.6423175,0.3360894
2569-08-21 12:24:38.508,0.03740432,0.6423175,0.3360894
2569-08-21 12:24:38.508,0.03740432,0.6423175,0.3360894
2569-08-21 12:24:38.518,0.03740432,0.6423175,0.3360894
2569-08-21 12:24:38.518,0.03740432,0.6423175,0.3360894
2569-08-21 12:24:38.519,0.03740432,0.6423175,0.3360894
2569-08-21 12:24:38.521,0.03740432,0.6423175,0.3360894
2569-08-21 12:24:38.521,0.03740432,0.6423175,0.3360894
2569-08-21 12:24:38.523,0.03740432,0.6423175,0.3360894
2569-08-21 12:24:38.523,0.03740432,0.6423175,0.3360894
2569-08-21 12:24:38.526,0.03740432,0.6423175,0.3360894
2569-08-21 12:24:38.526,0.03740432,0.6423175,0.3360894
2569-08-21 12:24:38.527,0.03740432,0.6423175,0.3360894
2569-08-21 12:24:38.527,0.03740432,0.6423175,0.3360894
2569-08-21 12:24:38.543,0.03740432,0.6423175,0.3360894
2569-08-21 12:24:38.543,0.03740432,0.6423175,0.3360894
2569-08-21 12:24:38.546,0.03740432,0.6423175,0.3360894
2569-08-21 12:24:38.546,0.03740432,0.6423175,0.3360894
2569-08-21 12:24:38.546,0.03740432,0.6423175,0.3360894
2569-08-21 12:24:38.549,0.03740432,0.6423175,0.3360894
2569-08-21 12:24:38.549,0.03740432,0.6423175,0.3360894
2569-08-21 12:24:38.551,0.03740432,0.6423175,0.3360894
2569-08-21 12:24:38.551,0.03740432,0.6423175,0.3360894
2569-08-21 12:24:38.554,0.03740432,0.6423175,0.3360894
2569-08-21 12:24:38.554,0.03740432,0.6423175,0.3360894
2569-08-21 12:24:38.554,0.03740432,0.6423175,0.3360894
2569-08-21 12:24:38.563,0.03740432,0.6423175,0.3360894
2569-08-21 12:24:38.563,0.03740432,0.6423175,0.3360894
2569-08-21 12:24:38.566,0.03740432,0.6423175,0.3360894
2569-08-21 12:24:38.566,0.03740432,0.6423175,0.3360894
2569-08-21 12:24:38.568,0.03740432,0.6423175,0.3360894
2569-08-21 12:24:38.568,0.03740432,0.6423175,0.3360894
2569-08-21 12:24:38.571,0.03740432,0.6423175,0.3360894
2569-08-21 12:24:38.571,0.03740432,0.6423175,0.3360894
2569-08-21 12:24:38.573,0.03740432,0.6423175,0.3360894
2569-08-21 12:24:38.573,0.03740432,0.6423175,0.3360894
2569-08-21 12:24:38.573,0.03740432,0.6423175,0.3360894
2569-08-21 12:24:38.588,0.03740432,0.6423175,0.3360894
2569-08-21 12:24:38.588,0.03740432,0.6423175,0.3360894
2569-08-21 12:24:38.591,0.03740432,0.6423175,0.3360894
2569-08-21 12:24:38.591,0.03740432,0.6423175,0.3360894
2569-08-21 12:24:38.593,0.03740432,0.6423175,0.3360894
2569-08-21 12:24:38.594,0.03740432,0.6423175,0.3360894
2569-08-21 12:24:38.594,0.03740432,0.6423175,0.3360894
2569-08-21 12:24:38.596,0.03740432,0.6423175,0.3360894
2569-08-21 12:24:38.596,0.03740432,0.6423175,0.3360894
2569-08-21 12:24:38.598,0.03740432,0.6423175,0.3360894
2569-08-21 12:24:38.598,0.03740432,0.6423175,0.3360894
2569-08-21 12:24:38.608,0.03740432,0.6423175,0.3360894
2569-08-21 12:24:38.609,0.03740432,0.6423175,0.3360894
2569-08-21 12:24:38.611,0.03740432,0.6423175,0.3360894
2569-08-21 12:24:38.611,0.03740432,0.6423175,0.3360894
2569-08-21 12:24:38.613,0.03740432,0.6423175,0.3360894
2569-08-21 12:24:38.614,0.03740432,0.6423175,0.3360894
2569-08-21 12:24:38.614,0.03740432,0.6423175,0.3360894
2569-08-21 12:24:38.616,0.03740432,0.6423175,0.3360894
2569-08-21 12:24:38.616,0.03740432,0.6423175,0.3360894
2569-08-21 12:24:38.618,0.03740432,0.6423175,0.3360894
2569-08-21 12:24:38.618,0.03740432,0.6423175,0.3360894
2569-08-21 12:24:38.620,0.03740432,0.6423175,0.3360894
2569-08-21 12:24:38.620,0.03740432,0.6423175,0.3360894
2569-08-21 12:24:38.633,0.03740432,0.6423175,0.3360894
2569-08-21 12:24:38.633,0.03740432,0.6423175,0.3360894
2569-08-21 12:24:38.635,0.03740432,0.6423175,0.3360894
2569-08-21 12:24:38.636,0.03740432,0.6423175,0.3360894
2569-08-21 12:24:38.636,0.03740432,0.6423175,0.3360894
2569-08-21 12:24:38.638,0.03740432,0.6423175,0.3360894
2569-08-21 12:24:38.638,0.03740432,0.6423175,0.3360894
2569-08-21 12:24:38.654,0.03740432,0.6423175,0.3360894
2569-08-21 12:24:38.654,0.03740432,0.6423175,0.3360894
2569-08-21 12:24:38.656,0.03740432,0.6423175,0.3360894
2569-08-21 12:24:38.657,0.03740432,0.6423175,0.3360894
2569-08-21 12:24:38.657,0.03740432,0.6423175,0.3360894
2569-08-21 12:24:38.659,0.03740432,0.6423175,0.3360894
2569-08-21 12:24:38.659,0.03740432,0.6423175,0.3360894
2569-08-21 12:24:38.662,0.03740432,0.6423175,0.3360894
2569-08-21 12:24:38.662,0.03740432,0.6423175,0.3360894
2569-08-21 12:24:38.665,0.03740432,0.6423175,0.3360894
2569-08-21 12:24:38.665,0.03740432,0.6423175,0.3360894
2569-08-21 12:24:38.673,0.03740432,0.6423175,0.3360894
2569-08-21 12:24:38.673,0.03740432,0.6423175,0.3360894
2569-08-21 12:24:38.678,0.03740432,0.6423175,0.3360894
2569-08-21 12:24:38.678,0.03740432,0.6423175,0.3360894
2569-08-21 12:24:38.678,0.03740432,0.6423175,0.3360894
2569-08-21 12:24:38.680,0.03740432,0.6423175,0.3360894
2569-08-21 12:24:38.680,0.03740432,0.6423175,0.3360894
2569-08-21 12:24:38.682,0.03740432,0.6423175,0.3360894
2569-08-21 12:24:38.682,0.03740432,0.6423175,0.3360894
2569-08-21 12:24:38.685,0.03740432,0.6423175,0.3360894
2569-08-21 12:24:38.685,0.03740432,0.6423175,0.3360894
2569-08-21 12:24:38.699,0.03740432,0.6423175,0.3360894
2569-08-21 12:24:38.699,0.03740432,0.6423175,0.3360894
2569-08-21 12:24:38.702,0.03740432,0.6423175,0.3360894
2569-08-21 12:24:38.702,0.03740432,0.6423175,0.3360894
2569-08-21 12:24:38.702,0.03740432,0.6423175,0.3360894
2569-08-21 12:24:38.704,0.03740432,0.6423175,0.3360894
2569-08-21 12:24:38.704,0.03740432,0.6423175,0.3360894
2569-08-21 12:24:38.707,0.03740432,0.6423175,0.3360894
2569-08-21 12:24:38.707,0.03740432,0.6423175,0.3360894
2569-08-21 12:24:38.709,0.03740432,0.6423175,0.3360894
2569-08-21 12:24:38.709,0.03740432,0.6423175,0.3360894
2569-08-21 12:24:38.719,0.03740432,0.6423175,0.3360894
2569-08-21 12:24:38.719,0.03740432,0.6423175,0.3360894
2569-08-21 12:24:38.722,0.03740432,0.6423175,0.3360894
2569-08-21 12:24:38.722,0.03740432,0.6423175,0.3360894
2569-08-21 12:24:38.722,0.03740432,0.6423175,0.3360894
2569-08-21 12:24:38.724,0.03740432,0.6423175,0.3360894
2569-08-21 12:24:38.724,0.03740432,0.6423175,0.3360894
2569-08-21 12:24:38.727,0.03740432,0.6423175,0.3360894
2569-08-21 12:24:38.727,0.03740432,0.6423175,0.3360894
2569-08-21 12:24:38.729,0.03740432,0.6423175,0.3360894
2569-08-21 12:24:38.729,0.03740432,0.6423175,0.3360894
2569-08-21 12:24:38.744,0.03740432,0.6423175,0.3360894
2569-08-21 12:24:38.744,0.03740432,0.6423175,0.3360894
2569-08-21 12:24:38.747,0.03740432,0.6423175,0.3360894
2569-08-21 12:24:38.747,0.03740432,0.6423175,0.3360894
2569-08-21 12:24:38.747,0.03740432,0.6423175,0.3360894
2569-08-21 12:24:38.749,0.03740432,0.6423175,0.3360894
2569-08-21 12:24:38.749,0.03740432,0.6423175,0.3360894
2569-08-21 12:24:38.752,0.03740432,0.6423175,0.3360894
2569-08-21 12:24:38.752,0.03740432,0.6423175,0.3360894
2569-08-21 12:24:38.754,0.03740432,0.6423175,0.3360894
2569-08-21 12:24:38.754,0.03740432,0.6423175,0.3360894
2569-08-21 12:24:38.754,0.03740432,0.6423175,0.3360894
2569-08-21 12:24:38.763,0.03740432,0.6423175,0.3360894
2569-08-21 12:24:38.763,0.03740432,0.6423175,0.3360894
2569-08-21 12:24:38.766,0.03740432,0.6423175,0.3360894
2569-08-21 12:24:38.766,0.03740432,0.6423175,0.3360894
2569-08-21 12:24:38.769,0.03740432,0.6423175,0.3360894
2569-08-21 12:24:38.769,0.03740432,0.6423175,0.3360894
2569-08-21 12:24:38.772,0.03740432,0.6423175,0.3360894
2569-08-21 12:24:38.772,0.03740432,0.6423175,0.3360894
2569-08-21 12:24:38.774,0.03740432,0.6423175,0.3360894
2569-08-21 12:24:38.774,0.03740432,0.6423175,0.3360894
2569-08-21 12:24:38.774,0.03740432,0.6423175,0.3360894
2569-08-21 12:24:38.789,0.03740432,0.6423175,0.3360894
2569-08-21 12:24:38.789,0.03740432,0.6423175,0.3360894
2569-08-21 12:24:38.792,0.03740432,0.6423175,0.3360894
2569-08-21 12:24:38.792,0.03740432,0.6423175,0.3360894
2569-08-21 12:24:38.794,0.03740432,0.6423175,0.3360894
2569-08-21 12:24:38.794,0.03740432,0.6423175,0.3360894
2569-08-21 12:24:38.794,0.03740432,0.6423175,0.3360894
2569-08-21 12:24:38.797,0.03740432,0.6423175,0.3360894
2569-08-21 12:24:38.797,0.03740432,0.6423175,0.3360894
2569-08-21 12:24:38.799,0.03740432,0.6423175,0.3360894
2569-08-21 12:24:38.799,0.03740432,0.6423175,0.3360894
2569-08-21 12:24:38.809,0.03740432,0.6423175,0.3360894
2569-08-21 12:24:38.809,0.03740432,0.6423175,0.3360894
2569-08-21 12:24:38.812,0.03708285,0.6423274,0.3361657
2569-08-21 12:24:38.812,0.03708285,0.6423274,0.3361657
2569-08-21 12:24:38.814,0.03708285,0.6423274,0.3361657
2569-08-21 12:24:38.814,0.03700669,0.6423298,0.3361837
2569-08-21 12:24:38.814,0.03700669,0.6423298,0.3361837
2569-08-21 12:24:38.816,0.03692676,0.6423323,0.3362024
2569-08-21 12:24:38.816,0.03692676,0.6423323,0.3362024
2569-08-21 12:24:38.819,0.03685354,0.6423346,0.3362196
2569-08-21 12:24:38.819,0.03685354,0.6423346,0.3362196
2569-08-21 12:24:38.833,0.03675042,0.6423379,0.3362437
2569-08-21 12:24:38.834,0.03675042,0.6423379,0.3362437
2569-08-21 12:24:38.844,0.03675042,0.6423379,0.3362437
2569-08-21 12:24:38.844,0.03597251,0.6423635,0.3364219
2569-08-21 12:24:38.844,0.03597251,0.6423635,0.3364219
2569-08-21 12:24:38.853,0.03597251,0.6423635,0.3364219
2569-08-21 12:24:38.854,0.03562794,0.6423755,0.336499
2569-08-21 12:24:38.854,0.03562794,0.6423755,0.336499
2569-08-21 12:24:38.862,0.03526352,0.6423885,0.3365794
2569-08-21 12:24:38.862,0.03526352,0.6423885,0.3365794
2569-08-21 12:24:38.874,0.03491947,0.642401,0.3366541
2569-08-21 12:24:38.874,0.03491947,0.642401,0.3366541
2569-08-21 12:24:38.877,0.03491947,0.642401,0.3366541
2569-08-21 12:24:38.877,0.03466748,0.6424104,0.3367082
2569-08-21 12:24:38.877,0.03466748,0.6424104,0.3367082
2569-08-21 12:24:38.899,0.03431593,0.6424237,0.3367826
2569-08-21 12:24:38.899,0.03431593,0.6424237,0.3367826
2569-08-21 12:24:38.907,0.03431593,0.6424237,0.3367826
2569-08-21 12:24:38.907,0.03351805,0.6424553,0.3369473
2569-08-21 12:24:38.907,0.03351805,0.6424553,0.3369473
2569-08-21 12:24:38.915,0.03351805,0.6424553,0.3369473
2569-08-21 12:24:38.919,0.03323066,0.6424672,0.3370051
2569-08-21 12:24:38.919,0.03323066,0.6424672,0.3370051
2569-08-21 12:24:38.928,0.03282743,0.6424841,0.337085
2569-08-21 12:24:38.928,0.03282743,0.6424841,0.337085
2569-08-21 12:24:38.937,0.03282743,0.6424841,0.337085
2569-08-21 12:24:38.944,0.03257215,0.642495,0.3371348
2569-08-21 12:24:38.944,0.03257215,0.642495,0.3371348
2569-08-21 12:24:38.953,0.0321203,0.6425149,0.3372216
2569-08-21 12:24:38.953,0.0321203,0.6425149,0.3372216
2569-08-21 12:24:38.961,0.0321203,0.6425149,0.3372216
2569-08-21 12:24:38.965,0.03190678,0.6425244,0.3372619
2569-08-21 12:24:38.965,0.03190678,0.6425244,0.3372619
2569-08-21 12:24:38.973,0.03190678,0.6425244,0.3372619
2569-08-21 12:24:38.974,0.03163192,0.6425368,0.3373132
2569-08-21 12:24:38.974,0.03163192,0.6425368,0.3373132
2569-08-21 12:24:38.989,0.03163192,0.6425368,0.3373132
2569-08-21 12:24:38.989,0.03163192,0.6425368,0.3373132
2569-08-21 12:24:38.998,0.03163192,0.6425368,0.3373132
2569-08-21 12:24:38.998,0.03163192,0.6425368,0.3373132
2569-08-21 12:24:38.998,0.03163192,0.6425368,0.3373132
2569-08-21 12:24:39.000,0.03163192,0.6425368,0.3373132
2569-08-21 12:24:39.000,0.03163192,0.6425368,0.3373132
2569-08-21 12:24:39.010,0.03163192,0.6425368,0.3373132
2569-08-21 12:24:39.010,0.03163192,0.6425368,0.3373132
2569-08-21 12:24:39.018,0.03163192,0.6425368,0.3373132
2569-08-21 12:24:39.018,0.03163192,0.6425368,0.3373132
2569-08-21 12:24:39.018,0.03163192,0.6425368,0.3373132
2569-08-21 12:24:39.020,0.03163192,0.6425368,0.3373132
2569-08-21 12:24:39.020,0.03163192,0.6425368,0.3373132
2569-08-21 12:24:39.034,0.03163192,0.6425368,0.3373132
2569-08-21 12:24:39.034,0.03163192,0.6425368,0.3373132
2569-08-21 12:24:39.037,0.03163192,0.6425368,0.3373132
2569-08-21 12:24:39.037,0.03163192,0.6425368,0.3373132
2569-08-21 12:24:39.037,0.03163192,0.6425368,0.3373132
2569-08-21 12:24:39.039,0.03163192,0.6425368,0.3373132
2569-08-21 12:24:39.039,0.03163192,0.6425368,0.3373132
2569-08-21 12:24:39.042,0.03163192,0.6425368,0.3373132
2569-08-21 12:24:39.042,0.03163192,0.6425368,0.3373132
2569-08-21 12:24:39.045,0.03163192,0.6425368,0.3373132
2569-08-21 12:24:39.045,0.03163192,0.6425368,0.3373132
2569-08-21 12:24:39.055,0.03163192,0.6425368,0.3373132
2569-08-21 12:24:39.055,0.03163192,0.6425368,0.3373132
2569-08-21 12:24:39.057,0.03163192,0.6425368,0.3373132
2569-08-21 12:24:39.057,0.03163192,0.6425368,0.3373132
2569-08-21 12:24:39.057,0.03163192,0.6425368,0.3373132
2569-08-21 12:24:39.060,0.03163192,0.6425368,0.3373132
2569-08-21 12:24:39.060,0.03163192,0.6425368,0.3373132
2569-08-21 12:24:39.062,0.03163192,0.6425368,0.3373132
2569-08-21 12:24:39.062,0.03163192,0.6425368,0.3373132
2569-08-21 12:24:39.064,0.03163192,0.6425368,0.3373132
2569-08-21 12:24:39.064,0.03163192,0.6425368,0.3373132
2569-08-21 12:24:39.079,0.03163192,0.6425368,0.3373132
2569-08-21 12:24:39.079,0.03163192,0.6425368,0.3373132
2569-08-21 12:24:39.082,0.03163192,0.6425368,0.3373132
2569-08-21 12:24:39.082,0.03163192,0.6425368,0.3373132
2569-08-21 12:24:39.082,0.03163192,0.6425368,0.3373132
2569-08-21 12:24:39.085,0.03163192,0.6425368,0.3373132
2569-08-21 12:24:39.085,0.03163192,0.6425368,0.3373132
2569-08-21 12:24:39.087,0.03163192,0.6425368,0.3373132
2569-08-21 12:24:39.087,0.03163192,0.6425368,0.3373132
2569-08-21 12:24:39.089,0.03163192,0.6425368,0.3373132
2569-08-21 12:24:39.090,0.03163192,0.6425368,0.3373132
2569-08-21 12:24:39.100,0.03163192,0.6425368,0.3373132
2569-08-21 12:24:39.100,0.03163192,0.6425368,0.3373132
2569-08-21 12:24:39.102,0.03163192,0.6425368,0.3373132
2569-08-21 12:24:39.102,0.03163192,0.6425368,0.3373132
2569-08-21 12:24:39.102,0.03163192,0.6425368,0.3373132
2569-08-21 12:24:39.105,0.03163192,0.6425368,0.3373132
2569-08-21 12:24:39.105,0.03163192,0.6425368,0.3373132
2569-08-21 12:24:39.106,0.03163192,0.6425368,0.3373132
2569-08-21 12:24:39.108,0.03163192,0.6425368,0.3373132
2569-08-21 12:24:39.110,0.03163192,0.6425368,0.3373132
2569-08-21 12:24:39.110,0.03163192,0.6425368,0.3373132
2569-08-21 12:24:39.124,0.03163192,0.6425368,0.3373132
2569-08-21 12:24:39.124,0.03163192,0.6425368,0.3373132
2569-08-21 12:24:39.126,0.03163192,0.6425368,0.3373132
2569-08-21 12:24:39.127,0.03163192,0.6425368,0.3373132
2569-08-21 12:24:39.127,0.03163192,0.6425368,0.3373132
2569-08-21 12:24:39.129,0.03163192,0.6425368,0.3373132
2569-08-21 12:24:39.129,0.03163192,0.6425368,0.3373132
2569-08-21 12:24:39.132,0.03163192,0.6425368,0.3373132
2569-08-21 12:24:39.132,0.03163192,0.6425368,0.3373132
2569-08-21 12:24:39.134,0.03163192,0.6425368,0.3373132
2569-08-21 12:24:39.145,0.03163192,0.6425368,0.3373132
2569-08-21 12:24:39.145,0.03163192,0.6425368,0.3373132
2569-08-21 12:24:39.148,0.03163192,0.6425368,0.3373132
2569-08-21 12:24:39.148,0.03163192,0.6425368,0.3373132
2569-08-21 12:24:39.151,0.03163192,0.6425368,0.3373132
2569-08-21 12:24:39.151,0.03163192,0.6425368,0.3373132
2569-08-21 12:24:39.153,0.03163192,0.6425368,0.3373132
2569-08-21 12:24:39.153,0.03163192,0.6425368,0.3373132
2569-08-21 12:24:39.155,0.03163192,0.6425368,0.3373132
2569-08-21 12:24:39.155,0.03163192,0.6425368,0.3373132
2569-08-21 12:24:39.155,0.03163192,0.6425368,0.3373132
2569-08-21 12:24:39.165,0.03163192,0.6425368,0.3373132
2569-08-21 12:24:39.165,0.03163192,0.6425368,0.3373132
2569-08-21 12:24:39.168,0.03163192,0.6425368,0.3373132
2569-08-21 12:24:39.168,0.03163192,0.6425368,0.3373132
2569-08-21 12:24:39.170,0.03163192,0.6425368,0.3373132
2569-08-21 12:24:39.170,0.03163192,0.6425368,0.3373132
2569-08-21 12:24:39.172,0.03163192,0.6425368,0.3373132
2569-08-21 12:24:39.172,0.03163192,0.6425368,0.3373132
2569-08-21 12:24:39.174,0.03163192,0.6425368,0.3373132
2569-08-21 12:24:39.176,0.03163192,0.6425368,0.3373132
2569-08-21 12:24:39.176,0.03163192,0.6425368,0.3373132
2569-08-21 12:24:39.190,0.03163192,0.6425368,0.3373132
2569-08-21 12:24:39.190,0.03163192,0.6425368,0.3373132
2569-08-21 12:24:39.193,0.03163192,0.6425368,0.3373132
2569-08-21 12:24:39.193,0.03163192,0.6425368,0.3373132
2569-08-21 12:24:39.196,0.03163192,0.6425368,0.3373132
2569-08-21 12:24:39.196,0.03163192,0.6425368,0.3373132
2569-08-21 12:24:39.196,0.03163192,0.6425368,0.3373132
2569-08-21 12:24:39.199,0.03163192,0.6425368,0.3373132
2569-08-21 12:24:39.199,0.03163192,0.6425368,0.3373132
2569-08-21 12:24:39.210,0.03163192,0.6425368,0.3373132
2569-08-21 12:24:39.210,0.03163192,0.6425368,0.3373132
2569-08-21 12:24:39.212,0.03163192,0.6425368,0.3373132
2569-08-21 12:24:39.213,0.03163192,0.6425368,0.3373132
2569-08-21 12:24:39.213,0.03163192,0.6425368,0.3373132
2569-08-21 12:24:39.215,0.03163192,0.6425368,0.3373132
2569-08-21 12:24:39.215,0.03163192,0.6425368,0.3373132
2569-08-21 12:24:39.217,0.03163192,0.6425368,0.3373132
2569-08-21 12:24:39.217,0.03163192,0.6425368,0.3373132
2569-08-21 12:24:39.221,0.03163192,0.6425368,0.3373132
2569-08-21 12:24:39.221,0.03163192,0.6425368,0.3373132
2569-08-21 12:24:39.222,0.03163192,0.6425368,0.3373132
2569-08-21 12:24:39.222,0.03163192,0.6425368,0.3373132
2569-08-21 12:24:39.235,0.03163192,0.6425368,0.3373132
2569-08-21 12:24:39.235,0.03163192,0.6425368,0.3373132
2569-08-21 12:24:39.237,0.03163192,0.6425368,0.3373132
2569-08-21 12:24:39.237,0.03163192,0.6425368,0.3373132
2569-08-21 12:24:39.237,0.03163192,0.6425368,0.3373132
2569-08-21 12:24:39.240,0.03163192,0.6425368,0.3373132
2569-08-21 12:24:39.240,0.03163192,0.6425368,0.3373132
2569-08-21 12:24:39.243,0.03163192,0.6425368,0.3373132
2569-08-21 12:24:39.243,0.03163192,0.6425368,0.3373132
2569-08-21 12:24:39.245,0.03163192,0.6425368,0.3373132
2569-08-21 12:24:39.245,0.03163192,0.6425368,0.3373132
2569-08-21 12:24:39.255,0.03163192,0.6425368,0.3373132
2569-08-21 12:24:39.255,0.03163192,0.6425368,0.3373132
2569-08-21 12:24:39.257,0.03163192,0.6425368,0.3373132
2569-08-21 12:24:39.259,0.03163192,0.6425368,0.3373132
2569-08-21 12:24:39.259,0.03163192,0.6425368,0.3373132
2569-08-21 12:24:39.260,0.03163192,0.6425368,0.3373132
2569-08-21 12:24:39.261,0.03163192,0.6425368,0.3373132
2569-08-21 12:24:39.263,0.03163192,0.6425368,0.3373132
2569-08-21 12:24:39.263,0.03163192,0.6425368,0.3373132
2569-08-21 12:24:39.265,0.03163192,0.6425368,0.3373132
2569-08-21 12:24:39.265,0.03163192,0.6425368,0.3373132
2569-08-21 12:24:39.267,0.03163192,0.6425368,0.3373132
2569-08-21 12:24:39.268,0.03163192,0.6425368,0.3373132
2569-08-21 12:24:39.280,0.03163192,0.6425368,0.3373132
2569-08-21 12:24:39.280,0.03163192,0.6425368,0.3373132
2569-08-21 12:24:39.283,0.03163192,0.6425368,0.3373132
2569-08-21 12:24:39.283,0.03163192,0.6425368,0.3373132
2569-08-21 12:24:39.283,0.03163192,0.6425368,0.3373132
2569-08-21 12:24:39.285,0.03163192,0.6425368,0.3373132
2569-08-21 12:24:39.285,0.03163192,0.6425368,0.3373132
2569-08-21 12:24:39.287,0.03163192,0.6425368,0.3373132
2569-08-21 12:24:39.287,0.03163192,0.6425368,0.3373132
2569-08-21 12:24:39.290,0.03163192,0.6425368,0.3373132
2569-08-21 12:24:39.290,0.03163192,0.6425368,0.3373132
2569-08-21 12:24:39.300,0.03163192,0.6425368,0.3373132
2569-08-21 12:24:39.300,0.03163192,0.6425368,0.3373132
2569-08-21 12:24:39.302,0.03163192,0.6425368,0.3373132
2569-08-21 12:24:39.302,0.03163192,0.6425368,0.3373132
2569-08-21 12:24:39.302,0.03163192,0.6425368,0.3373132
2569-08-21 12:24:39.305,0.03163192,0.6425368,0.3373132
2569-08-21 12:24:39.305,0.03163192,0.6425368,0.3373132
2569-08-21 12:24:39.307,0.03163192,0.6425368,0.3373132
2569-08-21 12:24:39.308,0.03163192,0.6425368,0.3373132
2569-08-21 12:24:39.310,0.03163192,0.6425368,0.3373132
2569-08-21 12:24:39.310,0.03163192,0.6425368,0.3373132
2569-08-21 12:24:39.325,0.03163192,0.6425368,0.3373132
2569-08-21 12:24:39.325,0.03163192,0.6425368,0.3373132
2569-08-21 12:24:39.327,0.03163192,0.6425368,0.3373132
2569-08-21 12:24:39.327,0.03163192,0.6425368,0.3373132
2569-08-21 12:24:39.328,0.03163192,0.6425368,0.3373132
2569-08-21 12:24:39.331,0.03163192,0.6425368,0.3373132
2569-08-21 12:24:39.331,0.03163192,0.6425368,0.3373132
2569-08-21 12:24:39.332,0.03163192,0.6425368,0.3373132
2569-08-21 12:24:39.332,0.03163192,0.6425368,0.3373132
2569-08-21 12:24:39.334,0.03163192,0.6425368,0.3373132
2569-08-21 12:24:39.335,0.03163192,0.6425368,0.3373132
2569-08-21 12:24:39.335,0.03163192,0.6425368,0.3373132
2569-08-21 12:24:39.345,0.03163192,0.6425368,0.3373132
2569-08-21 12:24:39.345,0.03163192,0.6425368,0.3373132
2569-08-21 12:24:39.348,0.03163192,0.6425368,0.3373132
2569-08-21 12:24:39.348,0.03163192,0.6425368,0.3373132
2569-08-21 12:24:39.351,0.03163192,0.6425368,0.3373132
2569-08-21 12:24:39.351,0.03163192,0.6425368,0.3373132
2569-08-21 12:24:39.354,0.03163192,0.6425368,0.3373132
2569-08-21 12:24:39.354,0.03163192,0.6425368,0.3373132
2569-08-21 12:24:39.354,0.03163192,0.6425368,0.3373132
2569-08-21 12:24:39.356,0.03163192,0.6425368,0.3373132
2569-08-21 12:24:39.356,0.03163192,0.6425368,0.3373132
2569-08-21 12:24:39.370,0.03163192,0.6425368,0.3373132
2569-08-21 12:24:39.370,0.03163192,0.6425368,0.3373132
2569-08-21 12:24:39.373,0.03163192,0.6425368,0.3373132
2569-08-21 12:24:39.373,0.03163192,0.6425368,0.3373132
2569-08-21 12:24:39.373,0.03163192,0.6425368,0.3373132
2569-08-21 12:24:39.376,0.03163192,0.6425368,0.3373132
2569-08-21 12:24:39.376,0.03163192,0.6425368,0.3373132
2569-08-21 12:24:39.390,0.03163192,0.6425368,0.3373132
2569-08-21 12:24:39.391,0.03163192,0.6425368,0.3373132
2569-08-21 12:24:39.393,0.03163192,0.6425368,0.3373132
2569-08-21 12:24:39.393,0.03163192,0.6425368,0.3373132
2569-08-21 12:24:39.393,0.03163192,0.6425368,0.3373132
2569-08-21 12:24:39.396,0.03163192,0.6425368,0.3373132
2569-08-21 12:24:39.396,0.03163192,0.6425368,0.3373132
2569-08-21 12:24:39.398,0.03163192,0.6425368,0.3373132
2569-08-21 12:24:39.398,0.03163192,0.6425368,0.3373132
2569-08-21 12:24:39.400,0.03163192,0.6425368,0.3373132
2569-08-21 12:24:39.400,0.03163192,0.6425368,0.3373132
2569-08-21 12:24:39.411,0.03163192,0.6425368,0.3373132
2569-08-21 12:24:39.411,0.03163192,0.6425368,0.3373132
2569-08-21 12:24:39.413,0.03163192,0.6425368,0.3373132
2569-08-21 12:24:39.413,0.03163192,0.6425368,0.3373132
2569-08-21 12:24:39.413,0.03163192,0.6425368,0.3373132
2569-08-21 12:24:39.416,0.03163192,0.6425368,0.3373132
2569-08-21 12:24:39.416,0.03163192,0.6425368,0.3373132
2569-08-21 12:24:39.419,0.03163192,0.6425368,0.3373132
2569-08-21 12:24:39.419,0.03163192,0.6425368,0.3373132
2569-08-21 12:24:39.420,0.03163192,0.6425368,0.3373132
2569-08-21 12:24:39.420,0.03163192,0.6425368,0.3373132
2569-08-21 12:24:39.436,0.03163192,0.6425368,0.3373132
2569-08-21 12:24:39.436,0.03163192,0.6425368,0.3373132
2569-08-21 12:24:39.439,0.03163192,0.6425368,0.3373132
2569-08-21 12:24:39.439,0.03163192,0.6425368,0.3373132
2569-08-21 12:24:39.439,0.03163192,0.6425368,0.3373132
2569-08-21 12:24:39.441,0.03163192,0.6425368,0.3373132
2569-08-21 12:24:39.441,0.03163192,0.6425368,0.3373132
2569-08-21 12:24:39.443,0.03163192,0.6425368,0.3373132
2569-08-21 12:24:39.443,0.03163192,0.6425368,0.3373132
2569-08-21 12:24:39.444,0.03163192,0.6425368,0.3373132
2569-08-21 12:24:39.444,0.03163192,0.6425368,0.3373132
2569-08-21 12:24:39.448,0.03163192,0.6425368,0.3373132
2569-08-21 12:24:39.448,0.03163192,0.6425368,0.3373132
2569-08-21 12:24:39.456,0.03163192,0.6425368,0.3373132
2569-08-21 12:24:39.456,0.03163192,0.6425368,0.3373132
2569-08-21 12:24:39.458,0.03163192,0.6425368,0.3373132
2569-08-21 12:24:39.459,0.03163192,0.6425368,0.3373132
2569-08-21 12:24:39.459,0.03163192,0.6425368,0.3373132
2569-08-21 12:24:39.461,0.03163192,0.6425368,0.3373132
2569-08-21 12:24:39.461,0.03163192,0.6425368,0.3373132
2569-08-21 12:24:39.463,0.03163192,0.6425368,0.3373132
2569-08-21 12:24:39.463,0.03163192,0.6425368,0.3373132
2569-08-21 12:24:39.466,0.03163192,0.6425368,0.3373132
2569-08-21 12:24:39.466,0.03163192,0.6425368,0.3373132
2569-08-21 12:24:39.468,0.03163192,0.6425368,0.3373132
2569-08-21 12:24:39.468,0.03163192,0.6425368,0.3373132
2569-08-21 12:24:39.481,0.03163192,0.6425368,0.3373132
2569-08-21 12:24:39.481,0.03163192,0.6425368,0.3373132
2569-08-21 12:24:39.484,0.03163192,0.6425368,0.3373132
2569-08-21 12:24:39.484,0.03163192,0.6425368,0.3373132
2569-08-21 12:24:39.484,0.03163192,0.6425368,0.3373132
2569-08-21 12:24:39.486,0.03163192,0.6425368,0.3373132
2569-08-21 12:24:39.486,0.03163192,0.6425368,0.3373132
2569-08-21 12:24:39.489,0.03163192,0.6425368,0.3373132
2569-08-21 12:24:39.489,0.03163192,0.6425368,0.3373132
2569-08-21 12:24:39.491,0.03163192,0.6425368,0.3373132
2569-08-21 12:24:39.491,0.03163192,0.6425368,0.3373132
2569-08-21 12:24:39.493,0.03163192,0.6425368,0.3373132
2569-08-21 12:24:39.501,0.03163192,0.6425368,0.3373132
2569-08-21 12:24:39.501,0.03163192,0.6425368,0.3373132
2569-08-21 12:24:39.503,0.03163192,0.6425368,0.3373132
2569-08-21 12:24:39.503,0.03163192,0.6425368,0.3373132
2569-08-21 12:24:39.506,0.03163192,0.6425368,0.3373132
2569-08-21 12:24:39.506,0.03163192,0.6425368,0.3373132
2569-08-21 12:24:39.509,0.03163192,0.6425368,0.3373132
2569-08-21 12:24:39.509,0.03163192,0.6425368,0.3373132
2569-08-21 12:24:39.511,0.03163192,0.6425368,0.3373132
2569-08-21 12:24:39.511,0.03163192,0.6425368,0.3373132
2569-08-21 12:24:39.513,0.03163192,0.6425368,0.3373132
2569-08-21 12:24:39.513,0.03163192,0.6425368,0.3373132
2569-08-21 12:24:39.513,0.03163192,0.6425368,0.3373132
2569-08-21 12:24:39.526,0.03163192,0.6425368,0.3373132
2569-08-21 12:24:39.526,0.03163192,0.6425368,0.3373132
2569-08-21 12:24:39.527,0.03114988,0.6425591,0.3374014
2569-08-21 12:24:39.527,0.03114988,0.6425591,0.3374014
2569-08-21 12:24:39.531,0.03105205,0.6425638,0.3374191
2569-08-21 12:24:39.531,0.03105205,0.6425638,0.3374191
2569-08-21 12:24:39.533,0.03105205,0.6425638,0.3374191
2569-08-21 12:24:39.534,0.03096443,0.6425679,0.3374349
2569-08-21 12:24:39.534,0.03096443,0.6425679,0.3374349
2569-08-21 12:24:39.536,0.03087876,0.6425719,0.3374502
2569-08-21 12:24:39.536,0.03087876,0.6425719,0.3374502
2569-08-21 12:24:39.537,0.03079326,0.642576,0.3374654
2569-08-21 12:24:39.537,0.03079326,0.642576,0.3374654
2569-08-21 12:24:39.546,0.0306705,0.6425819,0.3374872
2569-08-21 12:24:39.546,0.0306705,0.6425819,0.3374872
2569-08-21 12:24:39.557,0.0306705,0.6425819,0.3374872
2569-08-21 12:24:39.557,0.0299376,0.6426179,0.3376141
2569-08-21 12:24:39.557,0.0299376,0.6426179,0.3376141
2569-08-21 12:24:39.571,0.02949812,0.6426402,0.3376879
2569-08-21 12:24:39.571,0.02949812,0.6426402,0.3376879
2569-08-21 12:24:39.580,0.02949812,0.6426402,0.3376879
2569-08-21 12:24:39.580,0.02889536,0.6426716,0.3377863
2569-08-21 12:24:39.580,0.02889536,0.6426716,0.3377863
2569-08-21 12:24:39.592,0.02846446,0.6426946,0.3378546
2569-08-21 12:24:39.592,0.02846446,0.6426946,0.3378546
2569-08-21 12:24:39.600,0.02846446,0.6426946,0.3378546
2569-08-21 12:24:39.600,0.02795688,0.6427223,0.3379329
2569-08-21 12:24:39.600,0.02795688,0.6427223,0.3379329
2569-08-21 12:24:39.616,0.02756172,0.6427444,0.3379923
2569-08-21 12:24:39.616,0.02756172,0.6427444,0.3379923
2569-08-21 12:24:39.625,0.02756172,0.6427444,0.3379923
2569-08-21 12:24:39.636,0.02696444,0.6427785,0.3380793
2569-08-21 12:24:39.636,0.02696444,0.6427785,0.3380793
2569-08-21 12:24:39.646,0.02696444,0.6427785,0.3380793
2569-08-21 12:24:39.646,0.02621358,0.6428226,0.3381842
2569-08-21 12:24:39.646,0.02621358,0.6428226,0.3381842
2569-08-21 12:24:39.655,0.02621358,0.6428226,0.3381842
2569-08-21 12:24:39.656,0.02591606,0.6428405,0.3382244
2569-08-21 12:24:39.656,0.02591606,0.6428405,0.3382244
2569-08-21 12:24:39.666,0.02562042,0.6428585,0.3382635
2569-08-21 12:24:39.666,0.02562042,0.6428585,0.3382635
2569-08-21 12:24:39.675,0.02562042,0.6428585,0.3382635
2569-08-21 12:24:39.682,0.02562042,0.6428585,0.3382635
2569-08-21 12:24:39.682,0.02562042,0.6428585,0.3382635
2569-08-21 12:24:39.691,0.02562042,0.6428585,0.3382635
2569-08-21 12:24:39.691,0.02562042,0.6428585,0.3382635
2569-08-21 12:24:39.698,0.02562042,0.6428585,0.3382635
2569-08-21 12:24:39.702,0.02562042,0.6428585,0.3382635
2569-08-21 12:24:39.702,0.02562042,0.6428585,0.3382635
2569-08-21 12:24:39.709,0.02562042,0.6428585,0.3382635
2569-08-21 12:24:39.709,0.02562042,0.6428585,0.3382635
2569-08-21 12:24:39.712,0.02562042,0.6428585,0.3382635
2569-08-21 12:24:39.712,0.02562042,0.6428585,0.3382635
2569-08-21 12:24:39.714,0.02562042,0.6428585,0.3382635
2569-08-21 12:24:39.727,0.02562042,0.6428585,0.3382635
2569-08-21 12:24:39.727,0.02562042,0.6428585,0.3382635
2569-08-21 12:24:39.729,0.02562042,0.6428585,0.3382635
2569-08-21 12:24:39.729,0.02562042,0.6428585,0.3382635
2569-08-21 12:24:39.732,0.02562042,0.6428585,0.3382635
2569-08-21 12:24:39.732,0.02562042,0.6428585,0.3382635
2569-08-21 12:24:39.734,0.02562042,0.6428585,0.3382635
2569-08-21 12:24:39.735,0.02562042,0.6428585,0.3382635
2569-08-21 12:24:39.735,0.02562042,0.6428585,0.3382635
2569-08-21 12:24:39.736,0.02562042,0.6428585,0.3382635
2569-08-21 12:24:39.736,0.02562042,0.6428585,0.3382635
2569-08-21 12:24:39.747,0.02562042,0.6428585,0.3382635
2569-08-21 12:24:39.747,0.02562042,0.6428585,0.3382635
2569-08-21 12:24:39.750,0.02562042,0.6428585,0.3382635
2569-08-21 12:24:39.750,0.02562042,0.6428585,0.3382635
2569-08-21 12:24:39.752,0.02562042,0.6428585,0.3382635
2569-08-21 12:24:39.752,0.02562042,0.6428585,0.3382635
2569-08-21 12:24:39.755,0.02562042,0.6428585,0.3382635
2569-08-21 12:24:39.755,0.02562042,0.6428585,0.3382635
2569-08-21 12:24:39.755,0.02562042,0.6428585,0.3382635
2569-08-21 12:24:39.758,0.02562042,0.6428585,0.3382635
2569-08-21 12:24:39.758,0.02562042,0.6428585,0.3382635
2569-08-21 12:24:39.771,0.02562042,0.6428585,0.3382635
2569-08-21 12:24:39.771,0.02562042,0.6428585,0.3382635
2569-08-21 12:24:39.781,0.02562042,0.6428585,0.3382635
2569-08-21 12:24:39.783,0.02562042,0.6428585,0.3382635
2569-08-21 12:24:39.783,0.02562042,0.6428585,0.3382635
2569-08-21 12:24:39.791,0.02562042,0.6428585,0.3382635
2569-08-21 12:24:39.791,0.02562042,0.6428585,0.3382635
2569-08-21 12:24:39.795,0.02562042,0.6428585,0.3382635
2569-08-21 12:24:39.795,0.02562042,0.6428585,0.3382635
2569-08-21 12:24:39.795,0.02562042,0.6428585,0.3382635
2569-08-21 12:24:39.797,0.02562042,0.6428585,0.3382635
2569-08-21 12:24:39.797,0.02562042,0.6428585,0.3382635
2569-08-21 12:24:39.799,0.02562042,0.6428585,0.3382635
2569-08-21 12:24:39.799,0.02562042,0.6428585,0.3382635
2569-08-21 12:24:39.803,0.02562042,0.6428585,0.3382635
2569-08-21 12:24:39.803,0.02562042,0.6428585,0.3382635
2569-08-21 12:24:39.816,0.02562042,0.6428585,0.3382635
2569-08-21 12:24:39.816,0.02562042,0.6428585,0.3382635
2569-08-21 12:24:39.819,0.02562042,0.6428585,0.3382635
2569-08-21 12:24:39.820,0.02562042,0.6428585,0.3382635
2569-08-21 12:24:39.820,0.02562042,0.6428585,0.3382635
2569-08-21 12:24:39.822,0.02562042,0.6428585,0.3382635
2569-08-21 12:24:39.822,0.02562042,0.6428585,0.3382635
2569-08-21 12:24:39.825,0.02562042,0.6428585,0.3382635
2569-08-21 12:24:39.825,0.02562042,0.6428585,0.3382635
2569-08-21 12:24:39.827,0.02562042,0.6428585,0.3382635
2569-08-21 12:24:39.827,0.02562042,0.6428585,0.3382635
2569-08-21 12:24:39.837,0.02562042,0.6428585,0.3382635
2569-08-21 12:24:39.837,0.02562042,0.6428585,0.3382635
2569-08-21 12:24:39.840,0.02562042,0.6428585,0.3382635
2569-08-21 12:24:39.840,0.02562042,0.6428585,0.3382635
2569-08-21 12:24:39.840,0.02562042,0.6428585,0.3382635
2569-08-21 12:24:39.842,0.02562042,0.6428585,0.3382635
2569-08-21 12:24:39.842,0.02562042,0.6428585,0.3382635
2569-08-21 12:24:39.845,0.02562042,0.6428585,0.3382635
2569-08-21 12:24:39.845,0.02562042,0.6428585,0.3382635
2569-08-21 12:24:39.847,0.02562042,0.6428585,0.3382635
2569-08-21 12:24:39.847,0.02562042,0.6428585,0.3382635
2569-08-21 12:24:39.861,0.02562042,0.6428585,0.3382635
2569-08-21 12:24:39.861,0.02562042,0.6428585,0.3382635
2569-08-21 12:24:39.864,0.02562042,0.6428585,0.3382635
2569-08-21 12:24:39.864,0.02562042,0.6428585,0.3382635
2569-08-21 12:24:39.864,0.02562042,0.6428585,0.3382635
2569-08-21 12:24:39.867,0.02562042,0.6428585,0.3382635
2569-08-21 12:24:39.867,0.02562042,0.6428585,0.3382635
2569-08-21 12:24:39.882,0.02562042,0.6428585,0.3382635
2569-08-21 12:24:39.882,0.02562042,0.6428585,0.3382635
2569-08-21 12:24:39.885,0.02562042,0.6428585,0.3382635
2569-08-21 12:24:39.885,0.02562042,0.6428585,0.3382635
2569-08-21 12:24:39.885,0.02562042,0.6428585,0.3382635
2569-08-21 12:24:39.887,0.02562042,0.6428585,0.3382635
2569-08-21 12:24:39.887,0.02562042,0.6428585,0.3382635
2569-08-21 12:24:39.891,0.02562042,0.6428585,0.3382635
2569-08-21 12:24:39.891,0.02562042,0.6428585,0.3382635
2569-08-21 12:24:39.893,0.02562042,0.6428585,0.3382635
2569-08-21 12:24:39.893,0.02562042,0.6428585,0.3382635
2569-08-21 12:24:39.894,0.02562042,0.6428585,0.3382635
2569-08-21 12:24:39.903,0.02562042,0.6428585,0.3382635
2569-08-21 12:24:39.903,0.02562042,0.6428585,0.3382635
2569-08-21 12:24:39.906,0.02562042,0.6428585,0.3382635
2569-08-21 12:24:39.906,0.02562042,0.6428585,0.3382635
2569-08-21 12:24:39.908,0.02562042,0.6428585,0.3382635
2569-08-21 12:24:39.908,0.02562042,0.6428585,0.3382635
2569-08-21 12:24:39.910,0.02562042,0.6428585,0.3382635
2569-08-21 12:24:39.910,0.02562042,0.6428585,0.3382635
2569-08-21 12:24:39.912,0.02562042,0.6428585,0.3382635
2569-08-21 12:24:39.913,0.02562042,0.6428585,0.3382635
2569-08-21 12:24:39.913,0.02562042,0.6428585,0.3382635
2569-08-21 12:24:39.926,0.02562042,0.6428585,0.3382635
2569-08-21 12:24:39.926,0.02562042,0.6428585,0.3382635
2569-08-21 12:24:39.930,0.02562042,0.6428585,0.3382635
2569-08-21 12:24:39.930,0.02562042,0.6428585,0.3382635
2569-08-21 12:24:39.933,0.02562042,0.6428585,0.3382635
2569-08-21 12:24:39.933,0.02562042,0.6428585,0.3382635
2569-08-21 12:24:39.934,0.02562042,0.6428585,0.3382635
2569-08-21 12:24:39.934,0.02562042,0.6428585,0.3382635
2569-08-21 12:24:39.934,0.02562042,0.6428585,0.3382635
2569-08-21 12:24:39.936,0.02562042,0.6428585,0.3382635
2569-08-21 12:24:39.936,0.02562042,0.6428585,0.3382635
2569-08-21 12:24:39.939,0.02562042,0.6428585,0.3382635
2569-08-21 12:24:39.939,0.02562042,0.6428585,0.3382635
2569-08-21 12:24:39.948,0.02562042,0.6428585,0.3382635
2569-08-21 12:24:39.948,0.02562042,0.6428585,0.3382635
2569-08-21 12:24:39.950,0.02562042,0.6428585,0.3382635
2569-08-21 12:24:39.950,0.02562042,0.6428585,0.3382635
2569-08-21 12:24:39.953,0.02562042,0.6428585,0.3382635
2569-08-21 12:24:39.953,0.02562042,0.6428585,0.3382635
2569-08-21 12:24:39.955,0.02562042,0.6428585,0.3382635
2569-08-21 12:24:39.955,0.02562042,0.6428585,0.3382635
2569-08-21 12:24:39.955,0.02562042,0.6428585,0.3382635
2569-08-21 12:24:39.958,0.02562042,0.6428585,0.3382635
2569-08-21 12:24:39.958,0.02562042,0.6428585,0.3382635
2569-08-21 12:24:39.972,0.02562042,0.6428585,0.3382635
2569-08-21 12:24:39.972,0.02562042,0.6428585,0.3382635
2569-08-21 12:24:39.975,0.02562042,0.6428585,0.3382635
2569-08-21 12:24:39.975,0.02562042,0.6428585,0.3382635
2569-08-21 12:24:39.975,0.02562042,0.6428585,0.3382635
2569-08-21 12:24:39.977,0.02562042,0.6428585,0.3382635
2569-08-21 12:24:39.977,0.02562042,0.6428585,0.3382635
2569-08-21 12:24:39.980,0.02562042,0.6428585,0.3382635
2569-08-21 12:24:39.980,0.02562042,0.6428585,0.3382635
2569-08-21 12:24:39.983,0.02562042,0.6428585,0.3382635
2569-08-21 12:24:39.983,0.02562042,0.6428585,0.3382635
2569-08-21 12:24:39.993,0.02562042,0.6428585,0.3382635
2569-08-21 12:24:39.993,0.02562042,0.6428585,0.3382635
2569-08-21 12:24:39.995,0.02562042,0.6428585,0.3382635
2569-08-21 12:24:39.995,0.02562042,0.6428585,0.3382635
2569-08-21 12:24:39.995,0.02562042,0.6428585,0.3382635
2569-08-21 12:24:39.998,0.02562042,0.6428585,0.3382635
2569-08-21 12:24:39.998,0.02562042,0.6428585,0.3382635
2569-08-21 12:24:40.001,0.02562042,0.6428585,0.3382635
2569-08-21 12:24:40.001,0.02562042,0.6428585,0.3382635
2569-08-21 12:24:40.003,0.02562042,0.6428585,0.3382635
2569-08-21 12:24:40.003,0.02562042,0.6428585,0.3382635
2569-08-21 12:24:40.016,0.02562042,0.6428585,0.3382635
2569-08-21 12:24:40.016,0.02562042,0.6428585,0.3382635
2569-08-21 12:24:40.019,0.02562042,0.6428585,0.3382635
2569-08-21 12:24:40.020,0.02562042,0.6428585,0.3382635
2569-08-21 12:24:40.020,0.02562042,0.6428585,0.3382635
2569-08-21 12:24:40.022,0.02562042,0.6428585,0.3382635
2569-08-21 12:24:40.022,0.02562042,0.6428585,0.3382635
2569-08-21 12:24:40.025,0.02562042,0.6428585,0.3382635
2569-08-21 12:24:40.025,0.02562042,0.6428585,0.3382635
2569-08-21 12:24:40.027,0.02562042,0.6428585,0.3382635
2569-08-21 12:24:40.027,0.02562042,0.6428585,0.3382635
2569-08-21 12:24:40.038,0.02562042,0.6428585,0.3382635
2569-08-21 12:24:40.038,0.02562042,0.6428585,0.3382635
2569-08-21 12:24:40.040,0.02562042,0.6428585,0.3382635
2569-08-21 12:24:40.040,0.02562042,0.6428585,0.3382635
2569-08-21 12:24:40.041,0.02562042,0.6428585,0.3382635
2569-08-21 12:24:40.043,0.02562042,0.6428585,0.3382635
2569-08-21 12:24:40.043,0.02562042,0.6428585,0.3382635
2569-08-21 12:24:40.046,0.02562042,0.6428585,0.3382635
2569-08-21 12:24:40.046,0.02562042,0.6428585,0.3382635
2569-08-21 12:24:40.048,0.02562042,0.6428585,0.3382635
2569-08-21 12:24:40.048,0.02562042,0.6428585,0.3382635
2569-08-21 12:24:40.049,0.02562042,0.6428585,0.3382635
2569-08-21 12:24:40.049,0.02562042,0.6428585,0.3382635
2569-08-21 12:24:40.062,0.02562042,0.6428585,0.3382635
2569-08-21 12:24:40.062,0.02562042,0.6428585,0.3382635
2569-08-21 12:24:40.066,0.02562042,0.6428585,0.3382635
2569-08-21 12:24:40.066,0.02562042,0.6428585,0.3382635
2569-08-21 12:24:40.066,0.02562042,0.6428585,0.3382635
2569-08-21 12:24:40.069,0.02562042,0.6428585,0.3382635
2569-08-21 12:24:40.069,0.02562042,0.6428585,0.3382635
2569-08-21 12:24:40.071,0.02562042,0.6428585,0.3382635
2569-08-21 12:24:40.071,0.02562042,0.6428585,0.3382635
2569-08-21 12:24:40.072,0.02562042,0.6428585,0.3382635
2569-08-21 12:24:40.074,0.02562042,0.6428585,0.3382635
2569-08-21 12:24:40.074,0.02562042,0.6428585,0.3382635
2569-08-21 12:24:40.082,0.02562042,0.6428585,0.3382635
2569-08-21 12:24:40.082,0.02562042,0.6428585,0.3382635
2569-08-21 12:24:40.085,0.02562042,0.6428585,0.3382635
2569-08-21 12:24:40.085,0.02562042,0.6428585,0.3382635
2569-08-21 12:24:40.088,0.02562042,0.6428585,0.3382635
2569-08-21 12:24:40.088,0.02562042,0.6428585,0.3382635
2569-08-21 12:24:40.090,0.02562042,0.6428585,0.3382635
2569-08-21 12:24:40.090,0.02562042,0.6428585,0.3382635
2569-08-21 12:24:40.093,0.02562042,0.6428585,0.3382635
2569-08-21 12:24:40.093,0.02562042,0.6428585,0.3382635
2569-08-21 12:24:40.093,0.02562042,0.6428585,0.3382635
2569-08-21 12:24:40.107,0.02562042,0.6428585,0.3382635
2569-08-21 12:24:40.107,0.02562042,0.6428585,0.3382635
2569-08-21 12:24:40.111,0.02562042,0.6428585,0.3382635
2569-08-21 12:24:40.111,0.02562042,0.6428585,0.3382635
2569-08-21 12:24:40.112,0.02562042,0.6428585,0.3382635
2569-08-21 12:24:40.112,0.02562042,0.6428585,0.3382635
2569-08-21 12:24:40.114,0.02562042,0.6428585,0.3382635
2569-08-21 12:24:40.127,0.02562042,0.6428585,0.3382635
2569-08-21 12:24:40.127,0.02562042,0.6428585,0.3382635
2569-08-21 12:24:40.131,0.02562042,0.6428585,0.3382635
2569-08-21 12:24:40.131,0.02562042,0.6428585,0.3382635
2569-08-21 12:24:40.133,0.02562042,0.6428585,0.3382635
2569-08-21 12:24:40.134,0.02562042,0.6428585,0.3382635
2569-08-21 12:24:40.134,0.02562042,0.6428585,0.3382635
2569-08-21 12:24:40.135,0.02562042,0.6428585,0.3382635
2569-08-21 12:24:40.135,0.02562042,0.6428585,0.3382635
2569-08-21 12:24:40.138,0.02562042,0.6428585,0.3382635
2569-08-21 12:24:40.138,0.02562042,0.6428585,0.3382635
2569-08-21 12:24:40.148,0.02562042,0.6428585,0.3382635
2569-08-21 12:24:40.148,0.02562042,0.6428585,0.3382635
2569-08-21 12:24:40.151,0.02562042,0.6428585,0.3382635
2569-08-21 12:24:40.151,0.02562042,0.6428585,0.3382635
2569-08-21 12:24:40.153,0.02562042,0.6428585,0.3382635
2569-08-21 12:24:40.153,0.02562042,0.6428585,0.3382635
2569-08-21 12:24:40.153,0.02562042,0.6428585,0.3382635
2569-08-21 12:24:40.155,0.02562042,0.6428585,0.3382635
2569-08-21 12:24:40.155,0.02562042,0.6428585,0.3382635
2569-08-21 12:24:40.158,0.02562042,0.6428585,0.3382635
2569-08-21 12:24:40.158,0.02562042,0.6428585,0.3382635
2569-08-21 12:24:40.172,0.02562042,0.6428585,0.3382635
2569-08-21 12:24:40.172,0.02562042,0.6428585,0.3382635
2569-08-21 12:24:40.176,0.02562042,0.6428585,0.3382635
2569-08-21 12:24:40.176,0.02562042,0.6428585,0.3382635
2569-08-21 12:24:40.176,0.02562042,0.6428585,0.3382635
2569-08-21 12:24:40.177,0.02562042,0.6428585,0.3382635
2569-08-21 12:24:40.179,0.02562042,0.6428585,0.3382635
2569-08-21 12:24:40.180,0.02562042,0.6428585,0.3382635
2569-08-21 12:24:40.180,0.02562042,0.6428585,0.3382635
2569-08-21 12:24:40.183,0.02562042,0.6428585,0.3382635
2569-08-21 12:24:40.183,0.02562042,0.6428585,0.3382635
2569-08-21 12:24:40.193,0.02562042,0.6428585,0.3382635
2569-08-21 12:24:40.193,0.02562042,0.6428585,0.3382635
2569-08-21 12:24:40.195,0.02562042,0.6428585,0.3382635
2569-08-21 12:24:40.196,0.02562042,0.6428585,0.3382635
2569-08-21 12:24:40.196,0.02562042,0.6428585,0.3382635
2569-08-21 12:24:40.199,0.02562042,0.6428585,0.3382635
2569-08-21 12:24:40.199,0.02562042,0.6428585,0.3382635
2569-08-21 12:24:40.201,0.02562042,0.6428585,0.3382635
2569-08-21 12:24:40.201,0.02562042,0.6428585,0.3382635
2569-08-21 12:24:40.204,0.02562042,0.6428585,0.3382635
2569-08-21 12:24:40.204,0.02562042,0.6428585,0.3382635
2569-08-21 12:24:40.218,0.02562042,0.6428585,0.3382635
2569-08-21 12:24:40.218,0.02562042,0.6428585,0.3382635
2569-08-21 12:24:40.220,0.02562042,0.6428585,0.3382635
2569-08-21 12:24:40.221,0.02562042,0.6428585,0.3382635
2569-08-21 12:24:40.221,0.02562042,0.6428585,0.3382635
2569-08-21 12:24:40.223,0.02562042,0.6428585,0.3382635
2569-08-21 12:24:40.223,0.02562042,0.6428585,0.3382635
2569-08-21 12:24:40.226,0.02562042,0.6428585,0.3382635
2569-08-21 12:24:40.226,0.02562042,0.6428585,0.3382635
2569-08-21 12:24:40.227,0.02562042,0.6428585,0.3382635
2569-08-21 12:24:40.227,0.02562042,0.6428585,0.3382635
2569-08-21 12:24:40.238,0.02562042,0.6428585,0.3382635
2569-08-21 12:24:40.238,0.02562042,0.6428585,0.3382635
2569-08-21 12:24:40.242,0.02562042,0.6428585,0.3382635
2569-08-21 12:24:40.242,0.02562042,0.6428585,0.3382635
2569-08-21 12:24:40.242,0.02562042,0.6428585,0.3382635
2569-08-21 12:24:40.243,0.02562042,0.6428585,0.3382635
2569-08-21 12:24:40.243,0.02562042,0.6428585,0.3382635
2569-08-21 12:24:40.247,0.02562042,0.6428585,0.3382635
2569-08-21 12:24:40.247,0.02562042,0.6428585,0.3382635
2569-08-21 12:24:40.249,0.02562042,0.6428585,0.3382635
2569-08-21 12:24:40.249,0.02562042,0.6428585,0.3382635
2569-08-21 12:24:40.263,0.02562042,0.6428585,0.3382635
2569-08-21 12:24:40.263,0.02562042,0.6428585,0.3382635
2569-08-21 12:24:40.265,0.02562042,0.6428585,0.3382635
2569-08-21 12:24:40.266,0.02562042,0.6428585,0.3382635
2569-08-21 12:24:40.266,0.02562042,0.6428585,0.3382635
2569-08-21 12:24:40.268,0.02562042,0.6428585,0.3382635
2569-08-21 12:24:40.268,0.02562042,0.6428585,0.3382635
2569-08-21 12:24:40.271,0.02562042,0.6428585,0.3382635
2569-08-21 12:24:40.271,0.02562042,0.6428585,0.3382635
2569-08-21 12:24:40.273,0.02562042,0.6428585,0.3382635
2569-08-21 12:24:40.273,0.02562042,0.6428585,0.3382635
2569-08-21 12:24:40.273,0.02562042,0.6428585,0.3382635
2569-08-21 12:24:40.284,0.02562042,0.6428585,0.3382635
2569-08-21 12:24:40.284,0.02562042,0.6428585,0.3382635
2569-08-21 12:24:40.287,0.02562042,0.6428585,0.3382635
2569-08-21 12:24:40.287,0.02562042,0.6428585,0.3382635
2569-08-21 12:24:40.289,0.02562042,0.6428585,0.3382635
2569-08-21 12:24:40.289,0.02562042,0.6428585,0.3382635
2569-08-21 12:24:40.292,0.02562042,0.6428585,0.3382635
2569-08-21 12:24:40.292,0.02562042,0.6428585,0.3382635
2569-08-21 12:24:40.294,0.02562042,0.6428585,0.3382635
2569-08-21 12:24:40.294,0.02562042,0.6428585,0.3382635
2569-08-21 12:24:40.295,0.02562042,0.6428585,0.3382635
2569-08-21 12:24:40.307,0.02562042,0.6428585,0.3382635
2569-08-21 12:24:40.307,0.02562042,0.6428585,0.3382635
2569-08-21 12:24:40.319,0.02562042,0.6428585,0.3382635
2569-08-21 12:24:40.319,0.02562042,0.6428585,0.3382635
2569-08-21 12:24:40.319,0.02562042,0.6428585,0.3382635
2569-08-21 12:24:40.328,0.02562042,0.6428585,0.3382635
2569-08-21 12:24:40.328,0.02562042,0.6428585,0.3382635
2569-08-21 12:24:40.332,0.02562042,0.6428585,0.3382635
2569-08-21 12:24:40.332,0.02562042,0.6428585,0.3382635
2569-08-21 12:24:40.333,0.02562042,0.6428585,0.3382635
2569-08-21 12:24:40.333,0.02562042,0.6428585,0.3382635
2569-08-21 12:24:40.333,0.02562042,0.6428585,0.3382635
2569-08-21 12:24:40.336,0.02562042,0.6428585,0.3382635
2569-08-21 12:24:40.336,0.02562042,0.6428585,0.3382635
2569-08-21 12:24:40.339,0.02562042,0.6428585,0.3382635
2569-08-21 12:24:40.339,0.02562042,0.6428585,0.3382635
2569-08-21 12:24:40.349,0.02562042,0.6428585,0.3382635
2569-08-21 12:24:40.349,0.02562042,0.6428585,0.3382635
2569-08-21 12:24:40.351,0.02562042,0.6428585,0.3382635
2569-08-21 12:24:40.351,0.02562042,0.6428585,0.3382635
2569-08-21 12:24:40.355,0.02562042,0.6428585,0.3382635
2569-08-21 12:24:40.355,0.02562042,0.6428585,0.3382635
2569-08-21 12:24:40.355,0.02562042,0.6428585,0.3382635
2569-08-21 12:24:40.357,0.02562042,0.6428585,0.3382635
2569-08-21 12:24:40.358,0.02562042,0.6428585,0.3382635
2569-08-21 12:24:40.360,0.02562042,0.6428585,0.3382635
2569-08-21 12:24:40.360,0.02562042,0.6428585,0.3382635
2569-08-21 12:24:40.374,0.02562042,0.6428585,0.3382635
2569-08-21 12:24:40.374,0.02562042,0.6428585,0.3382635
2569-08-21 12:24:40.377,0.02562042,0.6428585,0.3382635
2569-08-21 12:24:40.377,0.02562042,0.6428585,0.3382635
2569-08-21 12:24:40.377,0.02562042,0.6428585,0.3382635
2569-08-21 12:24:40.394,0.02562042,0.6428585,0.3382635
2569-08-21 12:24:40.394,0.02562042,0.6428585,0.3382635
2569-08-21 12:24:40.396,0.02562042,0.6428585,0.3382635
2569-08-21 12:24:40.397,0.02562042,0.6428585,0.3382635
2569-08-21 12:24:40.397,0.02562042,0.6428585,0.3382635
2569-08-21 12:24:40.400,0.02562042,0.6428585,0.3382635
2569-08-21 12:24:40.400,0.02562042,0.6428585,0.3382635
2569-08-21 12:24:40.403,0.02562042,0.6428585,0.3382635
2569-08-21 12:24:40.403,0.02562042,0.6428585,0.3382635
2569-08-21 12:24:40.405,0.02562042,0.6428585,0.3382635
2569-08-21 12:24:40.405,0.02562042,0.6428585,0.3382635
2569-08-21 12:24:40.418,0.02562042,0.6428585,0.3382635
2569-08-21 12:24:40.418,0.02562042,0.6428585,0.3382635
2569-08-21 12:24:40.421,0.02562042,0.6428585,0.3382635
2569-08-21 12:24:40.421,0.02562042,0.6428585,0.3382635
2569-08-21 12:24:40.421,0.02562042,0.6428585,0.3382635
2569-08-21 12:24:40.424,0.02562042,0.6428585,0.3382635
2569-08-21 12:24:40.424,0.02562042,0.6428585,0.3382635
2569-08-21 12:24:40.427,0.02562042,0.6428585,0.3382635
2569-08-21 12:24:40.427,0.02562042,0.6428585,0.3382635
2569-08-21 12:24:40.429,0.02562042,0.6428585,0.3382635
2569-08-21 12:24:40.429,0.02562042,0.6428585,0.3382635
2569-08-21 12:24:40.439,0.02562042,0.6428585,0.3382635
2569-08-21 12:24:40.439,0.02562042,0.6428585,0.3382635
2569-08-21 12:24:40.442,0.02562042,0.6428585,0.3382635
2569-08-21 12:24:40.442,0.02562042,0.6428585,0.3382635
2569-08-21 12:24:40.442,0.02562042,0.6428585,0.3382635
2569-08-21 12:24:40.445,0.02562042,0.6428585,0.3382635
2569-08-21 12:24:40.445,0.02562042,0.6428585,0.3382635
2569-08-21 12:24:40.447,0.02562042,0.6428585,0.3382635
2569-08-21 12:24:40.447,0.02562042,0.6428585,0.3382635
2569-08-21 12:24:40.450,0.02562042,0.6428585,0.3382635
2569-08-21 12:24:40.450,0.02562042,0.6428585,0.3382635
2569-08-21 12:24:40.464,0.02562042,0.6428585,0.3382635
2569-08-21 12:24:40.464,0.02562042,0.6428585,0.3382635
2569-08-21 12:24:40.466,0.02562042,0.6428585,0.3382635
2569-08-21 12:24:40.466,0.02562042,0.6428585,0.3382635
2569-08-21 12:24:40.467,0.02562042,0.6428585,0.3382635
2569-08-21 12:24:40.468,0.02562042,0.6428585,0.3382635
2569-08-21 12:24:40.468,0.02562042,0.6428585,0.3382635
2569-08-21 12:24:40.471,0.02562042,0.6428585,0.3382635
2569-08-21 12:24:40.471,0.02562042,0.6428585,0.3382635
2569-08-21 12:24:40.474,0.02562042,0.6428585,0.3382635
2569-08-21 12:24:40.474,0.02562042,0.6428585,0.3382635
2569-08-21 12:24:40.474,0.02562042,0.6428585,0.3382635
2569-08-21 12:24:40.484,0.02562042,0.6428585,0.3382635
2569-08-21 12:24:40.484,0.02562042,0.6428585,0.3382635
2569-08-21 12:24:40.488,0.02562042,0.6428585,0.3382635
2569-08-21 12:24:40.488,0.02562042,0.6428585,0.3382635
2569-08-21 12:24:40.491,0.02562042,0.6428585,0.3382635
2569-08-21 12:24:40.491,0.02562042,0.6428585,0.3382635
2569-08-21 12:24:40.493,0.02562042,0.6428585,0.3382635
2569-08-21 12:24:40.493,0.02562042,0.6428585,0.3382635
2569-08-21 12:24:40.495,0.02562042,0.6428585,0.3382635
2569-08-21 12:24:40.495,0.02562042,0.6428585,0.3382635
2569-08-21 12:24:40.495,0.02562042,0.6428585,0.3382635
2569-08-21 12:24:40.509,0.02562042,0.6428585,0.3382635
2569-08-21 12:24:40.509,0.02562042,0.6428585,0.3382635
2569-08-21 12:24:40.512,0.02562042,0.6428585,0.3382635
2569-08-21 12:24:40.512,0.02562042,0.6428585,0.3382635
2569-08-21 12:24:40.513,0.02562042,0.6428585,0.3382635
2569-08-21 12:24:40.513,0.02562042,0.6428585,0.3382635
2569-08-21 12:24:40.513,0.02562042,0.6428585,0.3382635
2569-08-21 12:24:40.517,0.02562042,0.6428585,0.3382635
2569-08-21 12:24:40.517,0.02562042,0.6428585,0.3382635
2569-08-21 12:24:40.519,0.02562042,0.6428585,0.3382635
2569-08-21 12:24:40.519,0.02562042,0.6428585,0.3382635
2569-08-21 12:24:40.529,0.02562042,0.6428585,0.3382635
2569-08-21 12:24:40.529,0.02562042,0.6428585,0.3382635
2569-08-21 12:24:40.532,0.02562042,0.6428585,0.3382635
2569-08-21 12:24:40.532,0.02562042,0.6428585,0.3382635
2569-08-21 12:24:40.533,0.02562042,0.6428585,0.3382635
2569-08-21 12:24:40.535,0.02562042,0.6428585,0.3382635
2569-08-21 12:24:40.535,0.02562042,0.6428585,0.3382635
2569-08-21 12:24:40.537,0.02562042,0.6428585,0.3382635
2569-08-21 12:24:40.537,0.02562042,0.6428585,0.3382635
2569-08-21 12:24:40.539,0.02562042,0.6428585,0.3382635
2569-08-21 12:24:40.539,0.02562042,0.6428585,0.3382635
2569-08-21 12:24:40.553,0.02562042,0.6428585,0.3382635
2569-08-21 12:24:40.553,0.02562042,0.6428585,0.3382635
2569-08-21 12:24:40.556,0.02562042,0.6428585,0.3382635
2569-08-21 12:24:40.557,0.02562042,0.6428585,0.3382635
2569-08-21 12:24:40.557,0.02562042,0.6428585,0.3382635
2569-08-21 12:24:40.559,0.02562042,0.6428585,0.3382635
2569-08-21 12:24:40.559,0.02562042,0.6428585,0.3382635
2569-08-21 12:24:40.561,0.02562042,0.6428585,0.3382635
2569-08-21 12:24:40.561,0.02562042,0.6428585,0.3382635
2569-08-21 12:24:40.563,0.02562042,0.6428585,0.3382635
2569-08-21 12:24:40.563,0.02562042,0.6428585,0.3382635
2569-08-21 12:24:40.566,0.02562042,0.6428585,0.3382635
2569-08-21 12:24:40.566,0.02562042,0.6428585,0.3382635
2569-08-21 12:24:40.574,0.02562042,0.6428585,0.3382635
2569-08-21 12:24:40.574,0.02562042,0.6428585,0.3382635
2569-08-21 12:24:40.577,0.02562042,0.6428585,0.3382635
2569-08-21 12:24:40.577,0.02562042,0.6428585,0.3382635
2569-08-21 12:24:40.577,0.02562042,0.6428585,0.3382635
2569-08-21 12:24:40.580,0.02562042,0.6428585,0.3382635
2569-08-21 12:24:40.580,0.02562042,0.6428585,0.3382635
2569-08-21 12:24:40.582,0.02562042,0.6428585,0.3382635
2569-08-21 12:24:40.582,0.02562042,0.6428585,0.3382635
2569-08-21 12:24:40.584,0.02562042,0.6428585,0.3382635
2569-08-21 12:24:40.585,0.02562042,0.6428585,0.3382635
2569-08-21 12:24:40.595,0.02562042,0.6428585,0.3382635
2569-08-21 12:24:40.595,0.02562042,0.6428585,0.3382635
2569-08-21 12:24:40.597,0.02562042,0.6428585,0.3382635
2569-08-21 12:24:40.597,0.02562042,0.6428585,0.3382635
2569-08-21 12:24:40.597,0.02562042,0.6428585,0.3382635
2569-08-21 12:24:40.600,0.02562042,0.6428585,0.3382635
2569-08-21 12:24:40.600,0.02562042,0.6428585,0.3382635
2569-08-21 12:24:40.602,0.02562042,0.6428585,0.3382635
2569-08-21 12:24:40.602,0.02562042,0.6428585,0.3382635
2569-08-21 12:24:40.605,0.02562042,0.6428585,0.3382635
2569-08-21 12:24:40.605,0.02562042,0.6428585,0.3382635
2569-08-21 12:24:40.619,0.02562042,0.6428585,0.3382635
2569-08-21 12:24:40.619,0.02562042,0.6428585,0.3382635
2569-08-21 12:24:40.621,0.02562042,0.6428585,0.3382635
2569-08-21 12:24:40.621,0.02562042,0.6428585,0.3382635
2569-08-21 12:24:40.621,0.02562042,0.6428585,0.3382635
2569-08-21 12:24:40.625,0.02562042,0.6428585,0.3382635
2569-08-21 12:24:40.625,0.02562042,0.6428585,0.3382635
2569-08-21 12:24:40.627,0.02562042,0.6428585,0.3382635
2569-08-21 12:24:40.627,0.02562042,0.6428585,0.3382635
2569-08-21 12:24:40.629,0.02562042,0.6428585,0.3382635
2569-08-21 12:24:40.629,0.02562042,0.6428585,0.3382635
2569-08-21 12:24:40.640,0.02562042,0.6428585,0.3382635
2569-08-21 12:24:40.640,0.02562042,0.6428585,0.3382635
2569-08-21 12:24:40.642,0.02562042,0.6428585,0.3382635
2569-08-21 12:24:40.642,0.02562042,0.6428585,0.3382635
2569-08-21 12:24:40.642,0.02562042,0.6428585,0.3382635
2569-08-21 12:24:40.645,0.02562042,0.6428585,0.3382635
2569-08-21 12:24:40.645,0.02562042,0.6428585,0.3382635
2569-08-21 12:24:40.647,0.02562042,0.6428585,0.3382635
2569-08-21 12:24:40.647,0.02562042,0.6428585,0.3382635
2569-08-21 12:24:40.650,0.02562042,0.6428585,0.3382635
2569-08-21 12:24:40.650,0.02562042,0.6428585,0.3382635
2569-08-21 12:24:40.664,0.02562042,0.6428585,0.3382635
2569-08-21 12:24:40.664,0.02562042,0.6428585,0.3382635
2569-08-21 12:24:40.667,0.02562042,0.6428585,0.3382635
2569-08-21 12:24:40.668,0.02562042,0.6428585,0.3382635
2569-08-21 12:24:40.668,0.02562042,0.6428585,0.3382635
2569-08-21 12:24:40.671,0.02562042,0.6428585,0.3382635
2569-08-21 12:24:40.671,0.02562042,0.6428585,0.3382635
2569-08-21 12:24:40.674,0.02562042,0.6428585,0.3382635
2569-08-21 12:24:40.674,0.02562042,0.6428585,0.3382635
2569-08-21 12:24:40.674,0.02562042,0.6428585,0.3382635
2569-08-21 12:24:40.676,0.02562042,0.6428585,0.3382635
2569-08-21 12:24:40.676,0.02562042,0.6428585,0.3382635
2569-08-21 12:24:40.684,0.02562042,0.6428585,0.3382635
2569-08-21 12:24:40.684,0.02562042,0.6428585,0.3382635
2569-08-21 12:24:40.687,0.02562042,0.6428585,0.3382635
2569-08-21 12:24:40.687,0.02562042,0.6428585,0.3382635
2569-08-21 12:24:40.690,0.02562042,0.6428585,0.3382635
2569-08-21 12:24:40.690,0.02562042,0.6428585,0.3382635
2569-08-21 12:24:40.693,0.02562042,0.6428585,0.3382635
2569-08-21 12:24:40.693,0.02562042,0.6428585,0.3382635
2569-08-21 12:24:40.693,0.02562042,0.6428585,0.3382635
2569-08-21 12:24:40.696,0.02562042,0.6428585,0.3382635
2569-08-21 12:24:40.696,0.02562042,0.6428585,0.3382635
2569-08-21 12:24:40.709,0.02562042,0.6428585,0.3382635
2569-08-21 12:24:40.709,0.02562042,0.6428585,0.3382635
2569-08-21 12:24:40.712,0.02562042,0.6428585,0.3382635
2569-08-21 12:24:40.712,0.02562042,0.6428585,0.3382635
2569-08-21 12:24:40.715,0.02562042,0.6428585,0.3382635
2569-08-21 12:24:40.715,0.02562042,0.6428585,0.3382635
2569-08-21 12:24:40.715,0.02562042,0.6428585,0.3382635
2569-08-21 12:24:40.718,0.02562042,0.6428585,0.3382635
2569-08-21 12:24:40.718,0.02562042,0.6428585,0.3382635
2569-08-21 12:24:40.720,0.02562042,0.6428585,0.3382635
2569-08-21 12:24:40.720,0.02562042,0.6428585,0.3382635
2569-08-21 12:24:40.729,0.02562042,0.6428585,0.3382635
2569-08-21 12:24:40.729,0.02562042,0.6428585,0.3382635
2569-08-21 12:24:40.733,0.02562042,0.6428585,0.3382635
2569-08-21 12:24:40.733,0.02562042,0.6428585,0.3382635
2569-08-21 12:24:40.735,0.02562042,0.6428585,0.3382635
2569-08-21 12:24:40.735,0.02562042,0.6428585,0.3382635
2569-08-21 12:24:40.735,0.02562042,0.6428585,0.3382635
2569-08-21 12:24:40.737,0.02562042,0.6428585,0.3382635
2569-08-21 12:24:40.737,0.02562042,0.6428585,0.3382635
2569-08-21 12:24:40.739,0.02562042,0.6428585,0.3382635
2569-08-21 12:24:40.739,0.02562042,0.6428585,0.3382635
2569-08-21 12:24:40.754,0.02562042,0.6428585,0.3382635
2569-08-21 12:24:40.754,0.02562042,0.6428585,0.3382635
2569-08-21 12:24:40.757,0.02562042,0.6428585,0.3382635
2569-08-21 12:24:40.757,0.02562042,0.6428585,0.3382635
2569-08-21 12:24:40.759,0.02562042,0.6428585,0.3382635
2569-08-21 12:24:40.762,0.02562042,0.6428585,0.3382635
2569-08-21 12:24:40.762,0.02562042,0.6428585,0.3382635
2569-08-21 12:24:40.765,0.02562042,0.6428585,0.3382635
2569-08-21 12:24:40.765,0.02562042,0.6428585,0.3382635
2569-08-21 12:24:40.775,0.02562042,0.6428585,0.3382635
2569-08-21 12:24:40.775,0.02562042,0.6428585,0.3382635
2569-08-21 12:24:40.778,0.02562042,0.6428585,0.3382635
2569-08-21 12:24:40.779,0.02562042,0.6428585,0.3382635
2569-08-21 12:24:40.779,0.02562042,0.6428585,0.3382635
2569-08-21 12:24:40.781,0.02562042,0.6428585,0.3382635
2569-08-21 12:24:40.781,0.02562042,0.6428585,0.3382635
2569-08-21 12:24:40.784,0.02562042,0.6428585,0.3382635
2569-08-21 12:24:40.784,0.02562042,0.6428585,0.3382635
2569-08-21 12:24:40.785,0.02564164,0.6430728,0.3383252
2569-08-21 12:24:40.785,0.02564164,0.6430728,0.3383252
2569-08-21 12:24:40.799,0.02568144,0.6434746,0.3384409
2569-08-21 12:24:40.800,0.02568144,0.6434746,0.3384409
2569-08-21 12:24:40.810,0.02568144,0.6434746,0.3384409
2569-08-21 12:24:40.820,0.02587021,0.6453809,0.3389897
2569-08-21 12:24:40.820,0.02587021,0.6453809,0.3389897
2569-08-21 12:24:40.829,0.02587021,0.6453809,0.3389897
2569-08-21 12:24:40.830,0.02605545,0.6472515,0.3395283
2569-08-21 12:24:40.830,0.02605545,0.6472515,0.3395283
2569-08-21 12:24:40.839,0.02605545,0.6472515,0.3395283
2569-08-21 12:24:40.841,0.02605545,0.6472515,0.3395283
2569-08-21 12:24:40.841,0.02605545,0.6472515,0.3395283
2569-08-21 12:24:40.849,0.02605545,0.6472515,0.3395283
2569-08-21 12:24:40.849,0.02605545,0.6472515,0.3395283
2569-08-21 12:24:40.858,0.02605545,0.6472515,0.3395283
2569-08-21 12:24:40.865,0.02605545,0.6472515,0.3395283
2569-08-21 12:24:40.865,0.02605545,0.6472515,0.3395283
2569-08-21 12:24:40.867,0.02605545,0.6472515,0.3395283
2569-08-21 12:24:40.867,0.02605545,0.6472515,0.3395283
2569-08-21 12:24:40.871,0.02605545,0.6472515,0.3395283
2569-08-21 12:24:40.871,0.02605545,0.6472515,0.3395283
2569-08-21 12:24:40.873,0.02605545,0.6472515,0.3395283
2569-08-21 12:24:40.873,0.02605545,0.6472515,0.3395283
2569-08-21 12:24:40.873,0.02605545,0.6472515,0.3395283
2569-08-21 12:24:40.876,0.02605545,0.6472515,0.3395283
2569-08-21 12:24:40.876,0.02605545,0.6472515,0.3395283
2569-08-21 12:24:40.885,0.02605545,0.6472515,0.3395283
2569-08-21 12:24:40.886,0.02605545,0.6472515,0.3395283
2569-08-21 12:24:40.888,0.02605545,0.6472515,0.3395283
2569-08-21 12:24:40.888,0.02605545,0.6472515,0.3395283
2569-08-21 12:24:40.891,0.02605545,0.6472515,0.3395283
2569-08-21 12:24:40.891,0.02605545,0.6472515,0.3395283
2569-08-21 12:24:40.893,0.02605545,0.6472515,0.3395283
2569-08-21 12:24:40.893,0.02605545,0.6472515,0.3395283
2569-08-21 12:24:40.893,0.02605545,0.6472515,0.3395283
2569-08-21 12:24:40.896,0.02605545,0.6472515,0.3395283
2569-08-21 12:24:40.896,0.02605545,0.6472515,0.3395283
2569-08-21 12:24:40.910,0.02605545,0.6472515,0.3395283
2569-08-21 12:24:40.910,0.02605545,0.6472515,0.3395283
2569-08-21 12:24:40.913,0.02605545,0.6472515,0.3395283
2569-08-21 12:24:40.913,0.02605545,0.6472515,0.3395283
2569-08-21 12:24:40.913,0.02605545,0.6472515,0.3395283
2569-08-21 12:24:40.916,0.02605545,0.6472515,0.3395283
2569-08-21 12:24:40.916,0.02605545,0.6472515,0.3395283
2569-08-21 12:24:40.920,0.02605545,0.6472515,0.3395283
2569-08-21 12:24:40.920,0.02605545,0.6472515,0.3395283
2569-08-21 12:24:40.931,0.02605545,0.6472515,0.3395283
2569-08-21 12:24:40.931,0.02605545,0.6472515,0.3395283
2569-08-21 12:24:40.933,0.02605545,0.6472515,0.3395283
2569-08-21 12:24:40.933,0.02605545,0.6472515,0.3395283
2569-08-21 12:24:40.933,0.02605545,0.6472515,0.3395283
2569-08-21 12:24:40.935,0.02605545,0.6472515,0.3395283
2569-08-21 12:24:40.935,0.02605545,0.6472515,0.3395283
2569-08-21 12:24:40.939,0.02605545,0.6472515,0.3395283
2569-08-21 12:24:40.939,0.02605545,0.6472515,0.3395283
2569-08-21 12:24:40.941,0.02605545,0.6472515,0.3395283
2569-08-21 12:24:40.941,0.02605545,0.6472515,0.3395283
2569-08-21 12:24:40.955,0.02605545,0.6472515,0.3395283
2569-08-21 12:24:40.955,0.02605545,0.6472515,0.3395283
2569-08-21 12:24:40.958,0.02605545,0.6472515,0.3395283
2569-08-21 12:24:40.958,0.02605545,0.6472515,0.3395283
2569-08-21 12:24:40.958,0.02605545,0.6472515,0.3395283
2569-08-21 12:24:40.961,0.02605545,0.6472515,0.3395283
2569-08-21 12:24:40.961,0.02605545,0.6472515,0.3395283
2569-08-21 12:24:40.963,0.02605545,0.6472515,0.3395283
2569-08-21 12:24:40.963,0.02605545,0.6472515,0.3395283
2569-08-21 12:24:40.964,0.02605545,0.6472515,0.3395283
2569-08-21 12:24:40.966,0.02605545,0.6472515,0.3395283
2569-08-21 12:24:40.975,0.02605545,0.6472515,0.3395283
2569-08-21 12:24:40.975,0.02605545,0.6472515,0.3395283
2569-08-21 12:24:40.978,0.02605545,0.6472515,0.3395283
2569-08-21 12:24:40.979,0.02605545,0.6472515,0.3395283
2569-08-21 12:24:40.979,0.02605545,0.6472515,0.3395283
2569-08-21 12:24:40.981,0.02605545,0.6472515,0.3395283
2569-08-21 12:24:40.981,0.02605545,0.6472515,0.3395283
2569-08-21 12:24:40.983,0.02605545,0.6472515,0.3395283
2569-08-21 12:24:40.983,0.02605545,0.6472515,0.3395283
2569-08-21 12:24:40.986,0.02605545,0.6472515,0.3395283
2569-08-21 12:24:40.986,0.02605545,0.6472515,0.3395283
2569-08-21 12:24:41.000,0.02605545,0.6472515,0.3395283
2569-08-21 12:24:41.001,0.02605545,0.6472515,0.3395283
2569-08-21 12:24:41.003,0.02605545,0.6472515,0.3395283
2569-08-21 12:24:41.003,0.02605545,0.6472515,0.3395283
2569-08-21 12:24:41.003,0.02605545,0.6472515,0.3395283
2569-08-21 12:24:41.020,0.02605545,0.6472515,0.3395283
2569-08-21 12:24:41.020,0.02605545,0.6472515,0.3395283
2569-08-21 12:24:41.023,0.02605545,0.6472515,0.3395283
2569-08-21 12:24:41.023,0.02605545,0.6472515,0.3395283
2569-08-21 12:24:41.023,0.02605545,0.6472515,0.3395283
2569-08-21 12:24:41.026,0.02605545,0.6472515,0.3395283
2569-08-21 12:24:41.026,0.02605545,0.6472515,0.3395283
2569-08-21 12:24:41.028,0.02605545,0.6472515,0.3395283
2569-08-21 12:24:41.028,0.02605545,0.6472515,0.3395283
2569-08-21 12:24:41.030,0.02605545,0.6472515,0.3395283
2569-08-21 12:24:41.030,0.02605545,0.6472515,0.3395283
2569-08-21 12:24:41.045,0.02605545,0.6472515,0.3395283
2569-08-21 12:24:41.045,0.02605545,0.6472515,0.3395283
2569-08-21 12:24:41.048,0.02605545,0.6472515,0.3395283
2569-08-21 12:24:41.048,0.02605545,0.6472515,0.3395283
2569-08-21 12:24:41.048,0.02605545,0.6472515,0.3395283
2569-08-21 12:24:41.051,0.02605545,0.6472515,0.3395283
2569-08-21 12:24:41.051,0.02605545,0.6472515,0.3395283
2569-08-21 12:24:41.053,0.02605545,0.6472515,0.3395283
2569-08-21 12:24:41.066,0.02605545,0.6472515,0.3395283
2569-08-21 12:24:41.066,0.02605545,0.6472515,0.3395283
2569-08-21 12:24:41.070,0.02605545,0.6472515,0.3395283
2569-08-21 12:24:41.070,0.02605545,0.6472515,0.3395283
2569-08-21 12:24:41.073,0.02605545,0.6472515,0.3395283
2569-08-21 12:24:41.073,0.02605545,0.6472515,0.3395283
2569-08-21 12:24:41.075,0.02605545,0.6472515,0.3395283
2569-08-21 12:24:41.075,0.02605545,0.6472515,0.3395283
2569-08-21 12:24:41.075,0.02605545,0.6472515,0.3395283
2569-08-21 12:24:41.077,0.02605545,0.6472515,0.3395283
2569-08-21 12:24:41.077,0.02605545,0.6472515,0.3395283
2569-08-21 12:24:41.086,0.02605545,0.6472515,0.3395283
2569-08-21 12:24:41.086,0.02605545,0.6472515,0.3395283
2569-08-21 12:24:41.089,0.02605545,0.6472515,0.3395283
2569-08-21 12:24:41.089,0.02605545,0.6472515,0.3395283
2569-08-21 12:24:41.091,0.02605545,0.6472515,0.3395283
2569-08-21 12:24:41.091,0.02605545,0.6472515,0.3395283
2569-08-21 12:24:41.094,0.02605545,0.6472515,0.3395283
2569-08-21 12:24:41.094,0.02605545,0.6472515,0.3395283
2569-08-21 12:24:41.094,0.02605545,0.6472515,0.3395283
2569-08-21 12:24:41.096,0.02605545,0.6472515,0.3395283
2569-08-21 12:24:41.097,0.02605545,0.6472515,0.3395283
2569-08-21 12:24:41.111,0.02605545,0.6472515,0.3395283
2569-08-21 12:24:41.111,0.02605545,0.6472515,0.3395283
2569-08-21 12:24:41.114,0.02605545,0.6472515,0.3395283
2569-08-21 12:24:41.114,0.02605545,0.6472515,0.3395283
2569-08-21 12:24:41.114,0.02605545,0.6472515,0.3395283
2569-08-21 12:24:41.116,0.02605545,0.6472515,0.3395283
2569-08-21 12:24:41.117,0.02605545,0.6472515,0.3395283
2569-08-21 12:24:41.120,0.02605545,0.6472515,0.3395283
2569-08-21 12:24:41.120,0.02605545,0.6472515,0.3395283
2569-08-21 12:24:41.122,0.02605545,0.6472515,0.3395283
2569-08-21 12:24:41.122,0.02605545,0.6472515,0.3395283
2569-08-21 12:24:41.131,0.02605545,0.6472515,0.3395283
2569-08-21 12:24:41.131,0.02605545,0.6472515,0.3395283
2569-08-21 12:24:41.134,0.02605545,0.6472515,0.3395283
2569-08-21 12:24:41.134,0.02605545,0.6472515,0.3395283
2569-08-21 12:24:41.134,0.02605545,0.6472515,0.3395283
2569-08-21 12:24:41.137,0.02605545,0.6472515,0.3395283
2569-08-21 12:24:41.137,0.02605545,0.6472515,0.3395283
2569-08-21 12:24:41.139,0.02605545,0.6472515,0.3395283
2569-08-21 12:24:41.139,0.02605545,0.6472515,0.3395283
2569-08-21 12:24:41.142,0.02605545,0.6472515,0.3395283
2569-08-21 12:24:41.142,0.02605545,0.6472515,0.3395283
2569-08-21 12:24:41.156,0.02605545,0.6472515,0.3395283
2569-08-21 12:24:41.156,0.02605545,0.6472515,0.3395283
2569-08-21 12:24:41.159,0.02605545,0.6472515,0.3395283
2569-08-21 12:24:41.159,0.02605545,0.6472515,0.3395283
2569-08-21 12:24:41.159,0.02605545,0.6472515,0.3395283
2569-08-21 12:24:41.161,0.02605545,0.6472515,0.3395283
2569-08-21 12:24:41.161,0.02605545,0.6472515,0.3395283
2569-08-21 12:24:41.164,0.02605545,0.6472515,0.3395283
2569-08-21 12:24:41.164,0.02605545,0.6472515,0.3395283
2569-08-21 12:24:41.166,0.02605545,0.6472515,0.3395283
2569-08-21 12:24:41.166,0.02605545,0.6472515,0.3395283
2569-08-21 12:24:41.176,0.02605545,0.6472515,0.3395283
2569-08-21 12:24:41.176,0.02605545,0.6472515,0.3395283
2569-08-21 12:24:41.179,0.02605545,0.6472515,0.3395283
2569-08-21 12:24:41.179,0.02605545,0.6472515,0.3395283
2569-08-21 12:24:41.179,0.02605545,0.6472515,0.3395283
2569-08-21 12:24:41.182,0.02605545,0.6472515,0.3395283
2569-08-21 12:24:41.182,0.02605545,0.6472515,0.3395283
2569-08-21 12:24:41.184,0.02605545,0.6472515,0.3395283
2569-08-21 12:24:41.184,0.02605545,0.6472515,0.3395283
2569-08-21 12:24:41.186,0.02605545,0.6472515,0.3395283
2569-08-21 12:24:41.186,0.02605545,0.6472515,0.3395283
2569-08-21 12:24:41.201,0.02605545,0.6472515,0.3395283
2569-08-21 12:24:41.201,0.02605545,0.6472515,0.3395283
2569-08-21 12:24:41.203,0.02605545,0.6472515,0.3395283
2569-08-21 12:24:41.203,0.02605545,0.6472515,0.3395283
2569-08-21 12:24:41.203,0.02605545,0.6472515,0.3395283
2569-08-21 12:24:41.207,0.02605545,0.6472515,0.3395283
2569-08-21 12:24:41.207,0.02605545,0.6472515,0.3395283
2569-08-21 12:24:41.209,0.02605545,0.6472515,0.3395283
2569-08-21 12:24:41.209,0.02605545,0.6472515,0.3395283
2569-08-21 12:24:41.212,0.02605545,0.6472515,0.3395283
2569-08-21 12:24:41.212,0.02605545,0.6472515,0.3395283
2569-08-21 12:24:41.214,0.02605545,0.6472515,0.3395283
2569-08-21 12:24:41.221,0.02605545,0.6472515,0.3395283
2569-08-21 12:24:41.221,0.02605545,0.6472515,0.3395283
2569-08-21 12:24:41.224,0.02605545,0.6472515,0.3395283
2569-08-21 12:24:41.224,0.02605545,0.6472515,0.3395283
2569-08-21 12:24:41.227,0.02605545,0.6472515,0.3395283
2569-08-21 12:24:41.227,0.02605545,0.6472515,0.3395283
2569-08-21 12:24:41.229,0.02605545,0.6472515,0.3395283
2569-08-21 12:24:41.229,0.02605545,0.6472515,0.3395283
2569-08-21 12:24:41.232,0.02605545,0.6472515,0.3395283
2569-08-21 12:24:41.232,0.02605545,0.6472515,0.3395283
2569-08-21 12:24:41.234,0.02605545,0.6472515,0.3395283
2569-08-21 12:24:41.245,0.02605545,0.6472515,0.3395283
2569-08-21 12:24:41.245,0.02605545,0.6472515,0.3395283
2569-08-21 12:24:41.248,0.02605545,0.6472515,0.3395283
2569-08-21 12:24:41.248,0.02605545,0.6472515,0.3395283
2569-08-21 12:24:41.251,0.02605545,0.6472515,0.3395283
2569-08-21 12:24:41.251,0.02605545,0.6472515,0.3395283
2569-08-21 12:24:41.253,0.02605545,0.6472515,0.3395283
2569-08-21 12:24:41.267,0.02605545,0.6472515,0.3395283
2569-08-21 12:24:41.267,0.02605545,0.6472515,0.3395283
2569-08-21 12:24:41.269,0.02605545,0.6472515,0.3395283
2569-08-21 12:24:41.269,0.02605545,0.6472515,0.3395283
2569-08-21 12:24:41.272,0.02605545,0.6472515,0.3395283
2569-08-21 12:24:41.272,0.02605545,0.6472515,0.3395283
2569-08-21 12:24:41.274,0.02605545,0.6472515,0.3395283
2569-08-21 12:24:41.274,0.02605545,0.6472515,0.3395283
2569-08-21 12:24:41.274,0.02605545,0.6472515,0.3395283
2569-08-21 12:24:41.277,0.02605545,0.6472515,0.3395283
2569-08-21 12:24:41.277,0.02605545,0.6472515,0.3395283
2569-08-21 12:24:41.287,0.02605545,0.6472515,0.3395283
2569-08-21 12:24:41.287,0.02605545,0.6472515,0.3395283
2569-08-21 12:24:41.290,0.02605545,0.6472515,0.3395283
2569-08-21 12:24:41.290,0.02605545,0.6472515,0.3395283
2569-08-21 12:24:41.292,0.02605545,0.6472515,0.3395283
2569-08-21 12:24:41.292,0.02605545,0.6472515,0.3395283
2569-08-21 12:24:41.294,0.02605545,0.6472515,0.3395283
2569-08-21 12:24:41.294,0.02605545,0.6472515,0.3395283
2569-08-21 12:24:41.294,0.02605545,0.6472515,0.3395283
2569-08-21 12:24:41.297,0.02605545,0.6472515,0.3395283
2569-08-21 12:24:41.297,0.02605545,0.6472515,0.3395283
2569-08-21 12:24:41.311,0.02605545,0.6472515,0.3395283
2569-08-21 12:24:41.311,0.02605545,0.6472515,0.3395283
2569-08-21 12:24:41.315,0.02605545,0.6472515,0.3395283
2569-08-21 12:24:41.315,0.02605545,0.6472515,0.3395283
2569-08-21 12:24:41.315,0.02605545,0.6472515,0.3395283
2569-08-21 12:24:41.317,0.02605545,0.6472515,0.3395283
2569-08-21 12:24:41.317,0.02605545,0.6472515,0.3395283
2569-08-21 12:24:41.320,0.02605545,0.6472515,0.3395283
2569-08-21 12:24:41.320,0.02605545,0.6472515,0.3395283
2569-08-21 12:24:41.321,0.02605545,0.6472515,0.3395283
2569-08-21 12:24:41.321,0.02605545,0.6472515,0.3395283
2569-08-21 12:24:41.331,0.02605545,0.6472515,0.3395283
2569-08-21 12:24:41.331,0.02605545,0.6472515,0.3395283
2569-08-21 12:24:41.334,0.02605545,0.6472515,0.3395283
2569-08-21 12:24:41.335,0.02615611,0.6482681,0.339821
2569-08-21 12:24:41.335,0.02615611,0.6482681,0.339821
2569-08-21 12:24:41.337,0.02617933,0.6485026,0.3398885
2569-08-21 12:24:41.337,0.02617933,0.6485026,0.3398885
2569-08-21 12:24:41.340,0.02620316,0.6487432,0.3399578
2569-08-21 12:24:41.340,0.02620316,0.6487432,0.3399578
2569-08-21 12:24:41.342,0.0262248,0.6489618,0.3400207
2569-08-21 12:24:41.342,0.0262248,0.6489618,0.3400207
2569-08-21 12:24:41.356,0.02624651,0.6491809,0.3400838
2569-08-21 12:24:41.356,0.02624651,0.6491809,0.3400838
2569-08-21 12:24:41.360,0.02624651,0.6491809,0.3400838
2569-08-21 12:24:41.360,0.02639449,0.6506754,0.3405141
2569-08-21 12:24:41.360,0.02639449,0.6506754,0.3405141
2569-08-21 12:24:41.377,0.02649781,0.6517187,0.3408144
2569-08-21 12:24:41.377,0.02649781,0.6517187,0.3408144
2569-08-21 12:24:41.386,0.02649781,0.6517187,0.3408144
2569-08-21 12:24:41.387,0.02664718,0.6532272,0.3412488
2569-08-21 12:24:41.387,0.02664718,0.6532272,0.3412488
2569-08-21 12:24:41.396,0.02664718,0.6532272,0.3412488
2569-08-21 12:24:41.402,0.0267463,0.6542281,0.3415369
2569-08-21 12:24:41.402,0.0267463,0.6542281,0.3415369
2569-08-21 12:24:41.411,0.02687804,0.6555585,0.3419199
2569-08-21 12:24:41.411,0.02687804,0.6555585,0.3419199
2569-08-21 12:24:41.420,0.02687804,0.6555585,0.3419199
2569-08-21 12:24:41.422,0.02696239,0.6564103,0.3421651
2569-08-21 12:24:41.422,0.02696239,0.6564103,0.3421651
2569-08-21 12:24:41.425,0.02701283,0.6569196,0.3423118
2569-08-21 12:24:41.425,0.02701283,0.6569196,0.3423118
2569-08-21 12:24:41.434,0.02701283,0.6569196,0.3423118
2569-08-21 12:24:41.447,0.02709871,0.6577869,0.3425615
2569-08-21 12:24:41.447,0.02709871,0.6577869,0.3425615
2569-08-21 12:24:41.450,0.0272469,0.6592835,0.3429924
2569-08-21 12:24:41.450,0.0272469,0.6592835,0.3429924
2569-08-21 12:24:41.459,0.0272469,0.6592835,0.3429924
2569-08-21 12:24:41.467,0.02733023,0.6601249,0.3432346
2569-08-21 12:24:41.467,0.02733023,0.6601249,0.3432346
2569-08-21 12:24:41.470,0.02744054,0.6612389,0.3435553
2569-08-21 12:24:41.470,0.02744054,0.6612389,0.3435553
2569-08-21 12:24:41.480,0.02744054,0.6612389,0.3435553
2569-08-21 12:24:41.491,0.02744054,0.6612389,0.3435553
2569-08-21 12:24:41.491,0.02744054,0.6612389,0.3435553
2569-08-21 12:24:41.501,0.02744054,0.6612389,0.3435553
2569-08-21 12:24:41.512,0.02744054,0.6612389,0.3435553
2569-08-21 12:24:41.512,0.02744054,0.6612389,0.3435553
2569-08-21 12:24:41.521,0.02744054,0.6612389,0.3435553
2569-08-21 12:24:41.521,0.02744054,0.6612389,0.3435553
2569-08-21 12:24:41.521,0.02744054,0.6612389,0.3435553
2569-08-21 12:24:41.524,0.02744054,0.6612389,0.3435553
2569-08-21 12:24:41.524,0.02744054,0.6612389,0.3435553
2569-08-21 12:24:41.533,0.02744054,0.6612389,0.3435553
2569-08-21 12:24:41.533,0.02744054,0.6612389,0.3435553
2569-08-21 12:24:41.536,0.02744054,0.6612389,0.3435553
2569-08-21 12:24:41.536,0.02744054,0.6612389,0.3435553
2569-08-21 12:24:41.536,0.02744054,0.6612389,0.3435553
2569-08-21 12:24:41.538,0.02744054,0.6612389,0.3435553
2569-08-21 12:24:41.538,0.02744054,0.6612389,0.3435553
2569-08-21 12:24:41.541,0.02744054,0.6612389,0.3435553
2569-08-21 12:24:41.541,0.02744054,0.6612389,0.3435553
2569-08-21 12:24:41.543,0.02744054,0.6612389,0.3435553
2569-08-21 12:24:41.543,0.02744054,0.6612389,0.3435553
2569-08-21 12:24:41.557,0.02744054,0.6612389,0.3435553
2569-08-21 12:24:41.557,0.02744054,0.6612389,0.3435553
2569-08-21 12:24:41.560,0.02744054,0.6612389,0.3435553
2569-08-21 12:24:41.560,0.02744054,0.6612389,0.3435553
2569-08-21 12:24:41.560,0.02744054,0.6612389,0.3435553
2569-08-21 12:24:41.562,0.02744054,0.6612389,0.3435553
2569-08-21 12:24:41.562,0.02744054,0.6612389,0.3435553
2569-08-21 12:24:41.566,0.02744054,0.6612389,0.3435553
2569-08-21 12:24:41.566,0.02744054,0.6612389,0.3435553
2569-08-21 12:24:41.567,0.02744054,0.6612389,0.3435553
2569-08-21 12:24:41.567,0.02744054,0.6612389,0.3435553
2569-08-21 12:24:41.578,0.02744054,0.6612389,0.3435553
2569-08-21 12:24:41.578,0.02744054,0.6612389,0.3435553
2569-08-21 12:24:41.580,0.02744054,0.6612389,0.3435553
2569-08-21 12:24:41.581,0.02744054,0.6612389,0.3435553
2569-08-21 12:24:41.581,0.02744054,0.6612389,0.3435553
2569-08-21 12:24:41.583,0.02744054,0.6612389,0.3435553
2569-08-21 12:24:41.583,0.02744054,0.6612389,0.3435553
2569-08-21 12:24:41.585,0.02746273,0.6614629,0.3436199
2569-08-21 12:24:41.585,0.02746273,0.6614629,0.3436199
2569-08-21 12:24:41.587,0.02748443,0.661682,0.3436829
2569-08-21 12:24:41.587,0.02748443,0.661682,0.3436829
2569-08-21 12:24:41.602,0.02750763,0.6619163,0.3437504
2569-08-21 12:24:41.602,0.02750763,0.6619163,0.3437504
2569-08-21 12:24:41.605,0.02750763,0.6619163,0.3437504
2569-08-21 12:24:41.605,0.027654,0.6633945,0.3441759
2569-08-21 12:24:41.605,0.027654,0.6633945,0.3441759
2569-08-21 12:24:41.617,0.027654,0.6633945,0.3441759
2569-08-21 12:24:41.622,0.02776063,0.6644713,0.344486
2569-08-21 12:24:41.622,0.02776063,0.6644713,0.344486
2569-08-21 12:24:41.633,0.0279058,0.6659373,0.344908
2569-08-21 12:24:41.633,0.0279058,0.6659373,0.344908
2569-08-21 12:24:41.641,0.0279058,0.6659373,0.344908
2569-08-21 12:24:41.647,0.02799283,0.6668162,0.3451611
2569-08-21 12:24:41.647,0.02799283,0.6668162,0.3451611
2569-08-21 12:24:41.651,0.02808018,0.6676983,0.345415
2569-08-21 12:24:41.651,0.02808018,0.6676983,0.345415
2569-08-21 12:24:41.659,0.02808018,0.6676983,0.345415
2569-08-21 12:24:41.668,0.02816443,0.668549,0.34566
2569-08-21 12:24:41.668,0.02816443,0.668549,0.34566
2569-08-21 12:24:41.671,0.02827684,0.6696843,0.3459868
2569-08-21 12:24:41.671,0.02827684,0.6696843,0.3459868
2569-08-21 12:24:41.681,0.02827684,0.6696843,0.3459868
2569-08-21 12:24:41.692,0.02827684,0.6696843,0.3459868
2569-08-21 12:24:41.692,0.02827684,0.6696843,0.3459868
2569-08-21 12:24:41.702,0.02827684,0.6696843,0.3459868
2569-08-21 12:24:41.703,0.02827684,0.6696843,0.3459868
2569-08-21 12:24:41.703,0.02827684,0.6696843,0.3459868
2569-08-21 12:24:41.713,0.02827684,0.6696843,0.3459868
2569-08-21 12:24:41.713,0.02827684,0.6696843,0.3459868
2569-08-21 12:24:41.715,0.02827684,0.6696843,0.3459868
2569-08-21 12:24:41.715,0.02827684,0.6696843,0.3459868
2569-08-21 12:24:41.715,0.02827684,0.6696843,0.3459868
2569-08-21 12:24:41.717,0.02827684,0.6696843,0.3459868
2569-08-21 12:24:41.717,0.02827684,0.6696843,0.3459868
2569-08-21 12:24:41.720,0.02827684,0.6696843,0.3459868
2569-08-21 12:24:41.720,0.02827684,0.6696843,0.3459868
2569-08-21 12:24:41.723,0.02827684,0.6696843,0.3459868
2569-08-21 12:24:41.723,0.02827684,0.6696843,0.3459868
2569-08-21 12:24:41.737,0.02827684,0.6696843,0.3459868
2569-08-21 12:24:41.737,0.02827684,0.6696843,0.3459868
2569-08-21 12:24:41.741,0.02827684,0.6696843,0.3459868
2569-08-21 12:24:41.741,0.02827684,0.6696843,0.3459868
2569-08-21 12:24:41.741,0.02827684,0.6696843,0.3459868
2569-08-21 12:24:41.743,0.02827684,0.6696843,0.3459868
2569-08-21 12:24:41.743,0.02827684,0.6696843,0.3459868
2569-08-21 12:24:41.757,0.02827684,0.6696843,0.3459868
2569-08-21 12:24:41.757,0.02827684,0.6696843,0.3459868
2569-08-21 12:24:41.760,0.02827684,0.6696843,0.3459868
2569-08-21 12:24:41.760,0.02827684,0.6696843,0.3459868
2569-08-21 12:24:41.760,0.02827684,0.6696843,0.3459868
2569-08-21 12:24:41.764,0.02827684,0.6696843,0.3459868
2569-08-21 12:24:41.764,0.02827684,0.6696843,0.3459868
2569-08-21 12:24:41.765,0.02827684,0.6696843,0.3459868
2569-08-21 12:24:41.765,0.02827684,0.6696843,0.3459868
2569-08-21 12:24:41.767,0.02827684,0.6696843,0.3459868
2569-08-21 12:24:41.767,0.02827684,0.6696843,0.3459868
2569-08-21 12:24:41.779,0.02827684,0.6696843,0.3459868
2569-08-21 12:24:41.779,0.02827684,0.6696843,0.3459868
2569-08-21 12:24:41.782,0.02827684,0.6696843,0.3459868
2569-08-21 12:24:41.782,0.02827684,0.6696843,0.3459868
2569-08-21 12:24:41.782,0.02827684,0.6696843,0.3459868
2569-08-21 12:24:41.784,0.02827684,0.6696843,0.3459868
2569-08-21 12:24:41.784,0.02827684,0.6696843,0.3459868
2569-08-21 12:24:41.794,0.02827684,0.6696843,0.3459868
2569-08-21 12:24:41.803,0.02827684,0.6696843,0.3459868
2569-08-21 12:24:41.803,0.02827684,0.6696843,0.3459868
2569-08-21 12:24:41.806,0.02827684,0.6696843,0.3459868
2569-08-21 12:24:41.806,0.02827684,0.6696843,0.3459868
2569-08-21 12:24:41.809,0.02827684,0.6696843,0.3459868
2569-08-21 12:24:41.809,0.02827684,0.6696843,0.3459868
2569-08-21 12:24:41.811,0.02827684,0.6696843,0.3459868
2569-08-21 12:24:41.811,0.02827684,0.6696843,0.3459868
2569-08-21 12:24:41.814,0.02827684,0.6696843,0.3459868
2569-08-21 12:24:41.814,0.02827684,0.6696843,0.3459868
2569-08-21 12:24:41.814,0.02827684,0.6696843,0.3459868
2569-08-21 12:24:41.824,0.02827684,0.6696843,0.3459868
2569-08-21 12:24:41.824,0.02827684,0.6696843,0.3459868
2569-08-21 12:24:41.826,0.02827684,0.6696843,0.3459868
2569-08-21 12:24:41.826,0.02827684,0.6696843,0.3459868
2569-08-21 12:24:41.830,0.02827684,0.6696843,0.3459868
2569-08-21 12:24:41.830,0.02827684,0.6696843,0.3459868
2569-08-21 12:24:41.832,0.02827684,0.6696843,0.3459868
2569-08-21 12:24:41.832,0.02827684,0.6696843,0.3459868
2569-08-21 12:24:41.834,0.02827684,0.6696843,0.3459868
2569-08-21 12:24:41.834,0.02827684,0.6696843,0.3459868
2569-08-21 12:24:41.834,0.02827684,0.6696843,0.3459868
2569-08-21 12:24:41.848,0.02827684,0.6696843,0.3459868
2569-08-21 12:24:41.848,0.02827684,0.6696843,0.3459868
2569-08-21 12:24:41.851,0.02827684,0.6696843,0.3459868
2569-08-21 12:24:41.851,0.02827684,0.6696843,0.3459868
2569-08-21 12:24:41.854,0.02827684,0.6696843,0.3459868
2569-08-21 12:24:41.854,0.02827684,0.6696843,0.3459868
2569-08-21 12:24:41.854,0.02827684,0.6696843,0.3459868
2569-08-21 12:24:41.856,0.02827684,0.6696843,0.3459868
2569-08-21 12:24:41.856,0.02827684,0.6696843,0.3459868
2569-08-21 12:24:41.859,0.02827684,0.6696843,0.3459868
2569-08-21 12:24:41.859,0.02827684,0.6696843,0.3459868
2569-08-21 12:24:41.868,0.02827684,0.6696843,0.3459868
2569-08-21 12:24:41.868,0.02827684,0.6696843,0.3459868
2569-08-21 12:24:41.871,0.02827684,0.6696843,0.3459868
2569-08-21 12:24:41.871,0.02827684,0.6696843,0.3459868
2569-08-21 12:24:41.873,0.02827684,0.6696843,0.3459868
2569-08-21 12:24:41.874,0.02827684,0.6696843,0.3459868
2569-08-21 12:24:41.874,0.02827684,0.6696843,0.3459868
2569-08-21 12:24:41.876,0.02827684,0.6696843,0.3459868
2569-08-21 12:24:41.876,0.02827684,0.6696843,0.3459868
2569-08-21 12:24:41.879,0.02827684,0.6696843,0.3459868
2569-08-21 12:24:41.879,0.02827684,0.6696843,0.3459868
2569-08-21 12:24:41.893,0.02827684,0.6696843,0.3459868
2569-08-21 12:24:41.893,0.02827684,0.6696843,0.3459868
2569-08-21 12:24:41.896,0.02827684,0.6696843,0.3459868
2569-08-21 12:24:41.896,0.02827684,0.6696843,0.3459868
2569-08-21 12:24:41.896,0.02827684,0.6696843,0.3459868
2569-08-21 12:24:41.899,0.02827684,0.6696843,0.3459868
2569-08-21 12:24:41.899,0.02827684,0.6696843,0.3459868
2569-08-21 12:24:41.901,0.02827684,0.6696843,0.3459868
2569-08-21 12:24:41.901,0.02827684,0.6696843,0.3459868
2569-08-21 12:24:41.903,0.02827684,0.6696843,0.3459868
2569-08-21 12:24:41.903,0.02827684,0.6696843,0.3459868
2569-08-21 12:24:41.905,0.02827684,0.6696843,0.3459868
2569-08-21 12:24:41.905,0.02827684,0.6696843,0.3459868
2569-08-21 12:24:41.913,0.02827684,0.6696843,0.3459868
2569-08-21 12:24:41.913,0.02827684,0.6696843,0.3459868
2569-08-21 12:24:41.915,0.02827684,0.6696843,0.3459868
2569-08-21 12:24:41.917,0.02827684,0.6696843,0.3459868
2569-08-21 12:24:41.917,0.02827684,0.6696843,0.3459868
2569-08-21 12:24:41.919,0.02827684,0.6696843,0.3459868
2569-08-21 12:24:41.919,0.02827684,0.6696843,0.3459868
2569-08-21 12:24:41.922,0.02827684,0.6696843,0.3459868
2569-08-21 12:24:41.922,0.02827684,0.6696843,0.3459868
2569-08-21 12:24:41.924,0.02827684,0.6696843,0.3459868
2569-08-21 12:24:41.924,0.02827684,0.6696843,0.3459868
2569-08-21 12:24:41.938,0.02827684,0.6696843,0.3459868
2569-08-21 12:24:41.938,0.02827684,0.6696843,0.3459868
2569-08-21 12:24:41.941,0.02827684,0.6696843,0.3459868
2569-08-21 12:24:41.941,0.02827684,0.6696843,0.3459868
2569-08-21 12:24:41.941,0.02827684,0.6696843,0.3459868
2569-08-21 12:24:41.944,0.02827684,0.6696843,0.3459868
2569-08-21 12:24:41.944,0.02827684,0.6696843,0.3459868
2569-08-21 12:24:41.946,0.02827684,0.6696843,0.3459868
2569-08-21 12:24:41.946,0.02827684,0.6696843,0.3459868
2569-08-21 12:24:41.949,0.02827684,0.6696843,0.3459868
2569-08-21 12:24:41.949,0.02827684,0.6696843,0.3459868
2569-08-21 12:24:41.959,0.02827684,0.6696843,0.3459868
2569-08-21 12:24:41.959,0.02827684,0.6696843,0.3459868
2569-08-21 12:24:41.962,0.02827684,0.6696843,0.3459868
2569-08-21 12:24:41.962,0.02827684,0.6696843,0.3459868
2569-08-21 12:24:41.962,0.02827684,0.6696843,0.3459868
2569-08-21 12:24:41.964,0.02827684,0.6696843,0.3459868
2569-08-21 12:24:41.964,0.02827684,0.6696843,0.3459868
2569-08-21 12:24:41.966,0.02827684,0.6696843,0.3459868
2569-08-21 12:24:41.966,0.02827684,0.6696843,0.3459868
2569-08-21 12:24:41.969,0.02827684,0.6696843,0.3459868
2569-08-21 12:24:41.969,0.02827684,0.6696843,0.3459868
2569-08-21 12:24:41.983,0.02827684,0.6696843,0.3459868
2569-08-21 12:24:41.983,0.02827684,0.6696843,0.3459868
2569-08-21 12:24:41.986,0.02827684,0.6696843,0.3459868
2569-08-21 12:24:41.987,0.02827684,0.6696843,0.3459868
2569-08-21 12:24:41.987,0.02827684,0.6696843,0.3459868
2569-08-21 12:24:41.989,0.02827684,0.6696843,0.3459868
2569-08-21 12:24:41.989,0.02827684,0.6696843,0.3459868
2569-08-21 12:24:42.004,0.02827684,0.6696843,0.3459868
2569-08-21 12:24:42.004,0.02827684,0.6696843,0.3459868
2569-08-21 12:24:42.007,0.02827684,0.6696843,0.3459868
2569-08-21 12:24:42.007,0.02827684,0.6696843,0.3459868
2569-08-21 12:24:42.007,0.02827684,0.6696843,0.3459868
2569-08-21 12:24:42.009,0.02827684,0.6696843,0.3459868
2569-08-21 12:24:42.009,0.02827684,0.6696843,0.3459868
2569-08-21 12:24:42.012,0.02827684,0.6696843,0.3459868
2569-08-21 12:24:42.012,0.02827684,0.6696843,0.3459868
2569-08-21 12:24:42.014,0.02827684,0.6696843,0.3459868
2569-08-21 12:24:42.015,0.02827684,0.6696843,0.3459868
2569-08-21 12:24:42.015,0.02827684,0.6696843,0.3459868
2569-08-21 12:24:42.024,0.02827684,0.6696843,0.3459868
2569-08-21 12:24:42.024,0.02827684,0.6696843,0.3459868
2569-08-21 12:24:42.026,0.02827684,0.6696843,0.3459868
2569-08-21 12:24:42.027,0.02827684,0.6696843,0.3459868
2569-08-21 12:24:42.030,0.02827684,0.6696843,0.3459868
2569-08-21 12:24:42.030,0.02827684,0.6696843,0.3459868
2569-08-21 12:24:42.032,0.02827684,0.6696843,0.3459868
2569-08-21 12:24:42.032,0.02827684,0.6696843,0.3459868
2569-08-21 12:24:42.034,0.02827684,0.6696843,0.3459868
2569-08-21 12:24:42.034,0.02827684,0.6696843,0.3459868
2569-08-21 12:24:42.034,0.02827684,0.6696843,0.3459868
2569-08-21 12:24:42.049,0.02827684,0.6696843,0.3459868
2569-08-21 12:24:42.049,0.02827684,0.6696843,0.3459868
2569-08-21 12:24:42.051,0.02827684,0.6696843,0.3459868
2569-08-21 12:24:42.052,0.02827684,0.6696843,0.3459868
2569-08-21 12:24:42.054,0.02827684,0.6696843,0.3459868
2569-08-21 12:24:42.054,0.02827684,0.6696843,0.3459868
2569-08-21 12:24:42.054,0.02827684,0.6696843,0.3459868
2569-08-21 12:24:42.057,0.02827684,0.6696843,0.3459868
2569-08-21 12:24:42.057,0.02827684,0.6696843,0.3459868
2569-08-21 12:24:42.059,0.02827684,0.6696843,0.3459868
2569-08-21 12:24:42.059,0.02827684,0.6696843,0.3459868
2569-08-21 12:24:42.069,0.02827684,0.6696843,0.3459868
2569-08-21 12:24:42.069,0.02827684,0.6696843,0.3459868
2569-08-21 12:24:42.072,0.02827684,0.6696843,0.3459868
2569-08-21 12:24:42.072,0.02827684,0.6696843,0.3459868
2569-08-21 12:24:42.074,0.02827684,0.6696843,0.3459868
2569-08-21 12:24:42.074,0.02827684,0.6696843,0.3459868
2569-08-21 12:24:42.074,0.02827684,0.6696843,0.3459868
2569-08-21 12:24:42.077,0.02827684,0.6696843,0.3459868
2569-08-21 12:24:42.077,0.02827684,0.6696843,0.3459868
2569-08-21 12:24:42.080,0.02827684,0.6696843,0.3459868
2569-08-21 12:24:42.080,0.02827684,0.6696843,0.3459868
2569-08-21 12:24:42.094,0.02827684,0.6696843,0.3459868
2569-08-21 12:24:42.094,0.02827684,0.6696843,0.3459868
2569-08-21 12:24:42.097,0.02827684,0.6696843,0.3459868
2569-08-21 12:24:42.097,0.02827684,0.6696843,0.3459868
2569-08-21 12:24:42.097,0.02827684,0.6696843,0.3459868
2569-08-21 12:24:42.099,0.02827684,0.6696843,0.3459868
2569-08-21 12:24:42.099,0.02827684,0.6696843,0.3459868
2569-08-21 12:24:42.102,0.02827684,0.6696843,0.3459868
2569-08-21 12:24:42.102,0.02827684,0.6696843,0.3459868
2569-08-21 12:24:42.104,0.02827684,0.6696843,0.3459868
2569-08-21 12:24:42.104,0.02827684,0.6696843,0.3459868
2569-08-21 12:24:42.113,0.02827684,0.6696843,0.3459868
2569-08-21 12:24:42.113,0.02827684,0.6696843,0.3459868
2569-08-21 12:24:42.116,0.02827684,0.6696843,0.3459868
2569-08-21 12:24:42.116,0.02827684,0.6696843,0.3459868
2569-08-21 12:24:42.116,0.02827684,0.6696843,0.3459868
2569-08-21 12:24:42.118,0.02827684,0.6696843,0.3459868
2569-08-21 12:24:42.120,0.02827684,0.6696843,0.3459868
2569-08-21 12:24:42.122,0.02827684,0.6696843,0.3459868
2569-08-21 12:24:42.122,0.02827684,0.6696843,0.3459868
2569-08-21 12:24:42.125,0.02827684,0.6696843,0.3459868
2569-08-21 12:24:42.125,0.02827684,0.6696843,0.3459868
2569-08-21 12:24:42.139,0.02827684,0.6696843,0.3459868
2569-08-21 12:24:42.139,0.02827684,0.6696843,0.3459868
2569-08-21 12:24:42.141,0.02827684,0.6696843,0.3459868
2569-08-21 12:24:42.141,0.02827684,0.6696843,0.3459868
2569-08-21 12:24:42.141,0.02827684,0.6696843,0.3459868
2569-08-21 12:24:42.144,0.02827684,0.6696843,0.3459868
2569-08-21 12:24:42.144,0.02827684,0.6696843,0.3459868
2569-08-21 12:24:42.147,0.02827684,0.6696843,0.3459868
2569-08-21 12:24:42.147,0.02827684,0.6696843,0.3459868
2569-08-21 12:24:42.149,0.02827684,0.6696843,0.3459868
2569-08-21 12:24:42.149,0.02827684,0.6696843,0.3459868
2569-08-21 12:24:42.159,0.02827684,0.6696843,0.3459868
2569-08-21 12:24:42.159,0.02827684,0.6696843,0.3459868
2569-08-21 12:24:42.161,0.02827684,0.6696843,0.3459868
2569-08-21 12:24:42.162,0.02827684,0.6696843,0.3459868
2569-08-21 12:24:42.162,0.02827684,0.6696843,0.3459868
2569-08-21 12:24:42.164,0.02827684,0.6696843,0.3459868
2569-08-21 12:24:42.164,0.02827684,0.6696843,0.3459868
2569-08-21 12:24:42.166,0.02827684,0.6696843,0.3459868
2569-08-21 12:24:42.166,0.02827684,0.6696843,0.3459868
2569-08-21 12:24:42.169,0.02827684,0.6696843,0.3459868
2569-08-21 12:24:42.169,0.02827684,0.6696843,0.3459868
2569-08-21 12:24:42.184,0.02827684,0.6696843,0.3459868
2569-08-21 12:24:42.184,0.02827684,0.6696843,0.3459868
2569-08-21 12:24:42.186,0.02827684,0.6696843,0.3459868
2569-08-21 12:24:42.186,0.02827684,0.6696843,0.3459868
2569-08-21 12:24:42.186,0.02827684,0.6696843,0.3459868
2569-08-21 12:24:42.190,0.02827684,0.6696843,0.3459868
2569-08-21 12:24:42.190,0.02827684,0.6696843,0.3459868
2569-08-21 12:24:42.192,0.02827684,0.6696843,0.3459868
2569-08-21 12:24:42.192,0.02827684,0.6696843,0.3459868
2569-08-21 12:24:42.194,0.02827684,0.6696843,0.3459868
2569-08-21 12:24:42.194,0.02827684,0.6696843,0.3459868
2569-08-21 12:24:42.194,0.02827684,0.6696843,0.3459868
2569-08-21 12:24:42.205,0.02827684,0.6696843,0.3459868
2569-08-21 12:24:42.205,0.02827684,0.6696843,0.3459868
2569-08-21 12:24:42.207,0.02827684,0.6696843,0.3459868
2569-08-21 12:24:42.207,0.02827684,0.6696843,0.3459868
2569-08-21 12:24:42.210,0.02827684,0.6696843,0.3459868
2569-08-21 12:24:42.210,0.02827684,0.6696843,0.3459868
2569-08-21 12:24:42.213,0.02827684,0.6696843,0.3459868
2569-08-21 12:24:42.213,0.02827684,0.6696843,0.3459868
2569-08-21 12:24:42.214,0.02827684,0.6696843,0.3459868
2569-08-21 12:24:42.215,0.02827684,0.6696843,0.3459868
2569-08-21 12:24:42.215,0.02827684,0.6696843,0.3459868
2569-08-21 12:24:42.229,0.02827684,0.6696843,0.3459868
2569-08-21 12:24:42.229,0.02827684,0.6696843,0.3459868
2569-08-21 12:24:42.232,0.02827684,0.6696843,0.3459868
2569-08-21 12:24:42.232,0.02827684,0.6696843,0.3459868
2569-08-21 12:24:42.236,0.02827684,0.6696843,0.3459868
2569-08-21 12:24:42.236,0.02827684,0.6696843,0.3459868
2569-08-21 12:24:42.236,0.02827684,0.6696843,0.3459868
2569-08-21 12:24:42.250,0.02827684,0.6696843,0.3459868
2569-08-21 12:24:42.250,0.02827684,0.6696843,0.3459868
2569-08-21 12:24:42.253,0.02827684,0.6696843,0.3459868
2569-08-21 12:24:42.253,0.02827684,0.6696843,0.3459868
2569-08-21 12:24:42.255,0.02827684,0.6696843,0.3459868
2569-08-21 12:24:42.255,0.02827684,0.6696843,0.3459868
2569-08-21 12:24:42.255,0.02827684,0.6696843,0.3459868
2569-08-21 12:24:42.258,0.02827684,0.6696843,0.3459868
2569-08-21 12:24:42.258,0.02827684,0.6696843,0.3459868
2569-08-21 12:24:42.261,0.02827684,0.6696843,0.3459868
2569-08-21 12:24:42.261,0.02827684,0.6696843,0.3459868
2569-08-21 12:24:42.269,0.02827684,0.6696843,0.3459868
2569-08-21 12:24:42.269,0.02827684,0.6696843,0.3459868
2569-08-21 12:24:42.273,0.02888382,0.6696104,0.3459868
2569-08-21 12:24:42.273,0.02888382,0.6696104,0.3459868
2569-08-21 12:24:42.275,0.02888382,0.6696104,0.3459868
2569-08-21 12:24:42.275,0.02907396,0.6695871,0.3459868
2569-08-21 12:24:42.275,0.02907396,0.6695871,0.3459868
2569-08-21 12:24:42.294,0.02976154,0.6695024,0.3459868
2569-08-21 12:24:42.294,0.02976154,0.6695024,0.3459868
2569-08-21 12:24:42.304,0.02976154,0.6695024,0.3459868
2569-08-21 12:24:42.304,0.03101246,0.6693466,0.3459868
2569-08-21 12:24:42.304,0.03101246,0.6693466,0.3459868
2569-08-21 12:24:42.314,0.03101246,0.6693466,0.3459868
2569-08-21 12:24:42.315,0.0317899,0.6692486,0.3459868
2569-08-21 12:24:42.315,0.0317899,0.6692486,0.3459868
2569-08-21 12:24:42.325,0.03255886,0.6691507,0.3459868
2569-08-21 12:24:42.325,0.03255886,0.6691507,0.3459868
2569-08-21 12:24:42.335,0.03255886,0.6691507,0.3459868
2569-08-21 12:24:42.340,0.03340806,0.6690415,0.3459868
2569-08-21 12:24:42.340,0.03340806,0.6690415,0.3459868
2569-08-21 12:24:42.350,0.03444649,0.6689066,0.3459868
2569-08-21 12:24:42.350,0.03444649,0.6689066,0.3459868
2569-08-21 12:24:42.358,0.03444649,0.6689066,0.3459868
2569-08-21 12:24:42.360,0.03515095,0.6688141,0.3459868
2569-08-21 12:24:42.360,0.03515095,0.6688141,0.3459868
2569-08-21 12:24:42.369,0.03589972,0.6687151,0.3459868
2569-08-21 12:24:42.369,0.03589972,0.6687151,0.3459868
2569-08-21 12:24:42.379,0.03589972,0.6687151,0.3459868
2569-08-21 12:24:42.385,0.03665523,0.6686142,0.3459868
2569-08-21 12:24:42.385,0.03665523,0.6686142,0.3459868
2569-08-21 12:24:42.394,0.03665523,0.6686142,0.3459868
2569-08-21 12:24:42.394,0.0377856,0.6684616,0.3459868
2569-08-21 12:24:42.394,0.0377856,0.6684616,0.3459868
2569-08-21 12:24:42.405,0.03834572,0.6683853,0.3459868
2569-08-21 12:24:42.405,0.03834572,0.6683853,0.3459868
2569-08-21 12:24:42.414,0.03834572,0.6683853,0.3459868
2569-08-21 12:24:42.415,0.03910966,0.6682805,0.3459868
2569-08-21 12:24:42.415,0.03910966,0.6682805,0.3459868
2569-08-21 12:24:42.430,0.03976302,0.6681901,0.3459868
2569-08-21 12:24:42.430,0.03976302,0.6681901,0.3459868
2569-08-21 12:24:42.439,0.03976302,0.6681901,0.3459868
2569-08-21 12:24:42.440,0.04075117,0.6680521,0.3459868
2569-08-21 12:24:42.440,0.04075117,0.6680521,0.3459868
2569-08-21 12:24:42.450,0.04139442,0.6679615,0.3459868
2569-08-21 12:24:42.450,0.04139442,0.6679615,0.3459868
2569-08-21 12:24:42.453,0.04172197,0.6679152,0.3459868
2569-08-21 12:24:42.453,0.04172197,0.6679152,0.3459868
2569-08-21 12:24:42.462,0.04172197,0.6679152,0.3459868
2569-08-21 12:24:42.462,0.04235922,0.6678244,0.3459868
2569-08-21 12:24:42.462,0.04235922,0.6678244,0.3459868
2569-08-21 12:24:42.474,0.04296516,0.6677377,0.3459868
2569-08-21 12:24:42.474,0.04296516,0.6677377,0.3459868
2569-08-21 12:24:42.485,0.04296516,0.6677377,0.3459868
2569-08-21 12:24:42.485,0.04396849,0.6675928,0.3459868
2569-08-21 12:24:42.485,0.04396849,0.6675928,0.3459868
2569-08-21 12:24:42.494,0.04396849,0.6675928,0.3459868
2569-08-21 12:24:42.495,0.04476647,0.6674764,0.3459868
2569-08-21 12:24:42.495,0.04476647,0.6674764,0.3459868
2569-08-21 12:24:42.504,0.04563292,0.6673489,0.3459868
2569-08-21 12:24:42.504,0.04563292,0.6673489,0.3459868
2569-08-21 12:24:42.513,0.04563292,0.6673489,0.3459868
2569-08-21 12:24:42.520,0.0465267,0.6672162,0.3459868
2569-08-21 12:24:42.520,0.0465267,0.6672162,0.3459868
2569-08-21 12:24:42.540,0.04818663,0.6669664,0.3459868
2569-08-21 12:24:42.540,0.04818663,0.6669664,0.3459868
2569-08-21 12:24:42.551,0.04818663,0.6669664,0.3459868
2569-08-21 12:24:42.551,0.05056275,0.6666016,0.3459868
2569-08-21 12:24:42.551,0.05056275,0.6666016,0.3459868
2569-08-21 12:24:42.559,0.05056275,0.6666016,0.3459868
2569-08-21 12:24:42.561,0.05170934,0.6664225,0.3459868
2569-08-21 12:24:42.561,0.05170934,0.6664225,0.3459868
2569-08-21 12:24:42.570,0.05290356,0.6662337,0.3459868
2569-08-21 12:24:42.570,0.05290356,0.6662337,0.3459868
2569-08-21 12:24:42.578,0.05290356,0.6662337,0.3459868
2569-08-21 12:24:42.584,0.05408163,0.6660454,0.3459868
2569-08-21 12:24:42.584,0.05408163,0.6660454,0.3459868
2569-08-21 12:24:42.593,0.05408163,0.6660454,0.3459868
2569-08-21 12:24:42.594,0.05598424,0.6657367,0.3459868
2569-08-21 12:24:42.594,0.05598424,0.6657367,0.3459868
2569-08-21 12:24:42.605,0.05734522,0.6655124,0.3459868
2569-08-21 12:24:42.605,0.05734522,0.6655124,0.3459868
2569-08-21 12:24:42.615,0.05734522,0.6655124,0.3459868
2569-08-21 12:24:42.617,0.058995,0.6652368,0.3459868
2569-08-21 12:24:42.617,0.058995,0.6652368,0.3459868
2569-08-21 12:24:42.630,0.0605262,0.6649773,0.3459868
2569-08-21 12:24:42.630,0.0605262,0.6649773,0.3459868
2569-08-21 12:24:42.639,0.0605262,0.6649773,0.3459868
2569-08-21 12:24:42.639,0.06238708,0.6646569,0.3459868
2569-08-21 12:24:42.639,0.06238708,0.6646569,0.3459868
2569-08-21 12:24:42.651,0.06371835,0.6644244,0.3459868
2569-08-21 12:24:42.651,0.06371835,0.6644244,0.3459868
2569-08-21 12:24:42.660,0.06371835,0.6644244,0.3459868
2569-08-21 12:24:42.660,0.06536639,0.6641328,0.3459868
2569-08-21 12:24:42.660,0.06536639,0.6641328,0.3459868
2569-08-21 12:24:42.675,0.06660943,0.66391,0.3459868
2569-08-21 12:24:42.675,0.06660943,0.66391,0.3459868
2569-08-21 12:24:42.684,0.06660943,0.66391,0.3459868
2569-08-21 12:24:42.684,0.06883554,0.6635051,0.3459868
2569-08-21 12:24:42.684,0.06883554,0.6635051,0.3459868
2569-08-21 12:24:42.694,0.06883554,0.6635051,0.3459868
2569-08-21 12:24:42.695,0.07020563,0.6632521,0.3459868
2569-08-21 12:24:42.695,0.07020563,0.6632521,0.3459868
2569-08-21 12:24:42.705,0.07167073,0.6629783,0.3459868
2569-08-21 12:24:42.705,0.07167073,0.6629783,0.3459868
2569-08-21 12:24:42.713,0.07167073,0.6629783,0.3459868
2569-08-21 12:24:42.720,0.07268231,0.6627873,0.3459868
2569-08-21 12:24:42.720,0.07268231,0.6627873,0.3459868
2569-08-21 12:24:42.730,0.07441816,0.6624557,0.3459868
2569-08-21 12:24:42.730,0.07441816,0.6624557,0.3459868
2569-08-21 12:24:42.739,0.07441816,0.6624557,0.3459868
2569-08-21 12:24:42.740,0.07544425,0.6622576,0.3459868
2569-08-21 12:24:42.740,0.07544425,0.6622576,0.3459868
2569-08-21 12:24:42.751,0.0765748,0.6620373,0.3459868
2569-08-21 12:24:42.751,0.0765748,0.6620373,0.3459868
2569-08-21 12:24:42.762,0.0765748,0.6620373,0.3459868
2569-08-21 12:24:42.765,0.07753955,0.6618477,0.3459868
2569-08-21 12:24:42.765,0.07753955,0.6618477,0.3459868
2569-08-21 12:24:42.774,0.07753955,0.6618477,0.3459868
2569-08-21 12:24:42.774,0.07858501,0.6616406,0.3459868
2569-08-21 12:24:42.774,0.07858501,0.6616406,0.3459868
2569-08-21 12:24:42.786,0.07914698,0.6615286,0.3459868
2569-08-21 12:24:42.786,0.07914698,0.6615286,0.3459868
2569-08-21 12:24:42.794,0.07914698,0.6615286,0.3459868
2569-08-21 12:24:42.794,0.0798156,0.6613947,0.3459868
2569-08-21 12:24:42.794,0.0798156,0.6613947,0.3459868
2569-08-21 12:24:42.811,0.0798156,0.6613947,0.3459868
2569-08-21 12:24:42.811,0.0798156,0.6613947,0.3459868
2569-08-21 12:24:42.819,0.0798156,0.6613947,0.3459868
2569-08-21 12:24:42.831,0.0798156,0.6613947,0.3459868
2569-08-21 12:24:42.831,0.0798156,0.6613947,0.3459868
2569-08-21 12:24:42.833,0.0798156,0.6613947,0.3459868
2569-08-21 12:24:42.833,0.0798156,0.6613947,0.3459868
2569-08-21 12:24:42.834,0.0798156,0.6613947,0.3459868
2569-08-21 12:24:42.836,0.0798156,0.6613947,0.3459868
2569-08-21 12:24:42.836,0.0798156,0.6613947,0.3459868
2569-08-21 12:24:42.839,0.0798156,0.6613947,0.3459868
2569-08-21 12:24:42.839,0.0798156,0.6613947,0.3459868
2569-08-21 12:24:42.841,0.0798156,0.6613947,0.3459868
2569-08-21 12:24:42.841,0.0798156,0.6613947,0.3459868
2569-08-21 12:24:42.851,0.0798156,0.6613947,0.3459868
2569-08-21 12:24:42.851,0.0798156,0.6613947,0.3459868
2569-08-21 12:24:42.853,0.0798156,0.6613947,0.3459868
2569-08-21 12:24:42.854,0.0798156,0.6613947,0.3459868
2569-08-21 12:24:42.854,0.0798156,0.6613947,0.3459868
2569-08-21 12:24:42.856,0.0798156,0.6613947,0.3459868
2569-08-21 12:24:42.856,0.0798156,0.6613947,0.3459868
2569-08-21 12:24:42.859,0.0798156,0.6613947,0.3459868
2569-08-21 12:24:42.859,0.0798156,0.6613947,0.3459868
2569-08-21 12:24:42.861,0.0798156,0.6613947,0.3459868
2569-08-21 12:24:42.861,0.0798156,0.6613947,0.3459868
2569-08-21 12:24:42.876,0.0798156,0.6613947,0.3459868
2569-08-21 12:24:42.876,0.0798156,0.6613947,0.3459868
2569-08-21 12:24:42.879,0.0798156,0.6613947,0.3459868
2569-08-21 12:24:42.879,0.0798156,0.6613947,0.3459868
2569-08-21 12:24:42.879,0.0798156,0.6613947,0.3459868
2569-08-21 12:24:42.882,0.0798156,0.6613947,0.3459868
2569-08-21 12:24:42.882,0.0798156,0.6613947,0.3459868
2569-08-21 12:24:42.896,0.0798156,0.6613947,0.3459868
2569-08-21 12:24:42.896,0.0798156,0.6613947,0.3459868
2569-08-21 12:24:42.899,0.0798156,0.6613947,0.3459868
2569-08-21 12:24:42.900,0.0798156,0.6613947,0.3459868
2569-08-21 12:24:42.900,0.0798156,0.6613947,0.3459868
2569-08-21 12:24:42.902,0.0798156,0.6613947,0.3459868
2569-08-21 12:24:42.902,0.0798156,0.6613947,0.3459868
2569-08-21 12:24:42.904,0.0798156,0.6613947,0.3459868
2569-08-21 12:24:42.904,0.0798156,0.6613947,0.3459868
2569-08-21 12:24:42.906,0.0798156,0.6613947,0.3459868
2569-08-21 12:24:42.906,0.0798156,0.6613947,0.3459868
2569-08-21 12:24:42.921,0.0798156,0.6613947,0.3459868
2569-08-21 12:24:42.921,0.0798156,0.6613947,0.3459868
2569-08-21 12:24:42.924,0.0798156,0.6613947,0.3459868
2569-08-21 12:24:42.924,0.0798156,0.6613947,0.3459868
2569-08-21 12:24:42.924,0.0798156,0.6613947,0.3459868
2569-08-21 12:24:42.927,0.0798156,0.6613947,0.3459868
2569-08-21 12:24:42.927,0.0798156,0.6613947,0.3459868
2569-08-21 12:24:42.929,0.0798156,0.6613947,0.3459868
2569-08-21 12:24:42.929,0.0798156,0.6613947,0.3459868
2569-08-21 12:24:42.932,0.0798156,0.6613947,0.3459868
2569-08-21 12:24:42.932,0.0798156,0.6613947,0.3459868
2569-08-21 12:24:42.934,0.0798156,0.6613947,0.3459868
2569-08-21 12:24:42.942,0.0798156,0.6613947,0.3459868
2569-08-21 12:24:42.942,0.0798156,0.6613947,0.3459868
2569-08-21 12:24:42.944,0.0798156,0.6613947,0.3459868
2569-08-21 12:24:42.944,0.0798156,0.6613947,0.3459868
2569-08-21 12:24:42.947,0.0798156,0.6613947,0.3459868
2569-08-21 12:24:42.947,0.0798156,0.6613947,0.3459868
2569-08-21 12:24:42.949,0.0798156,0.6613947,0.3459868
2569-08-21 12:24:42.949,0.0798156,0.6613947,0.3459868
2569-08-21 12:24:42.952,0.0798156,0.6613947,0.3459868
2569-08-21 12:24:42.952,0.0798156,0.6613947,0.3459868
2569-08-21 12:24:42.954,0.0798156,0.6613947,0.3459868
2569-08-21 12:24:42.966,0.0798156,0.6613947,0.3459868
2569-08-21 12:24:42.966,0.0798156,0.6613947,0.3459868
2569-08-21 12:24:42.969,0.0798156,0.6613947,0.3459868
2569-08-21 12:24:42.969,0.0798156,0.6613947,0.3459868
2569-08-21 12:24:42.971,0.0798156,0.6613947,0.3459868
2569-08-21 12:24:42.971,0.0798156,0.6613947,0.3459868
2569-08-21 12:24:42.974,0.0798156,0.6613947,0.3459868
2569-08-21 12:24:42.974,0.0798156,0.6613947,0.3459868
2569-08-21 12:24:42.974,0.0798156,0.6613947,0.3459868
2569-08-21 12:24:42.976,0.0798156,0.6613947,0.3459868
2569-08-21 12:24:42.976,0.0798156,0.6613947,0.3459868
2569-08-21 12:24:42.987,0.0798156,0.6613947,0.3459868
2569-08-21 12:24:42.987,0.0798156,0.6613947,0.3459868
2569-08-21 12:24:42.990,0.0798156,0.6613947,0.3459868
2569-08-21 12:24:42.990,0.0798156,0.6613947,0.3459868
2569-08-21 12:24:42.993,0.0798156,0.6613947,0.3459868
2569-08-21 12:24:42.993,0.0798156,0.6613947,0.3459868
2569-08-21 12:24:42.994,0.0798156,0.6613947,0.3459868
2569-08-21 12:24:42.994,0.0798156,0.6613947,0.3459868
2569-08-21 12:24:42.994,0.0798156,0.6613947,0.3459868
2569-08-21 12:24:42.997,0.0798156,0.6613947,0.3459868
2569-08-21 12:24:42.997,0.0798156,0.6613947,0.3459868
2569-08-21 12:24:43.012,0.0798156,0.6613947,0.3459868
2569-08-21 12:24:43.012,0.0798156,0.6613947,0.3459868
2569-08-21 12:24:43.014,0.0798156,0.6613947,0.3459868
2569-08-21 12:24:43.015,0.0798156,0.6613947,0.3459868
2569-08-21 12:24:43.015,0.0798156,0.6613947,0.3459868
2569-08-21 12:24:43.017,0.0798156,0.6613947,0.3459868
2569-08-21 12:24:43.017,0.0798156,0.6613947,0.3459868
2569-08-21 12:24:43.032,0.0798156,0.6613947,0.3459868
2569-08-21 12:24:43.032,0.0798156,0.6613947,0.3459868
2569-08-21 12:24:43.034,0.0798156,0.6613947,0.3459868
2569-08-21 12:24:43.034,0.0798156,0.6613947,0.3459868
2569-08-21 12:24:43.034,0.0798156,0.6613947,0.3459868
2569-08-21 12:24:43.037,0.0798156,0.6613947,0.3459868
2569-08-21 12:24:43.037,0.0798156,0.6613947,0.3459868
2569-08-21 12:24:43.039,0.0798156,0.6613947,0.3459868
2569-08-21 12:24:43.039,0.0798156,0.6613947,0.3459868
2569-08-21 12:24:43.042,0.0798156,0.6613947,0.3459868
2569-08-21 12:24:43.042,0.0798156,0.6613947,0.3459868
2569-08-21 12:24:43.052,0.0798156,0.6613947,0.3459868
2569-08-21 12:24:43.052,0.0798156,0.6613947,0.3459868
2569-08-21 12:24:43.055,0.0798156,0.6613947,0.3459868
2569-08-21 12:24:43.055,0.0798156,0.6613947,0.3459868
2569-08-21 12:24:43.055,0.0798156,0.6613947,0.3459868
2569-08-21 12:24:43.057,0.0798156,0.6613947,0.3459868
2569-08-21 12:24:43.058,0.0798156,0.6613947,0.3459868
2569-08-21 12:24:43.060,0.0798156,0.6613947,0.3459868
2569-08-21 12:24:43.060,0.0798156,0.6613947,0.3459868
2569-08-21 12:24:43.062,0.0798156,0.6613947,0.3459868
2569-08-21 12:24:43.062,0.0798156,0.6613947,0.3459868
2569-08-21 12:24:43.076,0.0798156,0.6613947,0.3459868
2569-08-21 12:24:43.076,0.0798156,0.6613947,0.3459868
2569-08-21 12:24:43.080,0.0798156,0.6613947,0.3459868
2569-08-21 12:24:43.081,0.0798156,0.6613947,0.3459868
2569-08-21 12:24:43.081,0.0798156,0.6613947,0.3459868
2569-08-21 12:24:43.084,0.0798156,0.6613947,0.3459868
2569-08-21 12:24:43.084,0.0798156,0.6613947,0.3459868
2569-08-21 12:24:43.086,0.0798156,0.6613947,0.3459868
2569-08-21 12:24:43.086,0.0798156,0.6613947,0.3459868
2569-08-21 12:24:43.088,0.0798156,0.6613947,0.3459868
2569-08-21 12:24:43.088,0.0798156,0.6613947,0.3459868
2569-08-21 12:24:43.097,0.0798156,0.6613947,0.3459868
2569-08-21 12:24:43.097,0.0798156,0.6613947,0.3459868
2569-08-21 12:24:43.099,0.0798156,0.6613947,0.3459868
2569-08-21 12:24:43.099,0.0798156,0.6613947,0.3459868
2569-08-21 12:24:43.099,0.0798156,0.6613947,0.3459868
2569-08-21 12:24:43.101,0.0798156,0.6613947,0.3459868
2569-08-21 12:24:43.103,0.0798156,0.6613947,0.3459868
2569-08-21 12:24:43.104,0.0798156,0.6613947,0.3459868
2569-08-21 12:24:43.104,0.0798156,0.6613947,0.3459868
2569-08-21 12:24:43.106,0.0798156,0.6613947,0.3459868
2569-08-21 12:24:43.107,0.0798156,0.6613947,0.3459868
2569-08-21 12:24:43.121,0.0798156,0.6613947,0.3459868
2569-08-21 12:24:43.121,0.0798156,0.6613947,0.3459868
2569-08-21 12:24:43.125,0.0798156,0.6613947,0.3459868
2569-08-21 12:24:43.125,0.0798156,0.6613947,0.3459868
2569-08-21 12:24:43.125,0.0798156,0.6613947,0.3459868
2569-08-21 12:24:43.127,0.0798156,0.6613947,0.3459868
2569-08-21 12:24:43.128,0.0798156,0.6613947,0.3459868
2569-08-21 12:24:43.131,0.0798156,0.6613947,0.3459868
2569-08-21 12:24:43.131,0.0798156,0.6613947,0.3459868
2569-08-21 12:24:43.132,0.0798156,0.6613947,0.3459868
2569-08-21 12:24:43.132,0.0798156,0.6613947,0.3459868
2569-08-21 12:24:43.135,0.0798156,0.6613947,0.3459868
2569-08-21 12:24:43.142,0.0798156,0.6613947,0.3459868
2569-08-21 12:24:43.142,0.0798156,0.6613947,0.3459868
2569-08-21 12:24:43.145,0.0798156,0.6613947,0.3459868
2569-08-21 12:24:43.145,0.0798156,0.6613947,0.3459868
2569-08-21 12:24:43.147,0.0798156,0.6613947,0.3459868
2569-08-21 12:24:43.147,0.0798156,0.6613947,0.3459868
2569-08-21 12:24:43.150,0.0798156,0.6613947,0.3459868
2569-08-21 12:24:43.150,0.0798156,0.6613947,0.3459868
2569-08-21 12:24:43.152,0.0798156,0.6613947,0.3459868
2569-08-21 12:24:43.152,0.0798156,0.6613947,0.3459868
2569-08-21 12:24:43.154,0.0798156,0.6613947,0.3459868
2569-08-21 12:24:43.167,0.0798156,0.6613947,0.3459868
2569-08-21 12:24:43.167,0.0798156,0.6613947,0.3459868
2569-08-21 12:24:43.169,0.0798156,0.6613947,0.3459868
2569-08-21 12:24:43.169,0.0798156,0.6613947,0.3459868
2569-08-21 12:24:43.173,0.0798156,0.6613947,0.3459868
2569-08-21 12:24:43.173,0.0798156,0.6613947,0.3459868
2569-08-21 12:24:43.175,0.0798156,0.6613947,0.3459868
2569-08-21 12:24:43.175,0.0798156,0.6613947,0.3459868
2569-08-21 12:24:43.175,0.0798156,0.6613947,0.3459868
2569-08-21 12:24:43.178,0.0798156,0.6613947,0.3459868
2569-08-21 12:24:43.178,0.0798156,0.6613947,0.3459868
2569-08-21 12:24:43.187,0.0798156,0.6613947,0.3459868
2569-08-21 12:24:43.187,0.0798156,0.6613947,0.3459868
2569-08-21 12:24:43.190,0.07883659,0.6615906,0.3459868
2569-08-21 12:24:43.190,0.07883659,0.6615906,0.3459868
2569-08-21 12:24:43.193,0.0785549,0.6616467,0.3459868
2569-08-21 12:24:43.193,0.0785549,0.6616467,0.3459868
2569-08-21 12:24:43.204,0.0785549,0.6616467,0.3459868
2569-08-21 12:24:43.212,0.07720433,0.6619138,0.3459868
2569-08-21 12:24:43.212,0.07720433,0.6619138,0.3459868
2569-08-21 12:24:43.221,0.07720433,0.6619138,0.3459868
2569-08-21 12:24:43.222,0.07508463,0.6623272,0.3459868
2569-08-21 12:24:43.222,0.07508463,0.6623272,0.3459868
2569-08-21 12:24:43.232,0.0737716,0.6625797,0.3459868
2569-08-21 12:24:43.232,0.0737716,0.6625797,0.3459868
2569-08-21 12:24:43.241,0.0737716,0.6625797,0.3459868
2569-08-21 12:24:43.241,0.07233246,0.6628535,0.3459868
2569-08-21 12:24:43.241,0.07233246,0.6628535,0.3459868
2569-08-21 12:24:43.257,0.07065944,0.6631677,0.3459868
2569-08-21 12:24:43.257,0.07065944,0.6631677,0.3459868
2569-08-21 12:24:43.267,0.07065944,0.6631677,0.3459868
2569-08-21 12:24:43.276,0.06805128,0.6636487,0.3459868
2569-08-21 12:24:43.276,0.06805128,0.6636487,0.3459868
2569-08-21 12:24:43.287,0.06805128,0.6636487,0.3459868
2569-08-21 12:24:43.287,0.0644559,0.6642944,0.3459868
2569-08-21 12:24:43.287,0.0644559,0.6642944,0.3459868
2569-08-21 12:24:43.297,0.0644559,0.6642944,0.3459868
2569-08-21 12:24:43.297,0.0626083,0.6646184,0.3459868
2569-08-21 12:24:43.297,0.0626083,0.6646184,0.3459868
2569-08-21 12:24:43.301,0.06170809,0.6647744,0.3459868
2569-08-21 12:24:43.301,0.06170809,0.6647744,0.3459868
2569-08-21 12:24:43.309,0.05995034,0.6650753,0.3459868
2569-08-21 12:24:43.309,0.05995034,0.6650753,0.3459868
2569-08-21 12:24:43.318,0.05995034,0.6650753,0.3459868
2569-08-21 12:24:43.322,0.05801552,0.665401,0.3459868
2569-08-21 12:24:43.322,0.05801552,0.665401,0.3459868
2569-08-21 12:24:43.332,0.05479592,0.6659302,0.3459868
2569-08-21 12:24:43.332,0.05479592,0.6659302,0.3459868
2569-08-21 12:24:43.341,0.05479592,0.6659302,0.3459868
2569-08-21 12:24:43.343,0.05261518,0.6662795,0.3459868
2569-08-21 12:24:43.343,0.05261518,0.6662795,0.3459868
2569-08-21 12:24:43.351,0.05002793,0.6666845,0.3459868
2569-08-21 12:24:43.352,0.05002793,0.6666845,0.3459868
2569-08-21 12:24:43.360,0.05002793,0.6666845,0.3459868
2569-08-21 12:24:43.367,0.04779191,0.6670262,0.3459868
2569-08-21 12:24:43.367,0.04779191,0.6670262,0.3459868
2569-08-21 12:24:43.376,0.04779191,0.6670262,0.3459868
2569-08-21 12:24:43.376,0.04344733,0.6676682,0.3459868
2569-08-21 12:24:43.376,0.04344733,0.6676682,0.3459868
2569-08-21 12:24:43.388,0.04079266,0.6680464,0.3459868
2569-08-21 12:24:43.388,0.04079266,0.6680464,0.3459868
2569-08-21 12:24:43.397,0.04079266,0.6680464,0.3459868
2569-08-21 12:24:43.397,0.03765133,0.6684798,0.3459868
2569-08-21 12:24:43.397,0.03765133,0.6684798,0.3459868
2569-08-21 12:24:43.413,0.03502969,0.6688301,0.3459868
2569-08-21 12:24:43.413,0.03502969,0.6688301,0.3459868
2569-08-21 12:24:43.421,0.03502969,0.6688301,0.3459868
2569-08-21 12:24:43.421,0.03033722,0.669431,0.3459868
2569-08-21 12:24:43.421,0.03033722,0.669431,0.3459868
2569-08-21 12:24:43.433,0.02714062,0.6698211,0.3459868
2569-08-21 12:24:43.433,0.02714062,0.6698211,0.3459868
2569-08-21 12:24:43.442,0.02714062,0.6698211,0.3459868
2569-08-21 12:24:43.442,0.02373656,0.6702197,0.3459868
2569-08-21 12:24:43.442,0.02373656,0.6702197,0.3459868
2569-08-21 12:24:43.457,0.02086765,0.670542,0.3459868
2569-08-21 12:24:43.457,0.02086765,0.670542,0.3459868
2569-08-21 12:24:43.466,0.02086765,0.670542,0.3459868
2569-08-21 12:24:43.466,0.01589329,0.6710712,0.3459868
2569-08-21 12:24:43.466,0.01589329,0.6710712,0.3459868
2569-08-21 12:24:43.477,0.01589329,0.6710712,0.3459868
2569-08-21 12:24:43.478,0.01219187,0.671441,0.3459868
2569-08-21 12:24:43.478,0.01219187,0.671441,0.3459868
2569-08-21 12:24:43.488,0.008705169,0.6717704,0.3459868
2569-08-21 12:24:43.488,0.008705169,0.6717704,0.3459868
2569-08-21 12:24:43.497,0.008705169,0.6717704,0.3459868
2569-08-21 12:24:43.503,0.005619947,0.6720465,0.3459868
2569-08-21 12:24:43.503,0.005619947,0.6720465,0.3459868
2569-08-21 12:24:43.511,0.0007481165,0.6724538,0.3459868
2569-08-21 12:24:43.511,0.0007481165,0.6724538,0.3459868
2569-08-21 12:24:43.520,0.0007481165,0.6724538,0.3459868
2569-08-21 12:24:43.523,-0.002057664,0.6726722,0.3459868
2569-08-21 12:24:43.523,-0.002057664,0.6726722,0.3459868
2569-08-21 12:24:43.532,-0.005851373,0.6729487,0.3459868
2569-08-21 12:24:43.533,-0.005851373,0.6729487,0.3459868
2569-08-21 12:24:43.541,-0.005851373,0.6729487,0.3459868
2569-08-21 12:24:43.548,-0.008368272,0.6731203,0.3459868
2569-08-21 12:24:43.548,-0.008368272,0.6731203,0.3459868
2569-08-21 12:24:43.556,-0.008368272,0.6731203,0.3459868
2569-08-21 12:24:43.568,-0.01225443,0.6733667,0.3459868
2569-08-21 12:24:43.568,-0.01225443,0.6733667,0.3459868
2569-08-21 12:24:43.577,-0.01225443,0.6733667,0.3459868
2569-08-21 12:24:43.577,-0.01770391,0.6736744,0.3459868
2569-08-21 12:24:43.578,-0.01770391,0.6736744,0.3459868
2569-08-21 12:24:43.589,-0.01966508,0.6737742,0.3459868
2569-08-21 12:24:43.589,-0.01966508,0.6737742,0.3459868
2569-08-21 12:24:43.598,-0.01966508,0.6737742,0.3459868
2569-08-21 12:24:43.598,-0.02188219,0.6738803,0.3459868
2569-08-21 12:24:43.598,-0.02188219,0.6738803,0.3459868
2569-08-21 12:24:43.612,-0.02341019,0.6739491,0.3459868
2569-08-21 12:24:43.612,-0.02341019,0.6739491,0.3459868
2569-08-21 12:24:43.622,-0.02341019,0.6739491,0.3459868
2569-08-21 12:24:43.622,-0.02598035,0.6740571,0.3459868
2569-08-21 12:24:43.622,-0.02598035,0.6740571,0.3459868
2569-08-21 12:24:43.634,-0.026976,0.6740962,0.3459868
2569-08-21 12:24:43.634,-0.026976,0.6740962,0.3459868
2569-08-21 12:24:43.643,-0.026976,0.6740962,0.3459868
2569-08-21 12:24:43.643,-0.02822849,0.6741434,0.3459868
2569-08-21 12:24:43.643,-0.02822849,0.6741434,0.3459868
2569-08-21 12:24:43.658,-0.02822849,0.6741434,0.3459868
2569-08-21 12:24:43.659,-0.02822849,0.6741434,0.3459868
2569-08-21 12:24:43.666,-0.02822849,0.6741434,0.3459868
2569-08-21 12:24:43.666,-0.02822849,0.6741434,0.3459868
2569-08-21 12:24:43.666,-0.02822849,0.6741434,0.3459868
2569-08-21 12:24:43.675,-0.02822849,0.6741434,0.3459868
2569-08-21 12:24:43.679,-0.02822849,0.6741434,0.3459868
2569-08-21 12:24:43.679,-0.02822849,0.6741434,0.3459868
2569-08-21 12:24:43.687,-0.02822849,0.6741434,0.3459868
2569-08-21 12:24:43.687,-0.02822849,0.6741434,0.3459868
2569-08-21 12:24:43.691,-0.02822849,0.6741434,0.3459868
2569-08-21 12:24:43.691,-0.02822849,0.6741434,0.3459868
2569-08-21 12:24:43.693,-0.02822849,0.6741434,0.3459868
2569-08-21 12:24:43.703,-0.02822849,0.6741434,0.3459868
2569-08-21 12:24:43.703,-0.02822849,0.6741434,0.3459868
2569-08-21 12:24:43.706,-0.02822849,0.6741434,0.3459868
2569-08-21 12:24:43.706,-0.02822849,0.6741434,0.3459868
2569-08-21 12:24:43.710,-0.02822849,0.6741434,0.3459868
2569-08-21 12:24:43.710,-0.02822849,0.6741434,0.3459868
2569-08-21 12:24:43.712,-0.02822849,0.6741434,0.3459868
2569-08-21 12:24:43.712,-0.02822849,0.6741434,0.3459868
2569-08-21 12:24:43.714,-0.02822849,0.6741434,0.3459868
2569-08-21 12:24:43.715,-0.02822849,0.6741434,0.3459868
2569-08-21 12:24:43.715,-0.02822849,0.6741434,0.3459868
2569-08-21 12:24:43.723,-0.02822849,0.6741434,0.3459868
2569-08-21 12:24:43.724,-0.02822849,0.6741434,0.3459868
2569-08-21 12:24:43.726,-0.02822849,0.6741434,0.3459868
2569-08-21 12:24:43.726,-0.02822849,0.6741434,0.3459868
2569-08-21 12:24:43.729,-0.02822849,0.6741434,0.3459868
2569-08-21 12:24:43.729,-0.02822849,0.6741434,0.3459868
2569-08-21 12:24:43.732,-0.02822849,0.6741434,0.3459868
2569-08-21 12:24:43.732,-0.02822849,0.6741434,0.3459868
2569-08-21 12:24:43.735,-0.02822849,0.6741434,0.3459868
2569-08-21 12:24:43.735,-0.02822849,0.6741434,0.3459868
2569-08-21 12:24:43.735,-0.02822849,0.6741434,0.3459868
2569-08-21 12:24:43.749,-0.02822849,0.6741434,0.3459868
2569-08-21 12:24:43.749,-0.02822849,0.6741434,0.3459868
2569-08-21 12:24:43.751,-0.02822849,0.6741434,0.3459868
2569-08-21 12:24:43.752,-0.02822849,0.6741434,0.3459868
2569-08-21 12:24:43.754,-0.02822849,0.6741434,0.3459868
2569-08-21 12:24:43.754,-0.02822849,0.6741434,0.3459868
2569-08-21 12:24:43.754,-0.02822849,0.6741434,0.3459868
2569-08-21 12:24:43.757,-0.02822849,0.6741434,0.3459868
2569-08-21 12:24:43.757,-0.02822849,0.6741434,0.3459868
2569-08-21 12:24:43.759,-0.02822849,0.6741434,0.3459868
2569-08-21 12:24:43.759,-0.02822849,0.6741434,0.3459868
2569-08-21 12:24:43.769,-0.02822849,0.6741434,0.3459868
2569-08-21 12:24:43.769,-0.02822849,0.6741434,0.3459868
2569-08-21 12:24:43.772,-0.02822849,0.6741434,0.3459868
2569-08-21 12:24:43.772,-0.02822849,0.6741434,0.3459868
2569-08-21 12:24:43.774,-0.02822849,0.6741434,0.3459868
2569-08-21 12:24:43.774,-0.02822849,0.6741434,0.3459868
2569-08-21 12:24:43.774,-0.02822849,0.6741434,0.3459868
2569-08-21 12:24:43.776,-0.02822849,0.6741434,0.3459868
2569-08-21 12:24:43.776,-0.02822849,0.6741434,0.3459868
2569-08-21 12:24:43.778,-0.02822849,0.6741434,0.3459868
2569-08-21 12:24:43.778,-0.02822849,0.6741434,0.3459868
2569-08-21 12:24:43.794,-0.02822849,0.6741434,0.3459868
2569-08-21 12:24:43.794,-0.02822849,0.6741434,0.3459868
2569-08-21 12:24:43.796,-0.02822849,0.6741434,0.3459868
2569-08-21 12:24:43.796,-0.02822849,0.6741434,0.3459868
2569-08-21 12:24:43.796,-0.02822849,0.6741434,0.3459868
2569-08-21 12:24:43.799,-0.02822849,0.6741434,0.3459868
2569-08-21 12:24:43.799,-0.02822849,0.6741434,0.3459868
2569-08-21 12:24:43.814,-0.02822849,0.6741434,0.3459868
2569-08-21 12:24:43.814,-0.02822849,0.6741434,0.3459868
2569-08-21 12:24:43.817,-0.02822849,0.6741434,0.3459868
2569-08-21 12:24:43.817,-0.02822849,0.6741434,0.3459868
2569-08-21 12:24:43.817,-0.02822849,0.6741434,0.3459868
2569-08-21 12:24:43.819,-0.02822849,0.6741434,0.3459868
2569-08-21 12:24:43.819,-0.02822849,0.6741434,0.3459868
2569-08-21 12:24:43.822,-0.02822849,0.6741434,0.3459868
2569-08-21 12:24:43.822,-0.02822849,0.6741434,0.3459868
2569-08-21 12:24:43.824,-0.02822849,0.6741434,0.3459868
2569-08-21 12:24:43.824,-0.02822849,0.6741434,0.3459868
2569-08-21 12:24:43.834,-0.02822849,0.6741434,0.3459868
2569-08-21 12:24:43.834,-0.02822849,0.6741434,0.3459868
2569-08-21 12:24:43.836,-0.02822849,0.6741434,0.3459868
2569-08-21 12:24:43.838,-0.02822849,0.6741434,0.3459868
2569-08-21 12:24:43.838,-0.02822849,0.6741434,0.3459868
2569-08-21 12:24:43.839,-0.02822849,0.6741434,0.3459868
2569-08-21 12:24:43.839,-0.02822849,0.6741434,0.3459868
2569-08-21 12:24:43.842,-0.02822849,0.6741434,0.3459868
2569-08-21 12:24:43.842,-0.02822849,0.6741434,0.3459868
2569-08-21 12:24:43.844,-0.02822849,0.6741434,0.3459868
2569-08-21 12:24:43.844,-0.02822849,0.6741434,0.3459868
2569-08-21 12:24:43.859,-0.02822849,0.6741434,0.3459868
2569-08-21 12:24:43.859,-0.02822849,0.6741434,0.3459868
2569-08-21 12:24:43.862,-0.02822849,0.6741434,0.3459868
2569-08-21 12:24:43.863,-0.02822849,0.6741434,0.3459868
2569-08-21 12:24:43.863,-0.02822849,0.6741434,0.3459868
2569-08-21 12:24:43.865,-0.02822849,0.6741434,0.3459868
2569-08-21 12:24:43.865,-0.02822849,0.6741434,0.3459868
2569-08-21 12:24:43.867,-0.02822849,0.6741434,0.3459868
2569-08-21 12:24:43.867,-0.02822849,0.6741434,0.3459868
2569-08-21 12:24:43.869,-0.02822849,0.6741434,0.3459868
2569-08-21 12:24:43.869,-0.02822849,0.6741434,0.3459868
2569-08-21 12:24:43.880,-0.02822849,0.6741434,0.3459868
2569-08-21 12:24:43.880,-0.02822849,0.6741434,0.3459868
2569-08-21 12:24:43.882,-0.02822849,0.6741434,0.3459868
2569-08-21 12:24:43.882,-0.02822849,0.6741434,0.3459868
2569-08-21 12:24:43.882,-0.02822849,0.6741434,0.3459868
2569-08-21 12:24:43.884,-0.02822849,0.6741434,0.3459868
2569-08-21 12:24:43.884,-0.02822849,0.6741434,0.3459868
2569-08-21 12:24:43.887,-0.02822849,0.6741434,0.3459868
2569-08-21 12:24:43.887,-0.02822849,0.6741434,0.3459868
2569-08-21 12:24:43.889,-0.02822849,0.6741434,0.3459868
2569-08-21 12:24:43.889,-0.02822849,0.6741434,0.3459868
2569-08-21 12:24:43.904,-0.02822849,0.6741434,0.3459868
2569-08-21 12:24:43.904,-0.02822849,0.6741434,0.3459868
2569-08-21 12:24:43.907,-0.02822849,0.6741434,0.3459868
2569-08-21 12:24:43.907,-0.02822849,0.6741434,0.3459868
2569-08-21 12:24:43.907,-0.02822849,0.6741434,0.3459868
2569-08-21 12:24:43.910,-0.02822849,0.6741434,0.3459868
2569-08-21 12:24:43.910,-0.02822849,0.6741434,0.3459868
2569-08-21 12:24:43.912,-0.02822849,0.6741434,0.3459868
2569-08-21 12:24:43.912,-0.02822849,0.6741434,0.3459868
2569-08-21 12:24:43.914,-0.02822849,0.6741434,0.3459868
2569-08-21 12:24:43.915,-0.02822849,0.6741434,0.3459868
2569-08-21 12:24:43.915,-0.02822849,0.6741434,0.3459868
2569-08-21 12:24:43.925,-0.02822849,0.6741434,0.3459868
2569-08-21 12:24:43.925,-0.02822849,0.6741434,0.3459868
2569-08-21 12:24:43.927,-0.02822849,0.6741434,0.3459868
2569-08-21 12:24:43.927,-0.02822849,0.6741434,0.3459868
2569-08-21 12:24:43.929,-0.02822849,0.6741434,0.3459868
2569-08-21 12:24:43.929,-0.02822849,0.6741434,0.3459868
2569-08-21 12:24:43.932,-0.02822849,0.6741434,0.3459868
2569-08-21 12:24:43.932,-0.02822849,0.6741434,0.3459868
2569-08-21 12:24:43.934,-0.02822849,0.6741434,0.3459868
2569-08-21 12:24:43.936,-0.02822849,0.6741434,0.3459868
2569-08-21 12:24:43.936,-0.02822849,0.6741434,0.3459868
2569-08-21 12:24:43.949,-0.02822849,0.6741434,0.3459868
2569-08-21 12:24:43.949,-0.02822849,0.6741434,0.3459868
2569-08-21 12:24:43.952,-0.02822849,0.6741434,0.3459868
2569-08-21 12:24:43.952,-0.02822849,0.6741434,0.3459868
2569-08-21 12:24:43.954,-0.02822849,0.6741434,0.3459868
2569-08-21 12:24:43.954,-0.02822849,0.6741434,0.3459868
2569-08-21 12:24:43.954,-0.02822849,0.6741434,0.3459868
2569-08-21 12:24:43.957,-0.02822849,0.6741434,0.3459868
2569-08-21 12:24:43.957,-0.02822849,0.6741434,0.3459868
2569-08-21 12:24:43.960,-0.02822849,0.6741434,0.3459868
2569-08-21 12:24:43.960,-0.02822849,0.6741434,0.3459868
2569-08-21 12:24:43.968,-0.02822849,0.6741434,0.3459868
2569-08-21 12:24:43.970,-0.02822849,0.6741434,0.3459868
2569-08-21 12:24:43.972,-0.02822849,0.6741434,0.3459868
2569-08-21 12:24:43.972,-0.02822849,0.6741434,0.3459868
2569-08-21 12:24:43.974,-0.02822849,0.6741434,0.3459868
2569-08-21 12:24:43.974,-0.02822849,0.6741434,0.3459868
2569-08-21 12:24:43.974,-0.02822849,0.6741434,0.3459868
2569-08-21 12:24:43.977,-0.02822849,0.6741434,0.3459868
2569-08-21 12:24:43.977,-0.02822849,0.6741434,0.3459868
2569-08-21 12:24:43.980,-0.02822849,0.6741434,0.3459868
2569-08-21 12:24:43.980,-0.02822849,0.6741434,0.3459868
2569-08-21 12:24:43.982,-0.02822849,0.6741434,0.3459868
2569-08-21 12:24:43.982,-0.02822849,0.6741434,0.3459868
2569-08-21 12:24:43.994,-0.02822849,0.6741434,0.3459868
2569-08-21 12:24:43.994,-0.02822849,0.6741434,0.3459868
2569-08-21 12:24:43.997,-0.02822849,0.6741434,0.3459868
2569-08-21 12:24:43.997,-0.02822849,0.6741434,0.3459868
2569-08-21 12:24:43.997,-0.02822849,0.6741434,0.3459868
2569-08-21 12:24:44.000,-0.02822849,0.6741434,0.3459868
2569-08-21 12:24:44.000,-0.02822849,0.6741434,0.3459868
2569-08-21 12:24:44.002,-0.02822849,0.6741434,0.3459868
2569-08-21 12:24:44.002,-0.02822849,0.6741434,0.3459868
2569-08-21 12:24:44.005,-0.02822849,0.6741434,0.3459868
2569-08-21 12:24:44.005,-0.02822849,0.6741434,0.3459868
2569-08-21 12:24:44.015,-0.02822849,0.6741434,0.3459868
2569-08-21 12:24:44.015,-0.02822849,0.6741434,0.3459868
2569-08-21 12:24:44.017,-0.02822849,0.6741434,0.3459868
2569-08-21 12:24:44.017,-0.02822849,0.6741434,0.3459868
2569-08-21 12:24:44.017,-0.02822849,0.6741434,0.3459868
2569-08-21 12:24:44.020,-0.02822849,0.6741434,0.3459868
2569-08-21 12:24:44.020,-0.02822849,0.6741434,0.3459868
2569-08-21 12:24:44.022,-0.02822849,0.6741434,0.3459868
2569-08-21 12:24:44.022,-0.02822849,0.6741434,0.3459868
2569-08-21 12:24:44.025,-0.02822849,0.6741434,0.3459868
2569-08-21 12:24:44.025,-0.02822849,0.6741434,0.3459868
2569-08-21 12:24:44.039,-0.02822849,0.6741434,0.3459868
2569-08-21 12:24:44.039,-0.02822849,0.6741434,0.3459868
2569-08-21 12:24:44.042,-0.02822849,0.6741434,0.3459868
2569-08-21 12:24:44.042,-0.02698161,0.6740965,0.3459868
2569-08-21 12:24:44.042,-0.02698161,0.6740965,0.3459868
2569-08-21 12:24:44.045,-0.02677774,0.6740885,0.3459868
2569-08-21 12:24:44.045,-0.02677774,0.6740885,0.3459868
2569-08-21 12:24:44.047,-0.02658777,0.6740811,0.3459868
2569-08-21 12:24:44.047,-0.02658777,0.6740811,0.3459868
2569-08-21 12:24:44.060,-0.02639689,0.6740736,0.3459868
2569-08-21 12:24:44.060,-0.02639689,0.6740736,0.3459868
2569-08-21 12:24:44.062,-0.02639689,0.6740736,0.3459868
2569-08-21 12:24:44.062,-0.02522534,0.6740264,0.3459868
2569-08-21 12:24:44.062,-0.02522534,0.6740264,0.3459868
2569-08-21 12:24:44.073,-0.02522534,0.6740264,0.3459868
2569-08-21 12:24:44.079,-0.02439638,0.6739917,0.3459868
2569-08-21 12:24:44.079,-0.02439638,0.6739917,0.3459868
2569-08-21 12:24:44.089,-0.02307291,0.6739342,0.3459868
2569-08-21 12:24:44.089,-0.02307291,0.6739342,0.3459868
2569-08-21 12:24:44.099,-0.02307291,0.6739342,0.3459868
2569-08-21 12:24:44.105,-0.02248003,0.6739076,0.3459868
2569-08-21 12:24:44.105,-0.02248003,0.6739076,0.3459868
2569-08-21 12:24:44.113,-0.02248003,0.6739076,0.3459868
2569-08-21 12:24:44.114,-0.02157084,0.6738658,0.3459868
2569-08-21 12:24:44.114,-0.02157084,0.6738658,0.3459868
2569-08-21 12:24:44.125,-0.02157084,0.6738658,0.3459868
2569-08-21 12:24:44.125,-0.02157084,0.6738658,0.3459868
2569-08-21 12:24:44.134,-0.02157084,0.6738658,0.3459868
2569-08-21 12:24:44.134,-0.02157084,0.6738658,0.3459868
2569-08-21 12:24:44.134,-0.02157084,0.6738658,0.3459868
2569-08-21 12:24:44.150,-0.02157084,0.6738658,0.3459868
2569-08-21 12:24:44.150,-0.02157084,0.6738658,0.3459868
2569-08-21 12:24:44.157,-0.02157084,0.6738658,0.3459868
2569-08-21 12:24:44.157,-0.02157084,0.6738658,0.3459868
2569-08-21 12:24:44.157,-0.02157084,0.6738658,0.3459868
2569-08-21 12:24:44.161,-0.02157084,0.6738658,0.3459868
2569-08-21 12:24:44.161,-0.02157084,0.6738658,0.3459868
2569-08-21 12:24:44.170,-0.02157084,0.6738658,0.3459868
2569-08-21 12:24:44.170,-0.02157084,0.6738658,0.3459868
2569-08-21 12:24:44.173,-0.02157084,0.6738658,0.3459868
2569-08-21 12:24:44.173,-0.02157084,0.6738658,0.3459868
2569-08-21 12:24:44.173,-0.02157084,0.6738658,0.3459868
2569-08-21 12:24:44.176,-0.02157084,0.6738658,0.3459868
2569-08-21 12:24:44.176,-0.02157084,0.6738658,0.3459868
2569-08-21 12:24:44.179,-0.02157084,0.6738658,0.3459868
2569-08-21 12:24:44.179,-0.02157084,0.6738658,0.3459868
2569-08-21 12:24:44.181,-0.02157084,0.6738658,0.3459868
2569-08-21 12:24:44.181,-0.02157084,0.6738658,0.3459868
2569-08-21 12:24:44.195,-0.02157084,0.6738658,0.3459868
2569-08-21 12:24:44.195,-0.02157084,0.6738658,0.3459868
2569-08-21 12:24:44.197,-0.02157084,0.6738658,0.3459868
2569-08-21 12:24:44.197,-0.02157084,0.6738658,0.3459868
2569-08-21 12:24:44.197,-0.02157084,0.6738658,0.3459868
2569-08-21 12:24:44.200,-0.02157084,0.6738658,0.3459868
2569-08-21 12:24:44.200,-0.02157084,0.6738658,0.3459868
2569-08-21 12:24:44.203,-0.02157084,0.6738658,0.3459868
2569-08-21 12:24:44.203,-0.02157084,0.6738658,0.3459868
2569-08-21 12:24:44.205,-0.02157084,0.6738658,0.3459868
2569-08-21 12:24:44.206,-0.02157084,0.6738658,0.3459868
2569-08-21 12:24:44.215,-0.02157084,0.6738658,0.3459868
2569-08-21 12:24:44.215,-0.02157084,0.6738658,0.3459868
2569-08-21 12:24:44.218,-0.02157084,0.6738658,0.3459868
2569-08-21 12:24:44.218,-0.02157084,0.6738658,0.3459868
2569-08-21 12:24:44.218,-0.02157084,0.6738658,0.3459868
2569-08-21 12:24:44.220,-0.02157084,0.6738658,0.3459868
2569-08-21 12:24:44.221,-0.02157084,0.6738658,0.3459868
2569-08-21 12:24:44.222,-0.02157084,0.6738658,0.3459868
2569-08-21 12:24:44.222,-0.02157084,0.6738658,0.3459868
2569-08-21 12:24:44.225,-0.02157084,0.6738658,0.3459868
2569-08-21 12:24:44.225,-0.02157084,0.6738658,0.3459868
2569-08-21 12:24:44.240,-0.02157084,0.6738658,0.3459868
2569-08-21 12:24:44.240,-0.02157084,0.6738658,0.3459868
2569-08-21 12:24:44.243,-0.02157084,0.6738658,0.3459868
2569-08-21 12:24:44.243,-0.02157084,0.6738658,0.3459868
2569-08-21 12:24:44.243,-0.02157084,0.6738658,0.3459868
2569-08-21 12:24:44.245,-0.02157084,0.6738658,0.3459868
2569-08-21 12:24:44.245,-0.02157084,0.6738658,0.3459868
2569-08-21 12:24:44.248,-0.02157084,0.6738658,0.3459868
2569-08-21 12:24:44.248,-0.02157084,0.6738658,0.3459868
2569-08-21 12:24:44.250,-0.02157084,0.6738658,0.3459868
2569-08-21 12:24:44.250,-0.02157084,0.6738658,0.3459868
2569-08-21 12:24:44.261,-0.02157084,0.6738658,0.3459868
2569-08-21 12:24:44.261,-0.02157084,0.6738658,0.3459868
2569-08-21 12:24:44.263,-0.02157084,0.6738658,0.3459868
2569-08-21 12:24:44.263,-0.02157084,0.6738658,0.3459868
2569-08-21 12:24:44.263,-0.02157084,0.6738658,0.3459868
2569-08-21 12:24:44.265,-0.02157084,0.6738658,0.3459868
2569-08-21 12:24:44.266,-0.02157084,0.6738658,0.3459868
2569-08-21 12:24:44.275,-0.02157084,0.6738658,0.3459868
2569-08-21 12:24:44.281,-0.02157084,0.6738658,0.3459868
2569-08-21 12:24:44.281,-0.02157084,0.6738658,0.3459868
2569-08-21 12:24:44.283,-0.02157084,0.6738658,0.3459868
2569-08-21 12:24:44.283,-0.02157084,0.6738658,0.3459868
2569-08-21 12:24:44.286,-0.02157084,0.6738658,0.3459868
2569-08-21 12:24:44.286,-0.02157084,0.6738658,0.3459868
2569-08-21 12:24:44.288,-0.02157084,0.6738658,0.3459868
2569-08-21 12:24:44.288,-0.02157084,0.6738658,0.3459868
2569-08-21 12:24:44.290,-0.02157084,0.6738658,0.3459868
2569-08-21 12:24:44.290,-0.02157084,0.6738658,0.3459868
2569-08-21 12:24:44.292,-0.02157084,0.6738658,0.3459868
2569-08-21 12:24:44.305,-0.02157084,0.6738658,0.3459868
2569-08-21 12:24:44.305,-0.02157084,0.6738658,0.3459868
2569-08-21 12:24:44.309,-0.02157084,0.6738658,0.3459868
2569-08-21 12:24:44.309,-0.02157084,0.6738658,0.3459868
2569-08-21 12:24:44.311,-0.02157084,0.6738658,0.3459868
2569-08-21 12:24:44.311,-0.02157084,0.6738658,0.3459868
2569-08-21 12:24:44.313,-0.02157084,0.6738658,0.3459868
2569-08-21 12:24:44.313,-0.02157084,0.6738658,0.3459868
2569-08-21 12:24:44.314,-0.02157084,0.6738658,0.3459868
2569-08-21 12:24:44.317,-0.02157084,0.6738658,0.3459868
2569-08-21 12:24:44.317,-0.02157084,0.6738658,0.3459868
2569-08-21 12:24:44.326,-0.02157084,0.6738658,0.3459868
2569-08-21 12:24:44.326,-0.02157084,0.6738658,0.3459868
2569-08-21 12:24:44.329,-0.02157084,0.6738658,0.3459868
2569-08-21 12:24:44.329,-0.02157084,0.6738658,0.3459868
2569-08-21 12:24:44.332,-0.02157084,0.6738658,0.3459868
2569-08-21 12:24:44.332,-0.02157084,0.6738658,0.3459868
2569-08-21 12:24:44.334,-0.02157084,0.6738658,0.3459868
2569-08-21 12:24:44.335,-0.02157084,0.6738658,0.3459868
2569-08-21 12:24:44.335,-0.02157084,0.6738658,0.3459868
2569-08-21 12:24:44.337,-0.02157084,0.6738658,0.3459868
2569-08-21 12:24:44.337,-0.02157084,0.6738658,0.3459868
2569-08-21 12:24:44.350,-0.02157084,0.6738658,0.3459868
2569-08-21 12:24:44.350,-0.02157084,0.6738658,0.3459868
2569-08-21 12:24:44.353,-0.02157084,0.6738658,0.3459868
2569-08-21 12:24:44.354,-0.02157084,0.6738658,0.3459868
2569-08-21 12:24:44.354,-0.02157084,0.6738658,0.3459868
2569-08-21 12:24:44.355,-0.02157084,0.6738658,0.3459868
2569-08-21 12:24:44.355,-0.02157084,0.6738658,0.3459868
2569-08-21 12:24:44.358,-0.02157084,0.6738658,0.3459868
2569-08-21 12:24:44.359,-0.02157084,0.6738658,0.3459868
2569-08-21 12:24:44.362,-0.02157084,0.6738658,0.3459868
2569-08-21 12:24:44.362,-0.02157084,0.6738658,0.3459868
2569-08-21 12:24:44.370,-0.02157084,0.6738658,0.3459868
2569-08-21 12:24:44.370,-0.02157084,0.6738658,0.3459868
2569-08-21 12:24:44.373,-0.02157084,0.6738658,0.3459868
2569-08-21 12:24:44.373,-0.02157084,0.6738658,0.3459868
2569-08-21 12:24:44.373,-0.02157084,0.6738658,0.3459868
2569-08-21 12:24:44.376,-0.02157084,0.6738658,0.3459868
2569-08-21 12:24:44.376,-0.02157084,0.6738658,0.3459868
2569-08-21 12:24:44.379,-0.02157084,0.6738658,0.3459868
2569-08-21 12:24:44.379,-0.02157084,0.6738658,0.3459868
2569-08-21 12:24:44.381,-0.02157084,0.6738658,0.3459868
2569-08-21 12:24:44.381,-0.02157084,0.6738658,0.3459868
2569-08-21 12:24:44.395,-0.02157084,0.6738658,0.3459868
2569-08-21 12:24:44.395,-0.02157084,0.6738658,0.3459868
2569-08-21 12:24:44.399,-0.02157084,0.6738658,0.3459868
2569-08-21 12:24:44.399,-0.02157084,0.6738658,0.3459868
2569-08-21 12:24:44.399,-0.02157084,0.6738658,0.3459868
2569-08-21 12:24:44.401,-0.02157084,0.6738658,0.3459868
2569-08-21 12:24:44.401,-0.02157084,0.6738658,0.3459868
2569-08-21 12:24:44.403,-0.02157084,0.6738658,0.3459868
2569-08-21 12:24:44.403,-0.02157084,0.6738658,0.3459868
2569-08-21 12:24:44.406,-0.02157084,0.6738658,0.3459868
2569-08-21 12:24:44.406,-0.02157084,0.6738658,0.3459868
2569-08-21 12:24:44.416,-0.02157084,0.6738658,0.3459868
2569-08-21 12:24:44.416,-0.02157084,0.6738658,0.3459868
2569-08-21 12:24:44.419,-0.02157084,0.6738658,0.3459868
2569-08-21 12:24:44.419,-0.02157084,0.6738658,0.3459868
2569-08-21 12:24:44.419,-0.02157084,0.6738658,0.3459868
2569-08-21 12:24:44.422,-0.02157084,0.6738658,0.3459868
2569-08-21 12:24:44.422,-0.02157084,0.6738658,0.3459868
2569-08-21 12:24:44.425,-0.02157084,0.6738658,0.3459868
2569-08-21 12:24:44.425,-0.02157084,0.6738658,0.3459868
2569-08-21 12:24:44.426,-0.02157084,0.6738658,0.3459868
2569-08-21 12:24:44.426,-0.02157084,0.6738658,0.3459868
2569-08-21 12:24:44.441,-0.02157084,0.6738658,0.3459868
2569-08-21 12:24:44.441,-0.02157084,0.6738658,0.3459868
2569-08-21 12:24:44.444,-0.02157084,0.6738658,0.3459868
2569-08-21 12:24:44.444,-0.02157084,0.6738658,0.3459868
2569-08-21 12:24:44.444,-0.02157084,0.6738658,0.3459868
2569-08-21 12:24:44.447,-0.02157084,0.6738658,0.3459868
2569-08-21 12:24:44.447,-0.02157084,0.6738658,0.3459868
2569-08-21 12:24:44.449,-0.02157084,0.6738658,0.3459868
2569-08-21 12:24:44.449,-0.02157084,0.6738658,0.3459868
2569-08-21 12:24:44.451,-0.02157084,0.6738658,0.3459868
2569-08-21 12:24:44.451,-0.02157084,0.6738658,0.3459868
2569-08-21 12:24:44.454,-0.02157084,0.6738658,0.3459868
2569-08-21 12:24:44.461,-0.02157084,0.6738658,0.3459868
2569-08-21 12:24:44.461,-0.02157084,0.6738658,0.3459868
2569-08-21 12:24:44.463,-0.02157084,0.6738658,0.3459868
2569-08-21 12:24:44.463,-0.02157084,0.6738658,0.3459868
2569-08-21 12:24:44.466,-0.02157084,0.6738658,0.3459868
2569-08-21 12:24:44.466,-0.02157084,0.6738658,0.3459868
2569-08-21 12:24:44.469,-0.02157084,0.6738658,0.3459868
2569-08-21 12:24:44.469,-0.02157084,0.6738658,0.3459868
2569-08-21 12:24:44.471,-0.02157084,0.6738658,0.3459868
2569-08-21 12:24:44.471,-0.02157084,0.6738658,0.3459868
2569-08-21 12:24:44.473,-0.02157084,0.6738658,0.3459868
2569-08-21 12:24:44.485,-0.02157084,0.6738658,0.3459868
2569-08-21 12:24:44.485,-0.02157084,0.6738658,0.3459868
2569-08-21 12:24:44.489,-0.02157084,0.6738658,0.3459868
2569-08-21 12:24:44.489,-0.02157084,0.6738658,0.3459868
2569-08-21 12:24:44.491,-0.02157084,0.6738658,0.3459868
2569-08-21 12:24:44.491,-0.02157084,0.6738658,0.3459868
2569-08-21 12:24:44.493,-0.02157084,0.6738658,0.3459868
2569-08-21 12:24:44.493,-0.02157084,0.6738658,0.3459868
2569-08-21 12:24:44.493,-0.02157084,0.6738658,0.3459868
2569-08-21 12:24:44.506,-0.02157084,0.6738658,0.3459868
2569-08-21 12:24:44.506,-0.02157084,0.6738658,0.3459868
2569-08-21 12:24:44.509,-0.02157084,0.6738658,0.3459868
2569-08-21 12:24:44.509,-0.02157084,0.6738658,0.3459868
2569-08-21 12:24:44.511,-0.02157084,0.6738658,0.3459868
2569-08-21 12:24:44.511,-0.02157084,0.6738658,0.3459868
2569-08-21 12:24:44.513,-0.02157084,0.6738658,0.3459868
2569-08-21 12:24:44.513,-0.02157084,0.6738658,0.3459868
2569-08-21 12:24:44.513,-0.02157084,0.6738658,0.3459868
2569-08-21 12:24:44.516,-0.02157084,0.6738658,0.3459868
2569-08-21 12:24:44.516,-0.02157084,0.6738658,0.3459868
2569-08-21 12:24:44.527,-0.02157084,0.6738658,0.3459868
2569-08-21 12:24:44.527,-0.02157084,0.6738658,0.3459868
2569-08-21 12:24:44.530,-0.02157084,0.6738658,0.3459868
2569-08-21 12:24:44.530,-0.02157084,0.6738658,0.3459868
2569-08-21 12:24:44.532,-0.02157084,0.6738658,0.3459868
2569-08-21 12:24:44.532,-0.02157084,0.6738658,0.3459868
2569-08-21 12:24:44.535,-0.02157084,0.6738658,0.3459868
2569-08-21 12:24:44.535,-0.02157084,0.6738658,0.3459868
2569-08-21 12:24:44.535,-0.02157084,0.6738658,0.3459868
2569-08-21 12:24:44.537,-0.02157084,0.6738658,0.3459868
2569-08-21 12:24:44.537,-0.02157084,0.6738658,0.3459868
2569-08-21 12:24:44.551,-0.02157084,0.6738658,0.3459868
2569-08-21 12:24:44.551,-0.02157084,0.6738658,0.3459868
2569-08-21 12:24:44.554,-0.02157084,0.6738658,0.3459868
2569-08-21 12:24:44.554,-0.02157084,0.6738658,0.3459868
2569-08-21 12:24:44.554,-0.02157084,0.6738658,0.3459868
2569-08-21 12:24:44.557,-0.02157084,0.6738658,0.3459868
2569-08-21 12:24:44.557,-0.02157084,0.6738658,0.3459868
2569-08-21 12:24:44.559,-0.02157084,0.6738658,0.3459868
2569-08-21 12:24:44.559,-0.02157084,0.6738658,0.3459868
2569-08-21 12:24:44.561,-0.02157084,0.6738658,0.3459868
2569-08-21 12:24:44.561,-0.02157084,0.6738658,0.3459868
2569-08-21 12:24:44.572,-0.02157084,0.6738658,0.3459868
2569-08-21 12:24:44.572,-0.02157084,0.6738658,0.3459868
2569-08-21 12:24:44.574,-0.02157084,0.6738658,0.3459868
2569-08-21 12:24:44.575,-0.02157084,0.6738658,0.3459868
2569-08-21 12:24:44.575,-0.02157084,0.6738658,0.3459868
2569-08-21 12:24:44.577,-0.02157084,0.6738658,0.3459868
2569-08-21 12:24:44.577,-0.02157084,0.6738658,0.3459868
2569-08-21 12:24:44.579,-0.02157084,0.6738658,0.3459868
2569-08-21 12:24:44.579,-0.02157084,0.6738658,0.3459868
2569-08-21 12:24:44.582,-0.02157084,0.6738658,0.3459868
2569-08-21 12:24:44.582,-0.02157084,0.6738658,0.3459868
2569-08-21 12:24:44.596,-0.02157084,0.6738658,0.3459868
2569-08-21 12:24:44.596,-0.02157084,0.6738658,0.3459868
2569-08-21 12:24:44.599,-0.02157084,0.6738658,0.3459868
2569-08-21 12:24:44.599,-0.02157084,0.6738658,0.3459868
2569-08-21 12:24:44.599,-0.02157084,0.6738658,0.3459868
2569-08-21 12:24:44.602,-0.02157084,0.6738658,0.3459868
2569-08-21 12:24:44.602,-0.02157084,0.6738658,0.3459868
2569-08-21 12:24:44.604,-0.02157084,0.6738658,0.3459868
2569-08-21 12:24:44.604,-0.02157084,0.6738658,0.3459868
2569-08-21 12:24:44.607,-0.02157084,0.6738658,0.3459868
2569-08-21 12:24:44.607,-0.02157084,0.6738658,0.3459868
2569-08-21 12:24:44.617,-0.02157084,0.6738658,0.3459868
2569-08-21 12:24:44.617,-0.02157084,0.6738658,0.3459868
2569-08-21 12:24:44.619,-0.02157084,0.6738658,0.3459868
2569-08-21 12:24:44.619,-0.02157084,0.6738658,0.3459868
2569-08-21 12:24:44.619,-0.02157084,0.6738658,0.3459868
2569-08-21 12:24:44.622,-0.02157084,0.6738658,0.3459868
2569-08-21 12:24:44.622,-0.02157084,0.6738658,0.3459868
2569-08-21 12:24:44.624,-0.02157084,0.6738658,0.3459868
2569-08-21 12:24:44.624,-0.02157084,0.6738658,0.3459868
2569-08-21 12:24:44.628,-0.02157084,0.6738658,0.3459868
2569-08-21 12:24:44.628,-0.02157084,0.6738658,0.3459868
2569-08-21 12:24:44.641,-0.02157084,0.6738658,0.3459868
2569-08-21 12:24:44.641,-0.02157084,0.6738658,0.3459868
2569-08-21 12:24:44.644,-0.02157084,0.6738658,0.3459868
2569-08-21 12:24:44.645,-0.02157084,0.6738658,0.3459868
2569-08-21 12:24:44.645,-0.02157084,0.6738658,0.3459868
2569-08-21 12:24:44.647,-0.02157084,0.6738658,0.3459868
2569-08-21 12:24:44.647,-0.02157084,0.6738658,0.3459868
2569-08-21 12:24:44.649,-0.02157084,0.6738658,0.3459868
2569-08-21 12:24:44.649,-0.02157084,0.6738658,0.3459868
2569-08-21 12:24:44.652,-0.02157084,0.6738658,0.3459868
2569-08-21 12:24:44.652,-0.02157084,0.6738658,0.3459868
2569-08-21 12:24:44.654,-0.02157084,0.6738658,0.3459868
2569-08-21 12:24:44.661,-0.02157084,0.6738658,0.3459868
2569-08-21 12:24:44.661,-0.02157084,0.6738658,0.3459868
2569-08-21 12:24:44.664,-0.02157084,0.6738658,0.3459868
2569-08-21 12:24:44.664,-0.02157084,0.6738658,0.3459868
2569-08-21 12:24:44.666,-0.02157084,0.6738658,0.3459868
2569-08-21 12:24:44.666,-0.02157084,0.6738658,0.3459868
2569-08-21 12:24:44.670,-0.02157084,0.6738658,0.3459868
2569-08-21 12:24:44.670,-0.02157084,0.6738658,0.3459868
2569-08-21 12:24:44.672,-0.02157084,0.6738658,0.3459868
2569-08-21 12:24:44.672,-0.02157084,0.6738658,0.3459868
2569-08-21 12:24:44.674,-0.02157084,0.6738658,0.3459868
2569-08-21 12:24:44.686,-0.02157084,0.6738658,0.3459868
2569-08-21 12:24:44.686,-0.02157084,0.6738658,0.3459868
2569-08-21 12:24:44.690,-0.02157084,0.6738658,0.3459868
2569-08-21 12:24:44.690,-0.02157084,0.6738658,0.3459868
2569-08-21 12:24:44.693,-0.02157084,0.6738658,0.3459868
2569-08-21 12:24:44.693,-0.02157084,0.6738658,0.3459868
2569-08-21 12:24:44.695,-0.02157084,0.6738658,0.3459868
2569-08-21 12:24:44.695,-0.02157084,0.6738658,0.3459868
2569-08-21 12:24:44.695,-0.02157084,0.6738658,0.3459868
2569-08-21 12:24:44.698,-0.02157084,0.6738658,0.3459868
2569-08-21 12:24:44.698,-0.02157084,0.6738658,0.3459868
2569-08-21 12:24:44.707,-0.02157084,0.6738658,0.3459868
2569-08-21 12:24:44.707,-0.02157084,0.6738658,0.3459868
2569-08-21 12:24:44.710,-0.02157084,0.6738658,0.3459868
2569-08-21 12:24:44.710,-0.02157084,0.6738658,0.3459868
2569-08-21 12:24:44.713,-0.02157084,0.6738658,0.3459868
2569-08-21 12:24:44.713,-0.02157084,0.6738658,0.3459868
2569-08-21 12:24:44.715,-0.02157084,0.6738658,0.3459868
2569-08-21 12:24:44.715,-0.02157084,0.6738658,0.3459868
2569-08-21 12:24:44.715,-0.02157084,0.6738658,0.3459868
2569-08-21 12:24:44.718,-0.02157084,0.6738658,0.3459868
2569-08-21 12:24:44.718,-0.02157084,0.6738658,0.3459868
2569-08-21 12:24:44.731,-0.02157084,0.6738658,0.3459868
2569-08-21 12:24:44.731,-0.02157084,0.6738658,0.3459868
2569-08-21 12:24:44.735,-0.02157084,0.6738658,0.3459868
2569-08-21 12:24:44.735,-0.02157084,0.6738658,0.3459868
2569-08-21 12:24:44.735,-0.02157084,0.6738658,0.3459868
2569-08-21 12:24:44.738,-0.02157084,0.6738658,0.3459868
2569-08-21 12:24:44.738,-0.02157084,0.6738658,0.3459868
2569-08-21 12:24:44.751,-0.02157084,0.6738658,0.3459868
2569-08-21 12:24:44.751,-0.02157084,0.6738658,0.3459868
2569-08-21 12:24:44.755,-0.02157084,0.6738658,0.3459868
2569-08-21 12:24:44.755,-0.02157084,0.6738658,0.3459868
2569-08-21 12:24:44.755,-0.02157084,0.6738658,0.3459868
2569-08-21 12:24:44.757,-0.02157084,0.6738658,0.3459868
2569-08-21 12:24:44.757,-0.02157084,0.6738658,0.3459868
2569-08-21 12:24:44.760,-0.02157084,0.6738658,0.3459868
2569-08-21 12:24:44.760,-0.02157084,0.6738658,0.3459868
2569-08-21 12:24:44.762,-0.02157084,0.6738658,0.3459868
2569-08-21 12:24:44.762,-0.02157084,0.6738658,0.3459868
2569-08-21 12:24:44.772,-0.02157084,0.6738658,0.3459868
2569-08-21 12:24:44.772,-0.02157084,0.6738658,0.3459868
2569-08-21 12:24:44.774,-0.02157084,0.6738658,0.3459868
2569-08-21 12:24:44.775,-0.02157084,0.6738658,0.3459868
2569-08-21 12:24:44.775,-0.02157084,0.6738658,0.3459868
2569-08-21 12:24:44.777,-0.02157084,0.6738658,0.3459868
2569-08-21 12:24:44.777,-0.02157084,0.6738658,0.3459868
2569-08-21 12:24:44.779,-0.02157084,0.6738658,0.3459868
2569-08-21 12:24:44.779,-0.02157084,0.6738658,0.3459868
2569-08-21 12:24:44.783,-0.02157084,0.6738658,0.3459868
2569-08-21 12:24:44.783,-0.02157084,0.6738658,0.3459868
2569-08-21 12:24:44.784,-0.02157084,0.6738658,0.3459868
2569-08-21 12:24:44.784,-0.02157084,0.6738658,0.3459868
2569-08-21 12:24:44.797,-0.02157084,0.6738658,0.3459868
2569-08-21 12:24:44.797,-0.02157084,0.6738658,0.3459868
2569-08-21 12:24:44.800,-0.02157084,0.6738658,0.3459868
2569-08-21 12:24:44.800,-0.02157084,0.6738658,0.3459868
2569-08-21 12:24:44.800,-0.02157084,0.6738658,0.3459868
2569-08-21 12:24:44.802,-0.02157084,0.6738658,0.3459868
2569-08-21 12:24:44.802,-0.02157084,0.6738658,0.3459868
2569-08-21 12:24:44.805,-0.02157084,0.6738658,0.3459868
2569-08-21 12:24:44.805,-0.02157084,0.6738658,0.3459868
2569-08-21 12:24:44.807,-0.02157084,0.6738658,0.3459868
2569-08-21 12:24:44.807,-0.02157084,0.6738658,0.3459868
2569-08-21 12:24:44.817,-0.02157084,0.6738658,0.3459868
2569-08-21 12:24:44.817,-0.02157084,0.6738658,0.3459868
2569-08-21 12:24:44.821,-0.02157084,0.6738658,0.3459868
2569-08-21 12:24:44.821,-0.02157084,0.6738658,0.3459868
2569-08-21 12:24:44.821,-0.02157084,0.6738658,0.3459868
2569-08-21 12:24:44.823,-0.02157084,0.6738658,0.3459868
2569-08-21 12:24:44.823,-0.02157084,0.6738658,0.3459868
2569-08-21 12:24:44.826,-0.02157084,0.6738658,0.3459868
2569-08-21 12:24:44.826,-0.02157084,0.6738658,0.3459868
2569-08-21 12:24:44.827,-0.02157084,0.6738658,0.3459868
2569-08-21 12:24:44.827,-0.02157084,0.6738658,0.3459868
2569-08-21 12:24:44.842,-0.02157084,0.6738658,0.3459868
2569-08-21 12:24:44.842,-0.02157084,0.6738658,0.3459868
2569-08-21 12:24:44.845,-0.02157084,0.6738658,0.3459868
2569-08-21 12:24:44.845,-0.02157084,0.6738658,0.3459868
2569-08-21 12:24:44.845,-0.02157084,0.6738658,0.3459868
2569-08-21 12:24:44.847,-0.02157084,0.6738658,0.3459868
2569-08-21 12:24:44.848,-0.02157084,0.6738658,0.3459868
2569-08-21 12:24:44.850,-0.02157084,0.6738658,0.3459868
2569-08-21 12:24:44.850,-0.02157084,0.6738658,0.3459868
2569-08-21 12:24:44.853,-0.02157084,0.6738658,0.3459868
2569-08-21 12:24:44.853,-0.02157084,0.6738658,0.3459868
2569-08-21 12:24:44.855,-0.02157084,0.6738658,0.3459868
2569-08-21 12:24:44.862,-0.02157084,0.6738658,0.3459868
2569-08-21 12:24:44.862,-0.02157084,0.6738658,0.3459868
2569-08-21 12:24:44.866,-0.02157084,0.6738658,0.3459868
2569-08-21 12:24:44.866,-0.02157084,0.6738658,0.3459868
2569-08-21 12:24:44.868,-0.02157084,0.6738658,0.3459868
2569-08-21 12:24:44.868,-0.02157084,0.6738658,0.3459868
2569-08-21 12:24:44.870,-0.02157084,0.6738658,0.3459868
2569-08-21 12:24:44.870,-0.02157084,0.6738658,0.3459868
2569-08-21 12:24:44.873,-0.02157084,0.6738658,0.3459868
2569-08-21 12:24:44.873,-0.02157084,0.6738658,0.3459868
2569-08-21 12:24:44.874,-0.02157084,0.6738658,0.3459868
2569-08-21 12:24:44.887,-0.02157084,0.6738658,0.3459868
2569-08-21 12:24:44.887,-0.02157084,0.6738658,0.3459868
2569-08-21 12:24:44.891,-0.02157084,0.6738658,0.3459868
2569-08-21 12:24:44.891,-0.02157084,0.6738658,0.3459868
2569-08-21 12:24:44.893,-0.02157084,0.6738658,0.3459868
2569-08-21 12:24:44.893,-0.02157084,0.6738658,0.3459868
2569-08-21 12:24:44.895,-0.02157084,0.6738658,0.3459868
2569-08-21 12:24:44.896,-0.02157084,0.6738658,0.3459868
2569-08-21 12:24:44.896,-0.02157084,0.6738658,0.3459868
2569-08-21 12:24:44.897,-0.02157084,0.6738658,0.3459868
2569-08-21 12:24:44.897,-0.02157084,0.6738658,0.3459868
2569-08-21 12:24:44.908,-0.02157084,0.6738658,0.3459868
2569-08-21 12:24:44.908,-0.02157084,0.6738658,0.3459868
2569-08-21 12:24:44.910,-0.02157084,0.6738658,0.3459868
2569-08-21 12:24:44.910,-0.02157084,0.6738658,0.3459868
2569-08-21 12:24:44.913,-0.02157084,0.6738658,0.3459868
2569-08-21 12:24:44.913,-0.02157084,0.6738658,0.3459868
2569-08-21 12:24:44.915,-0.02157084,0.6738658,0.3459868
2569-08-21 12:24:44.915,-0.02157084,0.6738658,0.3459868
2569-08-21 12:24:44.915,-0.02157084,0.6738658,0.3459868
2569-08-21 12:24:44.918,-0.02157084,0.6738658,0.3459868
2569-08-21 12:24:44.918,-0.02157084,0.6738658,0.3459868
2569-08-21 12:24:44.931,-0.02157084,0.6738658,0.3459868
2569-08-21 12:24:44.931,-0.02157084,0.6738658,0.3459868
2569-08-21 12:24:44.935,-0.02157084,0.6738658,0.3459868
2569-08-21 12:24:44.935,-0.02157084,0.6738658,0.3459868
2569-08-21 12:24:44.935,-0.02157084,0.6738658,0.3459868
2569-08-21 12:24:44.937,-0.02157084,0.6738658,0.3459868
2569-08-21 12:24:44.937,-0.02157084,0.6738658,0.3459868
2569-08-21 12:24:44.940,-0.02157084,0.6738658,0.3459868
2569-08-21 12:24:44.940,-0.02157084,0.6738658,0.3459868
2569-08-21 12:24:44.953,-0.02157084,0.6738658,0.3459868
2569-08-21 12:24:44.953,-0.02157084,0.6738658,0.3459868
2569-08-21 12:24:44.955,-0.02157084,0.6738658,0.3459868
2569-08-21 12:24:44.955,-0.02157084,0.6738658,0.3459868
2569-08-21 12:24:44.955,-0.02157084,0.6738658,0.3459868
2569-08-21 12:24:44.958,-0.02157084,0.6738658,0.3459868
2569-08-21 12:24:44.958,-0.02157084,0.6738658,0.3459868
2569-08-21 12:24:44.960,-0.02157084,0.6738658,0.3459868
2569-08-21 12:24:44.960,-0.02157084,0.6738658,0.3459868
2569-08-21 12:24:44.962,-0.02157084,0.6738658,0.3459868
2569-08-21 12:24:44.962,-0.02157084,0.6738658,0.3459868
2569-08-21 12:24:44.973,-0.02157084,0.6738658,0.3459868
2569-08-21 12:24:44.973,-0.02157084,0.6738658,0.3459868
2569-08-21 12:24:44.975,-0.02157084,0.6738658,0.3459868
2569-08-21 12:24:44.976,-0.02157084,0.6738658,0.3459868
2569-08-21 12:24:44.976,-0.02157084,0.6738658,0.3459868
2569-08-21 12:24:44.979,-0.02157084,0.6738658,0.3459868
2569-08-21 12:24:44.979,-0.02157084,0.6738658,0.3459868
2569-08-21 12:24:44.981,-0.02157084,0.6738658,0.3459868
2569-08-21 12:24:44.981,-0.02157084,0.6738658,0.3459868
2569-08-21 12:24:44.984,-0.02157084,0.6738658,0.3459868
2569-08-21 12:24:44.984,-0.02157084,0.6738658,0.3459868
2569-08-21 12:24:44.997,-0.02157084,0.6738658,0.3459868
2569-08-21 12:24:44.998,-0.02157084,0.6738658,0.3459868
2569-08-21 12:24:45.000,-0.02157084,0.6738658,0.3459868
2569-08-21 12:24:45.001,-0.02157084,0.6738658,0.3459868
2569-08-21 12:24:45.001,-0.02157084,0.6738658,0.3459868
2569-08-21 12:24:45.003,-0.02157084,0.6738658,0.3459868
2569-08-21 12:24:45.003,-0.02157084,0.6738658,0.3459868
2569-08-21 12:24:45.006,-0.02157084,0.6738658,0.3459868
2569-08-21 12:24:45.006,-0.02157084,0.6738658,0.3459868
2569-08-21 12:24:45.008,-0.02157084,0.6738658,0.3459868
2569-08-21 12:24:45.008,-0.02157084,0.6738658,0.3459868
2569-08-21 12:24:45.018,-0.02157084,0.6738658,0.3459868
2569-08-21 12:24:45.018,-0.02157084,0.6738658,0.3459868
2569-08-21 12:24:45.020,-0.02157084,0.6738658,0.3459868
2569-08-21 12:24:45.020,-0.02157084,0.6738658,0.3459868
2569-08-21 12:24:45.021,-0.02157084,0.6738658,0.3459868
2569-08-21 12:24:45.023,-0.02157084,0.6738658,0.3459868
2569-08-21 12:24:45.023,-0.02157084,0.6738658,0.3459868
2569-08-21 12:24:45.026,-0.02157084,0.6738658,0.3459868
2569-08-21 12:24:45.026,-0.02157084,0.6738658,0.3459868
2569-08-21 12:24:45.028,-0.02157084,0.6738658,0.3459868
2569-08-21 12:24:45.028,-0.02157084,0.6738658,0.3459868
2569-08-21 12:24:45.043,-0.02157084,0.6738658,0.3459868
2569-08-21 12:24:45.043,-0.02157084,0.6738658,0.3459868
2569-08-21 12:24:45.045,-0.02157084,0.6738658,0.3459868
2569-08-21 12:24:45.046,-0.02157084,0.6738658,0.3459868
2569-08-21 12:24:45.046,-0.02157084,0.6738658,0.3459868
2569-08-21 12:24:45.048,-0.02157084,0.6738658,0.3459868
2569-08-21 12:24:45.048,-0.02157084,0.6738658,0.3459868
2569-08-21 12:24:45.051,-0.02157084,0.6738658,0.3459868
2569-08-21 12:24:45.051,-0.02157084,0.6738658,0.3459868
2569-08-21 12:24:45.053,-0.02157084,0.6738658,0.3459868
2569-08-21 12:24:45.053,-0.02157084,0.6738658,0.3459868
2569-08-21 12:24:45.053,-0.02157084,0.6738658,0.3459868
2569-08-21 12:24:45.063,-0.02157084,0.6738658,0.3459868
2569-08-21 12:24:45.063,-0.02157084,0.6738658,0.3459868
2569-08-21 12:24:45.065,-0.02157084,0.6738658,0.3459868
2569-08-21 12:24:45.065,-0.02157084,0.6738658,0.3459868
2569-08-21 12:24:45.069,-0.02157084,0.6738658,0.3459868
2569-08-21 12:24:45.069,-0.02157084,0.6738658,0.3459868
2569-08-21 12:24:45.071,-0.02157084,0.6738658,0.3459868
2569-08-21 12:24:45.071,-0.02157084,0.6738658,0.3459868
2569-08-21 12:24:45.072,-0.02157084,0.6738658,0.3459868
2569-08-21 12:24:45.074,-0.02157084,0.6738658,0.3459868
2569-08-21 12:24:45.074,-0.02157084,0.6738658,0.3459868
2569-08-21 12:24:45.088,-0.02157084,0.6738658,0.3459868
2569-08-21 12:24:45.088,-0.02157084,0.6738658,0.3459868
2569-08-21 12:24:45.091,-0.02157084,0.6738658,0.3459868
2569-08-21 12:24:45.091,-0.02157084,0.6738658,0.3459868
2569-08-21 12:24:45.094,-0.02157084,0.6738658,0.3459868
2569-08-21 12:24:45.094,-0.02157084,0.6738658,0.3459868
2569-08-21 12:24:45.094,-0.02157084,0.6738658,0.3459868
2569-08-21 12:24:45.096,-0.02157084,0.6738658,0.3459868
2569-08-21 12:24:45.096,-0.02157084,0.6738658,0.3459868
2569-08-21 12:24:45.099,-0.02157084,0.6738658,0.3459868
2569-08-21 12:24:45.099,-0.02157084,0.6738658,0.3459868
2569-08-21 12:24:45.108,-0.02157084,0.6738658,0.3459868
2569-08-21 12:24:45.108,-0.02157084,0.6738658,0.3459868
2569-08-21 12:24:45.111,-0.02157084,0.6738658,0.3459868
2569-08-21 12:24:45.111,-0.02157084,0.6738658,0.3459868
2569-08-21 12:24:45.114,-0.02157084,0.6738658,0.3459868
2569-08-21 12:24:45.114,-0.02157084,0.6738658,0.3459868
2569-08-21 12:24:45.114,-0.02157084,0.6738658,0.3459868
2569-08-21 12:24:45.117,-0.02157084,0.6738658,0.3459868
2569-08-21 12:24:45.117,-0.02157084,0.6738658,0.3459868
2569-08-21 12:24:45.119,-0.02157084,0.6738658,0.3459868
2569-08-21 12:24:45.119,-0.02157084,0.6738658,0.3459868
2569-08-21 12:24:45.133,-0.02157084,0.6738658,0.3459868
2569-08-21 12:24:45.133,-0.02157084,0.6738658,0.3459868
2569-08-21 12:24:45.135,-0.02157084,0.6738658,0.3459868
2569-08-21 12:24:45.135,-0.02157084,0.6738658,0.3459868
2569-08-21 12:24:45.135,-0.02157084,0.6738658,0.3459868
2569-08-21 12:24:45.138,-0.02157084,0.6738658,0.3459868
2569-08-21 12:24:45.138,-0.02157084,0.6738658,0.3459868
2569-08-21 12:24:45.140,-0.02157084,0.6738658,0.3459868
2569-08-21 12:24:45.141,-0.02157084,0.6738658,0.3459868
2569-08-21 12:24:45.143,-0.02157084,0.6738658,0.3459868
2569-08-21 12:24:45.143,-0.02157084,0.6738658,0.3459868
2569-08-21 12:24:45.153,-0.02157084,0.6738658,0.3459868
2569-08-21 12:24:45.153,-0.02157084,0.6738658,0.3459868
2569-08-21 12:24:45.156,-0.02157084,0.6738658,0.3459868
2569-08-21 12:24:45.156,-0.02157084,0.6738658,0.3459868
2569-08-21 12:24:45.156,-0.02157084,0.6738658,0.3459868
2569-08-21 12:24:45.159,-0.02157084,0.6738658,0.3459868
2569-08-21 12:24:45.159,-0.02157084,0.6738658,0.3459868
2569-08-21 12:24:45.161,-0.02157084,0.6738658,0.3459868
2569-08-21 12:24:45.162,-0.02157084,0.6738658,0.3459868
2569-08-21 12:24:45.164,-0.02157084,0.6738658,0.3459868
2569-08-21 12:24:45.164,-0.02157084,0.6738658,0.3459868
2569-08-21 12:24:45.177,-0.02157084,0.6738658,0.3459868
2569-08-21 12:24:45.177,-0.02157084,0.6738658,0.3459868
2569-08-21 12:24:45.181,-0.02157084,0.6738658,0.3459868
2569-08-21 12:24:45.182,-0.02066595,0.673823,0.3459868
2569-08-21 12:24:45.182,-0.02066595,0.673823,0.3459868
2569-08-21 12:24:45.184,-0.02049975,0.673815,0.3459868
2569-08-21 12:24:45.184,-0.02049975,0.673815,0.3459868
2569-08-21 12:24:45.198,-0.02033047,0.6738068,0.3459868
2569-08-21 12:24:45.198,-0.02033047,0.6738068,0.3459868
2569-08-21 12:24:45.201,-0.02033047,0.6738068,0.3459868
2569-08-21 12:24:45.202,-0.0194042,0.6737612,0.3459868
2569-08-21 12:24:45.202,-0.0194042,0.6737612,0.3459868
2569-08-21 12:24:45.219,-0.01874712,0.6737282,0.3459868
2569-08-21 12:24:45.219,-0.01874712,0.6737282,0.3459868
2569-08-21 12:24:45.227,-0.01874712,0.6737282,0.3459868
2569-08-21 12:24:45.229,-0.01770211,0.6736743,0.3459868
2569-08-21 12:24:45.229,-0.01770211,0.6736743,0.3459868
2569-08-21 12:24:45.237,-0.01770211,0.6736743,0.3459868
2569-08-21 12:24:45.244,-0.01713076,0.6736441,0.3459868
2569-08-21 12:24:45.244,-0.01713076,0.6736441,0.3459868
2569-08-21 12:24:45.253,-0.01713076,0.6736441,0.3459868
2569-08-21 12:24:45.254,-0.01607084,0.6735868,0.3459868
2569-08-21 12:24:45.254,-0.01607084,0.6735868,0.3459868
2569-08-21 12:24:45.263,-0.01549884,0.6735552,0.3459868
2569-08-21 12:24:45.263,-0.01549884,0.6735552,0.3459868
2569-08-21 12:24:45.267,-0.01522687,0.67354,0.3459868
2569-08-21 12:24:45.267,-0.01522687,0.67354,0.3459868
2569-08-21 12:24:45.275,-0.01522687,0.67354,0.3459868
2569-08-21 12:24:45.275,-0.01467839,0.6735091,0.3459868
2569-08-21 12:24:45.275,-0.01467839,0.6735091,0.3459868
2569-08-21 12:24:45.288,-0.01419085,0.673481,0.3459868
2569-08-21 12:24:45.289,-0.01419085,0.673481,0.3459868
2569-08-21 12:24:45.297,-0.01419085,0.673481,0.3459868
2569-08-21 12:24:45.297,-0.01338668,0.6734343,0.3459868
2569-08-21 12:24:45.297,-0.01338668,0.6734343,0.3459868
2569-08-21 12:24:45.309,-0.01338668,0.6734343,0.3459868
2569-08-21 12:24:45.309,-0.01338668,0.6734343,0.3459868
2569-08-21 12:24:45.318,-0.01338668,0.6734343,0.3459868
2569-08-21 12:24:45.318,-0.01338668,0.6734343,0.3459868
2569-08-21 12:24:45.318,-0.01338668,0.6734343,0.3459868
2569-08-21 12:24:45.333,-0.01338668,0.6734343,0.3459868
2569-08-21 12:24:45.333,-0.01338668,0.6734343,0.3459868
2569-08-21 12:24:45.343,-0.01338668,0.6734343,0.3459868
2569-08-21 12:24:45.343,-0.01338668,0.6734343,0.3459868
2569-08-21 12:24:45.343,-0.01338668,0.6734343,0.3459868
2569-08-21 12:24:45.346,-0.01338668,0.6734343,0.3459868
2569-08-21 12:24:45.346,-0.01338668,0.6734343,0.3459868
2569-08-21 12:24:45.353,-0.01338668,0.6734343,0.3459868
2569-08-21 12:24:45.353,-0.01338668,0.6734343,0.3459868
2569-08-21 12:24:45.356,-0.01338668,0.6734343,0.3459868
2569-08-21 12:24:45.357,-0.01338668,0.6734343,0.3459868
2569-08-21 12:24:45.357,-0.01338668,0.6734343,0.3459868
2569-08-21 12:24:45.365,-0.01338668,0.6734343,0.3459868
2569-08-21 12:24:45.365,-0.01338668,0.6734343,0.3459868
2569-08-21 12:24:45.378,-0.01338668,0.6734343,0.3459868
2569-08-21 12:24:45.378,-0.01338668,0.6734343,0.3459868
2569-08-21 12:24:45.381,-0.01338668,0.6734343,0.3459868
2569-08-21 12:24:45.382,-0.01338668,0.6734343,0.3459868
2569-08-21 12:24:45.382,-0.01338668,0.6734343,0.3459868
2569-08-21 12:24:45.384,-0.01338668,0.6734343,0.3459868
2569-08-21 12:24:45.384,-0.01338668,0.6734343,0.3459868
2569-08-21 12:24:45.386,-0.01338668,0.6734343,0.3459868
2569-08-21 12:24:45.386,-0.01338668,0.6734343,0.3459868
2569-08-21 12:24:45.389,-0.01338668,0.6734343,0.3459868
2569-08-21 12:24:45.389,-0.01338668,0.6734343,0.3459868
2569-08-21 12:24:45.399,-0.01338668,0.6734343,0.3459868
2569-08-21 12:24:45.399,-0.01338668,0.6734343,0.3459868
2569-08-21 12:24:45.402,-0.01338668,0.6734343,0.3459868
2569-08-21 12:24:45.402,-0.01338668,0.6734343,0.3459868
2569-08-21 12:24:45.402,-0.01338668,0.6734343,0.3459868
2569-08-21 12:24:45.404,-0.01338668,0.6734343,0.3459868
2569-08-21 12:24:45.404,-0.01338668,0.6734343,0.3459868
2569-08-21 12:24:45.407,-0.01338668,0.6734343,0.3459868
2569-08-21 12:24:45.407,-0.01338668,0.6734343,0.3459868
2569-08-21 12:24:45.410,-0.01338668,0.6734343,0.3459868
2569-08-21 12:24:45.410,-0.01338668,0.6734343,0.3459868
2569-08-21 12:24:45.423,-0.01338668,0.6734343,0.3459868
2569-08-21 12:24:45.423,-0.01338668,0.6734343,0.3459868
2569-08-21 12:24:45.426,-0.01338668,0.6734343,0.3459868
2569-08-21 12:24:45.426,-0.01338668,0.6734343,0.3459868
2569-08-21 12:24:45.427,-0.01338668,0.6734343,0.3459868
2569-08-21 12:24:45.430,-0.01338668,0.6734343,0.3459868
2569-08-21 12:24:45.430,-0.01338668,0.6734343,0.3459868
2569-08-21 12:24:45.444,-0.01338668,0.6734343,0.3459868
2569-08-21 12:24:45.444,-0.01338668,0.6734343,0.3459868
2569-08-21 12:24:45.447,-0.01338668,0.6734343,0.3459868
2569-08-21 12:24:45.447,-0.01338668,0.6734343,0.3459868
2569-08-21 12:24:45.447,-0.01338668,0.6734343,0.3459868
2569-08-21 12:24:45.450,-0.01338668,0.6734343,0.3459868
2569-08-21 12:24:45.450,-0.01338668,0.6734343,0.3459868
2569-08-21 12:24:45.452,-0.01338668,0.6734343,0.3459868
2569-08-21 12:24:45.454,-0.01338668,0.6734343,0.3459868
2569-08-21 12:24:45.454,-0.01338668,0.6734343,0.3459868
2569-08-21 12:24:45.456,-0.01338668,0.6734343,0.3459868
2569-08-21 12:24:45.457,-0.01338668,0.6734343,0.3459868
2569-08-21 12:24:45.465,-0.01338668,0.6734343,0.3459868
2569-08-21 12:24:45.465,-0.01338668,0.6734343,0.3459868
2569-08-21 12:24:45.466,-0.01277078,0.6733977,0.3459868
2569-08-21 12:24:45.466,-0.01277078,0.6733977,0.3459868
2569-08-21 12:24:45.471,-0.0125677,0.6733856,0.3459868
2569-08-21 12:24:45.471,-0.0125677,0.6733856,0.3459868
2569-08-21 12:24:45.480,-0.0125677,0.6733856,0.3459868
2569-08-21 12:24:45.489,-0.01177138,0.6733373,0.3459868
2569-08-21 12:24:45.489,-0.01177138,0.6733373,0.3459868
2569-08-21 12:24:45.500,-0.01177138,0.6733373,0.3459868
2569-08-21 12:24:45.500,-0.01036518,0.6732497,0.3459868
2569-08-21 12:24:45.500,-0.01036518,0.6732497,0.3459868
2569-08-21 12:24:45.510,-0.009595178,0.6732005,0.3459868
2569-08-21 12:24:45.510,-0.009595178,0.6732005,0.3459868
2569-08-21 12:24:45.518,-0.009595178,0.6732005,0.3459868
2569-08-21 12:24:45.519,-0.008789599,0.6731481,0.3459868
2569-08-21 12:24:45.519,-0.008789599,0.6731481,0.3459868
2569-08-21 12:24:45.534,-0.00802397,0.6730974,0.3459868
2569-08-21 12:24:45.534,-0.00802397,0.6730974,0.3459868
2569-08-21 12:24:45.543,-0.00802397,0.6730974,0.3459868
2569-08-21 12:24:45.544,-0.006575778,0.6729991,0.3459868
2569-08-21 12:24:45.544,-0.006575778,0.6729991,0.3459868
2569-08-21 12:24:45.554,-0.0058176,0.6729463,0.3459868
2569-08-21 12:24:45.554,-0.0058176,0.6729463,0.3459868
2569-08-21 12:24:45.563,-0.0058176,0.6729463,0.3459868
2569-08-21 12:24:45.563,-0.004884627,0.6728803,0.3459868
2569-08-21 12:24:45.563,-0.004884627,0.6728803,0.3459868
2569-08-21 12:24:45.580,-0.00419132,0.6728303,0.3459868
2569-08-21 12:24:45.580,-0.00419132,0.6728303,0.3459868
2569-08-21 12:24:45.587,-0.00419132,0.6728303,0.3459868
2569-08-21 12:24:45.587,-0.003012054,0.6727437,0.3459868
2569-08-21 12:24:45.587,-0.003012054,0.6727437,0.3459868
2569-08-21 12:24:45.597,-0.003012054,0.6727437,0.3459868
2569-08-21 12:24:45.600,-0.002364744,0.6726953,0.3459868
2569-08-21 12:24:45.600,-0.002364744,0.6726953,0.3459868
2569-08-21 12:24:45.607,-0.001574907,0.6726354,0.3459868
2569-08-21 12:24:45.607,-0.001574907,0.6726354,0.3459868
2569-08-21 12:24:45.616,-0.001574907,0.6726354,0.3459868
2569-08-21 12:24:45.624,-0.001032915,0.6725938,0.3459868
2569-08-21 12:24:45.624,-0.001032915,0.6725938,0.3459868
2569-08-21 12:24:45.627,-0.0004141741,0.6725457,0.3459868
2569-08-21 12:24:45.627,-0.0004141741,0.6725457,0.3459868
2569-08-21 12:24:45.637,-0.0004141741,0.6725457,0.3459868
2569-08-21 12:24:45.645,-0.0004141741,0.6725457,0.3459868
2569-08-21 12:24:45.645,-0.0004141741,0.6725457,0.3459868
2569-08-21 12:24:45.654,-0.0004141741,0.6725457,0.3459868
2569-08-21 12:24:45.655,-0.0004141741,0.6725457,0.3459868
2569-08-21 12:24:45.655,-0.0004141741,0.6725457,0.3459868
2569-08-21 12:24:45.669,-0.0004141741,0.6725457,0.3459868
2569-08-21 12:24:45.669,-0.0004141741,0.6725457,0.3459868
2569-08-21 12:24:45.677,-0.0004141741,0.6725457,0.3459868
2569-08-21 12:24:45.677,-0.0004141741,0.6725457,0.3459868
2569-08-21 12:24:45.677,-0.0004141741,0.6725457,0.3459868
2569-08-21 12:24:45.680,-0.0004141741,0.6725457,0.3459868
2569-08-21 12:24:45.680,-0.0004141741,0.6725457,0.3459868
2569-08-21 12:24:45.690,-0.0004141741,0.6725457,0.3459868
2569-08-21 12:24:45.690,-0.0004141741,0.6725457,0.3459868
2569-08-21 12:24:45.693,-0.0004141741,0.6725457,0.3459868
2569-08-21 12:24:45.693,-0.0004141741,0.6725457,0.3459868
2569-08-21 12:24:45.695,-0.0004141741,0.6725457,0.3459868
2569-08-21 12:24:45.695,-0.0004141741,0.6725457,0.3459868
2569-08-21 12:24:45.695,-0.0004141741,0.6725457,0.3459868
2569-08-21 12:24:45.697,-0.0004141741,0.6725457,0.3459868
2569-08-21 12:24:45.697,-0.0004141741,0.6725457,0.3459868
2569-08-21 12:24:45.700,-0.0004141741,0.6725457,0.3459868
2569-08-21 12:24:45.700,-0.0004141741,0.6725457,0.3459868
2569-08-21 12:24:45.702,-0.0004141741,0.6725457,0.3459868
2569-08-21 12:24:45.702,-0.0004141741,0.6725457,0.3459868
2569-08-21 12:24:45.714,-0.0004141741,0.6725457,0.3459868
2569-08-21 12:24:45.714,-0.0004141741,0.6725457,0.3459868
2569-08-21 12:24:45.718,-0.0004141741,0.6725457,0.3459868
2569-08-21 12:24:45.718,-0.0004141741,0.6725457,0.3459868
2569-08-21 12:24:45.718,-0.0004141741,0.6725457,0.3459868
2569-08-21 12:24:45.721,-0.0004141741,0.6725457,0.3459868
2569-08-21 12:24:45.721,-0.0004141741,0.6725457,0.3459868
2569-08-21 12:24:45.735,-0.0004141741,0.6725457,0.3459868
2569-08-21 12:24:45.735,-0.0004141741,0.6725457,0.3459868
2569-08-21 12:24:45.737,-0.0004141741,0.6725457,0.3459868
2569-08-21 12:24:45.737,-0.0004141741,0.6725457,0.3459868
2569-08-21 12:24:45.737,-0.0004141741,0.6725457,0.3459868
2569-08-21 12:24:45.740,-0.0004141741,0.6725457,0.3459868
2569-08-21 12:24:45.740,-0.0004141741,0.6725457,0.3459868
2569-08-21 12:24:45.743,-0.0004141741,0.6725457,0.3459868
2569-08-21 12:24:45.743,-0.0004141741,0.6725457,0.3459868
2569-08-21 12:24:45.746,-0.0004141741,0.6725457,0.3459868
2569-08-21 12:24:45.746,-0.0004141741,0.6725457,0.3459868
2569-08-21 12:24:45.755,-0.0004141741,0.6725457,0.3459868
2569-08-21 12:24:45.755,-0.0004141741,0.6725457,0.3459868
2569-08-21 12:24:45.757,-0.0004141741,0.6725457,0.3459868
2569-08-21 12:24:45.759,-0.0004141741,0.6725457,0.3459868
2569-08-21 12:24:45.759,-0.0004141741,0.6725457,0.3459868
2569-08-21 12:24:45.762,-0.0004141741,0.6725457,0.3459868
2569-08-21 12:24:45.762,-0.0004141741,0.6725457,0.3459868
2569-08-21 12:24:45.764,-0.0004141741,0.6725457,0.3459868
2569-08-21 12:24:45.764,-0.0004141741,0.6725457,0.3459868
2569-08-21 12:24:45.767,-0.0004141741,0.6725457,0.3459868
2569-08-21 12:24:45.767,-0.0004141741,0.6725457,0.3459868
2569-08-21 12:24:45.780,-0.0004141741,0.6725457,0.3459868
2569-08-21 12:24:45.780,-0.0004141741,0.6725457,0.3459868
2569-08-21 12:24:45.782,-0.0004141741,0.6725457,0.3459868
2569-08-21 12:24:45.782,-0.0004141741,0.6725457,0.3459868
2569-08-21 12:24:45.782,-0.0004141741,0.6725457,0.3459868
2569-08-21 12:24:45.785,-0.0004141741,0.6725457,0.3459868
2569-08-21 12:24:45.785,-0.0004141741,0.6725457,0.3459868
2569-08-21 12:24:45.787,-0.0004141741,0.6725457,0.3459868
2569-08-21 12:24:45.787,-0.0004141741,0.6725457,0.3459868
2569-08-21 12:24:45.790,-0.0004141741,0.6725457,0.3459868
2569-08-21 12:24:45.790,-0.0004141741,0.6725457,0.3459868
2569-08-21 12:24:45.799,-0.0004141741,0.6725457,0.3459868
2569-08-21 12:24:45.799,-0.0004141741,0.6725457,0.3459868
2569-08-21 12:24:45.803,-0.0004141741,0.6725457,0.3459868
2569-08-21 12:24:45.803,-0.0004141741,0.6725457,0.3459868
2569-08-21 12:24:45.803,-0.0004141741,0.6725457,0.3459868
2569-08-21 12:24:45.806,-0.0004141741,0.6725457,0.3459868
2569-08-21 12:24:45.806,-0.0004141741,0.6725457,0.3459868
2569-08-21 12:24:45.807,-0.0004141741,0.6725457,0.3459868
2569-08-21 12:24:45.807,-0.0004141741,0.6725457,0.3459868
2569-08-21 12:24:45.811,-0.0004141741,0.6725457,0.3459868
2569-08-21 12:24:45.811,-0.0004141741,0.6725457,0.3459868
2569-08-21 12:24:45.825,-0.0004141741,0.6725457,0.3459868
2569-08-21 12:24:45.825,-0.0004141741,0.6725457,0.3459868
2569-08-21 12:24:45.827,-0.0004141741,0.6725457,0.3459868
2569-08-21 12:24:45.829,-0.0004141741,0.6725457,0.3459868
2569-08-21 12:24:45.829,-0.0004141741,0.6725457,0.3459868
2569-08-21 12:24:45.832,-0.0004141741,0.6725457,0.3459868
2569-08-21 12:24:45.832,-0.0004141741,0.6725457,0.3459868
2569-08-21 12:24:45.835,-0.0004141741,0.6725457,0.3459868
2569-08-21 12:24:45.835,-0.0004141741,0.6725457,0.3459868
2569-08-21 12:24:45.835,-0.0004141741,0.6725457,0.3459868
2569-08-21 12:24:45.845,-0.0004141741,0.6725457,0.3459868
2569-08-21 12:24:45.845,-0.0004141741,0.6725457,0.3459868
2569-08-21 12:24:45.848,-0.0004141741,0.6725457,0.3459868
2569-08-21 12:24:45.848,-0.0004141741,0.6725457,0.3459868
2569-08-21 12:24:45.851,-0.0004141741,0.6725457,0.3459868
2569-08-21 12:24:45.851,-0.0004141741,0.6725457,0.3459868
2569-08-21 12:24:45.853,-0.0004141741,0.6725457,0.3459868
2569-08-21 12:24:45.854,-0.0004141741,0.6725457,0.3459868
2569-08-21 12:24:45.854,-0.0004141741,0.6725457,0.3459868
2569-08-21 12:24:45.857,-0.0004141741,0.6725457,0.3459868
2569-08-21 12:24:45.857,-0.0004141741,0.6725457,0.3459868
2569-08-21 12:24:45.870,-0.0004141741,0.6725457,0.3459868
2569-08-21 12:24:45.870,-0.0004141741,0.6725457,0.3459868
2569-08-21 12:24:45.873,-0.0004141741,0.6725457,0.3459868
2569-08-21 12:24:45.873,-0.0004141741,0.6725457,0.3459868
2569-08-21 12:24:45.875,-0.0004141741,0.6725457,0.3459868
2569-08-21 12:24:45.875,-0.0004141741,0.6725457,0.3459868
2569-08-21 12:24:45.876,-0.0004141741,0.6725457,0.3459868
2569-08-21 12:24:45.877,-0.0004141741,0.6725457,0.3459868
2569-08-21 12:24:45.877,-0.0004141741,0.6725457,0.3459868
2569-08-21 12:24:45.880,-0.0004141741,0.6725457,0.3459868
2569-08-21 12:24:45.881,-0.0004141741,0.6725457,0.3459868
2569-08-21 12:24:45.890,-0.0004141741,0.6725457,0.3459868
2569-08-21 12:24:45.890,-0.0004141741,0.6725457,0.3459868
2569-08-21 12:24:45.892,-0.0004141741,0.6725457,0.3459868
2569-08-21 12:24:45.893,-0.0004141741,0.6725457,0.3459868
2569-08-21 12:24:45.893,-0.0004141741,0.6725457,0.3459868
2569-08-21 12:24:45.896,-0.0004141741,0.6725457,0.3459868
2569-08-21 12:24:45.896,-0.0004141741,0.6725457,0.3459868
2569-08-21 12:24:45.898,-0.0004141741,0.6725457,0.3459868
2569-08-21 12:24:45.898,-0.0004141741,0.6725457,0.3459868
2569-08-21 12:24:45.900,-0.0004141741,0.6725457,0.3459868
2569-08-21 12:24:45.900,-0.0004141741,0.6725457,0.3459868
2569-08-21 12:24:45.902,-0.0004141741,0.6725457,0.3459868
2569-08-21 12:24:45.902,-0.0004141741,0.6725457,0.3459868
2569-08-21 12:24:45.915,-0.0004141741,0.6725457,0.3459868
2569-08-21 12:24:45.915,-0.0004141741,0.6725457,0.3459868
2569-08-21 12:24:45.918,-0.0004141741,0.6725457,0.3459868
2569-08-21 12:24:45.918,-0.0004141741,0.6725457,0.3459868
2569-08-21 12:24:45.918,-0.0004141741,0.6725457,0.3459868
2569-08-21 12:24:45.920,-0.0004141741,0.6725457,0.3459868
2569-08-21 12:24:45.920,-0.0004141741,0.6725457,0.3459868
2569-08-21 12:24:45.922,-0.0004141741,0.6725457,0.3459868
2569-08-21 12:24:45.922,-0.0004141741,0.6725457,0.3459868
2569-08-21 12:24:45.925,-0.0004141741,0.6725457,0.3459868
2569-08-21 12:24:45.925,-0.0004141741,0.6725457,0.3459868
2569-08-21 12:24:45.935,-0.0004141741,0.6725457,0.3459868
2569-08-21 12:24:45.935,-0.0004141741,0.6725457,0.3459868
2569-08-21 12:24:45.938,-0.0004141741,0.6725457,0.3459868
2569-08-21 12:24:45.938,-0.0004141741,0.6725457,0.3459868
2569-08-21 12:24:45.939,-0.0004141741,0.6725457,0.3459868
2569-08-21 12:24:45.941,-0.0004141741,0.6725457,0.3459868
2569-08-21 12:24:45.941,-0.0004141741,0.6725457,0.3459868
2569-08-21 12:24:45.943,-0.0004141741,0.6725457,0.3459868
2569-08-21 12:24:45.943,-0.0004141741,0.6725457,0.3459868
2569-08-21 12:24:45.946,-0.0004141741,0.6725457,0.3459868
2569-08-21 12:24:45.946,-0.0004141741,0.6725457,0.3459868
2569-08-21 12:24:45.960,-0.0004141741,0.6725457,0.3459868
2569-08-21 12:24:45.960,-0.0004141741,0.6725457,0.3459868
2569-08-21 12:24:45.962,-0.0004141741,0.6725457,0.3459868
2569-08-21 12:24:45.963,-0.0004141741,0.6725457,0.3459868
2569-08-21 12:24:45.963,-0.0004141741,0.6725457,0.3459868
2569-08-21 12:24:45.966,-0.0004141741,0.6725457,0.3459868
2569-08-21 12:24:45.966,-0.0004141741,0.6725457,0.3459868
2569-08-21 12:24:45.979,-0.0004141741,0.6725457,0.3459868
2569-08-21 12:24:45.981,-0.0004141741,0.6725457,0.3459868
2569-08-21 12:24:45.983,-0.0004141741,0.6725457,0.3459868
2569-08-21 12:24:45.984,-0.0004141741,0.6725457,0.3459868
2569-08-21 12:24:45.984,-0.0004141741,0.6725457,0.3459868
2569-08-21 12:24:45.986,-0.0004141741,0.6725457,0.3459868
2569-08-21 12:24:45.986,-0.0004141741,0.6725457,0.3459868
2569-08-21 12:24:45.989,-0.0004141741,0.6725457,0.3459868
2569-08-21 12:24:45.989,-0.0004141741,0.6725457,0.3459868
2569-08-21 12:24:45.991,-0.0004141741,0.6725457,0.3459868
2569-08-21 12:24:45.991,-0.0004141741,0.6725457,0.3459868
2569-08-21 12:24:45.993,-0.0004141741,0.6725457,0.3459868
2569-08-21 12:24:46.001,-0.0004141741,0.6725457,0.3459868
2569-08-21 12:24:46.001,-0.0004141741,0.6725457,0.3459868
2569-08-21 12:24:46.004,-0.0004141741,0.6725457,0.3459868
2569-08-21 12:24:46.004,-0.0004141741,0.6725457,0.3459868
2569-08-21 12:24:46.007,-0.0004141741,0.6725457,0.3459868
2569-08-21 12:24:46.007,-0.0004141741,0.6725457,0.3459868
2569-08-21 12:24:46.009,-0.0004141741,0.6725457,0.3459868
2569-08-21 12:24:46.009,-0.0004141741,0.6725457,0.3459868
2569-08-21 12:24:46.012,-0.0004141741,0.6725457,0.3459868
2569-08-21 12:24:46.012,-0.0004141741,0.6725457,0.3459868
2569-08-21 12:24:46.014,-0.0004141741,0.6725457,0.3459868
2569-08-21 12:24:46.025,-0.0004141741,0.6725457,0.3459868
2569-08-21 12:24:46.025,-0.0004141741,0.6725457,0.3459868
2569-08-21 12:24:46.029,-0.0004141741,0.6725457,0.3459868
2569-08-21 12:24:46.029,-0.0004141741,0.6725457,0.3459868
2569-08-21 12:24:46.032,-0.0004141741,0.6725457,0.3459868
2569-08-21 12:24:46.032,-0.0004141741,0.6725457,0.3459868
2569-08-21 12:24:46.036,-0.0004141741,0.6725457,0.3459868
2569-08-21 12:24:46.036,-0.0004141741,0.6725457,0.3459868
2569-08-21 12:24:46.036,-0.0004141741,0.6725457,0.3459868
2569-08-21 12:24:46.046,-0.0004141741,0.6725457,0.3459868
2569-08-21 12:24:46.046,-0.0004141741,0.6725457,0.3459868
2569-08-21 12:24:46.050,-0.0004141741,0.6725457,0.3459868
2569-08-21 12:24:46.050,-0.0004141741,0.6725457,0.3459868
2569-08-21 12:24:46.052,-0.0004141741,0.6725457,0.3459868
2569-08-21 12:24:46.052,-0.0004141741,0.6725457,0.3459868
2569-08-21 12:24:46.055,-0.0004141741,0.6725457,0.3459868
2569-08-21 12:24:46.055,-0.0004141741,0.6725457,0.3459868
2569-08-21 12:24:46.055,-0.0004141741,0.6725457,0.3459868
2569-08-21 12:24:46.058,-0.0004141741,0.6725457,0.3459868
2569-08-21 12:24:46.058,-0.0004141741,0.6725457,0.3459868
2569-08-21 12:24:46.070,-0.0004141741,0.6725457,0.3459868
2569-08-21 12:24:46.070,-0.0004141741,0.6725457,0.3459868
2569-08-21 12:24:46.073,-0.0004141741,0.6725457,0.3459868
2569-08-21 12:24:46.073,-0.0004509762,0.6718886,0.3474285
2569-08-21 12:24:46.073,-0.0004509762,0.6718886,0.3474285
2569-08-21 12:24:46.075,-0.0004581064,0.6717615,0.3477065
2569-08-21 12:24:46.075,-0.0004581064,0.6717615,0.3477065
2569-08-21 12:24:46.079,-0.000465028,0.6716378,0.3479767
2569-08-21 12:24:46.079,-0.000465028,0.6716378,0.3479767
2569-08-21 12:24:46.082,-0.0004729293,0.6714968,0.3482845
2569-08-21 12:24:46.082,-0.0004729293,0.6714968,0.3482845
2569-08-21 12:24:46.091,-0.0004818141,0.6713381,0.3486301
2569-08-21 12:24:46.091,-0.0004818141,0.6713381,0.3486301
2569-08-21 12:24:46.107,-0.0004818141,0.6713381,0.3486301
2569-08-21 12:24:46.116,-0.0005705021,0.6697549,0.3520549
2569-08-21 12:24:46.116,-0.0005705021,0.6697549,0.3520549
2569-08-21 12:24:46.130,-0.0005705021,0.6697549,0.3520549
2569-08-21 12:24:46.137,-0.0006558597,0.6682312,0.3553084
2569-08-21 12:24:46.137,-0.0006558597,0.6682312,0.3553084
2569-08-21 12:24:46.150,-0.0006558597,0.6682312,0.3553084
2569-08-21 12:24:46.161,-0.0007309392,0.6668909,0.3581368
2569-08-21 12:24:46.161,-0.0007309392,0.6668909,0.3581368
2569-08-21 12:24:46.175,-0.0007309392,0.6668909,0.3581368
2569-08-21 12:24:46.175,-0.0007309392,0.6668909,0.3581368
2569-08-21 12:24:46.182,-0.0008127615,0.6654301,0.3611848
2569-08-21 12:24:46.182,-0.0008127615,0.6654301,0.3611848
2569-08-21 12:24:46.196,-0.0008127615,0.6654301,0.3611848
2569-08-21 12:24:46.206,-0.0008695498,0.6644164,0.3632793
2569-08-21 12:24:46.206,-0.0008695498,0.6644164,0.3632793
2569-08-21 12:24:46.219,-0.0008695498,0.6644164,0.3632793
2569-08-21 12:24:46.227,-0.0009207726,0.6635021,0.3651543
2569-08-21 12:24:46.227,-0.0009207726,0.6635021,0.3651543
2569-08-21 12:24:46.241,-0.0009207726,0.6635021,0.3651543
2569-08-21 12:24:46.252,-0.0009543225,0.6629031,0.3663753
2569-08-21 12:24:46.252,-0.0009543225,0.6629031,0.3663753
2569-08-21 12:24:46.282,-0.0009543225,0.6629031,0.3663753
2569-08-21 12:24:46.282,-0.0009543225,0.6629031,0.3663753
2569-08-21 12:24:46.282,-0.0009543225,0.6629031,0.3663753
2569-08-21 12:24:46.282,-0.0009543225,0.6629031,0.3663753
2569-08-21 12:24:46.295,-0.0009543225,0.6629031,0.3663753
2569-08-21 12:24:46.295,-0.0009543225,0.6629031,0.3663753
2569-08-21 12:24:46.295,-0.0009543225,0.6629031,0.3663753
2569-08-21 12:24:46.317,-0.0009543225,0.6629031,0.3663753
2569-08-21 12:24:46.317,-0.0009543225,0.6629031,0.3663753
2569-08-21 12:24:46.328,-0.0009543225,0.6629031,0.3663753
2569-08-21 12:24:46.328,-0.0009543225,0.6629031,0.3663753
2569-08-21 12:24:46.328,-0.0009543225,0.6629031,0.3663753
2569-08-21 12:24:46.337,-0.0009543225,0.6629031,0.3663753
2569-08-21 12:24:46.337,-0.0009543225,0.6629031,0.3663753
2569-08-21 12:24:46.340,-0.0009543225,0.6629031,0.3663753
2569-08-21 12:24:46.340,-0.0009543225,0.6629031,0.3663753
2569-08-21 12:24:46.340,-0.0009543225,0.6629031,0.3663753
2569-08-21 12:24:46.343,-0.0009543225,0.6629031,0.3663753
2569-08-21 12:24:46.343,-0.0009543225,0.6629031,0.3663753
2569-08-21 12:24:46.345,-0.0009543225,0.6629031,0.3663753
2569-08-21 12:24:46.345,-0.0009543225,0.6629031,0.3663753
2569-08-21 12:24:46.347,-0.0009543225,0.6629031,0.3663753
2569-08-21 12:24:46.347,-0.0009543225,0.6629031,0.3663753
2569-08-21 12:24:46.361,-0.0009543225,0.6629031,0.3663753
2569-08-21 12:24:46.361,-0.0009543225,0.6629031,0.3663753
2569-08-21 12:24:46.365,-0.0009543225,0.6629031,0.3663753
2569-08-21 12:24:46.365,-0.0009543225,0.6629031,0.3663753
2569-08-21 12:24:46.365,-0.0009543225,0.6629031,0.3663753
2569-08-21 12:24:46.368,-0.0009543225,0.6629031,0.3663753
2569-08-21 12:24:46.368,-0.0009543225,0.6629031,0.3663753
2569-08-21 12:24:46.371,-0.0009543225,0.6629031,0.3663753
2569-08-21 12:24:46.371,-0.0009543225,0.6629031,0.3663753
2569-08-21 12:24:46.373,-0.0009543225,0.6629031,0.3663753
2569-08-21 12:24:46.373,-0.0009543225,0.6629031,0.3663753
2569-08-21 12:24:46.373,-0.0009543225,0.6629031,0.3663753
2569-08-21 12:24:46.382,-0.0009543225,0.6629031,0.3663753
2569-08-21 12:24:46.382,-0.0009543225,0.6629031,0.3663753
2569-08-21 12:24:46.385,-0.0009543225,0.6629031,0.3663753
2569-08-21 12:24:46.385,-0.0009543225,0.6629031,0.3663753
2569-08-21 12:24:46.388,-0.0009543225,0.6629031,0.3663753
2569-08-21 12:24:46.388,-0.0009543225,0.6629031,0.3663753
2569-08-21 12:24:46.390,-0.0009543225,0.6629031,0.3663753
2569-08-21 12:24:46.390,-0.0009543225,0.6629031,0.3663753
2569-08-21 12:24:46.392,-0.0009543225,0.6629031,0.3663753
2569-08-21 12:24:46.392,-0.0009543225,0.6629031,0.3663753
2569-08-21 12:24:46.395,-0.0009543225,0.6629031,0.3663753
2569-08-21 12:24:46.405,-0.0009543225,0.6629031,0.3663753
2569-08-21 12:24:46.405,-0.0009543225,0.6629031,0.3663753
2569-08-21 12:24:46.410,-0.0009543225,0.6629031,0.3663753
2569-08-21 12:24:46.410,-0.0009543225,0.6629031,0.3663753
2569-08-21 12:24:46.412,-0.0009543225,0.6629031,0.3663753
2569-08-21 12:24:46.412,-0.0009543225,0.6629031,0.3663753
2569-08-21 12:24:46.414,-0.0009543225,0.6629031,0.3663753
2569-08-21 12:24:46.414,-0.0009543225,0.6629031,0.3663753
2569-08-21 12:24:46.414,-0.0009543225,0.6629031,0.3663753
2569-08-21 12:24:46.417,-0.0009543225,0.6629031,0.3663753
2569-08-21 12:24:46.417,-0.0009543225,0.6629031,0.3663753
2569-08-21 12:24:46.419,-0.0009543225,0.6629031,0.3663753
2569-08-21 12:24:46.419,-0.0009543225,0.6629031,0.3663753
2569-08-21 12:24:46.427,-0.0009543225,0.6629031,0.3663753
2569-08-21 12:24:46.427,-0.0009543225,0.6629031,0.3663753
2569-08-21 12:24:46.430,-0.0009543225,0.6629031,0.3663753
2569-08-21 12:24:46.430,-0.0009543225,0.6629031,0.3663753
2569-08-21 12:24:46.434,-0.0009543225,0.6629031,0.3663753
2569-08-21 12:24:46.434,-0.0009543225,0.6629031,0.3663753
2569-08-21 12:24:46.434,-0.0009543225,0.6629031,0.3663753
2569-08-21 12:24:46.437,-0.0009543225,0.6629031,0.3663753
2569-08-21 12:24:46.437,-0.0009543225,0.6629031,0.3663753
2569-08-21 12:24:46.451,-0.0009543225,0.6629031,0.3663753
2569-08-21 12:24:46.451,-0.0009543225,0.6629031,0.3663753
2569-08-21 12:24:46.454,-0.0009543225,0.6629031,0.3663753
2569-08-21 12:24:46.454,-0.0009543225,0.6629031,0.3663753
2569-08-21 12:24:46.454,-0.0009543225,0.6629031,0.3663753
2569-08-21 12:24:46.458,-0.0009543225,0.6629031,0.3663753
2569-08-21 12:24:46.458,-0.0009543225,0.6629031,0.3663753
2569-08-21 12:24:46.460,-0.0009543225,0.6629031,0.3663753
2569-08-21 12:24:46.460,-0.0009543225,0.6629031,0.3663753
2569-08-21 12:24:46.463,-0.0009543225,0.6629031,0.3663753
2569-08-21 12:24:46.463,-0.0009543225,0.6629031,0.3663753
2569-08-21 12:24:46.472,-0.0009543225,0.6629031,0.3663753
2569-08-21 12:24:46.472,-0.0009543225,0.6629031,0.3663753
2569-08-21 12:24:46.475,-0.0009543225,0.6629031,0.3663753
2569-08-21 12:24:46.475,-0.0009543225,0.6629031,0.3663753
2569-08-21 12:24:46.475,-0.0009543225,0.6629031,0.3663753
2569-08-21 12:24:46.477,-0.0009543225,0.6629031,0.3663753
2569-08-21 12:24:46.477,-0.0009543225,0.6629031,0.3663753
2569-08-21 12:24:46.480,-0.0009543225,0.6629031,0.3663753
2569-08-21 12:24:46.480,-0.0009543225,0.6629031,0.3663753
2569-08-21 12:24:46.483,-0.0009543225,0.6629031,0.3663753
2569-08-21 12:24:46.483,-0.0009543225,0.6629031,0.3663753
2569-08-21 12:24:46.496,-0.0009543225,0.6629031,0.3663753
2569-08-21 12:24:46.496,-0.0009543225,0.6629031,0.3663753
2569-08-21 12:24:46.499,-0.0009543225,0.6629031,0.3663753
2569-08-21 12:24:46.499,-0.0009543225,0.6629031,0.3663753
2569-08-21 12:24:46.499,-0.0009543225,0.6629031,0.3663753
2569-08-21 12:24:46.502,-0.0009543225,0.6629031,0.3663753
2569-08-21 12:24:46.502,-0.0009543225,0.6629031,0.3663753
2569-08-21 12:24:46.504,-0.0009543225,0.6629031,0.3663753
2569-08-21 12:24:46.504,-0.0009543225,0.6629031,0.3663753
2569-08-21 12:24:46.517,-0.0009543225,0.6629031,0.3663753
2569-08-21 12:24:46.517,-0.0009543225,0.6629031,0.3663753
2569-08-21 12:24:46.519,-0.0009543225,0.6629031,0.3663753
2569-08-21 12:24:46.520,-0.0009543225,0.6629031,0.3663753
2569-08-21 12:24:46.520,-0.0009543225,0.6629031,0.3663753
2569-08-21 12:24:46.522,-0.0009543225,0.6629031,0.3663753
2569-08-21 12:24:46.522,-0.0009543225,0.6629031,0.3663753
2569-08-21 12:24:46.525,-0.0009543225,0.6629031,0.3663753
2569-08-21 12:24:46.525,-0.0009543225,0.6629031,0.3663753
2569-08-21 12:24:46.527,-0.0009543225,0.6629031,0.3663753
2569-08-21 12:24:46.527,-0.0009543225,0.6629031,0.3663753
2569-08-21 12:24:46.538,-0.0009543225,0.6629031,0.3663753
2569-08-21 12:24:46.538,-0.0009543225,0.6629031,0.3663753
2569-08-21 12:24:46.540,-0.0009543225,0.6629031,0.3663753
2569-08-21 12:24:46.540,-0.0009543225,0.6629031,0.3663753
2569-08-21 12:24:46.540,-0.0009543225,0.6629031,0.3663753
2569-08-21 12:24:46.543,-0.0009543225,0.6629031,0.3663753
2569-08-21 12:24:46.543,-0.0009543225,0.6629031,0.3663753
2569-08-21 12:24:46.545,-0.0009543225,0.6629031,0.3663753
2569-08-21 12:24:46.545,-0.0009543225,0.6629031,0.3663753
2569-08-21 12:24:46.547,-0.0009543225,0.6629031,0.3663753
2569-08-21 12:24:46.547,-0.0009543225,0.6629031,0.3663753
2569-08-21 12:24:46.562,-0.0009543225,0.6629031,0.3663753
2569-08-21 12:24:46.562,-0.0009543225,0.6629031,0.3663753
2569-08-21 12:24:46.565,-0.0009543225,0.6629031,0.3663753
2569-08-21 12:24:46.565,-0.0009543225,0.6629031,0.3663753
2569-08-21 12:24:46.565,-0.0009543225,0.6629031,0.3663753
2569-08-21 12:24:46.567,-0.0009543225,0.6629031,0.3663753
2569-08-21 12:24:46.567,-0.0009543225,0.6629031,0.3663753
2569-08-21 12:24:46.570,-0.0009543225,0.6629031,0.3663753
2569-08-21 12:24:46.570,-0.0009543225,0.6629031,0.3663753
2569-08-21 12:24:46.572,-0.0009543225,0.6629031,0.3663753
2569-08-21 12:24:46.572,-0.0009543225,0.6629031,0.3663753
2569-08-21 12:24:46.574,-0.0009543225,0.6629031,0.3663753
2569-08-21 12:24:46.581,-0.0009543225,0.6629031,0.3663753
2569-08-21 12:24:46.583,-0.0009543225,0.6629031,0.3663753
2569-08-21 12:24:46.585,-0.0009543225,0.6629031,0.3663753
2569-08-21 12:24:46.585,-0.0009543225,0.6629031,0.3663753
2569-08-21 12:24:46.588,-0.0009543225,0.6629031,0.3663753
2569-08-21 12:24:46.588,-0.0009543225,0.6629031,0.3663753
2569-08-21 12:24:46.590,-0.0009543225,0.6629031,0.3663753
2569-08-21 12:24:46.590,-0.0009543225,0.6629031,0.3663753
2569-08-21 12:24:46.593,-0.0009543225,0.6629031,0.3663753
2569-08-21 12:24:46.593,-0.0009543225,0.6629031,0.3663753
2569-08-21 12:24:46.595,-0.0009543225,0.6629031,0.3663753
2569-08-21 12:24:46.607,-0.0009543225,0.6629031,0.3663753
2569-08-21 12:24:46.607,-0.0009543225,0.6629031,0.3663753
2569-08-21 12:24:46.610,-0.0009543225,0.6629031,0.3663753
2569-08-21 12:24:46.610,-0.0009543225,0.6629031,0.3663753
2569-08-21 12:24:46.612,-0.0009543225,0.6629031,0.3663753
2569-08-21 12:24:46.613,-0.0009543225,0.6629031,0.3663753
2569-08-21 12:24:46.613,-0.0009543225,0.6629031,0.3663753
2569-08-21 12:24:46.615,-0.0009543225,0.6629031,0.3663753
2569-08-21 12:24:46.615,-0.0009543225,0.6629031,0.3663753
2569-08-21 12:24:46.617,-0.0009543225,0.6629031,0.3663753
2569-08-21 12:24:46.617,-0.0009543225,0.6629031,0.3663753
2569-08-21 12:24:46.628,-0.0009543225,0.6629031,0.3663753
2569-08-21 12:24:46.628,-0.0009543225,0.6629031,0.3663753
2569-08-21 12:24:46.630,-0.0009543225,0.6629031,0.3663753
2569-08-21 12:24:46.630,-0.0009543225,0.6629031,0.3663753
2569-08-21 12:24:46.633,-0.0009543225,0.6629031,0.3663753
2569-08-21 12:24:46.633,-0.0009543225,0.6629031,0.3663753
2569-08-21 12:24:46.633,-0.0009543225,0.6629031,0.3663753
2569-08-21 12:24:46.636,-0.0009543225,0.6629031,0.3663753
2569-08-21 12:24:46.636,-0.0009543225,0.6629031,0.3663753
2569-08-21 12:24:46.638,-0.0009543225,0.6629031,0.3663753
2569-08-21 12:24:46.638,-0.0009543225,0.6629031,0.3663753
2569-08-21 12:24:46.651,-0.0009543225,0.6629031,0.3663753
2569-08-21 12:24:46.653,-0.0009543225,0.6629031,0.3663753
2569-08-21 12:24:46.655,-0.0009543225,0.6629031,0.3663753
2569-08-21 12:24:46.655,-0.0009543225,0.6629031,0.3663753
2569-08-21 12:24:46.655,-0.0009543225,0.6629031,0.3663753
2569-08-21 12:24:46.657,-0.0009543225,0.6629031,0.3663753
2569-08-21 12:24:46.658,-0.0009543225,0.6629031,0.3663753
2569-08-21 12:24:46.661,-0.0009543225,0.6629031,0.3663753
2569-08-21 12:24:46.661,-0.0009543225,0.6629031,0.3663753
2569-08-21 12:24:46.663,-0.0009543225,0.6629031,0.3663753
2569-08-21 12:24:46.663,-0.0009543225,0.6629031,0.3663753
2569-08-21 12:24:46.672,-0.0009543225,0.6629031,0.3663753
2569-08-21 12:24:46.672,-0.0009543225,0.6629031,0.3663753
2569-08-21 12:24:46.675,-0.0009543225,0.6629031,0.3663753
2569-08-21 12:24:46.675,-0.0009543225,0.6629031,0.3663753
2569-08-21 12:24:46.675,-0.0009543225,0.6629031,0.3663753
2569-08-21 12:24:46.678,-0.0009543225,0.6629031,0.3663753
2569-08-21 12:24:46.678,-0.0009543225,0.6629031,0.3663753
2569-08-21 12:24:46.680,-0.0009543225,0.6629031,0.3663753
2569-08-21 12:24:46.680,-0.0009543225,0.6629031,0.3663753
2569-08-21 12:24:46.683,-0.0009543225,0.6629031,0.3663753
2569-08-21 12:24:46.683,-0.0009543225,0.6629031,0.3663753
2569-08-21 12:24:46.697,-0.0009543225,0.6629031,0.3663753
2569-08-21 12:24:46.697,-0.0009543225,0.6629031,0.3663753
2569-08-21 12:24:46.700,-0.0009543225,0.6629031,0.3663753
2569-08-21 12:24:46.700,-0.0009543225,0.6629031,0.3663753
2569-08-21 12:24:46.700,-0.0009543225,0.6629031,0.3663753
2569-08-21 12:24:46.703,-0.0009543225,0.6629031,0.3663753
2569-08-21 12:24:46.703,-0.0009543225,0.6629031,0.3663753
2569-08-21 12:24:46.706,-0.0009543225,0.6629031,0.3663753
2569-08-21 12:24:46.706,-0.0009543225,0.6629031,0.3663753
2569-08-21 12:24:46.709,-0.0009543225,0.6629031,0.3663753
2569-08-21 12:24:46.709,-0.0009543225,0.6629031,0.3663753
2569-08-21 12:24:46.718,-0.0009543225,0.6629031,0.3663753
2569-08-21 12:24:46.718,-0.0009543225,0.6629031,0.3663753
2569-08-21 12:24:46.722,-0.0009543225,0.6629031,0.3663753
2569-08-21 12:24:46.722,-0.0009543225,0.6629031,0.3663753
2569-08-21 12:24:46.722,-0.0009543225,0.6629031,0.3663753
2569-08-21 12:24:46.725,-0.0009543225,0.6629031,0.3663753
2569-08-21 12:24:46.725,-0.0009543225,0.6629031,0.3663753
2569-08-21 12:24:46.727,-0.0009543225,0.6629031,0.3663753
2569-08-21 12:24:46.727,-0.0009543225,0.6629031,0.3663753
2569-08-21 12:24:46.742,-0.0009543225,0.6629031,0.3663753
2569-08-21 12:24:46.742,-0.0009543225,0.6629031,0.3663753
2569-08-21 12:24:46.745,-0.0009543225,0.6629031,0.3663753
2569-08-21 12:24:46.745,-0.0009543225,0.6629031,0.3663753
2569-08-21 12:24:46.745,-0.0009543225,0.6629031,0.3663753
2569-08-21 12:24:46.749,-0.0009543225,0.6629031,0.3663753
2569-08-21 12:24:46.749,-0.0009543225,0.6629031,0.3663753
2569-08-21 12:24:46.763,-0.0009543225,0.6629031,0.3663753
2569-08-21 12:24:46.763,-0.0009543225,0.6629031,0.3663753
2569-08-21 12:24:46.765,-0.0009543225,0.6629031,0.3663753
2569-08-21 12:24:46.765,-0.0009543225,0.6629031,0.3663753
2569-08-21 12:24:46.765,-0.0009543225,0.6629031,0.3663753
2569-08-21 12:24:46.769,-0.0009543225,0.6629031,0.3663753
2569-08-21 12:24:46.769,-0.0009543225,0.6629031,0.3663753
2569-08-21 12:24:46.772,-0.0009543225,0.6629031,0.3663753
2569-08-21 12:24:46.772,-0.0009543225,0.6629031,0.3663753
2569-08-21 12:24:46.775,-0.0009543225,0.6629031,0.3663753
2569-08-21 12:24:46.784,-0.0009543225,0.6629031,0.3663753
2569-08-21 12:24:46.784,-0.0009543225,0.6629031,0.3663753
2569-08-21 12:24:46.788,-0.0009543225,0.6629031,0.3663753
2569-08-21 12:24:46.788,-0.0009543225,0.6629031,0.3663753
2569-08-21 12:24:46.790,-0.0009543225,0.6629031,0.3663753
2569-08-21 12:24:46.790,-0.0009543225,0.6629031,0.3663753
2569-08-21 12:24:46.793,-0.0009543225,0.6629031,0.3663753
2569-08-21 12:24:46.794,-0.0009543225,0.6629031,0.3663753
2569-08-21 12:24:46.794,-0.0009543225,0.6629031,0.3663753
2569-08-21 12:24:46.808,-0.0009543225,0.6629031,0.3663753
2569-08-21 12:24:46.808,-0.0009543225,0.6629031,0.3663753
2569-08-21 12:24:46.811,-0.0009543225,0.6629031,0.3663753
2569-08-21 12:24:46.811,-0.0009543225,0.6629031,0.3663753
2569-08-21 12:24:46.814,-0.0009543225,0.6629031,0.3663753
2569-08-21 12:24:46.814,-0.0009543225,0.6629031,0.3663753
2569-08-21 12:24:46.814,-0.0009543225,0.6629031,0.3663753
2569-08-21 12:24:46.817,-0.0009543225,0.6629031,0.3663753
2569-08-21 12:24:46.817,-0.0009543225,0.6629031,0.3663753
2569-08-21 12:24:46.819,-0.0009543225,0.6629031,0.3663753
2569-08-21 12:24:46.819,-0.0009543225,0.6629031,0.3663753
2569-08-21 12:24:46.827,-0.0009543225,0.6629031,0.3663753
2569-08-21 12:24:46.827,-0.0009543225,0.6629031,0.3663753
2569-08-21 12:24:46.831,-0.0009543225,0.6629031,0.3663753
2569-08-21 12:24:46.831,-0.0009543225,0.6629031,0.3663753
2569-08-21 12:24:46.833,-0.0009543225,0.6629031,0.3663753
2569-08-21 12:24:46.833,-0.0009543225,0.6629031,0.3663753
2569-08-21 12:24:46.834,-0.0009543225,0.6629031,0.3663753
2569-08-21 12:24:46.836,-0.0009543225,0.6629031,0.3663753
2569-08-21 12:24:46.836,-0.0009543225,0.6629031,0.3663753
2569-08-21 12:24:46.838,-0.0009543225,0.6629031,0.3663753
2569-08-21 12:24:46.838,-0.0009543225,0.6629031,0.3663753
2569-08-21 12:24:46.853,-0.0009543225,0.6629031,0.3663753
2569-08-21 12:24:46.853,-0.0009543225,0.6629031,0.3663753
2569-08-21 12:24:46.856,-0.0009543225,0.6629031,0.3663753
2569-08-21 12:24:46.856,-0.000988353,0.6622955,0.367608
2569-08-21 12:24:46.856,-0.000988353,0.6622955,0.367608
2569-08-21 12:24:46.859,-0.0009939596,0.6621954,0.3678107
2569-08-21 12:24:46.859,-0.0009939596,0.6621954,0.3678107
2569-08-21 12:24:46.861,-0.001000259,0.662083,0.3680381
2569-08-21 12:24:46.861,-0.001000259,0.662083,0.3680381
2569-08-21 12:24:46.864,-0.001005683,0.6619863,0.3682334
2569-08-21 12:24:46.864,-0.001005683,0.6619863,0.3682334
2569-08-21 12:24:46.872,-0.001012743,0.6618602,0.368488
2569-08-21 12:24:46.874,-0.001012743,0.6618602,0.368488
2569-08-21 12:24:46.884,-0.001012743,0.6618602,0.368488
2569-08-21 12:24:46.884,-0.001055449,0.6610978,0.3700216
2569-08-21 12:24:46.884,-0.001055449,0.6610978,0.3700216
2569-08-21 12:24:46.896,-0.001055449,0.6610978,0.3700216
2569-08-21 12:24:46.898,-0.001089327,0.6604931,0.371232
2569-08-21 12:24:46.898,-0.001089327,0.6604931,0.371232
2569-08-21 12:24:46.908,-0.001122911,0.6598935,0.3724264
2569-08-21 12:24:46.908,-0.001122911,0.6598935,0.3724264
2569-08-21 12:24:46.917,-0.001122911,0.6598935,0.3724264
2569-08-21 12:24:46.919,-0.001152776,0.6593603,0.3734841
2569-08-21 12:24:46.919,-0.001152776,0.6593603,0.3734841
2569-08-21 12:24:46.927,-0.001185693,0.6587728,0.3746449
2569-08-21 12:24:46.927,-0.001185693,0.6587728,0.3746449
2569-08-21 12:24:46.936,-0.001185693,0.6587728,0.3746449
2569-08-21 12:24:46.943,-0.001216955,0.6582146,0.375743
2569-08-21 12:24:46.943,-0.001216955,0.6582146,0.375743
2569-08-21 12:24:46.952,-0.001273856,0.6571988,0.3777299
2569-08-21 12:24:46.952,-0.001273856,0.6571988,0.3777299
2569-08-21 12:24:46.962,-0.001273856,0.6571988,0.3777299
2569-08-21 12:24:46.963,-0.001313113,0.656498,0.3790921
2569-08-21 12:24:46.963,-0.001313113,0.656498,0.3790921
2569-08-21 12:24:46.973,-0.001353096,0.6557843,0.3804725
2569-08-21 12:24:46.973,-0.001353096,0.6557843,0.3804725
2569-08-21 12:24:46.982,-0.001353096,0.6557843,0.3804725
2569-08-21 12:24:46.987,-0.001395404,0.6550289,0.3819256
2569-08-21 12:24:46.987,-0.001395404,0.6550289,0.3819256
2569-08-21 12:24:46.998,-0.001395404,0.6550289,0.3819256
2569-08-21 12:24:47.008,-0.00145679,0.6539332,0.3840195
2569-08-21 12:24:47.008,-0.00145679,0.6539332,0.3840195
2569-08-21 12:24:47.020,-0.00145679,0.6539332,0.3840195
2569-08-21 12:24:47.020,-0.001553964,0.6521985,0.387302
2569-08-21 12:24:47.020,-0.001553964,0.6521985,0.387302
2569-08-21 12:24:47.030,-0.001595099,0.651464,0.3886799
2569-08-21 12:24:47.030,-0.001595099,0.651464,0.3886799
2569-08-21 12:24:47.039,-0.001595099,0.651464,0.3886799
2569-08-21 12:24:47.039,-0.001633532,0.6507779,0.3899606
2569-08-21 12:24:47.039,-0.001633532,0.6507779,0.3899606
2569-08-21 12:24:47.053,-0.001673516,0.6500642,0.3912867
2569-08-21 12:24:47.053,-0.001673516,0.6500642,0.3912867
2569-08-21 12:24:47.063,-0.001673516,0.6500642,0.3912867
2569-08-21 12:24:47.063,-0.001738705,0.6489005,0.3934352
2569-08-21 12:24:47.063,-0.001738705,0.6489005,0.3934352
2569-08-21 12:24:47.074,-0.001738705,0.6489005,0.3934352
2569-08-21 12:24:47.075,-0.001787331,0.6480324,0.3950269
2569-08-21 12:24:47.075,-0.001787331,0.6480324,0.3950269
2569-08-21 12:24:47.086,-0.001833323,0.6472114,0.3965238
2569-08-21 12:24:47.086,-0.001833323,0.6472114,0.3965238
2569-08-21 12:24:47.099,-0.001833323,0.6472114,0.3965238
2569-08-21 12:24:47.099,-0.001877688,0.6464193,0.39796
2569-08-21 12:24:47.099,-0.001877688,0.6464193,0.39796
2569-08-21 12:24:47.110,-0.001917399,0.6457104,0.3992394
2569-08-21 12:24:47.110,-0.001917399,0.6457104,0.3992394
2569-08-21 12:24:47.121,-0.001917399,0.6457104,0.3992394
2569-08-21 12:24:47.121,-0.001949918,0.6451299,0.4002827
2569-08-21 12:24:47.121,-0.001949918,0.6451299,0.4002827
2569-08-21 12:24:47.144,-0.00197532,0.6446765,0.4010947
2569-08-21 12:24:47.144,-0.00197532,0.6446765,0.4010947
2569-08-21 12:24:47.155,-0.00197532,0.6446765,0.4010947
2569-08-21 12:24:47.155,-0.00197532,0.6446765,0.4010947
2569-08-21 12:24:47.155,-0.00203165,0.6436709,0.4028871
2569-08-21 12:24:47.155,-0.00203165,0.6436709,0.4028871
2569-08-21 12:24:47.168,-0.00205325,0.6432853,0.4035714
2569-08-21 12:24:47.168,-0.00205325,0.6432853,0.4035714
2569-08-21 12:24:47.183,-0.00205325,0.6432853,0.4035714
2569-08-21 12:24:47.189,-0.00205325,0.6432853,0.4035714
2569-08-21 12:24:47.189,-0.00205325,0.6432853,0.4035714
2569-08-21 12:24:47.199,-0.00205325,0.6432853,0.4035714
2569-08-21 12:24:47.199,-0.00205325,0.6432853,0.4035714
2569-08-21 12:24:47.199,-0.00205325,0.6432853,0.4035714
2569-08-21 12:24:47.209,-0.00205325,0.6432853,0.4035714
2569-08-21 12:24:47.209,-0.00205325,0.6432853,0.4035714
2569-08-21 12:24:47.213,-0.00205325,0.6432853,0.4035714
2569-08-21 12:24:47.213,-0.00205325,0.6432853,0.4035714
2569-08-21 12:24:47.215,-0.00205325,0.6432853,0.4035714
2569-08-21 12:24:47.215,-0.00205325,0.6432853,0.4035714
2569-08-21 12:24:47.215,-0.00205325,0.6432853,0.4035714
2569-08-21 12:24:47.219,-0.00205325,0.6432853,0.4035714
2569-08-21 12:24:47.219,-0.00205325,0.6432853,0.4035714
2569-08-21 12:24:47.234,-0.00205325,0.6432853,0.4035714
2569-08-21 12:24:47.234,-0.00205325,0.6432853,0.4035714
2569-08-21 12:24:47.236,-0.00205325,0.6432853,0.4035714
2569-08-21 12:24:47.236,-0.00205325,0.6432853,0.4035714
2569-08-21 12:24:47.236,-0.00205325,0.6432853,0.4035714
2569-08-21 12:24:47.254,-0.00205325,0.6432853,0.4035714
2569-08-21 12:24:47.254,-0.00205325,0.6432853,0.4035714
2569-08-21 12:24:47.258,-0.00205325,0.6432853,0.4035714
2569-08-21 12:24:47.258,-0.00205325,0.6432853,0.4035714
2569-08-21 12:24:47.258,-0.00205325,0.6432853,0.4035714
2569-08-21 12:24:47.261,-0.00205325,0.6432853,0.4035714
2569-08-21 12:24:47.261,-0.00205325,0.6432853,0.4035714
2569-08-21 12:24:47.265,-0.00205325,0.6432853,0.4035714
2569-08-21 12:24:47.266,-0.00205325,0.6432853,0.4035714
2569-08-21 12:24:47.279,-0.00205325,0.6432853,0.4035714
2569-08-21 12:24:47.279,-0.00205325,0.6432853,0.4035714
2569-08-21 12:24:47.283,-0.00205325,0.6432853,0.4035714
2569-08-21 12:24:47.283,-0.00205325,0.6432853,0.4035714
2569-08-21 12:24:47.283,-0.00205325,0.6432853,0.4035714
2569-08-21 12:24:47.300,-0.00205325,0.6432853,0.4035714
2569-08-21 12:24:47.300,-0.00205325,0.6432853,0.4035714
2569-08-21 12:24:47.303,-0.00205325,0.6432853,0.4035714
2569-08-21 12:24:47.304,-0.00205325,0.6432853,0.4035714
2569-08-21 12:24:47.304,-0.00205325,0.6432853,0.4035714
2569-08-21 12:24:47.307,-0.00205325,0.6432853,0.4035714
2569-08-21 12:24:47.307,-0.00205325,0.6432853,0.4035714
2569-08-21 12:24:47.320,-0.00205325,0.6432853,0.4035714
2569-08-21 12:24:47.320,-0.00205325,0.6432853,0.4035714
2569-08-21 12:24:47.324,-0.00205325,0.6432853,0.4035714
2569-08-21 12:24:47.324,-0.00205325,0.6432853,0.4035714
2569-08-21 12:24:47.324,-0.00205325,0.6432853,0.4035714
2569-08-21 12:24:47.326,-0.00205325,0.6432853,0.4035714
2569-08-21 12:24:47.326,-0.00205325,0.6432853,0.4035714
2569-08-21 12:24:47.330,-0.00205325,0.6432853,0.4035714
2569-08-21 12:24:47.330,-0.00205325,0.6432853,0.4035714
2569-08-21 12:24:47.343,-0.00205325,0.6432853,0.4035714
2569-08-21 12:24:47.345,-0.00205325,0.6432853,0.4035714
2569-08-21 12:24:47.347,-0.00205325,0.6432853,0.4035714
2569-08-21 12:24:47.348,-0.00205325,0.6432853,0.4035714
2569-08-21 12:24:47.348,-0.00205325,0.6432853,0.4035714
2569-08-21 12:24:47.351,-0.00205325,0.6432853,0.4035714
2569-08-21 12:24:47.351,-0.00205325,0.6432853,0.4035714
2569-08-21 12:24:47.354,-0.00205325,0.6432853,0.4035714
2569-08-21 12:24:47.355,-0.00205325,0.6432853,0.4035714
2569-08-21 12:24:47.355,-0.00205325,0.6432853,0.4035714
2569-08-21 12:24:47.365,-0.00205325,0.6432853,0.4035714
2569-08-21 12:24:47.365,-0.00205325,0.6432853,0.4035714
2569-08-21 12:24:47.368,-0.00205325,0.6432853,0.4035714
2569-08-21 12:24:47.369,-0.00205325,0.6432853,0.4035714
2569-08-21 12:24:47.372,-0.00205325,0.6432853,0.4035714
2569-08-21 12:24:47.372,-0.00205325,0.6432853,0.4035714
2569-08-21 12:24:47.375,-0.00205325,0.6432853,0.4035714
2569-08-21 12:24:47.375,-0.00205325,0.6432853,0.4035714
2569-08-21 12:24:47.375,-0.00205325,0.6432853,0.4035714
2569-08-21 12:24:47.389,-0.00205325,0.6432853,0.4035714
2569-08-21 12:24:47.389,-0.00205325,0.6432853,0.4035714
2569-08-21 12:24:47.392,-0.00205325,0.6432853,0.4035714
2569-08-21 12:24:47.392,-0.00205325,0.6432853,0.4035714
2569-08-21 12:24:47.396,-0.00205325,0.6432853,0.4035714
2569-08-21 12:24:47.396,-0.00205325,0.6432853,0.4035714
2569-08-21 12:24:47.396,-0.00205325,0.6432853,0.4035714
2569-08-21 12:24:47.398,-0.00205325,0.6432853,0.4035714
2569-08-21 12:24:47.398,-0.00205325,0.6432853,0.4035714
2569-08-21 12:24:47.410,-0.00205325,0.6432853,0.4035714
2569-08-21 12:24:47.410,-0.00205325,0.6432853,0.4035714
2569-08-21 12:24:47.414,-0.00205325,0.6432853,0.4035714
2569-08-21 12:24:47.414,-0.00205325,0.6432853,0.4035714
2569-08-21 12:24:47.414,-0.00205325,0.6432853,0.4035714
2569-08-21 12:24:47.416,-0.00205325,0.6432853,0.4035714
2569-08-21 12:24:47.416,-0.00205325,0.6432853,0.4035714
2569-08-21 12:24:47.420,-0.00205325,0.6432853,0.4035714
2569-08-21 12:24:47.420,-0.00205325,0.6432853,0.4035714
2569-08-21 12:24:47.434,-0.00205325,0.6432853,0.4035714
2569-08-21 12:24:47.434,-0.00205325,0.6432853,0.4035714
2569-08-21 12:24:47.438,-0.00205325,0.6432853,0.4035714
2569-08-21 12:24:47.439,-0.00205325,0.6432853,0.4035714
2569-08-21 12:24:47.439,-0.00205325,0.6432853,0.4035714
2569-08-21 12:24:47.442,-0.00205325,0.6432853,0.4035714
2569-08-21 12:24:47.442,-0.00205325,0.6432853,0.4035714
2569-08-21 12:24:47.445,-0.00205325,0.6432853,0.4035714
2569-08-21 12:24:47.445,-0.00205325,0.6432853,0.4035714
2569-08-21 12:24:47.455,-0.00205325,0.6432853,0.4035714
2569-08-21 12:24:47.455,-0.00205325,0.6432853,0.4035714
2569-08-21 12:24:47.458,-0.00205325,0.6432853,0.4035714
2569-08-21 12:24:47.459,-0.00205325,0.6432853,0.4035714
2569-08-21 12:24:47.459,-0.00205325,0.6432853,0.4035714
2569-08-21 12:24:47.461,-0.00205325,0.6432853,0.4035714
2569-08-21 12:24:47.461,-0.00205325,0.6432853,0.4035714
2569-08-21 12:24:47.464,-0.00205325,0.6432853,0.4035714
2569-08-21 12:24:47.464,-0.00205325,0.6432853,0.4035714
2569-08-21 12:24:47.467,-0.00205325,0.6432853,0.4035714
2569-08-21 12:24:47.467,-0.00205325,0.6432853,0.4035714
2569-08-21 12:24:47.480,-0.00205325,0.6432853,0.4035714
2569-08-21 12:24:47.480,-0.00205325,0.6432853,0.4035714
2569-08-21 12:24:47.483,-0.00205325,0.6432853,0.4035714
2569-08-21 12:24:47.484,-0.00205325,0.6432853,0.4035714
2569-08-21 12:24:47.484,-0.00205325,0.6432853,0.4035714
2569-08-21 12:24:47.487,-0.00205325,0.6432853,0.4035714
2569-08-21 12:24:47.487,-0.00205325,0.6432853,0.4035714
2569-08-21 12:24:47.490,-0.00205325,0.6432853,0.4035714
2569-08-21 12:24:47.490,-0.00205325,0.6432853,0.4035714
2569-08-21 12:24:47.492,-0.00205325,0.6432853,0.4035714
2569-08-21 12:24:47.499,-0.00205325,0.6432853,0.4035714
2569-08-21 12:24:47.501,-0.00205325,0.6432853,0.4035714
2569-08-21 12:24:47.505,-0.00205325,0.6432853,0.4035714
2569-08-21 12:24:47.505,-0.00205325,0.6432853,0.4035714
2569-08-21 12:24:47.507,-0.00205325,0.6432853,0.4035714
2569-08-21 12:24:47.507,-0.00205325,0.6432853,0.4035714
2569-08-21 12:24:47.511,-0.00205325,0.6432853,0.4035714
2569-08-21 12:24:47.511,-0.00205325,0.6432853,0.4035714
2569-08-21 12:24:47.514,-0.00205325,0.6432853,0.4035714
2569-08-21 12:24:47.521,-0.00205325,0.6432853,0.4035714
2569-08-21 12:24:47.521,-0.00205325,0.6432853,0.4035714
2569-08-21 12:24:47.524,-0.00205325,0.6432853,0.4035714
2569-08-21 12:24:47.524,-0.00205325,0.6432853,0.4035714
2569-08-21 12:24:47.527,-0.00205325,0.6432853,0.4035714
2569-08-21 12:24:47.527,-0.00205325,0.6432853,0.4035714
2569-08-21 12:24:47.530,-0.00205325,0.6432853,0.4035714
2569-08-21 12:24:47.530,-0.00205325,0.6432853,0.4035714
2569-08-21 12:24:47.533,-0.00205325,0.6432853,0.4035714
2569-08-21 12:24:47.545,-0.00205325,0.6432853,0.4035714
2569-08-21 12:24:47.545,-0.00205325,0.6432853,0.4035714
2569-08-21 12:24:47.549,-0.00205325,0.6432853,0.4035714
2569-08-21 12:24:47.549,-0.00205325,0.6432853,0.4035714
2569-08-21 12:24:47.551,-0.00205325,0.6432853,0.4035714
2569-08-21 12:24:47.551,-0.00205325,0.6432853,0.4035714
2569-08-21 12:24:47.555,-0.00205325,0.6432853,0.4035714
2569-08-21 12:24:47.555,-0.00205325,0.6432853,0.4035714
2569-08-21 12:24:47.555,-0.00205325,0.6432853,0.4035714
2569-08-21 12:24:47.566,-0.00205325,0.6432853,0.4035714
2569-08-21 12:24:47.566,-0.00205325,0.6432853,0.4035714
2569-08-21 12:24:47.569,-0.00205325,0.6432853,0.4035714
2569-08-21 12:24:47.570,-0.00205325,0.6432853,0.4035714
2569-08-21 12:24:47.572,-0.00205325,0.6432853,0.4035714
2569-08-21 12:24:47.572,-0.00205325,0.6432853,0.4035714
2569-08-21 12:24:47.577,-0.00205325,0.6432853,0.4035714
2569-08-21 12:24:47.577,-0.00205325,0.6432853,0.4035714
2569-08-21 12:24:47.577,-0.00205325,0.6432853,0.4035714
2569-08-21 12:24:47.590,-0.00205325,0.6432853,0.4035714
2569-08-21 12:24:47.590,-0.00205325,0.6432853,0.4035714
2569-08-21 12:24:47.592,-0.00205325,0.6432853,0.4035714
2569-08-21 12:24:47.592,-0.00201739,0.6439254,0.4024346
2569-08-21 12:24:47.594,-0.00201739,0.6439254,0.4024346
2569-08-21 12:24:47.596,-0.002009973,0.6440578,0.4021989
2569-08-21 12:24:47.596,-0.002009973,0.6440578,0.4021989
2569-08-21 12:24:47.599,-0.002002724,0.6441872,0.4019682
2569-08-21 12:24:47.599,-0.002002724,0.6441872,0.4019682
2569-08-21 12:24:47.611,-0.001994051,0.6443422,0.4016918
2569-08-21 12:24:47.611,-0.001994051,0.6443422,0.4016918
2569-08-21 12:24:47.614,-0.001994051,0.6443422,0.4016918
2569-08-21 12:24:47.614,-0.001960509,0.6449409,0.4006215
2569-08-21 12:24:47.614,-0.001960509,0.6449409,0.4006215
2569-08-21 12:24:47.635,-0.001928721,0.6455083,0.3996031
2569-08-21 12:24:47.635,-0.001928721,0.6455083,0.3996031
2569-08-21 12:24:47.645,-0.001928721,0.6455083,0.3996031
2569-08-21 12:24:47.647,-0.001871742,0.6465256,0.397768
2569-08-21 12:24:47.647,-0.001871742,0.6465256,0.397768
2569-08-21 12:24:47.655,-0.001871742,0.6465256,0.397768
2569-08-21 12:24:47.656,-0.001845926,0.6469864,0.3969326
2569-08-21 12:24:47.656,-0.001845926,0.6469864,0.3969326
2569-08-21 12:24:47.665,-0.00182081,0.6474347,0.3961174
2569-08-21 12:24:47.665,-0.00182081,0.6474347,0.3961174
2569-08-21 12:24:47.676,-0.00182081,0.6474347,0.3961174
2569-08-21 12:24:47.680,-0.001789682,0.6479904,0.3951035
2569-08-21 12:24:47.680,-0.001789682,0.6479904,0.3951035
2569-08-21 12:24:47.691,-0.001750354,0.6486926,0.3938172
2569-08-21 12:24:47.691,-0.001750354,0.6486926,0.3938172
2569-08-21 12:24:47.700,-0.001750354,0.6486926,0.3938172
2569-08-21 12:24:47.700,-0.001725208,0.6491414,0.3929918
2569-08-21 12:24:47.701,-0.001725208,0.6491414,0.3929918
2569-08-21 12:24:47.711,-0.001698174,0.6496241,0.3921013
2569-08-21 12:24:47.711,-0.001698174,0.6496241,0.3921013
2569-08-21 12:24:47.721,-0.001698174,0.6496241,0.3921013
2569-08-21 12:24:47.725,-0.001669768,0.650131,0.3911628
2569-08-21 12:24:47.725,-0.001669768,0.650131,0.3911628
2569-08-21 12:24:47.737,-0.001669768,0.650131,0.3911628
2569-08-21 12:24:47.737,-0.001626447,0.6509045,0.3897249
2569-08-21 12:24:47.737,-0.001626447,0.6509045,0.3897249
2569-08-21 12:24:47.749,-0.001595326,0.6514601,0.3886873
2569-08-21 12:24:47.750,-0.001595326,0.6514601,0.3886873
2569-08-21 12:24:47.763,-0.001595326,0.6514601,0.3886873
2569-08-21 12:24:47.770,-0.001556892,0.652146,0.3874006
2569-08-21 12:24:47.771,-0.001556892,0.652146,0.3874006
2569-08-21 12:24:47.782,-0.001556892,0.652146,0.3874006
2569-08-21 12:24:47.791,-0.001508746,0.6530058,0.3857794
2569-08-21 12:24:47.791,-0.001508746,0.6530058,0.3857794
2569-08-21 12:24:47.803,-0.001508746,0.6530058,0.3857794
2569-08-21 12:24:47.803,-0.001457062,0.6539283,0.3840288
2569-08-21 12:24:47.803,-0.001457062,0.6539283,0.3840288
2569-08-21 12:24:47.814,-0.001457062,0.6539283,0.3840288
2569-08-21 12:24:47.814,-0.00142926,0.6544245,0.3830826
2569-08-21 12:24:47.814,-0.00142926,0.6544245,0.3830826
2569-08-21 12:24:47.836,-0.001399916,0.6549485,0.3820799
2569-08-21 12:24:47.836,-0.001399916,0.6549485,0.3820799
2569-08-21 12:24:47.848,-0.001399916,0.6549485,0.3820799
2569-08-21 12:24:47.848,-0.001341943,0.6559833,0.3800882
2569-08-21 12:24:47.848,-0.001341943,0.6559833,0.3800882
2569-08-21 12:24:47.860,-0.001341943,0.6559833,0.3800882
2569-08-21 12:24:47.860,-0.0013078,0.6565929,0.3789081
2569-08-21 12:24:47.860,-0.0013078,0.6565929,0.3789081
2569-08-21 12:24:47.881,-0.001275472,0.65717,0.3777861
2569-08-21 12:24:47.881,-0.001275472,0.65717,0.3777861
2569-08-21 12:24:47.891,-0.001275472,0.65717,0.3777861
2569-08-21 12:24:47.892,-0.001219686,0.6581658,0.3758389
2569-08-21 12:24:47.892,-0.001219686,0.6581658,0.3758389
2569-08-21 12:24:47.901,-0.001219686,0.6581658,0.3758389
2569-08-21 12:24:47.901,-0.001191057,0.6586769,0.3748339
2569-08-21 12:24:47.901,-0.001191057,0.6586769,0.3748339
2569-08-21 12:24:47.911,-0.001160741,0.6592183,0.3737653
2569-08-21 12:24:47.911,-0.001160741,0.6592183,0.3737653
2569-08-21 12:24:47.923,-0.001160741,0.6592183,0.3737653
2569-08-21 12:24:47.926,-0.001128253,0.6597981,0.372616
2569-08-21 12:24:47.926,-0.001128253,0.6597981,0.372616
2569-08-21 12:24:47.936,-0.001128253,0.6597981,0.372616
2569-08-21 12:24:47.936,-0.001090441,0.6604732,0.3712717
2569-08-21 12:24:47.936,-0.001090441,0.6604732,0.3712717
2569-08-21 12:24:47.947,-0.001060378,0.6610098,0.370198
2569-08-21 12:24:47.947,-0.001060378,0.6610098,0.370198
2569-08-21 12:24:47.957,-0.001060378,0.6610098,0.370198
2569-08-21 12:24:47.957,-0.001029138,0.6615675,0.3690777
2569-08-21 12:24:47.957,-0.001029138,0.6615675,0.3690777
2569-08-21 12:24:47.971,-0.0009989105,0.6621071,0.3679893
2569-08-21 12:24:47.971,-0.0009989105,0.6621071,0.3679893
2569-08-21 12:24:47.981,-0.0009989105,0.6621071,0.3679893
2569-08-21 12:24:47.981,-0.0009619892,0.6627662,0.3666536
2569-08-21 12:24:47.981,-0.0009619892,0.6627662,0.3666536
2569-08-21 12:24:47.991,-0.000938829,0.6631797,0.3658121
2569-08-21 12:24:47.991,-0.000938829,0.6631797,0.3658121
2569-08-21 12:24:48.001,-0.000938829,0.6631797,0.3658121
2569-08-21 12:24:48.001,-0.0009120815,0.6636571,0.3648372
2569-08-21 12:24:48.001,-0.0009120815,0.6636571,0.3648372
2569-08-21 12:24:48.016,-0.0008886606,0.6640753,0.3639806
2569-08-21 12:24:48.016,-0.0008886606,0.6640753,0.3639806
2569-08-21 12:24:48.025,-0.0008886606,0.6640753,0.3639806
2569-08-21 12:24:48.037,-0.0008599088,0.6645886,0.3629248
2569-08-21 12:24:48.037,-0.0008599088,0.6645886,0.3629248
2569-08-21 12:24:48.045,-0.0008599088,0.6645886,0.3629248
2569-08-21 12:24:48.045,-0.000819955,0.6653018,0.3614509
2569-08-21 12:24:48.045,-0.000819955,0.6653018,0.3614509
2569-08-21 12:24:48.056,-0.000819955,0.6653018,0.3614509
2569-08-21 12:24:48.057,-0.0008056872,0.6655564,0.3609227
2569-08-21 12:24:48.057,-0.0008056872,0.6655564,0.3609227
2569-08-21 12:24:48.066,-0.0007893257,0.6658486,0.3603155
2569-08-21 12:24:48.066,-0.0007893257,0.6658486,0.3603155
2569-08-21 12:24:48.076,-0.0007893257,0.6658486,0.3603155
2569-08-21 12:24:48.081,-0.0007893257,0.6658486,0.3603155
2569-08-21 12:24:48.081,-0.0007893257,0.6658486,0.3603155
2569-08-21 12:24:48.091,-0.0007893257,0.6658486,0.3603155
2569-08-21 12:24:48.091,-0.0007893257,0.6658486,0.3603155
2569-08-21 12:24:48.099,-0.0007893257,0.6658486,0.3603155
2569-08-21 12:24:48.102,-0.0007893257,0.6658486,0.3603155
2569-08-21 12:24:48.102,-0.0007893257,0.6658486,0.3603155
2569-08-21 12:24:48.105,-0.0007893257,0.6658486,0.3603155
2569-08-21 12:24:48.105,-0.0007893257,0.6658486,0.3603155
2569-08-21 12:24:48.107,-0.0007893257,0.6658486,0.3603155
2569-08-21 12:24:48.108,-0.0007893257,0.6658486,0.3603155
2569-08-21 12:24:48.110,-0.0007893257,0.6658486,0.3603155
2569-08-21 12:24:48.110,-0.0007893257,0.6658486,0.3603155
2569-08-21 12:24:48.113,-0.0007893257,0.6658486,0.3603155
2569-08-21 12:24:48.113,-0.0007893257,0.6658486,0.3603155
2569-08-21 12:24:48.115,-0.0007893257,0.6658486,0.3603155
2569-08-21 12:24:48.127,-0.0007893257,0.6658486,0.3603155
2569-08-21 12:24:48.127,-0.0007893257,0.6658486,0.3603155
2569-08-21 12:24:48.129,-0.0007893257,0.6658486,0.3603155
2569-08-21 12:24:48.129,-0.0007893257,0.6658486,0.3603155
2569-08-21 12:24:48.132,-0.0007893257,0.6658486,0.3603155
2569-08-21 12:24:48.132,-0.0007893257,0.6658486,0.3603155
2569-08-21 12:24:48.135,-0.0007893257,0.6658486,0.3603155
2569-08-21 12:24:48.135,-0.0007893257,0.6658486,0.3603155
2569-08-21 12:24:48.135,-0.0007893257,0.6658486,0.3603155
2569-08-21 12:24:48.139,-0.0007893257,0.6658486,0.3603155
2569-08-21 12:24:48.139,-0.0007893257,0.6658486,0.3603155
2569-08-21 12:24:48.147,-0.0007893257,0.6658486,0.3603155
2569-08-21 12:24:48.147,-0.0007893257,0.6658486,0.3603155
2569-08-21 12:24:48.150,-0.0007893257,0.6658486,0.3603155
2569-08-21 12:24:48.150,-0.0007893257,0.6658486,0.3603155
2569-08-21 12:24:48.152,-0.0007893257,0.6658486,0.3603155
2569-08-21 12:24:48.152,-0.0007893257,0.6658486,0.3603155
2569-08-21 12:24:48.154,-0.0007893257,0.6658486,0.3603155
2569-08-21 12:24:48.155,-0.0007893257,0.6658486,0.3603155
2569-08-21 12:24:48.155,-0.0007893257,0.6658486,0.3603155
2569-08-21 12:24:48.157,-0.0007893257,0.6658486,0.3603155
2569-08-21 12:24:48.157,-0.0007893257,0.6658486,0.3603155
2569-08-21 12:24:48.171,-0.0007893257,0.6658486,0.3603155
2569-08-21 12:24:48.171,-0.0007893257,0.6658486,0.3603155
2569-08-21 12:24:48.173,-0.0007893257,0.6658486,0.3603155
2569-08-21 12:24:48.173,-0.0007893257,0.6658486,0.3603155
2569-08-21 12:24:48.173,-0.0007893257,0.6658486,0.3603155
2569-08-21 12:24:48.192,-0.0007893257,0.6658486,0.3603155
2569-08-21 12:24:48.192,-0.0007893257,0.6658486,0.3603155
2569-08-21 12:24:48.195,-0.0007893257,0.6658486,0.3603155
2569-08-21 12:24:48.195,-0.0007893257,0.6658486,0.3603155
2569-08-21 12:24:48.195,-0.0007893257,0.6658486,0.3603155
2569-08-21 12:24:48.197,-0.0007893257,0.6658486,0.3603155
2569-08-21 12:24:48.197,-0.0007893257,0.6658486,0.3603155
2569-08-21 12:24:48.199,-0.0007893257,0.6658486,0.3603155
2569-08-21 12:24:48.199,-0.0007893257,0.6658486,0.3603155
2569-08-21 12:24:48.202,-0.0007893257,0.6658486,0.3603155
2569-08-21 12:24:48.202,-0.0007893257,0.6658486,0.3603155
2569-08-21 12:24:48.216,-0.0007893257,0.6658486,0.3603155
2569-08-21 12:24:48.216,-0.0007893257,0.6658486,0.3603155
2569-08-21 12:24:48.219,-0.0007893257,0.6658486,0.3603155
2569-08-21 12:24:48.220,-0.0007893257,0.6658486,0.3603155
2569-08-21 12:24:48.220,-0.0007893257,0.6658486,0.3603155
2569-08-21 12:24:48.222,-0.0007893257,0.6658486,0.3603155
2569-08-21 12:24:48.222,-0.0007893257,0.6658486,0.3603155
2569-08-21 12:24:48.224,-0.0007893257,0.6658486,0.3603155
2569-08-21 12:24:48.224,-0.0007893257,0.6658486,0.3603155
2569-08-21 12:24:48.226,-0.0007893257,0.6658486,0.3603155
2569-08-21 12:24:48.227,-0.0007893257,0.6658486,0.3603155
2569-08-21 12:24:48.229,-0.0007893257,0.6658486,0.3603155
2569-08-21 12:24:48.229,-0.0007893257,0.6658486,0.3603155
2569-08-21 12:24:48.237,-0.0007893257,0.6658486,0.3603155
2569-08-21 12:24:48.237,-0.0007893257,0.6658486,0.3603155
2569-08-21 12:24:48.240,-0.0007893257,0.6658486,0.3603155
2569-08-21 12:24:48.240,-0.0007893257,0.6658486,0.3603155
2569-08-21 12:24:48.240,-0.0007893257,0.6658486,0.3603155
2569-08-21 12:24:48.242,-0.0007893257,0.6658486,0.3603155
2569-08-21 12:24:48.242,-0.0007893257,0.6658486,0.3603155
2569-08-21 12:24:48.244,-0.0007893257,0.6658486,0.3603155
2569-08-21 12:24:48.244,-0.0007893257,0.6658486,0.3603155
2569-08-21 12:24:48.247,-0.0007893257,0.6658486,0.3603155
2569-08-21 12:24:48.247,-0.0007893257,0.6658486,0.3603155
2569-08-21 12:24:48.258,-0.0007893257,0.6658486,0.3603155
2569-08-21 12:24:48.258,-0.0007893257,0.6658486,0.3603155
2569-08-21 12:24:48.261,-0.0007893257,0.6658486,0.3603155
2569-08-21 12:24:48.261,-0.0007893257,0.6658486,0.3603155
2569-08-21 12:24:48.261,-0.0007893257,0.6658486,0.3603155
2569-08-21 12:24:48.263,-0.0007893257,0.6658486,0.3603155
2569-08-21 12:24:48.263,-0.0007893257,0.6658486,0.3603155
2569-08-21 12:24:48.265,-0.0007893257,0.6658486,0.3603155
2569-08-21 12:24:48.265,-0.0007893257,0.6658486,0.3603155
2569-08-21 12:24:48.269,-0.0007893257,0.6658486,0.3603155
2569-08-21 12:24:48.269,-0.0007893257,0.6658486,0.3603155
2569-08-21 12:24:48.282,-0.0007893257,0.6658486,0.3603155
2569-08-21 12:24:48.282,-0.0007893257,0.6658486,0.3603155
2569-08-21 12:24:48.286,-0.0007893257,0.6658486,0.3603155
2569-08-21 12:24:48.286,-0.0007893257,0.6658486,0.3603155
2569-08-21 12:24:48.286,-0.0007893257,0.6658486,0.3603155
2569-08-21 12:24:48.289,-0.0007893257,0.6658486,0.3603155
2569-08-21 12:24:48.289,-0.0007893257,0.6658486,0.3603155
2569-08-21 12:24:48.291,-0.0007893257,0.6658486,0.3603155
2569-08-21 12:24:48.291,-0.0007893257,0.6658486,0.3603155
2569-08-21 12:24:48.293,-0.0007893257,0.6658486,0.3603155
2569-08-21 12:24:48.293,-0.0007893257,0.6658486,0.3603155
2569-08-21 12:24:48.295,-0.0007893257,0.6658486,0.3603155
2569-08-21 12:24:48.303,-0.0007893257,0.6658486,0.3603155
2569-08-21 12:24:48.303,-0.0007893257,0.6658486,0.3603155
2569-08-21 12:24:48.306,-0.0007893257,0.6658486,0.3603155
2569-08-21 12:24:48.306,-0.0007893257,0.6658486,0.3603155
2569-08-21 12:24:48.308,-0.0007893257,0.6658486,0.3603155
2569-08-21 12:24:48.309,-0.0007893257,0.6658486,0.3603155
2569-08-21 12:24:48.310,-0.0007893257,0.6658486,0.3603155
2569-08-21 12:24:48.310,-0.0007893257,0.6658486,0.3603155
2569-08-21 12:24:48.313,-0.0007893257,0.6658486,0.3603155
2569-08-21 12:24:48.313,-0.0007893257,0.6658486,0.3603155
2569-08-21 12:24:48.315,-0.0007893257,0.6658486,0.3603155
2569-08-21 12:24:48.328,-0.0007893257,0.6658486,0.3603155
2569-08-21 12:24:48.328,-0.0007893257,0.6658486,0.3603155
2569-08-21 12:24:48.331,-0.0007893257,0.6658486,0.3603155
2569-08-21 12:24:48.331,-0.0007893257,0.6658486,0.3603155
2569-08-21 12:24:48.333,-0.0007893257,0.6658486,0.3603155
2569-08-21 12:24:48.334,-0.0007893257,0.6658486,0.3603155
2569-08-21 12:24:48.334,-0.0007893257,0.6658486,0.3603155
2569-08-21 12:24:48.335,-0.0007893257,0.6658486,0.3603155
2569-08-21 12:24:48.335,-0.0007893257,0.6658486,0.3603155
2569-08-21 12:24:48.338,-0.0007893257,0.6658486,0.3603155
2569-08-21 12:24:48.338,-0.0007893257,0.6658486,0.3603155
2569-08-21 12:24:48.348,-0.0007893257,0.6658486,0.3603155
2569-08-21 12:24:48.348,-0.0007893257,0.6658486,0.3603155
2569-08-21 12:24:48.351,-0.0007893257,0.6658486,0.3603155
2569-08-21 12:24:48.351,-0.0007893257,0.6658486,0.3603155
2569-08-21 12:24:48.353,-0.0007893257,0.6658486,0.3603155
2569-08-21 12:24:48.353,-0.0007893257,0.6658486,0.3603155
2569-08-21 12:24:48.353,-0.0007893257,0.6658486,0.3603155
2569-08-21 12:24:48.355,-0.0007893257,0.6658486,0.3603155
2569-08-21 12:24:48.355,-0.0007893257,0.6658486,0.3603155
2569-08-21 12:24:48.358,-0.0007893257,0.6658486,0.3603155
2569-08-21 12:24:48.358,-0.0007893257,0.6658486,0.3603155
2569-08-21 12:24:48.372,-0.0007893257,0.6658486,0.3603155
2569-08-21 12:24:48.372,-0.0007893257,0.6658486,0.3603155
2569-08-21 12:24:48.375,-0.0007893257,0.6658486,0.3603155
2569-08-21 12:24:48.375,-0.0007893257,0.6658486,0.3603155
2569-08-21 12:24:48.375,-0.0007893257,0.6658486,0.3603155
2569-08-21 12:24:48.377,-0.0007893257,0.6658486,0.3603155
2569-08-21 12:24:48.377,-0.0007893257,0.6658486,0.3603155
2569-08-21 12:24:48.381,-0.0007893257,0.6658486,0.3603155
2569-08-21 12:24:48.381,-0.0007893257,0.6658486,0.3603155
2569-08-21 12:24:48.383,-0.0007893257,0.6658486,0.3603155
2569-08-21 12:24:48.383,-0.0007893257,0.6658486,0.3603155
2569-08-21 12:24:48.392,-0.0007893257,0.6658486,0.3603155
2569-08-21 12:24:48.393,-0.0007893257,0.6658486,0.3603155
2569-08-21 12:24:48.396,-0.0007893257,0.6658486,0.3603155
2569-08-21 12:24:48.396,-0.0007893257,0.6658486,0.3603155
2569-08-21 12:24:48.396,-0.0007893257,0.6658486,0.3603155
2569-08-21 12:24:48.398,-0.0007893257,0.6658486,0.3603155
2569-08-21 12:24:48.399,-0.0007893257,0.6658486,0.3603155
2569-08-21 12:24:48.400,-0.0007893257,0.6658486,0.3603155
2569-08-21 12:24:48.401,-0.0007893257,0.6658486,0.3603155
2569-08-21 12:24:48.403,-0.0007893257,0.6658486,0.3603155
2569-08-21 12:24:48.403,-0.0007893257,0.6658486,0.3603155
2569-08-21 12:24:48.417,-0.0007893257,0.6658486,0.3603155
2569-08-21 12:24:48.417,-0.0007893257,0.6658486,0.3603155
2569-08-21 12:24:48.420,-0.0007893257,0.6658486,0.3603155
2569-08-21 12:24:48.421,-0.0007893257,0.6658486,0.3603155
2569-08-21 12:24:48.421,-0.0007893257,0.6658486,0.3603155
2569-08-21 12:24:48.423,-0.0007893257,0.6658486,0.3603155
2569-08-21 12:24:48.423,-0.0007893257,0.6658486,0.3603155
2569-08-21 12:24:48.425,-0.0007893257,0.6658486,0.3603155
2569-08-21 12:24:48.425,-0.0007893257,0.6658486,0.3603155
2569-08-21 12:24:48.427,-0.0007893257,0.6658486,0.3603155
2569-08-21 12:24:48.427,-0.0007893257,0.6658486,0.3603155
2569-08-21 12:24:48.430,-0.0007893257,0.6658486,0.3603155
2569-08-21 12:24:48.430,-0.0007893257,0.6658486,0.3603155
2569-08-21 12:24:48.437,-0.0007893257,0.6658486,0.3603155
2569-08-21 12:24:48.437,-0.0007893257,0.6658486,0.3603155
2569-08-21 12:24:48.441,-0.0007893257,0.6658486,0.3603155
2569-08-21 12:24:48.441,-0.0007893257,0.6658486,0.3603155
2569-08-21 12:24:48.441,-0.0007893257,0.6658486,0.3603155
2569-08-21 12:24:48.444,-0.0007893257,0.6658486,0.3603155
2569-08-21 12:24:48.444,-0.0007893257,0.6658486,0.3603155
2569-08-21 12:24:48.446,-0.0007893257,0.6658486,0.3603155
2569-08-21 12:24:48.446,-0.0007893257,0.6658486,0.3603155
2569-08-21 12:24:48.449,-0.0007893257,0.6658486,0.3603155
2569-08-21 12:24:48.449,-0.0007893257,0.6658486,0.3603155
2569-08-21 12:24:48.463,-0.0007893257,0.6658486,0.3603155
2569-08-21 12:24:48.463,-0.0007893257,0.6658486,0.3603155
2569-08-21 12:24:48.465,-0.0007893257,0.6658486,0.3603155
2569-08-21 12:24:48.465,-0.0007893257,0.6658486,0.3603155
2569-08-21 12:24:48.465,-0.0007893257,0.6658486,0.3603155
2569-08-21 12:24:48.468,-0.0007893257,0.6658486,0.3603155
2569-08-21 12:24:48.469,-0.0007893257,0.6658486,0.3603155
2569-08-21 12:24:48.483,-0.0007893257,0.6658486,0.3603155
2569-08-21 12:24:48.483,-0.0007893257,0.6658486,0.3603155
2569-08-21 12:24:48.486,-0.0007893257,0.6658486,0.3603155
2569-08-21 12:24:48.487,-0.0007893257,0.6658486,0.3603155
2569-08-21 12:24:48.487,-0.0007893257,0.6658486,0.3603155
2569-08-21 12:24:48.489,-0.0007893257,0.6658486,0.3603155
2569-08-21 12:24:48.489,-0.0007893257,0.6658486,0.3603155
2569-08-21 12:24:48.490,-0.0007893257,0.6658486,0.3603155
2569-08-21 12:24:48.492,-0.0007893257,0.6658486,0.3603155
2569-08-21 12:24:48.493,-0.0007893257,0.6658486,0.3603155
2569-08-21 12:24:48.493,-0.0007893257,0.6658486,0.3603155
2569-08-21 12:24:48.493,-0.0007893257,0.6658486,0.3603155
2569-08-21 12:24:48.503,-0.0007893257,0.6658486,0.3603155
2569-08-21 12:24:48.503,-0.0007893257,0.6658486,0.3603155
2569-08-21 12:24:48.507,-0.0007893257,0.6658486,0.3603155
2569-08-21 12:24:48.507,-0.0007893257,0.6658486,0.3603155
2569-08-21 12:24:48.509,-0.0007893257,0.6658486,0.3603155
2569-08-21 12:24:48.509,-0.0007893257,0.6658486,0.3603155
2569-08-21 12:24:48.511,-0.0007893257,0.6658486,0.3603155
2569-08-21 12:24:48.511,-0.0007893257,0.6658486,0.3603155
2569-08-21 12:24:48.514,-0.0007893257,0.6658486,0.3603155
2569-08-21 12:24:48.514,-0.0007893257,0.6658486,0.3603155
2569-08-21 12:24:48.514,-0.0007893257,0.6658486,0.3603155
2569-08-21 12:24:48.528,-0.0007893257,0.6658486,0.3603155
2569-08-21 12:24:48.528,-0.0007893257,0.6658486,0.3603155
2569-08-21 12:24:48.531,-0.0007893257,0.6658486,0.3603155
2569-08-21 12:24:48.531,-0.0007893257,0.6658486,0.3603155
2569-08-21 12:24:48.534,-0.0007893257,0.6658486,0.3603155
2569-08-21 12:24:48.534,-0.0007893257,0.6658486,0.3603155
2569-08-21 12:24:48.534,-0.0007893257,0.6658486,0.3603155
2569-08-21 12:24:48.536,-0.0007893257,0.6658486,0.3603155
2569-08-21 12:24:48.536,-0.0007893257,0.6658486,0.3603155
2569-08-21 12:24:48.539,-0.0007893257,0.6658486,0.3603155
2569-08-21 12:24:48.539,-0.0007893257,0.6658486,0.3603155
2569-08-21 12:24:48.549,-0.0007893257,0.6658486,0.3603155
2569-08-21 12:24:48.549,-0.0007893257,0.6658486,0.3603155
2569-08-21 12:24:48.551,-0.0007893257,0.6658486,0.3603155
2569-08-21 12:24:48.551,-0.0007893257,0.6658486,0.3603155
2569-08-21 12:24:48.554,-0.0007893257,0.6658486,0.3603155
2569-08-21 12:24:48.555,-0.0007893257,0.6658486,0.3603155
2569-08-21 12:24:48.555,-0.0007893257,0.6658486,0.3603155
2569-08-21 12:24:48.557,-0.0007893257,0.6658486,0.3603155
2569-08-21 12:24:48.557,-0.0007893257,0.6658486,0.3603155
2569-08-21 12:24:48.560,-0.0007893257,0.6658486,0.3603155
2569-08-21 12:24:48.560,-0.0007893257,0.6658486,0.3603155
2569-08-21 12:24:48.573,-0.0007893257,0.6658486,0.3603155
2569-08-21 12:24:48.574,-0.0007893257,0.6658486,0.3603155
2569-08-21 12:24:48.576,-0.0007893257,0.6658486,0.3603155
2569-08-21 12:24:48.576,-0.0007893257,0.6658486,0.3603155
2569-08-21 12:24:48.577,-0.0007893257,0.6658486,0.3603155
2569-08-21 12:24:48.579,-0.0007893257,0.6658486,0.3603155
2569-08-21 12:24:48.579,-0.0007893257,0.6658486,0.3603155
2569-08-21 12:24:48.582,-0.0007893257,0.6658486,0.3603155
2569-08-21 12:24:48.582,-0.0007893257,0.6658486,0.3603155
2569-08-21 12:24:48.584,-0.0007893257,0.6658486,0.3603155
2569-08-21 12:24:48.584,-0.0007893257,0.6658486,0.3603155
2569-08-21 12:24:48.594,-0.0007893257,0.6658486,0.3603155
2569-08-21 12:24:48.594,-0.0007893257,0.6658486,0.3603155
2569-08-21 12:24:48.596,-0.0007893257,0.6658486,0.3603155
2569-08-21 12:24:48.596,-0.0007893257,0.6658486,0.3603155
2569-08-21 12:24:48.596,-0.0007893257,0.6658486,0.3603155
2569-08-21 12:24:48.600,-0.0007893257,0.6658486,0.3603155
2569-08-21 12:24:48.600,-0.0007893257,0.6658486,0.3603155
2569-08-21 12:24:48.602,-0.0007893257,0.6658486,0.3603155
2569-08-21 12:24:48.602,-0.0007893257,0.6658486,0.3603155
2569-08-21 12:24:48.604,-0.0007893257,0.6658486,0.3603155
2569-08-21 12:24:48.604,-0.0007893257,0.6658486,0.3603155
2569-08-21 12:24:48.619,-0.0007893257,0.6658486,0.3603155
2569-08-21 12:24:48.619,-0.0007893257,0.6658486,0.3603155
2569-08-21 12:24:48.621,-0.0007893257,0.6658486,0.3603155
2569-08-21 12:24:48.622,-0.0007893257,0.6658486,0.3603155
2569-08-21 12:24:48.622,-0.0007893257,0.6658486,0.3603155
2569-08-21 12:24:48.625,-0.0007893257,0.6658486,0.3603155
2569-08-21 12:24:48.625,-0.0007893257,0.6658486,0.3603155
2569-08-21 12:24:48.627,-0.0007893257,0.6658486,0.3603155
2569-08-21 12:24:48.627,-0.0007893257,0.6658486,0.3603155
2569-08-21 12:24:48.630,-0.0007893257,0.6658486,0.3603155
2569-08-21 12:24:48.630,-0.0007893257,0.6658486,0.3603155
2569-08-21 12:24:48.639,-0.0007893257,0.6658486,0.3603155
2569-08-21 12:24:48.639,-0.0007893257,0.6658486,0.3603155
2569-08-21 12:24:48.641,-0.0007893257,0.6658486,0.3603155
2569-08-21 12:24:48.641,-0.0007893257,0.6658486,0.3603155
2569-08-21 12:24:48.641,-0.0007893257,0.6658486,0.3603155
2569-08-21 12:24:48.644,-0.0007893257,0.6658486,0.3603155
2569-08-21 12:24:48.644,-0.0007893257,0.6658486,0.3603155
2569-08-21 12:24:48.646,-0.0007893257,0.6658486,0.3603155
2569-08-21 12:24:48.646,-0.0007893257,0.6658486,0.3603155
2569-08-21 12:24:48.649,-0.0007893257,0.6658486,0.3603155
2569-08-21 12:24:48.649,-0.0007893257,0.6658486,0.3603155
2569-08-21 12:24:48.663,-0.0007893257,0.6658486,0.3603155
2569-08-21 12:24:48.663,-0.0007893257,0.6658486,0.3603155
2569-08-21 12:24:48.666,-0.0007893257,0.6658486,0.3603155
2569-08-21 12:24:48.666,-0.0007893257,0.6658486,0.3603155
2569-08-21 12:24:48.666,-0.0007893257,0.6658486,0.3603155
2569-08-21 12:24:48.669,-0.0007893257,0.6658486,0.3603155
2569-08-21 12:24:48.669,-0.0007893257,0.6658486,0.3603155
2569-08-21 12:24:48.672,-0.0007893257,0.6658486,0.3603155
2569-08-21 12:24:48.672,-0.0007893257,0.6658486,0.3603155
2569-08-21 12:24:48.673,-0.0007893257,0.6658486,0.3603155
2569-08-21 12:24:48.684,-0.0007893257,0.6658486,0.3603155
2569-08-21 12:24:48.684,-0.0007893257,0.6658486,0.3603155
2569-08-21 12:24:48.687,-0.0007893257,0.6658486,0.3603155
2569-08-21 12:24:48.687,-0.0007893257,0.6658486,0.3603155
2569-08-21 12:24:48.689,-0.0007893257,0.6658486,0.3603155
2569-08-21 12:24:48.689,-0.0007893257,0.6658486,0.3603155
2569-08-21 12:24:48.693,-0.0007893257,0.6658486,0.3603155
2569-08-21 12:24:48.693,-0.0007893257,0.6658486,0.3603155
2569-08-21 12:24:48.694,-0.0007893257,0.6658486,0.3603155
2569-08-21 12:24:48.694,-0.0007893257,0.6658486,0.3603155
2569-08-21 12:24:48.694,-0.0007893257,0.6658486,0.3603155
2569-08-21 12:24:48.704,-0.0007893257,0.6658486,0.3603155
2569-08-21 12:24:48.704,-0.0007893257,0.6658486,0.3603155
2569-08-21 12:24:48.706,-0.0007893257,0.6658486,0.3603155
2569-08-21 12:24:48.706,-0.0007893257,0.6658486,0.3603155
2569-08-21 12:24:48.710,-0.0007893257,0.6658486,0.3603155
2569-08-21 12:24:48.710,-0.0007893257,0.6658486,0.3603155
2569-08-21 12:24:48.711,-0.0007893257,0.6658486,0.3603155
2569-08-21 12:24:48.711,-0.0007893257,0.6658486,0.3603155
2569-08-21 12:24:48.714,-0.0007893257,0.6658486,0.3603155
2569-08-21 12:24:48.714,-0.0007893257,0.6658486,0.3603155
2569-08-21 12:24:48.714,-0.0007893257,0.6658486,0.3603155
2569-08-21 12:24:48.728,-0.0007893257,0.6658486,0.3603155
2569-08-21 12:24:48.728,-0.0007893257,0.6658486,0.3603155
2569-08-21 12:24:48.732,-0.0007893257,0.6658486,0.3603155
2569-08-21 12:24:48.732,-0.0007893257,0.6658486,0.3603155
2569-08-21 12:24:48.739,-0.0007893257,0.6658486,0.3603155
2569-08-21 12:24:48.739,-0.0007893257,0.6658486,0.3603155
2569-08-21 12:24:48.739,-0.0007893257,0.6658486,0.3603155
2569-08-21 12:24:48.749,-0.0007893257,0.6658486,0.3603155
2569-08-21 12:24:48.749,-0.0007893257,0.6658486,0.3603155
2569-08-21 12:24:48.753,-0.0007893257,0.6658486,0.3603155
2569-08-21 12:24:48.753,-0.0007893257,0.6658486,0.3603155
2569-08-21 12:24:48.755,-0.0007893257,0.6658486,0.3603155
2569-08-21 12:24:48.755,-0.0007893257,0.6658486,0.3603155
2569-08-21 12:24:48.755,-0.0007893257,0.6658486,0.3603155
2569-08-21 12:24:48.757,-0.0007893257,0.6658486,0.3603155
2569-08-21 12:24:48.757,-0.0007893257,0.6658486,0.3603155
2569-08-21 12:24:48.759,-0.0007893257,0.6658486,0.3603155
2569-08-21 12:24:48.759,-0.0007893257,0.6658486,0.3603155
2569-08-21 12:24:48.774,-0.0007893257,0.6658486,0.3603155
2569-08-21 12:24:48.774,-0.0007893257,0.6658486,0.3603155
2569-08-21 12:24:48.776,-0.0007893257,0.6658486,0.3603155
2569-08-21 12:24:48.777,-0.0007893257,0.6658486,0.3603155
2569-08-21 12:24:48.777,-0.0007893257,0.6658486,0.3603155
2569-08-21 12:24:48.779,-0.0007893257,0.6658486,0.3603155
2569-08-21 12:24:48.779,-0.0007893257,0.6658486,0.3603155
2569-08-21 12:24:48.782,-0.0007893257,0.6658486,0.3603155
2569-08-21 12:24:48.782,-0.0007893257,0.6658486,0.3603155
2569-08-21 12:24:48.785,-0.0007893257,0.6658486,0.3603155
2569-08-21 12:24:48.785,-0.0007893257,0.6658486,0.3603155
2569-08-21 12:24:48.794,-0.0007893257,0.6658486,0.3603155
2569-08-21 12:24:48.794,-0.0007893257,0.6658486,0.3603155
2569-08-21 12:24:48.797,-0.0007893257,0.6658486,0.3603155
2569-08-21 12:24:48.797,-0.0007893257,0.6658486,0.3603155
2569-08-21 12:24:48.797,-0.0007893257,0.6658486,0.3603155
2569-08-21 12:24:48.800,-0.0007893257,0.6658486,0.3603155
2569-08-21 12:24:48.800,-0.0007893257,0.6658486,0.3603155
2569-08-21 12:24:48.802,-0.0007893257,0.6658486,0.3603155
2569-08-21 12:24:48.802,-0.0007893257,0.6658486,0.3603155
2569-08-21 12:24:48.805,-0.0007893257,0.6658486,0.3603155
2569-08-21 12:24:48.805,-0.0007893257,0.6658486,0.3603155
2569-08-21 12:24:48.819,-0.0007893257,0.6658486,0.3603155
2569-08-21 12:24:48.819,-0.0007893257,0.6658486,0.3603155
2569-08-21 12:24:48.821,-0.0007893257,0.6658486,0.3603155
2569-08-21 12:24:48.821,-0.0007893257,0.6658486,0.3603155
2569-08-21 12:24:48.821,-0.0007893257,0.6658486,0.3603155
2569-08-21 12:24:48.825,-0.0007893257,0.6658486,0.3603155
2569-08-21 12:24:48.825,-0.0007893257,0.6658486,0.3603155
2569-08-21 12:24:48.827,-0.0007893257,0.6658486,0.3603155
2569-08-21 12:24:48.827,-0.0007893257,0.6658486,0.3603155
2569-08-21 12:24:48.830,-0.0007893257,0.6658486,0.3603155
2569-08-21 12:24:48.830,-0.0007893257,0.6658486,0.3603155
2569-08-21 12:24:48.839,-0.0007893257,0.6658486,0.3603155
2569-08-21 12:24:48.839,-0.0007893257,0.6658486,0.3603155
2569-08-21 12:24:48.842,-0.0007893257,0.6658486,0.3603155
2569-08-21 12:24:48.842,-0.0007893257,0.6658486,0.3603155
2569-08-21 12:24:48.842,-0.0007893257,0.6658486,0.3603155
2569-08-21 12:24:48.844,-0.0007893257,0.6658486,0.3603155
2569-08-21 12:24:48.844,-0.0007893257,0.6658486,0.3603155
2569-08-21 12:24:48.847,-0.0007893257,0.6658486,0.3603155
2569-08-21 12:24:48.847,-0.0007893257,0.6658486,0.3603155
2569-08-21 12:24:48.849,-0.0007893257,0.6658486,0.3603155
2569-08-21 12:24:48.849,-0.0007893257,0.6658486,0.3603155
2569-08-21 12:24:48.864,-0.0007893257,0.6658486,0.3603155
2569-08-21 12:24:48.864,-0.0007893257,0.6658486,0.3603155
2569-08-21 12:24:48.866,-0.0007893257,0.6658486,0.3603155
2569-08-21 12:24:48.866,-0.0007893257,0.6658486,0.3603155
2569-08-21 12:24:48.866,-0.0007893257,0.6658486,0.3603155
2569-08-21 12:24:48.869,-0.0007893257,0.6658486,0.3603155
2569-08-21 12:24:48.869,-0.0007893257,0.6658486,0.3603155
2569-08-21 12:24:48.872,-0.0007893257,0.6658486,0.3603155
2569-08-21 12:24:48.872,-0.0007893257,0.6658486,0.3603155
2569-08-21 12:24:48.873,-0.0007893257,0.6658486,0.3603155
2569-08-21 12:24:48.875,-0.0007893257,0.6658486,0.3603155
2569-08-21 12:24:48.875,-0.0007893257,0.6658486,0.3603155
2569-08-21 12:24:48.885,-0.0007893257,0.6658486,0.3603155
2569-08-21 12:24:48.885,-0.0007893257,0.6658486,0.3603155
2569-08-21 12:24:48.888,-0.0007893257,0.6658486,0.3603155
2569-08-21 12:24:48.888,-0.0007893257,0.6658486,0.3603155
2569-08-21 12:24:48.890,-0.0007893257,0.6658486,0.3603155
2569-08-21 12:24:48.890,-0.0007893257,0.6658486,0.3603155
2569-08-21 12:24:48.893,-0.0007893257,0.6658486,0.3603155
2569-08-21 12:24:48.893,-0.0007893257,0.6658486,0.3603155
2569-08-21 12:24:48.895,-0.0007893257,0.6658486,0.3603155
2569-08-21 12:24:48.895,-0.0007893257,0.6658486,0.3603155
2569-08-21 12:24:48.895,-0.0007893257,0.6658486,0.3603155
2569-08-21 12:24:48.909,-0.0007893257,0.6658486,0.3603155
2569-08-21 12:24:48.909,-0.0007893257,0.6658486,0.3603155
2569-08-21 12:24:48.912,-0.0007893257,0.6658486,0.3603155
2569-08-21 12:24:48.912,-0.0007893257,0.6658486,0.3603155
2569-08-21 12:24:48.915,-0.0007893257,0.6658486,0.3603155
2569-08-21 12:24:48.915,-0.0007893257,0.6658486,0.3603155
2569-08-21 12:24:48.915,-0.0007893257,0.6658486,0.3603155
2569-08-21 12:24:48.929,-0.0007893257,0.6658486,0.3603155
2569-08-21 12:24:48.929,-0.0007893257,0.6658486,0.3603155
2569-08-21 12:24:48.932,-0.0007893257,0.6658486,0.3603155
2569-08-21 12:24:48.932,-0.0007893257,0.6658486,0.3603155
2569-08-21 12:24:48.935,-0.0007893257,0.6658486,0.3603155
2569-08-21 12:24:48.935,-0.0007893257,0.6658486,0.3603155
2569-08-21 12:24:48.935,-0.0007893257,0.6658486,0.3603155
2569-08-21 12:24:48.937,-0.0007893257,0.6658486,0.3603155
2569-08-21 12:24:48.937,-0.0007893257,0.6658486,0.3603155
2569-08-21 12:24:48.940,-0.0007893257,0.6658486,0.3603155
2569-08-21 12:24:48.940,-0.0007893257,0.6658486,0.3603155
2569-08-21 12:24:48.949,-0.0007893257,0.6658486,0.3603155
2569-08-21 12:24:48.949,-0.0007893257,0.6658486,0.3603155
2569-08-21 12:24:48.953,-0.0007893257,0.6658486,0.3603155
2569-08-21 12:24:48.953,-0.0007893257,0.6658486,0.3603155
2569-08-21 12:24:48.954,-0.0007893257,0.6658486,0.3603155
2569-08-21 12:24:48.954,-0.0007893257,0.6658486,0.3603155
2569-08-21 12:24:48.954,-0.0007893257,0.6658486,0.3603155
2569-08-21 12:24:48.957,-0.0007893257,0.6658486,0.3603155
2569-08-21 12:24:48.957,-0.0007893257,0.6658486,0.3603155
2569-08-21 12:24:48.959,-0.0007893257,0.6658486,0.3603155
2569-08-21 12:24:48.959,-0.0007893257,0.6658486,0.3603155
2569-08-21 12:24:48.961,-0.0007893257,0.6658486,0.3603155
2569-08-21 12:24:48.961,-0.0007893257,0.6658486,0.3603155
2569-08-21 12:24:48.974,-0.0007893257,0.6658486,0.3603155
2569-08-21 12:24:48.974,-0.0007893257,0.6658486,0.3603155
2569-08-21 12:24:48.977,-0.0007893257,0.6658486,0.3603155
2569-08-21 12:24:48.978,-0.0007189177,0.6671054,0.3607055
2569-08-21 12:24:48.978,-0.0007189177,0.6671054,0.3607055
2569-08-21 12:24:48.980,-0.000702545,0.6673977,0.3607962
2569-08-21 12:24:48.980,-0.000702545,0.6673977,0.3607962
2569-08-21 12:24:48.982,-0.0006892048,0.6676359,0.36087
2569-08-21 12:24:48.982,-0.0006892048,0.6676359,0.36087
2569-08-21 12:24:48.986,-0.0006758235,0.6678747,0.3609441
2569-08-21 12:24:48.986,-0.0006758235,0.6678747,0.3609441
2569-08-21 12:24:48.995,-0.0006588399,0.668178,0.3610382
2569-08-21 12:24:48.995,-0.0006588399,0.668178,0.3610382
2569-08-21 12:24:49.004,-0.0006588399,0.668178,0.3610382
2569-08-21 12:24:49.004,-0.0005705915,0.6697533,0.361527
2569-08-21 12:24:49.004,-0.0005705915,0.6697533,0.361527
2569-08-21 12:24:49.014,-0.0005705915,0.6697533,0.361527
2569-08-21 12:24:49.019,-0.0005236864,0.6705906,0.3617868
2569-08-21 12:24:49.019,-0.0005236864,0.6705906,0.3617868
2569-08-21 12:24:49.023,-0.000478752,0.6713928,0.3620356
2569-08-21 12:24:49.023,-0.000478752,0.6713928,0.3620356
2569-08-21 12:24:49.031,-0.0004304238,0.6722555,0.3623032
2569-08-21 12:24:49.031,-0.0004304238,0.6722555,0.3623032
2569-08-21 12:24:49.034,-0.0004304238,0.6722555,0.3623032
2569-08-21 12:24:49.040,-0.0004149936,0.6725309,0.3623887
2569-08-21 12:24:49.040,-0.0004149936,0.6725309,0.3623887
2569-08-21 12:24:49.050,-0.0003334992,0.6739858,0.3628401
2569-08-21 12:24:49.050,-0.0003334992,0.6739858,0.3628401
2569-08-21 12:24:49.057,-0.0003334992,0.6739858,0.3628401
2569-08-21 12:24:49.065,-0.0002868064,0.6748194,0.3630987
2569-08-21 12:24:49.065,-0.0002868064,0.6748194,0.3630987
2569-08-21 12:24:49.067,-0.0002374351,0.6757007,0.3633721
2569-08-21 12:24:49.067,-0.0002374351,0.6757007,0.3633721
2569-08-21 12:24:49.076,-0.0002374351,0.6757007,0.3633721
2569-08-21 12:24:49.077,-0.0002374351,0.6757007,0.3633721
2569-08-21 12:24:49.077,-0.0002374351,0.6757007,0.3633721
2569-08-21 12:24:49.085,-0.0002374351,0.6757007,0.3633721
2569-08-21 12:24:49.085,-0.0002374351,0.6757007,0.3633721
2569-08-21 12:24:49.094,-0.0002374351,0.6757007,0.3633721
2569-08-21 12:24:49.095,-0.0002374351,0.6757007,0.3633721
2569-08-21 12:24:49.095,-0.0002374351,0.6757007,0.3633721
2569-08-21 12:24:49.109,-0.0002374351,0.6757007,0.3633721
2569-08-21 12:24:49.109,-0.0002374351,0.6757007,0.3633721
2569-08-21 12:24:49.113,-0.0002374351,0.6757007,0.3633721
2569-08-21 12:24:49.113,-0.0002374351,0.6757007,0.3633721
2569-08-21 12:24:49.120,-0.0002374351,0.6757007,0.3633721
2569-08-21 12:24:49.130,-0.0002374351,0.6757007,0.3633721
2569-08-21 12:24:49.130,-0.0002374351,0.6757007,0.3633721
2569-08-21 12:24:49.133,-0.0002374351,0.6757007,0.3633721
2569-08-21 12:24:49.133,-0.0002374351,0.6757007,0.3633721
2569-08-21 12:24:49.133,-0.0002374351,0.6757007,0.3633721
2569-08-21 12:24:49.135,-0.0002374351,0.6757007,0.3633721
2569-08-21 12:24:49.135,-0.0002374351,0.6757007,0.3633721
2569-08-21 12:24:49.138,-0.0002374351,0.6757007,0.3633721
2569-08-21 12:24:49.138,-0.0002374351,0.6757007,0.3633721
2569-08-21 12:24:49.142,-0.0002374351,0.6757007,0.3633721
2569-08-21 12:24:49.142,-0.0002374351,0.6757007,0.3633721
2569-08-21 12:24:49.150,-0.0002374351,0.6757007,0.3633721
2569-08-21 12:24:49.150,-0.0002374351,0.6757007,0.3633721
2569-08-21 12:24:49.153,-0.0002374351,0.6757007,0.3633721
2569-08-21 12:24:49.154,-0.0002374351,0.6757007,0.3633721
2569-08-21 12:24:49.154,-0.0002374351,0.6757007,0.3633721
2569-08-21 12:24:49.156,-0.0002374351,0.6757007,0.3633721
2569-08-21 12:24:49.156,-0.0002374351,0.6757007,0.3633721
2569-08-21 12:24:49.158,-0.0002374351,0.6757007,0.3633721
2569-08-21 12:24:49.159,-0.0002374351,0.6757007,0.3633721
2569-08-21 12:24:49.161,-0.0002374351,0.6757007,0.3633721
2569-08-21 12:24:49.161,-0.0002374351,0.6757007,0.3633721
2569-08-21 12:24:49.174,-0.0002374351,0.6757007,0.3633721
2569-08-21 12:24:49.174,-0.0002374351,0.6757007,0.3633721
2569-08-21 12:24:49.178,-0.0002374351,0.6757007,0.3633721
2569-08-21 12:24:49.178,-0.0002374351,0.6757007,0.3633721
2569-08-21 12:24:49.178,-0.0002374351,0.6757007,0.3633721
2569-08-21 12:24:49.181,-0.0002374351,0.6757007,0.3633721
2569-08-21 12:24:49.181,-0.0002374351,0.6757007,0.3633721
2569-08-21 12:24:49.183,-0.0002374351,0.6757007,0.3633721
2569-08-21 12:24:49.183,-0.0002374351,0.6757007,0.3633721
2569-08-21 12:24:49.186,-0.0002374351,0.6757007,0.3633721
2569-08-21 12:24:49.186,-0.0002374351,0.6757007,0.3633721
2569-08-21 12:24:49.195,-0.0002374351,0.6757007,0.3633721
2569-08-21 12:24:49.195,-0.0002374351,0.6757007,0.3633721
2569-08-21 12:24:49.197,-0.0002374351,0.6757007,0.3633721
2569-08-21 12:24:49.197,-0.0002374351,0.6757007,0.3633721
2569-08-21 12:24:49.197,-0.0002374351,0.6757007,0.3633721
2569-08-21 12:24:49.202,-0.0002374351,0.6757007,0.3633721
2569-08-21 12:24:49.202,-0.0002374351,0.6757007,0.3633721
2569-08-21 12:24:49.205,-0.0002374351,0.6757007,0.3633721
2569-08-21 12:24:49.205,-0.0002374351,0.6757007,0.3633721
2569-08-21 12:24:49.220,-0.0002374351,0.6757007,0.3633721
2569-08-21 12:24:49.220,-0.0002374351,0.6757007,0.3633721
2569-08-21 12:24:49.224,-0.0002374351,0.6757007,0.3633721
2569-08-21 12:24:49.224,-0.0002374351,0.6757007,0.3633721
2569-08-21 12:24:49.224,-0.0002374351,0.6757007,0.3633721
2569-08-21 12:24:49.226,-0.0002374351,0.6757007,0.3633721
2569-08-21 12:24:49.226,-0.0002374351,0.6757007,0.3633721
2569-08-21 12:24:49.229,-0.0002374351,0.6757007,0.3633721
2569-08-21 12:24:49.229,-0.0002374351,0.6757007,0.3633721
2569-08-21 12:24:49.230,-0.0002374351,0.6757007,0.3633721
2569-08-21 12:24:49.230,-0.0002374351,0.6757007,0.3633721
2569-08-21 12:24:49.233,-0.0002374351,0.6757007,0.3633721
2569-08-21 12:24:49.240,-0.0002374351,0.6757007,0.3633721
2569-08-21 12:24:49.241,-0.0002374351,0.6757007,0.3633721
2569-08-21 12:24:49.243,-0.0002374351,0.6757007,0.3633721
2569-08-21 12:24:49.244,-0.0002374351,0.6757007,0.3633721
2569-08-21 12:24:49.246,-0.0002374351,0.6757007,0.3633721
2569-08-21 12:24:49.246,-0.0002374351,0.6757007,0.3633721
2569-08-21 12:24:49.248,-0.0002374351,0.6757007,0.3633721
2569-08-21 12:24:49.249,-0.0002374351,0.6757007,0.3633721
2569-08-21 12:24:49.250,-0.0002374351,0.6757007,0.3633721
2569-08-21 12:24:49.250,-0.0002374351,0.6757007,0.3633721
2569-08-21 12:24:49.253,-0.0002374351,0.6757007,0.3633721
2569-08-21 12:24:49.265,-0.0002374351,0.6757007,0.3633721
2569-08-21 12:24:49.265,-0.0002374351,0.6757007,0.3633721
2569-08-21 12:24:49.268,-0.0002374351,0.6757007,0.3633721
2569-08-21 12:24:49.269,-0.0002374351,0.6757007,0.3633721
2569-08-21 12:24:49.270,-0.0002374351,0.6757007,0.3633721
2569-08-21 12:24:49.270,-0.0002374351,0.6757007,0.3633721
2569-08-21 12:24:49.273,-0.0002374351,0.6757007,0.3633721
2569-08-21 12:24:49.274,-0.0002374351,0.6757007,0.3633721
2569-08-21 12:24:49.274,-0.0002374351,0.6757007,0.3633721
2569-08-21 12:24:49.275,-0.0002374351,0.6757007,0.3633721
2569-08-21 12:24:49.275,-0.0002374351,0.6757007,0.3633721
2569-08-21 12:24:49.278,-0.0002374351,0.6757007,0.3633721
2569-08-21 12:24:49.278,-0.0002374351,0.6757007,0.3633721
2569-08-21 12:24:49.286,-0.0002374351,0.6757007,0.3633721
2569-08-21 12:24:49.286,-0.0002374351,0.6757007,0.3633721
2569-08-21 12:24:49.289,-0.0002374351,0.6757007,0.3633721
2569-08-21 12:24:49.289,-0.0002374351,0.6757007,0.3633721
2569-08-21 12:24:49.291,-0.0002374351,0.6757007,0.3633721
2569-08-21 12:24:49.291,-0.0002374351,0.6757007,0.3633721
2569-08-21 12:24:49.294,-0.0002374351,0.6757007,0.3633721
2569-08-21 12:24:49.294,-0.0002374351,0.6757007,0.3633721
2569-08-21 12:24:49.294,-0.0002374351,0.6757007,0.3633721
2569-08-21 12:24:49.296,-0.0002374351,0.6757007,0.3633721
2569-08-21 12:24:49.296,-0.0002374351,0.6757007,0.3633721
2569-08-21 12:24:49.309,-0.0002374351,0.6757007,0.3633721
2569-08-21 12:24:49.311,-0.0002374351,0.6757007,0.3633721
2569-08-21 12:24:49.313,-0.0002374351,0.6757007,0.3633721
2569-08-21 12:24:49.313,-0.0002374351,0.6757007,0.3633721
2569-08-21 12:24:49.313,-0.0002374351,0.6757007,0.3633721
2569-08-21 12:24:49.316,-0.0002374351,0.6757007,0.3633721
2569-08-21 12:24:49.316,-0.0002374351,0.6757007,0.3633721
2569-08-21 12:24:49.318,-0.0002374351,0.6757007,0.3633721
2569-08-21 12:24:49.318,-0.0002374351,0.6757007,0.3633721
2569-08-21 12:24:49.321,-0.0002374351,0.6757007,0.3633721
2569-08-21 12:24:49.321,-0.0002374351,0.6757007,0.3633721
2569-08-21 12:24:49.331,-0.0002374351,0.6757007,0.3633721
2569-08-21 12:24:49.331,-0.0002374351,0.6757007,0.3633721
2569-08-21 12:24:49.333,-0.0002374351,0.6757007,0.3633721
2569-08-21 12:24:49.333,-0.0002374351,0.6757007,0.3633721
2569-08-21 12:24:49.333,-0.0002374351,0.6757007,0.3633721
2569-08-21 12:24:49.337,-0.0002374351,0.6757007,0.3633721
2569-08-21 12:24:49.337,-0.0002374351,0.6757007,0.3633721
2569-08-21 12:24:49.339,-0.0002374351,0.6757007,0.3633721
2569-08-21 12:24:49.339,-0.0002374351,0.6757007,0.3633721
2569-08-21 12:24:49.342,-0.0002374351,0.6757007,0.3633721
2569-08-21 12:24:49.342,-0.0002374351,0.6757007,0.3633721
2569-08-21 12:24:49.355,-0.0002374351,0.6757007,0.3633721
2569-08-21 12:24:49.355,-0.0002374351,0.6757007,0.3633721
2569-08-21 12:24:49.358,-0.0002374351,0.6757007,0.3633721
2569-08-21 12:24:49.358,-0.0002374351,0.6757007,0.3633721
2569-08-21 12:24:49.358,-0.0002374351,0.6757007,0.3633721
2569-08-21 12:24:49.361,-0.0002374351,0.6757007,0.3633721
2569-08-21 12:24:49.361,-0.0002374351,0.6757007,0.3633721
2569-08-21 12:24:49.376,-0.0002374351,0.6757007,0.3633721
2569-08-21 12:24:49.376,-0.0002374351,0.6757007,0.3633721
2569-08-21 12:24:49.379,-0.0002374351,0.6757007,0.3633721
2569-08-21 12:24:49.380,-0.0002374351,0.6757007,0.3633721
2569-08-21 12:24:49.380,-0.0002374351,0.6757007,0.3633721
2569-08-21 12:24:49.382,-0.0002374351,0.6757007,0.3633721
2569-08-21 12:24:49.382,-0.0002374351,0.6757007,0.3633721
2569-08-21 12:24:49.384,-0.0002374351,0.6757007,0.3633721
2569-08-21 12:24:49.384,-0.0002374351,0.6757007,0.3633721
2569-08-21 12:24:49.387,-0.0002374351,0.6757007,0.3633721
2569-08-21 12:24:49.387,-0.0002374351,0.6757007,0.3633721
2569-08-21 12:24:49.396,-0.0002374351,0.6757007,0.3633721
2569-08-21 12:24:49.396,-0.0002374351,0.6757007,0.3633721
2569-08-21 12:24:49.399,-0.0002374351,0.6757007,0.3633721
2569-08-21 12:24:49.400,-0.0002374351,0.6757007,0.3633721
2569-08-21 12:24:49.400,-0.0002374351,0.6757007,0.3633721
2569-08-21 12:24:49.402,-0.0002374351,0.6757007,0.3633721
2569-08-21 12:24:49.402,-0.0002374351,0.6757007,0.3633721
2569-08-21 12:24:49.405,-0.0002374351,0.6757007,0.3633721
2569-08-21 12:24:49.405,-0.0002374351,0.6757007,0.3633721
2569-08-21 12:24:49.407,-0.0002374351,0.6757007,0.3633721
2569-08-21 12:24:49.407,-0.0002374351,0.6757007,0.3633721
2569-08-21 12:24:49.421,-0.0002374351,0.6757007,0.3633721
2569-08-21 12:24:49.421,-0.0002374351,0.6757007,0.3633721
2569-08-21 12:24:49.424,-0.0002374351,0.6757007,0.3633721
2569-08-21 12:24:49.424,-0.0002374351,0.6757007,0.3633721
2569-08-21 12:24:49.424,-0.0002374351,0.6757007,0.3633721
2569-08-21 12:24:49.426,-0.0002374351,0.6757007,0.3633721
2569-08-21 12:24:49.426,-0.0002374351,0.6757007,0.3633721
2569-08-21 12:24:49.429,-0.0002374351,0.6757007,0.3633721
2569-08-21 12:24:49.429,-0.0002374351,0.6757007,0.3633721
2569-08-21 12:24:49.431,-0.0002374351,0.6757007,0.3633721
2569-08-21 12:24:49.431,-0.0002374351,0.6757007,0.3633721
2569-08-21 12:24:49.434,-0.0002374351,0.6757007,0.3633721
2569-08-21 12:24:49.442,-0.0002374351,0.6757007,0.3633721
2569-08-21 12:24:49.442,-0.0002374351,0.6757007,0.3633721
2569-08-21 12:24:49.445,-0.0002374351,0.6757007,0.3633721
2569-08-21 12:24:49.445,-0.0002374351,0.6757007,0.3633721
2569-08-21 12:24:49.447,-0.0002374351,0.6757007,0.3633721
2569-08-21 12:24:49.447,-0.0002374351,0.6757007,0.3633721
2569-08-21 12:24:49.449,-0.0002374351,0.6757007,0.3633721
2569-08-21 12:24:49.449,-0.0002374351,0.6757007,0.3633721
2569-08-21 12:24:49.451,-0.0002374351,0.6757007,0.3633721
2569-08-21 12:24:49.451,-0.0002374351,0.6757007,0.3633721
2569-08-21 12:24:49.454,-0.0002374351,0.6757007,0.3633721
2569-08-21 12:24:49.466,-0.0002374351,0.6757007,0.3633721
2569-08-21 12:24:49.466,-0.0002374351,0.6757007,0.3633721
2569-08-21 12:24:49.469,-0.0002374351,0.6757007,0.3633721
2569-08-21 12:24:49.469,-0.0002374351,0.6757007,0.3633721
2569-08-21 12:24:49.473,-0.0002374351,0.6757007,0.3633721
2569-08-21 12:24:49.473,-0.0002374351,0.6757007,0.3633721
2569-08-21 12:24:49.475,-0.0002374351,0.6757007,0.3633721
2569-08-21 12:24:49.476,-0.0002374351,0.6757007,0.3633721
2569-08-21 12:24:49.476,-0.0002374351,0.6757007,0.3633721
2569-08-21 12:24:49.486,-0.0002374351,0.6757007,0.3633721
2569-08-21 12:24:49.486,-0.0002374351,0.6757007,0.3633721
2569-08-21 12:24:49.489,-0.0002374351,0.6757007,0.3633721
2569-08-21 12:24:49.490,-0.0002374351,0.6757007,0.3633721
2569-08-21 12:24:49.492,-0.0002374351,0.6757007,0.3633721
2569-08-21 12:24:49.492,-0.0002374351,0.6757007,0.3633721
2569-08-21 12:24:49.495,-0.0002374351,0.6757007,0.3633721
2569-08-21 12:24:49.495,-0.0002374351,0.6757007,0.3633721
2569-08-21 12:24:49.495,-0.0002374351,0.6757007,0.3633721
2569-08-21 12:24:49.498,-0.0002374351,0.6757007,0.3633721
2569-08-21 12:24:49.498,-0.0002374351,0.6757007,0.3633721
2569-08-21 12:24:49.511,-0.0002374351,0.6757007,0.3633721
2569-08-21 12:24:49.511,-0.0002374351,0.6757007,0.3633721
2569-08-21 12:24:49.514,-0.0002374351,0.6757007,0.3633721
2569-08-21 12:24:49.514,-0.0002374351,0.6757007,0.3633721
2569-08-21 12:24:49.514,-0.0002374351,0.6757007,0.3633721
2569-08-21 12:24:49.517,-0.0002374351,0.6757007,0.3633721
2569-08-21 12:24:49.517,-0.0002374351,0.6757007,0.3633721
2569-08-21 12:24:49.519,-0.0002374351,0.6757007,0.3633721
2569-08-21 12:24:49.519,-0.0002374351,0.6757007,0.3633721
2569-08-21 12:24:49.521,-0.0002374351,0.6757007,0.3633721
2569-08-21 12:24:49.521,-0.0002374351,0.6757007,0.3633721
2569-08-21 12:24:49.522,-0.0002374351,0.6757007,0.3633721
2569-08-21 12:24:49.522,-0.0002374351,0.6757007,0.3633721
2569-08-21 12:24:49.532,-0.0002374351,0.6757007,0.3633721
2569-08-21 12:24:49.532,-0.0002374351,0.6757007,0.3633721
2569-08-21 12:24:49.534,-0.0002374351,0.6757007,0.3633721
2569-08-21 12:24:49.535,-0.0002374351,0.6757007,0.3633721
2569-08-21 12:24:49.535,-0.0002374351,0.6757007,0.3633721
2569-08-21 12:24:49.537,-0.0002374351,0.6757007,0.3633721
2569-08-21 12:24:49.537,-0.0002374351,0.6757007,0.3633721
2569-08-21 12:24:49.540,-0.0002374351,0.6757007,0.3633721
2569-08-21 12:24:49.540,-0.0002374351,0.6757007,0.3633721
2569-08-21 12:24:49.542,-0.0002374351,0.6757007,0.3633721
2569-08-21 12:24:49.542,-0.0002374351,0.6757007,0.3633721
2569-08-21 12:24:49.556,-0.0002374351,0.6757007,0.3633721
2569-08-21 12:24:49.556,-0.0002374351,0.6757007,0.3633721
2569-08-21 12:24:49.559,-0.0002374351,0.6757007,0.3633721
2569-08-21 12:24:49.559,-0.0002374351,0.6757007,0.3633721
2569-08-21 12:24:49.559,-0.0002374351,0.6757007,0.3633721
2569-08-21 12:24:49.562,-0.0002374351,0.6757007,0.3633721
2569-08-21 12:24:49.562,-0.0002374351,0.6757007,0.3633721
2569-08-21 12:24:49.577,-0.0002374351,0.6757007,0.3633721
2569-08-21 12:24:49.577,-0.0002374351,0.6757007,0.3633721
2569-08-21 12:24:49.580,-0.0002374351,0.6757007,0.3633721
2569-08-21 12:24:49.580,-0.0002374351,0.6757007,0.3633721
2569-08-21 12:24:49.580,-0.0002374351,0.6757007,0.3633721
2569-08-21 12:24:49.583,-0.0002374351,0.6757007,0.3633721
2569-08-21 12:24:49.583,-0.0002374351,0.6757007,0.3633721
2569-08-21 12:24:49.585,-0.0002374351,0.6757007,0.3633721
2569-08-21 12:24:49.585,-0.0002374351,0.6757007,0.3633721
2569-08-21 12:24:49.587,-0.0002374351,0.6757007,0.3633721
2569-08-21 12:24:49.587,-0.0002374351,0.6757007,0.3633721
2569-08-21 12:24:49.597,-0.0002374351,0.6757007,0.3633721
2569-08-21 12:24:49.597,-0.0002374351,0.6757007,0.3633721
2569-08-21 12:24:49.600,-0.0002374351,0.6757007,0.3633721
2569-08-21 12:24:49.601,-0.0002374351,0.6757007,0.3633721
2569-08-21 12:24:49.601,-0.0002374351,0.6757007,0.3633721
2569-08-21 12:24:49.603,-0.0002374351,0.6757007,0.3633721
2569-08-21 12:24:49.603,-0.0002374351,0.6757007,0.3633721
2569-08-21 12:24:49.605,-0.0002374351,0.6757007,0.3633721
2569-08-21 12:24:49.605,-0.0002374351,0.6757007,0.3633721
2569-08-21 12:24:49.608,-0.0002374351,0.6757007,0.3633721
2569-08-21 12:24:49.608,-0.0002374351,0.6757007,0.3633721
2569-08-21 12:24:49.621,-0.0002374351,0.6757007,0.3633721
2569-08-21 12:24:49.621,-0.0002374351,0.6757007,0.3633721
2569-08-21 12:24:49.624,-0.0002374351,0.6757007,0.3633721
2569-08-21 12:24:49.625,-0.0002374351,0.6757007,0.3633721
2569-08-21 12:24:49.625,-0.0002374351,0.6757007,0.3633721
2569-08-21 12:24:49.627,-0.0002374351,0.6757007,0.3633721
2569-08-21 12:24:49.627,-0.0002374351,0.6757007,0.3633721
2569-08-21 12:24:49.629,-0.0002374351,0.6757007,0.3633721
2569-08-21 12:24:49.629,-0.0002374351,0.6757007,0.3633721
2569-08-21 12:24:49.632,-0.0002374351,0.6757007,0.3633721
2569-08-21 12:24:49.632,-0.0002374351,0.6757007,0.3633721
2569-08-21 12:24:49.634,-0.0002374351,0.6757007,0.3633721
2569-08-21 12:24:49.642,-0.0002374351,0.6757007,0.3633721
2569-08-21 12:24:49.642,-0.0002374351,0.6757007,0.3633721
2569-08-21 12:24:49.644,-0.0002374351,0.6757007,0.3633721
2569-08-21 12:24:49.644,-0.0002374351,0.6757007,0.3633721
2569-08-21 12:24:49.647,-0.0002374351,0.6757007,0.3633721
2569-08-21 12:24:49.647,-0.0002374351,0.6757007,0.3633721
2569-08-21 12:24:49.650,-0.0002374351,0.6757007,0.3633721
2569-08-21 12:24:49.650,-0.0002374351,0.6757007,0.3633721
2569-08-21 12:24:49.653,-0.0002374351,0.6757007,0.3633721
2569-08-21 12:24:49.653,-0.0002374351,0.6757007,0.3633721
2569-08-21 12:24:49.655,-0.0002374351,0.6757007,0.3633721
2569-08-21 12:24:49.667,-0.0002374351,0.6757007,0.3633721
2569-08-21 12:24:49.667,-0.0002374351,0.6757007,0.3633721
2569-08-21 12:24:49.670,-0.0002374351,0.6757007,0.3633721
2569-08-21 12:24:49.670,-0.0002374351,0.6757007,0.3633721
2569-08-21 12:24:49.672,-0.0002374351,0.6757007,0.3633721
2569-08-21 12:24:49.672,-0.0002374351,0.6757007,0.3633721
2569-08-21 12:24:49.674,-0.0002374351,0.6757007,0.3633721
2569-08-21 12:24:49.675,-0.0002374351,0.6757007,0.3633721
2569-08-21 12:24:49.675,-0.0002374351,0.6757007,0.3633721
2569-08-21 12:24:49.677,-0.0002374351,0.6757007,0.3633721
2569-08-21 12:24:49.677,-0.0002374351,0.6757007,0.3633721
2569-08-21 12:24:49.687,-0.0002374351,0.6757007,0.3633721
2569-08-21 12:24:49.687,-0.0002374351,0.6757007,0.3633721
2569-08-21 12:24:49.690,-0.000264477,0.675218,0.3643801
2569-08-21 12:24:49.690,-0.000264477,0.675218,0.3643801
2569-08-21 12:24:49.693,-0.0002706461,0.6751078,0.3646094
2569-08-21 12:24:49.693,-0.0002706461,0.6751078,0.3646094
2569-08-21 12:24:49.695,-0.0002706461,0.6751078,0.3646094
2569-08-21 12:24:49.695,-0.0002771802,0.6749913,0.3648522
2569-08-21 12:24:49.695,-0.0002771802,0.6749913,0.3648522
2569-08-21 12:24:49.698,-0.0002832934,0.6748822,0.3650791
2569-08-21 12:24:49.698,-0.0002832934,0.6748822,0.3650791
2569-08-21 12:24:49.712,-0.0002925396,0.6747171,0.3654221
2569-08-21 12:24:49.712,-0.0002925396,0.6747171,0.3654221
2569-08-21 12:24:49.722,-0.0002925396,0.6747171,0.3654221
2569-08-21 12:24:49.722,-0.0003477521,0.6737314,0.3674605
2569-08-21 12:24:49.722,-0.0003477521,0.6737314,0.3674605
2569-08-21 12:24:49.732,-0.0003735051,0.6732716,0.3684061
2569-08-21 12:24:49.732,-0.0003735051,0.6732716,0.3684061
2569-08-21 12:24:49.742,-0.0003735051,0.6732716,0.3684061
2569-08-21 12:24:49.742,-0.0003964305,0.6728624,0.3692448
2569-08-21 12:24:49.742,-0.0003964305,0.6728624,0.3692448
2569-08-21 12:24:49.757,-0.0004182644,0.6724728,0.3700411
2569-08-21 12:24:49.757,-0.0004182644,0.6724728,0.3700411
2569-08-21 12:24:49.767,-0.0004182644,0.6724728,0.3700411
2569-08-21 12:24:49.767,-0.0004519895,0.6718706,0.3712667
2569-08-21 12:24:49.767,-0.0004519895,0.6718706,0.3712667
2569-08-21 12:24:49.776,-0.0004519895,0.6718706,0.3712667
2569-08-21 12:24:49.777,-0.0004681014,0.671583,0.3718501
2569-08-21 12:24:49.777,-0.0004681014,0.671583,0.3718501
2569-08-21 12:24:49.781,-0.0004755668,0.6714497,0.3721201
2569-08-21 12:24:49.781,-0.0004755668,0.6714497,0.3721201
2569-08-21 12:24:49.802,-0.0004755668,0.6714497,0.3721201
2569-08-21 12:24:49.802,-0.0004755668,0.6714497,0.3721201
2569-08-21 12:24:49.811,-0.0004755668,0.6714497,0.3721201
2569-08-21 12:24:49.812,-0.0004755668,0.6714497,0.3721201
2569-08-21 12:24:49.812,-0.0004755668,0.6714497,0.3721201
2569-08-21 12:24:49.820,-0.0004755668,0.6714497,0.3721201
2569-08-21 12:24:49.822,-0.0004755668,0.6714497,0.3721201
2569-08-21 12:24:49.822,-0.0004755668,0.6714497,0.3721201
2569-08-21 12:24:49.825,-0.0004755668,0.6714497,0.3721201
2569-08-21 12:24:49.825,-0.0004755668,0.6714497,0.3721201
2569-08-21 12:24:49.830,-0.0004755668,0.6714497,0.3721201
2569-08-21 12:24:49.830,-0.0004755668,0.6714497,0.3721201
2569-08-21 12:24:49.832,-0.0004755668,0.6714497,0.3721201
2569-08-21 12:24:49.832,-0.0004755668,0.6714497,0.3721201
2569-08-21 12:24:49.833,-0.0004755668,0.6714497,0.3721201
2569-08-21 12:24:49.833,-0.0004755668,0.6714497,0.3721201
2569-08-21 12:24:49.835,-0.0004755668,0.6714497,0.3721201
2569-08-21 12:24:49.847,-0.0004755668,0.6714497,0.3721201
2569-08-21 12:24:49.847,-0.0004755668,0.6714497,0.3721201
2569-08-21 12:24:49.850,-0.0004755668,0.6714497,0.3721201
2569-08-21 12:24:49.850,-0.0004755668,0.6714497,0.3721201
2569-08-21 12:24:49.853,-0.0004755668,0.6714497,0.3721201
2569-08-21 12:24:49.853,-0.0004755668,0.6714497,0.3721201
2569-08-21 12:24:49.855,-0.0004755668,0.6714497,0.3721201
2569-08-21 12:24:49.855,-0.0004755668,0.6714497,0.3721201
2569-08-21 12:24:49.855,-0.0004755668,0.6714497,0.3721201
2569-08-21 12:24:49.867,-0.0004755668,0.6714497,0.3721201
2569-08-21 12:24:49.867,-0.0004755668,0.6714497,0.3721201
2569-08-21 12:24:49.870,-0.0004755668,0.6714497,0.3721201
2569-08-21 12:24:49.870,-0.0004755668,0.6714497,0.3721201
2569-08-21 12:24:49.873,-0.0004755668,0.6714497,0.3721201
2569-08-21 12:24:49.873,-0.0004755668,0.6714497,0.3721201
2569-08-21 12:24:49.873,-0.0004755668,0.6714497,0.3721201
2569-08-21 12:24:49.875,-0.0004755668,0.6714497,0.3721201
2569-08-21 12:24:49.875,-0.0004755668,0.6714497,0.3721201
2569-08-21 12:24:49.879,-0.0004755668,0.6714497,0.3721201
2569-08-21 12:24:49.879,-0.0004755668,0.6714497,0.3721201
2569-08-21 12:24:49.888,-0.0004755668,0.6714497,0.3721201
2569-08-21 12:24:49.888,-0.0004755668,0.6714497,0.3721201
2569-08-21 12:24:49.891,-0.0004755668,0.6714497,0.3721201
2569-08-21 12:24:49.891,-0.0004755668,0.6714497,0.3721201
2569-08-21 12:24:49.900,-0.0004755668,0.6714497,0.3721201
2569-08-21 12:24:49.912,-0.0004755668,0.6714497,0.3721201
2569-08-21 12:24:49.912,-0.0004755668,0.6714497,0.3721201
2569-08-21 12:24:49.915,-0.0004755668,0.6714497,0.3721201
2569-08-21 12:24:49.915,-0.0004755668,0.6714497,0.3721201
2569-08-21 12:24:49.915,-0.0004755668,0.6714497,0.3721201
2569-08-21 12:24:49.918,-0.0004755668,0.6714497,0.3721201
2569-08-21 12:24:49.918,-0.0004755668,0.6714497,0.3721201
2569-08-21 12:24:49.921,-0.0004755668,0.6714497,0.3721201
2569-08-21 12:24:49.921,-0.0004755668,0.6714497,0.3721201
2569-08-21 12:24:49.923,-0.0004755668,0.6714497,0.3721201
2569-08-21 12:24:49.924,-0.0004755668,0.6714497,0.3721201
2569-08-21 12:24:49.933,-0.0004755668,0.6714497,0.3721201
2569-08-21 12:24:49.933,-0.0004755668,0.6714497,0.3721201
2569-08-21 12:24:49.935,-0.0004755668,0.6714497,0.3721201
2569-08-21 12:24:49.936,-0.0004755668,0.6714497,0.3721201
2569-08-21 12:24:49.936,-0.0004755668,0.6714497,0.3721201
2569-08-21 12:24:49.938,-0.0004755668,0.6714497,0.3721201
2569-08-21 12:24:49.938,-0.0004755668,0.6714497,0.3721201
2569-08-21 12:24:49.940,-0.0004755668,0.6714497,0.3721201
2569-08-21 12:24:49.940,-0.0004755668,0.6714497,0.3721201
2569-08-21 12:24:49.943,-0.0004755668,0.6714497,0.3721201
2569-08-21 12:24:49.943,-0.0004755668,0.6714497,0.3721201
2569-08-21 12:24:49.944,-0.0004755668,0.6714497,0.3721201
2569-08-21 12:24:49.944,-0.0004755668,0.6714497,0.3721201
2569-08-21 12:24:49.957,-0.0004755668,0.6714497,0.3721201
2569-08-21 12:24:49.957,-0.0004755668,0.6714497,0.3721201
2569-08-21 12:24:49.961,-0.0004755668,0.6714497,0.3721201
2569-08-21 12:24:49.961,-0.0004755668,0.6714497,0.3721201
2569-08-21 12:24:49.961,-0.0004755668,0.6714497,0.3721201
2569-08-21 12:24:49.963,-0.0004755668,0.6714497,0.3721201
2569-08-21 12:24:49.963,-0.0004755668,0.6714497,0.3721201
2569-08-21 12:24:49.965,-0.0004755668,0.6714497,0.3721201
2569-08-21 12:24:49.965,-0.0004755668,0.6714497,0.3721201
2569-08-21 12:24:49.967,-0.0004755668,0.6714497,0.3721201
2569-08-21 12:24:49.967,-0.0004755668,0.6714497,0.3721201
2569-08-21 12:24:49.978,-0.0004755668,0.6714497,0.3721201
2569-08-21 12:24:49.978,-0.0004755668,0.6714497,0.3721201
2569-08-21 12:24:49.981,-0.0004755668,0.6714497,0.3721201
2569-08-21 12:24:49.981,-0.0004755668,0.6714497,0.3721201
2569-08-21 12:24:49.981,-0.0004755668,0.6714497,0.3721201
2569-08-21 12:24:49.983,-0.0004755668,0.6714497,0.3721201
2569-08-21 12:24:49.983,-0.0004755668,0.6714497,0.3721201
2569-08-21 12:24:49.986,-0.0004755668,0.6714497,0.3721201
2569-08-21 12:24:49.987,-0.0004755668,0.6714497,0.3721201
2569-08-21 12:24:49.989,-0.0004755668,0.6714497,0.3721201
2569-08-21 12:24:49.989,-0.0004755668,0.6714497,0.3721201
2569-08-21 12:24:50.002,-0.0004755668,0.6714497,0.3721201
2569-08-21 12:24:50.002,-0.0004755668,0.6714497,0.3721201
2569-08-21 12:24:50.005,-0.0004755668,0.6714497,0.3721201
2569-08-21 12:24:50.006,-0.0004755668,0.6714497,0.3721201
2569-08-21 12:24:50.006,-0.0004755668,0.6714497,0.3721201
2569-08-21 12:24:50.008,-0.0004755668,0.6714497,0.3721201
2569-08-21 12:24:50.008,-0.0004755668,0.6714497,0.3721201
2569-08-21 12:24:50.011,-0.0004755668,0.6714497,0.3721201
2569-08-21 12:24:50.011,-0.0004755668,0.6714497,0.3721201
2569-08-21 12:24:50.013,-0.0004755668,0.6714497,0.3721201
2569-08-21 12:24:50.013,-0.0004755668,0.6714497,0.3721201
2569-08-21 12:24:50.013,-0.0004755668,0.6714497,0.3721201
2569-08-21 12:24:50.023,-0.0004755668,0.6714497,0.3721201
2569-08-21 12:24:50.023,-0.0004755668,0.6714497,0.3721201
2569-08-21 12:24:50.026,-0.0005048364,0.6709273,0.3731757
2569-08-21 12:24:50.026,-0.0005048364,0.6709273,0.3731757
2569-08-21 12:24:50.029,-0.0005134195,0.670774,0.3734846
2569-08-21 12:24:50.029,-0.0005134195,0.670774,0.3734846
2569-08-21 12:24:50.032,-0.0005220287,0.6706203,0.3737942
2569-08-21 12:24:50.032,-0.0005220287,0.6706203,0.3737942
2569-08-21 12:24:50.035,-0.0005220287,0.6706203,0.3737942
2569-08-21 12:24:50.035,-0.0005288869,0.6704977,0.3740405
2569-08-21 12:24:50.035,-0.0005288869,0.6704977,0.3740405
2569-08-21 12:24:50.047,-0.0005397536,0.6703038,0.3744301
2569-08-21 12:24:50.047,-0.0005397536,0.6703038,0.3744301
2569-08-21 12:24:50.059,-0.0005397536,0.6703038,0.3744301
2569-08-21 12:24:50.059,-0.0006037802,0.6691607,0.3767144
2569-08-21 12:24:50.059,-0.0006037802,0.6691607,0.3767144
2569-08-21 12:24:50.068,-0.0006317273,0.668662,0.3777054
2569-08-21 12:24:50.068,-0.0006317273,0.668662,0.3777054
2569-08-21 12:24:50.076,-0.0006317273,0.668662,0.3777054
2569-08-21 12:24:50.077,-0.0006602257,0.6681532,0.3787122
2569-08-21 12:24:50.077,-0.0006602257,0.6681532,0.3787122
2569-08-21 12:24:50.093,-0.0006859191,0.6676946,0.3796167
2569-08-21 12:24:50.093,-0.0006859191,0.6676946,0.3796167
2569-08-21 12:24:50.101,-0.0006859191,0.6676946,0.3796167
2569-08-21 12:24:50.114,-0.0007275157,0.666952,0.3810749
2569-08-21 12:24:50.114,-0.0007275157,0.666952,0.3810749
2569-08-21 12:24:50.122,-0.0007275157,0.666952,0.3810749
2569-08-21 12:24:50.123,-0.0007810518,0.6659961,0.3829401
2569-08-21 12:24:50.123,-0.0007810518,0.6659961,0.3829401
2569-08-21 12:24:50.133,-0.0007982664,0.6656889,0.3835372
2569-08-21 12:24:50.133,-0.0007982664,0.6656889,0.3835372
2569-08-21 12:24:50.142,-0.0007982664,0.6656889,0.3835372
2569-08-21 12:24:50.142,-0.00081883,0.6653219,0.3842484
2569-08-21 12:24:50.142,-0.00081883,0.6653219,0.3842484
2569-08-21 12:24:50.159,-0.00081883,0.6653219,0.3842484
2569-08-21 12:24:50.159,-0.00081883,0.6653219,0.3842484
2569-08-21 12:24:50.167,-0.00081883,0.6653219,0.3842484
2569-08-21 12:24:50.167,-0.00081883,0.6653219,0.3842484
2569-08-21 12:24:50.167,-0.00081883,0.6653219,0.3842484
2569-08-21 12:24:50.175,-0.00081883,0.6653219,0.3842484
2569-08-21 12:24:50.179,-0.00081883,0.6653219,0.3842484
2569-08-21 12:24:50.179,-0.00081883,0.6653219,0.3842484
2569-08-21 12:24:50.186,-0.00081883,0.6653219,0.3842484
2569-08-21 12:24:50.186,-0.00081883,0.6653219,0.3842484
2569-08-21 12:24:50.190,-0.00081883,0.6653219,0.3842484
2569-08-21 12:24:50.190,-0.00081883,0.6653219,0.3842484
2569-08-21 12:24:50.202,-0.00081883,0.6653219,0.3842484
2569-08-21 12:24:50.202,-0.00081883,0.6653219,0.3842484
2569-08-21 12:24:50.206,-0.00081883,0.6653219,0.3842484
2569-08-21 12:24:50.206,-0.00081883,0.6653219,0.3842484
2569-08-21 12:24:50.206,-0.00081883,0.6653219,0.3842484
2569-08-21 12:24:50.209,-0.00081883,0.6653219,0.3842484
2569-08-21 12:24:50.209,-0.00081883,0.6653219,0.3842484
2569-08-21 12:24:50.217,-0.00081883,0.6653219,0.3842484
2569-08-21 12:24:50.224,-0.00081883,0.6653219,0.3842484
2569-08-21 12:24:50.224,-0.00081883,0.6653219,0.3842484
2569-08-21 12:24:50.226,-0.00081883,0.6653219,0.3842484
2569-08-21 12:24:50.226,-0.00081883,0.6653219,0.3842484
2569-08-21 12:24:50.229,-0.00081883,0.6653219,0.3842484
2569-08-21 12:24:50.229,-0.00081883,0.6653219,0.3842484
2569-08-21 12:24:50.231,-0.00081883,0.6653219,0.3842484
2569-08-21 12:24:50.231,-0.00081883,0.6653219,0.3842484
2569-08-21 12:24:50.234,-0.00081883,0.6653219,0.3842484
2569-08-21 12:24:50.234,-0.00081883,0.6653219,0.3842484
2569-08-21 12:24:50.234,-0.00081883,0.6653219,0.3842484
2569-08-21 12:24:50.248,-0.00081883,0.6653219,0.3842484
2569-08-21 12:24:50.249,-0.00081883,0.6653219,0.3842484
2569-08-21 12:24:50.251,-0.00081883,0.6653219,0.3842484
2569-08-21 12:24:50.252,-0.00081883,0.6653219,0.3842484
2569-08-21 12:24:50.253,-0.00081883,0.6653219,0.3842484
2569-08-21 12:24:50.253,-0.00081883,0.6653219,0.3842484
2569-08-21 12:24:50.254,-0.00081883,0.6653219,0.3842484
2569-08-21 12:24:50.256,-0.00081883,0.6653219,0.3842484
2569-08-21 12:24:50.256,-0.00081883,0.6653219,0.3842484
2569-08-21 12:24:50.259,-0.00081883,0.6653219,0.3842484
2569-08-21 12:24:50.259,-0.00081883,0.6653219,0.3842484
2569-08-21 12:24:50.269,-0.00081883,0.6653219,0.3842484
2569-08-21 12:24:50.269,-0.00081883,0.6653219,0.3842484
2569-08-21 12:24:50.271,-0.00081883,0.6653219,0.3842484
2569-08-21 12:24:50.271,-0.00081883,0.6653219,0.3842484
2569-08-21 12:24:50.274,-0.00081883,0.6653219,0.3842484
2569-08-21 12:24:50.274,-0.00081883,0.6653219,0.3842484
2569-08-21 12:24:50.274,-0.00081883,0.6653219,0.3842484
2569-08-21 12:24:50.276,-0.00081883,0.6653219,0.3842484
2569-08-21 12:24:50.276,-0.00081883,0.6653219,0.3842484
2569-08-21 12:24:50.279,-0.00081883,0.6653219,0.3842484
2569-08-21 12:24:50.279,-0.00081883,0.6653219,0.3842484
2569-08-21 12:24:50.293,-0.00081883,0.6653219,0.3842484
2569-08-21 12:24:50.293,-0.00081883,0.6653219,0.3842484
2569-08-21 12:24:50.296,-0.00081883,0.6653219,0.3842484
2569-08-21 12:24:50.296,-0.00081883,0.6653219,0.3842484
2569-08-21 12:24:50.296,-0.00081883,0.6653219,0.3842484
2569-08-21 12:24:50.299,-0.00081883,0.6653219,0.3842484
2569-08-21 12:24:50.299,-0.00081883,0.6653219,0.3842484
2569-08-21 12:24:50.301,-0.00081883,0.6653219,0.3842484
2569-08-21 12:24:50.301,-0.00081883,0.6653219,0.3842484
2569-08-21 12:24:50.304,-0.00081883,0.6653219,0.3842484
2569-08-21 12:24:50.304,-0.00081883,0.6653219,0.3842484
2569-08-21 12:24:50.313,-0.00081883,0.6653219,0.3842484
2569-08-21 12:24:50.313,-0.00081883,0.6653219,0.3842484
2569-08-21 12:24:50.316,-0.00081883,0.6653219,0.3842484
2569-08-21 12:24:50.317,-0.00081883,0.6653219,0.3842484
2569-08-21 12:24:50.317,-0.00081883,0.6653219,0.3842484
2569-08-21 12:24:50.319,-0.00081883,0.6653219,0.3842484
2569-08-21 12:24:50.319,-0.00081883,0.6653219,0.3842484
2569-08-21 12:24:50.322,-0.00081883,0.6653219,0.3842484
2569-08-21 12:24:50.322,-0.00081883,0.6653219,0.3842484
2569-08-21 12:24:50.325,-0.00081883,0.6653219,0.3842484
2569-08-21 12:24:50.325,-0.00081883,0.6653219,0.3842484
2569-08-21 12:24:50.339,-0.00081883,0.6653219,0.3842484
2569-08-21 12:24:50.339,-0.00081883,0.6653219,0.3842484
2569-08-21 12:24:50.341,-0.00081883,0.6653219,0.3842484
2569-08-21 12:24:50.341,-0.00081883,0.6653219,0.3842484
2569-08-21 12:24:50.341,-0.00081883,0.6653219,0.3842484
2569-08-21 12:24:50.344,-0.00081883,0.6653219,0.3842484
2569-08-21 12:24:50.344,-0.00081883,0.6653219,0.3842484
2569-08-21 12:24:50.359,-0.00081883,0.6653219,0.3842484
2569-08-21 12:24:50.359,-0.00081883,0.6653219,0.3842484
2569-08-21 12:24:50.363,-0.00081883,0.6653219,0.3842484
2569-08-21 12:24:50.363,-0.00081883,0.6653219,0.3842484
2569-08-21 12:24:50.363,-0.00081883,0.6653219,0.3842484
2569-08-21 12:24:50.366,-0.00081883,0.6653219,0.3842484
2569-08-21 12:24:50.366,-0.00081883,0.6653219,0.3842484
2569-08-21 12:24:50.369,-0.00081883,0.6653219,0.3842484
2569-08-21 12:24:50.369,-0.00081883,0.6653219,0.3842484
2569-08-21 12:24:50.379,-0.00081883,0.6653219,0.3842484
2569-08-21 12:24:50.379,-0.00081883,0.6653219,0.3842484
2569-08-21 12:24:50.383,-0.00081883,0.6653219,0.3842484
2569-08-21 12:24:50.383,-0.00081883,0.6653219,0.3842484
2569-08-21 12:24:50.383,-0.00081883,0.6653219,0.3842484
2569-08-21 12:24:50.385,-0.00081883,0.6653219,0.3842484
2569-08-21 12:24:50.385,-0.00081883,0.6653219,0.3842484
2569-08-21 12:24:50.388,-0.00081883,0.6653219,0.3842484
2569-08-21 12:24:50.388,-0.00081883,0.6653219,0.3842484
2569-08-21 12:24:50.391,-0.00081883,0.6653219,0.3842484
2569-08-21 12:24:50.391,-0.00081883,0.6653219,0.3842484
2569-08-21 12:24:50.394,-0.00081883,0.6653219,0.3842484
2569-08-21 12:24:50.404,-0.00081883,0.6653219,0.3842484
2569-08-21 12:24:50.404,-0.00081883,0.6653219,0.3842484
2569-08-21 12:24:50.407,-0.00081883,0.6653219,0.3842484
2569-08-21 12:24:50.407,-0.00081883,0.6653219,0.3842484
2569-08-21 12:24:50.410,-0.00081883,0.6653219,0.3842484
2569-08-21 12:24:50.410,-0.00081883,0.6653219,0.3842484
2569-08-21 12:24:50.414,-0.00081883,0.6653219,0.3842484
2569-08-21 12:24:50.414,-0.00081883,0.6653219,0.3842484
2569-08-21 12:24:50.414,-0.00081883,0.6653219,0.3842484
2569-08-21 12:24:50.424,-0.00081883,0.6653219,0.3842484
2569-08-21 12:24:50.424,-0.00081883,0.6653219,0.3842484
2569-08-21 12:24:50.427,-0.00081883,0.6653219,0.3842484
2569-08-21 12:24:50.427,-0.00081883,0.6653219,0.3842484
2569-08-21 12:24:50.430,-0.00081883,0.6653219,0.3842484
2569-08-21 12:24:50.430,-0.00081883,0.6653219,0.3842484
2569-08-21 12:24:50.433,-0.00081883,0.6653219,0.3842484
2569-08-21 12:24:50.433,-0.00081883,0.6653219,0.3842484
2569-08-21 12:24:50.433,-0.00081883,0.6653219,0.3842484
2569-08-21 12:24:50.449,-0.00081883,0.6653219,0.3842484
2569-08-21 12:24:50.449,-0.00081883,0.6653219,0.3842484
2569-08-21 12:24:50.452,-0.00081883,0.6653219,0.3842484
2569-08-21 12:24:50.453,-0.00081883,0.6653219,0.3842484
2569-08-21 12:24:50.454,-0.00081883,0.6653219,0.3842484
2569-08-21 12:24:50.454,-0.00081883,0.6653219,0.3842484
2569-08-21 12:24:50.454,-0.00081883,0.6653219,0.3842484
2569-08-21 12:24:50.457,-0.00081883,0.6653219,0.3842484
2569-08-21 12:24:50.457,-0.00081883,0.6653219,0.3842484
2569-08-21 12:24:50.460,-0.00081883,0.6653219,0.3842484
2569-08-21 12:24:50.460,-0.00081883,0.6653219,0.3842484
2569-08-21 12:24:50.470,-0.00081883,0.6653219,0.3842484
2569-08-21 12:24:50.470,-0.00081883,0.6653219,0.3842484
2569-08-21 12:24:50.472,-0.00081883,0.6653219,0.3842484
2569-08-21 12:24:50.472,-0.00081883,0.6653219,0.3842484
2569-08-21 12:24:50.475,-0.00081883,0.6653219,0.3842484
2569-08-21 12:24:50.475,-0.00081883,0.6653219,0.3842484
2569-08-21 12:24:50.475,-0.00081883,0.6653219,0.3842484
2569-08-21 12:24:50.477,-0.00081883,0.6653219,0.3842484
2569-08-21 12:24:50.477,-0.00081883,0.6653219,0.3842484
2569-08-21 12:24:50.479,-0.00081883,0.6653219,0.3842484
2569-08-21 12:24:50.480,-0.00081883,0.6653219,0.3842484
2569-08-21 12:24:50.494,-0.00081883,0.6653219,0.3842484
2569-08-21 12:24:50.494,-0.00081883,0.6653219,0.3842484
2569-08-21 12:24:50.496,-0.00081883,0.6653219,0.3842484
2569-08-21 12:24:50.497,-0.00081883,0.6653219,0.3842484
2569-08-21 12:24:50.497,-0.00081883,0.6653219,0.3842484
2569-08-21 12:24:50.499,-0.00081883,0.6653219,0.3842484
2569-08-21 12:24:50.499,-0.00081883,0.6653219,0.3842484
2569-08-21 12:24:50.502,-0.00081883,0.6653219,0.3842484
2569-08-21 12:24:50.502,-0.00081883,0.6653219,0.3842484
2569-08-21 12:24:50.504,-0.00081883,0.6653219,0.3842484
2569-08-21 12:24:50.504,-0.00081883,0.6653219,0.3842484
2569-08-21 12:24:50.515,-0.00081883,0.6653219,0.3842484
2569-08-21 12:24:50.515,-0.00081883,0.6653219,0.3842484
2569-08-21 12:24:50.517,-0.00081883,0.6653219,0.3842484
2569-08-21 12:24:50.517,-0.00081883,0.6653219,0.3842484
2569-08-21 12:24:50.517,-0.00081883,0.6653219,0.3842484
2569-08-21 12:24:50.520,-0.00081883,0.6653219,0.3842484
2569-08-21 12:24:50.521,-0.00081883,0.6653219,0.3842484
2569-08-21 12:24:50.522,-0.00081883,0.6653219,0.3842484
2569-08-21 12:24:50.522,-0.00081883,0.6653219,0.3842484
2569-08-21 12:24:50.525,-0.00081883,0.6653219,0.3842484
2569-08-21 12:24:50.525,-0.00081883,0.6653219,0.3842484
2569-08-21 12:24:50.538,-0.00081883,0.6653219,0.3842484
2569-08-21 12:24:50.538,-0.00081883,0.6653219,0.3842484
2569-08-21 12:24:50.542,-0.00081883,0.6653219,0.3842484
2569-08-21 12:24:50.542,-0.00081883,0.6653219,0.3842484
2569-08-21 12:24:50.542,-0.00081883,0.6653219,0.3842484
2569-08-21 12:24:50.545,-0.00081883,0.6653219,0.3842484
2569-08-21 12:24:50.545,-0.00081883,0.6653219,0.3842484
2569-08-21 12:24:50.559,-0.00081883,0.6653219,0.3842484
2569-08-21 12:24:50.560,-0.00081883,0.6653219,0.3842484
2569-08-21 12:24:50.563,-0.00081883,0.6653219,0.3842484
2569-08-21 12:24:50.563,-0.00081883,0.6653219,0.3842484
2569-08-21 12:24:50.563,-0.00081883,0.6653219,0.3842484
2569-08-21 12:24:50.565,-0.00081883,0.6653219,0.3842484
2569-08-21 12:24:50.566,-0.00081883,0.6653219,0.3842484
2569-08-21 12:24:50.568,-0.00081883,0.6653219,0.3842484
2569-08-21 12:24:50.568,-0.00081883,0.6653219,0.3842484
2569-08-21 12:24:50.570,-0.00081883,0.6653219,0.3842484
2569-08-21 12:24:50.570,-0.00081883,0.6653219,0.3842484
2569-08-21 12:24:50.580,-0.00081883,0.6653219,0.3842484
2569-08-21 12:24:50.580,-0.00081883,0.6653219,0.3842484
2569-08-21 12:24:50.583,-0.00081883,0.6653219,0.3842484
2569-08-21 12:24:50.583,-0.00081883,0.6653219,0.3842484
2569-08-21 12:24:50.583,-0.00081883,0.6653219,0.3842484
2569-08-21 12:24:50.585,-0.00081883,0.6653219,0.3842484
2569-08-21 12:24:50.585,-0.00081883,0.6653219,0.3842484
2569-08-21 12:24:50.588,-0.00081883,0.6653219,0.3842484
2569-08-21 12:24:50.588,-0.00081883,0.6653219,0.3842484
2569-08-21 12:24:50.590,-0.00081883,0.6653219,0.3842484
2569-08-21 12:24:50.590,-0.00081883,0.6653219,0.3842484
2569-08-21 12:24:50.605,-0.00081883,0.6653219,0.3842484
2569-08-21 12:24:50.605,-0.00081883,0.6653219,0.3842484
2569-08-21 12:24:50.608,-0.00081883,0.6653219,0.3842484
2569-08-21 12:24:50.608,-0.0007748827,0.6661065,0.3827256
2569-08-21 12:24:50.608,-0.0007748827,0.6661065,0.3827256
2569-08-21 12:24:50.611,-0.0007666871,0.6662527,0.3824408
2569-08-21 12:24:50.611,-0.0007666871,0.6662527,0.3824408
2569-08-21 12:24:50.612,-0.0007666871,0.6662527,0.3824408
2569-08-21 12:24:50.613,-0.0007593222,0.666384,0.3821847
2569-08-21 12:24:50.613,-0.0007593222,0.666384,0.3821847
2569-08-21 12:24:50.615,-0.0007523336,0.6665089,0.3819412
2569-08-21 12:24:50.615,-0.0007523336,0.6665089,0.3819412
2569-08-21 12:24:50.625,-0.000743527,0.6666662,0.3816341
2569-08-21 12:24:50.625,-0.000743527,0.6666662,0.3816341
2569-08-21 12:24:50.637,-0.000743527,0.6666662,0.3816341
2569-08-21 12:24:50.637,-0.0006830879,0.6677451,0.3795172
2569-08-21 12:24:50.637,-0.0006830879,0.6677451,0.3795172
2569-08-21 12:24:50.650,-0.0006503202,0.6683301,0.3783626
2569-08-21 12:24:50.650,-0.0006503202,0.6683301,0.3783626
2569-08-21 12:24:50.659,-0.0006503202,0.6683301,0.3783626
2569-08-21 12:24:50.659,-0.0006038882,0.6691588,0.3767183
2569-08-21 12:24:50.659,-0.0006038882,0.6691588,0.3767183
2569-08-21 12:24:50.669,-0.0005723797,0.6697214,0.3755964
2569-08-21 12:24:50.669,-0.0005723797,0.6697214,0.3755964
2569-08-21 12:24:50.679,-0.0005723797,0.6697214,0.3755964
2569-08-21 12:24:50.679,-0.0005285628,0.6705037,0.3740285
2569-08-21 12:24:50.679,-0.0005285628,0.6705037,0.3740285
2569-08-21 12:24:50.694,-0.0004956797,0.6710906,0.3728463
2569-08-21 12:24:50.694,-0.0004956797,0.6710906,0.3728463
2569-08-21 12:24:50.703,-0.0004956797,0.6710906,0.3728463
2569-08-21 12:24:50.703,-0.0004380159,0.67212,0.3707596
2569-08-21 12:24:50.703,-0.0004380159,0.67212,0.3707596
2569-08-21 12:24:50.713,-0.0004380159,0.67212,0.3707596
2569-08-21 12:24:50.715,-0.0004009567,0.6727816,0.3694102
2569-08-21 12:24:50.715,-0.0004009567,0.6727816,0.3694102
2569-08-21 12:24:50.725,-0.0003632009,0.6734557,0.3680278
2569-08-21 12:24:50.725,-0.0003632009,0.6734557,0.3680278
2569-08-21 12:24:50.732,-0.0003632009,0.6734557,0.3680278
2569-08-21 12:24:50.739,-0.000329528,0.6740568,0.3667894
2569-08-21 12:24:50.739,-0.000329528,0.6740568,0.3667894
2569-08-21 12:24:50.749,-0.0002760254,0.6750119,0.3648094
2569-08-21 12:24:50.749,-0.0002760254,0.6750119,0.3648094
2569-08-21 12:24:50.756,-0.0002760254,0.6750119,0.3648094
2569-08-21 12:24:50.760,-0.0002440251,0.6755831,0.363618
2569-08-21 12:24:50.760,-0.0002440251,0.6755831,0.363618
2569-08-21 12:24:50.769,-0.0001949295,0.6764596,0.3617796
2569-08-21 12:24:50.769,-0.0001949295,0.6764596,0.3617796
2569-08-21 12:24:50.780,-0.0001949295,0.6764596,0.3617796
2569-08-21 12:24:50.785,-0.000156641,0.6771431,0.3603369
2569-08-21 12:24:50.785,-0.000156641,0.6771431,0.3603369
2569-08-21 12:24:50.795,-0.000156641,0.6771431,0.3603369
2569-08-21 12:24:50.805,-0.0001064427,0.6780393,0.3584333
2569-08-21 12:24:50.805,-0.0001064427,0.6780393,0.3584333
2569-08-21 12:24:50.816,-0.0001064427,0.6780393,0.3584333
2569-08-21 12:24:50.816,-3.629923E-05,0.6792914,0.3557501
2569-08-21 12:24:50.816,-3.629923E-05,0.6792914,0.3557501
2569-08-21 12:24:50.826,-7.428229E-06,0.6798068,0.3546375
2569-08-21 12:24:50.826,-7.428229E-06,0.6798068,0.3546375
2569-08-21 12:24:50.834,-7.428229E-06,0.6798068,0.3546375
2569-08-21 12:24:50.834,2.252683E-05,0.6803415,0.3534784
2569-08-21 12:24:50.834,2.252683E-05,0.6803415,0.3534784
2569-08-21 12:24:50.850,4.551187E-05,0.6807519,0.3525852
2569-08-21 12:24:50.850,4.551187E-05,0.6807519,0.3525852
2569-08-21 12:24:50.860,4.551187E-05,0.6807519,0.3525852
2569-08-21 12:24:50.860,8.815527E-05,0.6815131,0.35092
2569-08-21 12:24:50.860,8.815527E-05,0.6815131,0.35092
2569-08-21 12:24:50.871,0.0001076199,0.6818606,0.3501565
2569-08-21 12:24:50.871,0.0001076199,0.6818606,0.3501565
2569-08-21 12:24:50.880,0.0001076199,0.6818606,0.3501565
2569-08-21 12:24:50.881,0.000132408,0.6823031,0.3491806
2569-08-21 12:24:50.881,0.000132408,0.6823031,0.3491806
2569-08-21 12:24:50.895,0.0001466684,0.6825576,0.3486177
2569-08-21 12:24:50.895,0.0001466684,0.6825576,0.3486177
2569-08-21 12:24:50.904,0.0001466684,0.6825576,0.3486177
2569-08-21 12:24:50.904,0.0001715943,0.6830027,0.3476303
2569-08-21 12:24:50.904,0.0001715943,0.6830027,0.3476303
2569-08-21 12:24:50.914,0.0001715943,0.6830027,0.3476303
2569-08-21 12:24:50.916,0.0001715943,0.6830027,0.3476303
2569-08-21 12:24:50.916,0.0001715943,0.6830027,0.3476303
2569-08-21 12:24:50.925,0.0001715943,0.6830027,0.3476303
2569-08-21 12:24:50.925,0.0001715943,0.6830027,0.3476303
2569-08-21 12:24:50.927,0.0001715943,0.6830027,0.3476303
2569-08-21 12:24:50.927,0.0001715943,0.6830027,0.3476303
2569-08-21 12:24:50.940,0.0001715943,0.6830027,0.3476303
2569-08-21 12:24:50.940,0.0001715943,0.6830027,0.3476303
2569-08-21 12:24:50.943,0.0001715943,0.6830027,0.3476303
2569-08-21 12:24:50.943,0.0001715943,0.6830027,0.3476303
2569-08-21 12:24:50.943,0.0001715943,0.6830027,0.3476303
2569-08-21 12:24:50.946,0.0001715943,0.6830027,0.3476303
2569-08-21 12:24:50.946,0.0001715943,0.6830027,0.3476303
2569-08-21 12:24:50.947,0.0001715943,0.6830027,0.3476303
2569-08-21 12:24:50.947,0.0001715943,0.6830027,0.3476303
2569-08-21 12:24:50.951,0.0001715943,0.6830027,0.3476303
2569-08-21 12:24:50.951,0.0001715943,0.6830027,0.3476303
2569-08-21 12:24:50.953,0.0001715943,0.6830027,0.3476303
2569-08-21 12:24:50.953,0.0001715943,0.6830027,0.3476303
2569-08-21 12:24:50.955,0.0001715943,0.6830027,0.3476303
2569-08-21 12:24:50.961,0.0001715943,0.6830027,0.3476303
2569-08-21 12:24:50.961,0.0001715943,0.6830027,0.3476303
2569-08-21 12:24:50.964,0.0001715943,0.6830027,0.3476303
2569-08-21 12:24:50.964,0.0001715943,0.6830027,0.3476303
2569-08-21 12:24:50.966,0.0001715943,0.6830027,0.3476303
2569-08-21 12:24:50.966,0.0001715943,0.6830027,0.3476303
2569-08-21 12:24:50.969,0.0001715943,0.6830027,0.3476303
2569-08-21 12:24:50.970,0.0001715943,0.6830027,0.3476303
2569-08-21 12:24:50.971,0.0001715943,0.6830027,0.3476303
2569-08-21 12:24:50.971,0.0001715943,0.6830027,0.3476303
2569-08-21 12:24:50.973,0.0001715943,0.6830027,0.3476303
2569-08-21 12:24:50.986,0.0001715943,0.6830027,0.3476303
2569-08-21 12:24:50.986,0.0001715943,0.6830027,0.3476303
2569-08-21 12:24:50.989,0.0001715943,0.6830027,0.3476303
2569-08-21 12:24:50.989,0.0001715943,0.6830027,0.3476303
2569-08-21 12:24:50.998,0.0001715943,0.6830027,0.3476303
2569-08-21 12:24:51.006,0.0001715943,0.6830027,0.3476303
2569-08-21 12:24:51.006,0.0001715943,0.6830027,0.3476303
2569-08-21 12:24:51.009,0.0001715943,0.6830027,0.3476303
2569-08-21 12:24:51.009,0.0001715943,0.6830027,0.3476303
2569-08-21 12:24:51.012,0.0001715943,0.6830027,0.3476303
2569-08-21 12:24:51.012,0.0001715943,0.6830027,0.3476303
2569-08-21 12:24:51.014,0.0001715943,0.6830027,0.3476303
2569-08-21 12:24:51.014,0.0001715943,0.6830027,0.3476303
2569-08-21 12:24:51.015,0.0001715943,0.6830027,0.3476303
2569-08-21 12:24:51.017,0.0001715943,0.6830027,0.3476303
2569-08-21 12:24:51.017,0.0001715943,0.6830027,0.3476303
2569-08-21 12:24:51.031,0.0001715943,0.6830027,0.3476303
2569-08-21 12:24:51.031,0.0001715943,0.6830027,0.3476303
2569-08-21 12:24:51.034,0.0001715943,0.6830027,0.3476303
2569-08-21 12:24:51.034,0.0001715943,0.6830027,0.3476303
2569-08-21 12:24:51.034,0.0001715943,0.6830027,0.3476303
2569-08-21 12:24:51.036,0.0001715943,0.6830027,0.3476303
2569-08-21 12:24:51.036,0.0001715943,0.6830027,0.3476303
2569-08-21 12:24:51.039,0.0001715943,0.6830027,0.3476303
2569-08-21 12:24:51.039,0.0001715943,0.6830027,0.3476303
2569-08-21 12:24:51.051,0.0001715943,0.6830027,0.3476303
2569-08-21 12:24:51.051,0.0001715943,0.6830027,0.3476303
2569-08-21 12:24:51.053,0.0001715943,0.6830027,0.3476303
2569-08-21 12:24:51.053,0.0001715943,0.6830027,0.3476303
2569-08-21 12:24:51.053,0.0001715943,0.6830027,0.3476303
2569-08-21 12:24:51.056,0.0001715943,0.6830027,0.3476303
2569-08-21 12:24:51.056,0.0001715943,0.6830027,0.3476303
2569-08-21 12:24:51.059,0.0001715943,0.6830027,0.3476303
2569-08-21 12:24:51.059,0.0001715943,0.6830027,0.3476303
2569-08-21 12:24:51.061,0.0001715943,0.6830027,0.3476303
2569-08-21 12:24:51.061,0.0001715943,0.6830027,0.3476303
2569-08-21 12:24:51.071,0.0001715943,0.6830027,0.3476303
2569-08-21 12:24:51.071,0.0001715943,0.6830027,0.3476303
2569-08-21 12:24:51.074,0.0001715943,0.6830027,0.3476303
2569-08-21 12:24:51.074,0.0001715943,0.6830027,0.3476303
2569-08-21 12:24:51.075,0.0001715943,0.6830027,0.3476303
2569-08-21 12:24:51.076,0.0001715943,0.6830027,0.3476303
2569-08-21 12:24:51.078,0.0001715943,0.6830027,0.3476303
2569-08-21 12:24:51.080,0.0001715943,0.6830027,0.3476303
2569-08-21 12:24:51.080,0.0001715943,0.6830027,0.3476303
2569-08-21 12:24:51.082,0.0001715943,0.6830027,0.3476303
2569-08-21 12:24:51.082,0.0001715943,0.6830027,0.3476303
2569-08-21 12:24:51.096,0.0001715943,0.6830027,0.3476303
2569-08-21 12:24:51.096,0.0001715943,0.6830027,0.3476303
2569-08-21 12:24:51.099,0.0001715943,0.6830027,0.3476303
2569-08-21 12:24:51.099,0.0001715943,0.6830027,0.3476303
2569-08-21 12:24:51.099,0.0001715943,0.6830027,0.3476303
2569-08-21 12:24:51.102,0.0001715943,0.6830027,0.3476303
2569-08-21 12:24:51.102,0.0001715943,0.6830027,0.3476303
2569-08-21 12:24:51.104,0.0001715943,0.6830027,0.3476303
2569-08-21 12:24:51.104,0.0001715943,0.6830027,0.3476303
2569-08-21 12:24:51.107,0.0001715943,0.6830027,0.3476303
2569-08-21 12:24:51.107,0.0001715943,0.6830027,0.3476303
2569-08-21 12:24:51.117,0.0001715943,0.6830027,0.3476303
2569-08-21 12:24:51.117,0.0001715943,0.6830027,0.3476303
2569-08-21 12:24:51.119,0.0001715943,0.6830027,0.3476303
2569-08-21 12:24:51.119,0.0001715943,0.6830027,0.3476303
2569-08-21 12:24:51.119,0.0001715943,0.6830027,0.3476303
2569-08-21 12:24:51.122,0.0001715943,0.6830027,0.3476303
2569-08-21 12:24:51.122,0.0001715943,0.6830027,0.3476303
2569-08-21 12:24:51.125,0.0001715943,0.6830027,0.3476303
2569-08-21 12:24:51.125,0.0001715943,0.6830027,0.3476303
2569-08-21 12:24:51.127,0.0001715943,0.6830027,0.3476303
2569-08-21 12:24:51.127,0.0001715943,0.6830027,0.3476303
2569-08-21 12:24:51.141,0.0001715943,0.6830027,0.3476303
2569-08-21 12:24:51.141,0.0001715943,0.6830027,0.3476303
2569-08-21 12:24:51.144,0.0001715943,0.6830027,0.3476303
2569-08-21 12:24:51.144,0.0001715943,0.6830027,0.3476303
2569-08-21 12:24:51.144,0.0001715943,0.6830027,0.3476303
2569-08-21 12:24:51.147,0.0001715943,0.6830027,0.3476303
2569-08-21 12:24:51.147,0.0001715943,0.6830027,0.3476303
2569-08-21 12:24:51.149,0.0001715943,0.6830027,0.3476303
2569-08-21 12:24:51.149,0.0001715943,0.6830027,0.3476303
2569-08-21 12:24:51.151,0.0001715943,0.6830027,0.3476303
2569-08-21 12:24:51.151,0.0001715943,0.6830027,0.3476303
2569-08-21 12:24:51.154,0.0001715943,0.6830027,0.3476303
2569-08-21 12:24:51.162,0.0001715943,0.6830027,0.3476303
2569-08-21 12:24:51.162,0.0001715943,0.6830027,0.3476303
2569-08-21 12:24:51.165,0.0001715943,0.6830027,0.3476303
2569-08-21 12:24:51.165,0.0001715943,0.6830027,0.3476303
2569-08-21 12:24:51.167,0.0001715943,0.6830027,0.3476303
2569-08-21 12:24:51.167,0.0001715943,0.6830027,0.3476303
2569-08-21 12:24:51.169,0.0001715943,0.6830027,0.3476303
2569-08-21 12:24:51.169,0.0001715943,0.6830027,0.3476303
2569-08-21 12:24:51.172,0.0001715943,0.6830027,0.3476303
2569-08-21 12:24:51.172,0.0001715943,0.6830027,0.3476303
2569-08-21 12:24:51.174,0.0001715943,0.6830027,0.3476303
2569-08-21 12:24:51.186,0.0001715943,0.6830027,0.3476303
2569-08-21 12:24:51.186,0.0001715943,0.6830027,0.3476303
2569-08-21 12:24:51.190,0.0001715943,0.6830027,0.3476303
2569-08-21 12:24:51.190,0.0001715943,0.6830027,0.3476303
2569-08-21 12:24:51.193,0.0001715943,0.6830027,0.3476303
2569-08-21 12:24:51.193,0.0001715943,0.6830027,0.3476303
2569-08-21 12:24:51.193,0.0001715943,0.6830027,0.3476303
2569-08-21 12:24:51.197,0.0001715943,0.6830027,0.3476303
2569-08-21 12:24:51.197,0.0001715943,0.6830027,0.3476303
2569-08-21 12:24:51.207,0.0001715943,0.6830027,0.3476303
2569-08-21 12:24:51.207,0.0001715943,0.6830027,0.3476303
2569-08-21 12:24:51.210,0.0001715943,0.6830027,0.3476303
2569-08-21 12:24:51.210,0.0001715943,0.6830027,0.3476303
2569-08-21 12:24:51.212,0.0001715943,0.6830027,0.3476303
2569-08-21 12:24:51.212,0.0001715943,0.6830027,0.3476303
2569-08-21 12:24:51.215,0.0001715943,0.6830027,0.3476303
2569-08-21 12:24:51.215,0.0001715943,0.6830027,0.3476303
2569-08-21 12:24:51.215,0.0001715943,0.6830027,0.3476303
2569-08-21 12:24:51.217,0.0001715943,0.6830027,0.3476303
2569-08-21 12:24:51.218,0.0001715943,0.6830027,0.3476303
2569-08-21 12:24:51.231,0.0001715943,0.6830027,0.3476303
2569-08-21 12:24:51.231,0.0001715943,0.6830027,0.3476303
2569-08-21 12:24:51.233,0.0001715943,0.6830027,0.3476303
2569-08-21 12:24:51.235,0.0001715943,0.6830027,0.3476303
2569-08-21 12:24:51.235,0.0001715943,0.6830027,0.3476303
2569-08-21 12:24:51.236,0.0001715943,0.6830027,0.3476303
2569-08-21 12:24:51.238,0.0001715943,0.6830027,0.3476303
2569-08-21 12:24:51.252,0.0001715943,0.6830027,0.3476303
2569-08-21 12:24:51.252,0.0001715943,0.6830027,0.3476303
2569-08-21 12:24:51.255,0.0001715943,0.6830027,0.3476303
2569-08-21 12:24:51.255,0.0001715943,0.6830027,0.3476303
2569-08-21 12:24:51.255,0.0001715943,0.6830027,0.3476303
2569-08-21 12:24:51.258,0.0001715943,0.6830027,0.3476303
2569-08-21 12:24:51.258,0.0001715943,0.6830027,0.3476303
2569-08-21 12:24:51.260,0.0001715943,0.6830027,0.3476303
2569-08-21 12:24:51.260,0.0001715943,0.6830027,0.3476303
2569-08-21 12:24:51.262,0.0001715943,0.6830027,0.3476303
2569-08-21 12:24:51.262,0.0001715943,0.6830027,0.3476303
2569-08-21 12:24:51.272,0.0001715943,0.6830027,0.3476303
2569-08-21 12:24:51.272,0.0001715943,0.6830027,0.3476303
2569-08-21 12:24:51.274,0.0001715943,0.6830027,0.3476303
2569-08-21 12:24:51.274,0.0001715943,0.6830027,0.3476303
2569-08-21 12:24:51.274,0.0001715943,0.6830027,0.3476303
2569-08-21 12:24:51.277,0.0001715943,0.6830027,0.3476303
2569-08-21 12:24:51.277,0.0001715943,0.6830027,0.3476303
2569-08-21 12:24:51.279,0.0001715943,0.6830027,0.3476303
2569-08-21 12:24:51.279,0.0001715943,0.6830027,0.3476303
2569-08-21 12:24:51.281,0.0001715943,0.6830027,0.3476303
2569-08-21 12:24:51.281,0.0001715943,0.6830027,0.3476303
2569-08-21 12:24:51.284,0.0001715943,0.6830027,0.3476303
2569-08-21 12:24:51.284,0.0001715943,0.6830027,0.3476303
2569-08-21 12:24:51.296,0.0001715943,0.6830027,0.3476303
2569-08-21 12:24:51.297,0.0001715943,0.6830027,0.3476303
2569-08-21 12:24:51.300,0.0001715943,0.6830027,0.3476303
2569-08-21 12:24:51.300,0.0001715943,0.6830027,0.3476303
2569-08-21 12:24:51.300,0.0001715943,0.6830027,0.3476303
2569-08-21 12:24:51.302,0.0001715943,0.6830027,0.3476303
2569-08-21 12:24:51.302,0.0001715943,0.6830027,0.3476303
2569-08-21 12:24:51.304,0.0001715943,0.6830027,0.3476303
2569-08-21 12:24:51.304,0.0001715943,0.6830027,0.3476303
2569-08-21 12:24:51.307,0.0001715943,0.6830027,0.3476303
2569-08-21 12:24:51.307,0.0001715943,0.6830027,0.3476303
2569-08-21 12:24:51.317,0.0001715943,0.6830027,0.3476303
2569-08-21 12:24:51.317,0.0001715943,0.6830027,0.3476303
2569-08-21 12:24:51.320,0.0001715943,0.6830027,0.3476303
2569-08-21 12:24:51.321,0.0001715943,0.6830027,0.3476303
2569-08-21 12:24:51.321,0.0001715943,0.6830027,0.3476303
2569-08-21 12:24:51.323,0.0001715943,0.6830027,0.3476303
2569-08-21 12:24:51.323,0.0001715943,0.6830027,0.3476303
2569-08-21 12:24:51.325,0.0001715943,0.6830027,0.3476303
2569-08-21 12:24:51.325,0.0001715943,0.6830027,0.3476303
2569-08-21 12:24:51.328,0.0001715943,0.6830027,0.3476303
2569-08-21 12:24:51.328,0.0001715943,0.6830027,0.3476303
2569-08-21 12:24:51.342,0.0001715943,0.6830027,0.3476303
2569-08-21 12:24:51.342,0.0001715943,0.6830027,0.3476303
2569-08-21 12:24:51.344,0.0001715943,0.6830027,0.3476303
2569-08-21 12:24:51.344,0.0001715943,0.6830027,0.3476303
2569-08-21 12:24:51.344,0.0001715943,0.6830027,0.3476303
2569-08-21 12:24:51.347,0.0001715943,0.6830027,0.3476303
2569-08-21 12:24:51.347,0.0001715943,0.6830027,0.3476303
2569-08-21 12:24:51.350,0.0001715943,0.6830027,0.3476303
2569-08-21 12:24:51.350,0.0001715943,0.6830027,0.3476303
2569-08-21 12:24:51.352,0.0001715943,0.6830027,0.3476303
2569-08-21 12:24:51.352,0.0001715943,0.6830027,0.3476303
2569-08-21 12:24:51.354,0.0001715943,0.6830027,0.3476303
2569-08-21 12:24:51.361,0.0001715943,0.6830027,0.3476303
2569-08-21 12:24:51.361,0.0001715943,0.6830027,0.3476303
2569-08-21 12:24:51.365,0.0001715943,0.6830027,0.3476303
2569-08-21 12:24:51.365,0.0001715943,0.6830027,0.3476303
2569-08-21 12:24:51.368,0.0001715943,0.6830027,0.3476303
2569-08-21 12:24:51.368,0.0001715943,0.6830027,0.3476303
2569-08-21 12:24:51.371,0.0001715943,0.6830027,0.3476303
2569-08-21 12:24:51.371,0.0001715943,0.6830027,0.3476303
2569-08-21 12:24:51.373,0.0001715943,0.6830027,0.3476303
2569-08-21 12:24:51.373,0.0001715943,0.6830027,0.3476303
2569-08-21 12:24:51.374,0.0001715943,0.6830027,0.3476303
2569-08-21 12:24:51.387,0.0001715943,0.6830027,0.3476303
2569-08-21 12:24:51.387,0.0001715943,0.6830027,0.3476303
2569-08-21 12:24:51.390,0.0001715943,0.6830027,0.3476303
2569-08-21 12:24:51.390,0.0001715943,0.6830027,0.3476303
2569-08-21 12:24:51.392,0.0001715943,0.6830027,0.3476303
2569-08-21 12:24:51.392,0.0001715943,0.6830027,0.3476303
2569-08-21 12:24:51.395,0.0001715943,0.6830027,0.3476303
2569-08-21 12:24:51.395,0.0001715943,0.6830027,0.3476303
2569-08-21 12:24:51.395,0.0001715943,0.6830027,0.3476303
2569-08-21 12:24:51.397,0.0001715943,0.6830027,0.3476303
2569-08-21 12:24:51.397,0.0001715943,0.6830027,0.3476303
2569-08-21 12:24:51.408,0.0001715943,0.6830027,0.3476303
2569-08-21 12:24:51.408,0.0001715943,0.6830027,0.3476303
2569-08-21 12:24:51.411,0.0001715943,0.6830027,0.3476303
2569-08-21 12:24:51.411,0.0001715943,0.6830027,0.3476303
2569-08-21 12:24:51.414,0.0001715943,0.6830027,0.3476303
2569-08-21 12:24:51.414,0.0001715943,0.6830027,0.3476303
2569-08-21 12:24:51.414,0.0001715943,0.6830027,0.3476303
2569-08-21 12:24:51.416,0.0001715943,0.6830027,0.3476303
2569-08-21 12:24:51.416,0.0001715943,0.6830027,0.3476303
2569-08-21 12:24:51.418,0.0001715943,0.6830027,0.3476303
2569-08-21 12:24:51.418,0.0001715943,0.6830027,0.3476303
2569-08-21 12:24:51.432,0.0001715943,0.6830027,0.3476303
2569-08-21 12:24:51.432,0.0001715943,0.6830027,0.3476303
2569-08-21 12:24:51.435,0.0001715943,0.6830027,0.3476303
2569-08-21 12:24:51.435,0.0001715943,0.6830027,0.3476303
2569-08-21 12:24:51.435,0.0001715943,0.6830027,0.3476303
2569-08-21 12:24:51.437,0.0001715943,0.6830027,0.3476303
2569-08-21 12:24:51.437,0.0001715943,0.6830027,0.3476303
2569-08-21 12:24:51.440,0.0001715943,0.6830027,0.3476303
2569-08-21 12:24:51.440,0.0001715943,0.6830027,0.3476303
2569-08-21 12:24:51.443,0.0001715943,0.6830027,0.3476303
2569-08-21 12:24:51.443,0.0001715943,0.6830027,0.3476303
2569-08-21 12:24:51.452,0.0001715943,0.6830027,0.3476303
2569-08-21 12:24:51.452,0.0001715943,0.6830027,0.3476303
2569-08-21 12:24:51.455,0.0001715943,0.6830027,0.3476303
2569-08-21 12:24:51.455,0.0001715943,0.6830027,0.3476303
2569-08-21 12:24:51.456,0.0001715943,0.6830027,0.3476303
2569-08-21 12:24:51.457,0.0001715943,0.6830027,0.3476303
2569-08-21 12:24:51.458,0.0001715943,0.6830027,0.3476303
2569-08-21 12:24:51.461,0.0001715943,0.6830027,0.3476303
2569-08-21 12:24:51.461,0.0001715943,0.6830027,0.3476303
2569-08-21 12:24:51.463,0.0001715943,0.6830027,0.3476303
2569-08-21 12:24:51.463,0.0001715943,0.6830027,0.3476303
2569-08-21 12:24:51.476,0.0001715943,0.6830027,0.3476303
2569-08-21 12:24:51.476,0.0001715943,0.6830027,0.3476303
2569-08-21 12:24:51.480,0.0001715943,0.6830027,0.3476303
2569-08-21 12:24:51.480,0.0001715943,0.6830027,0.3476303
2569-08-21 12:24:51.480,0.0001715943,0.6830027,0.3476303
2569-08-21 12:24:51.482,0.0001715943,0.6830027,0.3476303
2569-08-21 12:24:51.482,0.0001715943,0.6830027,0.3476303
2569-08-21 12:24:51.484,0.0001715943,0.6830027,0.3476303
2569-08-21 12:24:51.484,0.0001715943,0.6830027,0.3476303
2569-08-21 12:24:51.498,0.0001715943,0.6830027,0.3476303
2569-08-21 12:24:51.498,0.0001715943,0.6830027,0.3476303
2569-08-21 12:24:51.501,0.0001715943,0.6830027,0.3476303
2569-08-21 12:24:51.501,0.0001715943,0.6830027,0.3476303
2569-08-21 12:24:51.501,0.0001715943,0.6830027,0.3476303
2569-08-21 12:24:51.504,0.0001715943,0.6830027,0.3476303
2569-08-21 12:24:51.504,0.0001715943,0.6830027,0.3476303
2569-08-21 12:24:51.506,0.0001715943,0.6830027,0.3476303
2569-08-21 12:24:51.506,0.0001715943,0.6830027,0.3476303
2569-08-21 12:24:51.508,0.0001715943,0.6830027,0.3476303
2569-08-21 12:24:51.508,0.0001715943,0.6830027,0.3476303
2569-08-21 12:24:51.518,0.0001715943,0.6830027,0.3476303
2569-08-21 12:24:51.518,0.0001715943,0.6830027,0.3476303
2569-08-21 12:24:51.521,0.0001715943,0.6830027,0.3476303
2569-08-21 12:24:51.521,0.0001715943,0.6830027,0.3476303
2569-08-21 12:24:51.521,0.0001715943,0.6830027,0.3476303
2569-08-21 12:24:51.524,0.0001715943,0.6830027,0.3476303
2569-08-21 12:24:51.524,0.0001715943,0.6830027,0.3476303
2569-08-21 12:24:51.527,0.0001715943,0.6830027,0.3476303
2569-08-21 12:24:51.527,0.0001715943,0.6830027,0.3476303
2569-08-21 12:24:51.529,0.0001715943,0.6830027,0.3476303
2569-08-21 12:24:51.529,0.0001715943,0.6830027,0.3476303
2569-08-21 12:24:51.543,0.0001715943,0.6830027,0.3476303
2569-08-21 12:24:51.543,0.0001715943,0.6830027,0.3476303
2569-08-21 12:24:51.545,0.0001715943,0.6830027,0.3476303
2569-08-21 12:24:51.545,0.0001715943,0.6830027,0.3476303
2569-08-21 12:24:51.545,0.0001715943,0.6830027,0.3476303
2569-08-21 12:24:51.547,0.0001715943,0.6830027,0.3476303
2569-08-21 12:24:51.547,0.0001715943,0.6830027,0.3476303
2569-08-21 12:24:51.550,0.0001715943,0.6830027,0.3476303
2569-08-21 12:24:51.550,0.0001715943,0.6830027,0.3476303
2569-08-21 12:24:51.553,0.0001715943,0.6830027,0.3476303
2569-08-21 12:24:51.553,0.0001715943,0.6830027,0.3476303
2569-08-21 12:24:51.555,0.0001715943,0.6830027,0.3476303
2569-08-21 12:24:51.563,0.0001715943,0.6830027,0.3476303
2569-08-21 12:24:51.563,0.0001715943,0.6830027,0.3476303
2569-08-21 12:24:51.566,0.0001715943,0.6830027,0.3476303
2569-08-21 12:24:51.566,0.0001715943,0.6830027,0.3476303
2569-08-21 12:24:51.568,0.0001715943,0.6830027,0.3476303
2569-08-21 12:24:51.568,0.0001715943,0.6830027,0.3476303
2569-08-21 12:24:51.571,0.0001715943,0.6830027,0.3476303
2569-08-21 12:24:51.571,0.0001715943,0.6830027,0.3476303
2569-08-21 12:24:51.573,0.0001715943,0.6830027,0.3476303
2569-08-21 12:24:51.573,0.0001715943,0.6830027,0.3476303
2569-08-21 12:24:51.575,0.0001715943,0.6830027,0.3476303
2569-08-21 12:24:51.575,0.0001715943,0.6830027,0.3476303
2569-08-21 12:24:51.575,0.0001715943,0.6830027,0.3476303
2569-08-21 12:24:51.588,0.0001715943,0.6830027,0.3476303
2569-08-21 12:24:51.588,0.0001715943,0.6830027,0.3476303
2569-08-21 12:24:51.590,0.0001715943,0.6830027,0.3476303
2569-08-21 12:24:51.591,0.0001715943,0.6830027,0.3476303
2569-08-21 12:24:51.593,0.0001715943,0.6830027,0.3476303
2569-08-21 12:24:51.593,0.0001715943,0.6830027,0.3476303
2569-08-21 12:24:51.593,0.0001715943,0.6830027,0.3476303
2569-08-21 12:24:51.596,0.0001715943,0.6830027,0.3476303
2569-08-21 12:24:51.596,0.0001715943,0.6830027,0.3476303
2569-08-21 12:24:51.598,0.0001715943,0.6830027,0.3476303
2569-08-21 12:24:51.598,0.0001715943,0.6830027,0.3476303
2569-08-21 12:24:51.608,0.0001715943,0.6830027,0.3476303
2569-08-21 12:24:51.608,0.0001715943,0.6830027,0.3476303
2569-08-21 12:24:51.610,0.0001715943,0.6830027,0.3476303
2569-08-21 12:24:51.610,0.0001715943,0.6830027,0.3476303
2569-08-21 12:24:51.614,0.0001715943,0.6830027,0.3476303
2569-08-21 12:24:51.614,0.0001715943,0.6830027,0.3476303
2569-08-21 12:24:51.614,0.0001715943,0.6830027,0.3476303
2569-08-21 12:24:51.616,0.0001715943,0.6830027,0.3476303
2569-08-21 12:24:51.616,0.0001715943,0.6830027,0.3476303
2569-08-21 12:24:51.619,0.0001715943,0.6830027,0.3476303
2569-08-21 12:24:51.619,0.0001715943,0.6830027,0.3476303
2569-08-21 12:24:51.633,0.0001715943,0.6830027,0.3476303
2569-08-21 12:24:51.633,0.0001715943,0.6830027,0.3476303
2569-08-21 12:24:51.636,0.0001715943,0.6830027,0.3476303
2569-08-21 12:24:51.636,0.0001715943,0.6830027,0.3476303
2569-08-21 12:24:51.636,0.0001715943,0.6830027,0.3476303
2569-08-21 12:24:51.639,0.0001715943,0.6830027,0.3476303
2569-08-21 12:24:51.639,0.0001715943,0.6830027,0.3476303
2569-08-21 12:24:51.642,0.0001715943,0.6830027,0.3476303
2569-08-21 12:24:51.642,0.0001715943,0.6830027,0.3476303
2569-08-21 12:24:51.643,0.0001715943,0.6830027,0.3476303
2569-08-21 12:24:51.643,0.0001715943,0.6830027,0.3476303
2569-08-21 12:24:51.653,0.0001715943,0.6830027,0.3476303
2569-08-21 12:24:51.653,0.0001715943,0.6830027,0.3476303
2569-08-21 12:24:51.656,0.0001715943,0.6830027,0.3476303
2569-08-21 12:24:51.656,0.0001715943,0.6830027,0.3476303
2569-08-21 12:24:51.656,0.0001715943,0.6830027,0.3476303
2569-08-21 12:24:51.659,0.0001715943,0.6830027,0.3476303
2569-08-21 12:24:51.659,0.0001715943,0.6830027,0.3476303
2569-08-21 12:24:51.661,0.0001715943,0.6830027,0.3476303
2569-08-21 12:24:51.661,0.0001715943,0.6830027,0.3476303
2569-08-21 12:24:51.664,0.0001715943,0.6830027,0.3476303
2569-08-21 12:24:51.664,0.0001715943,0.6830027,0.3476303
2569-08-21 12:24:51.678,0.0001715943,0.6830027,0.3476303
2569-08-21 12:24:51.678,0.0001715943,0.6830027,0.3476303
2569-08-21 12:24:51.680,0.0001715943,0.6830027,0.3476303
2569-08-21 12:24:51.680,0.0001715943,0.6830027,0.3476303
2569-08-21 12:24:51.680,0.0001715943,0.6830027,0.3476303
2569-08-21 12:24:51.682,0.0001715943,0.6830027,0.3476303
2569-08-21 12:24:51.682,0.0001715943,0.6830027,0.3476303
2569-08-21 12:24:51.685,0.0001715943,0.6830027,0.3476303
2569-08-21 12:24:51.685,0.0001715943,0.6830027,0.3476303
2569-08-21 12:24:51.687,0.0001715943,0.6830027,0.3476303
2569-08-21 12:24:51.687,0.0001715943,0.6830027,0.3476303
2569-08-21 12:24:51.697,0.0001715943,0.6830027,0.3476303
2569-08-21 12:24:51.699,0.0001715943,0.6830027,0.3476303
2569-08-21 12:24:51.701,0.0001715943,0.6830027,0.3476303
2569-08-21 12:24:51.701,0.0001715943,0.6830027,0.3476303
2569-08-21 12:24:51.701,0.0001715943,0.6830027,0.3476303
2569-08-21 12:24:51.704,0.0001715943,0.6830027,0.3476303
2569-08-21 12:24:51.704,0.0001715943,0.6830027,0.3476303
2569-08-21 12:24:51.706,0.0001715943,0.6830027,0.3476303
2569-08-21 12:24:51.706,0.0001715943,0.6830027,0.3476303
2569-08-21 12:24:51.707,0.0001715943,0.6830027,0.3476303
2569-08-21 12:24:51.707,0.0001715943,0.6830027,0.3476303
2569-08-21 12:24:51.719,0.0001715943,0.6830027,0.3476303
2569-08-21 12:24:51.719,0.0001715943,0.6830027,0.3476303
2569-08-21 12:24:51.722,0.0001715943,0.6830027,0.3476303
2569-08-21 12:24:51.722,0.0001715943,0.6830027,0.3476303
2569-08-21 12:24:51.722,0.0001715943,0.6830027,0.3476303
2569-08-21 12:24:51.725,0.0001715943,0.6830027,0.3476303
2569-08-21 12:24:51.725,0.0001715943,0.6830027,0.3476303
2569-08-21 12:24:51.727,0.0001715943,0.6830027,0.3476303
2569-08-21 12:24:51.727,0.0001715943,0.6830027,0.3476303
2569-08-21 12:24:51.730,0.0001715943,0.6830027,0.3476303
2569-08-21 12:24:51.730,0.0001715943,0.6830027,0.3476303
2569-08-21 12:24:51.733,0.0001715943,0.6830027,0.3476303
2569-08-21 12:24:51.743,0.0001715943,0.6830027,0.3476303
2569-08-21 12:24:51.743,0.0001715943,0.6830027,0.3476303
2569-08-21 12:24:51.746,0.0001715943,0.6830027,0.3476303
2569-08-21 12:24:51.746,0.0001715943,0.6830027,0.3476303
2569-08-21 12:24:51.749,0.0001715943,0.6830027,0.3476303
2569-08-21 12:24:51.749,0.0001715943,0.6830027,0.3476303
2569-08-21 12:24:51.752,0.0001715943,0.6830027,0.3476303
2569-08-21 12:24:51.752,0.0001715943,0.6830027,0.3476303
2569-08-21 12:24:51.753,0.0001715943,0.6830027,0.3476303
2569-08-21 12:24:51.754,0.0001715943,0.6830027,0.3476303
2569-08-21 12:24:51.754,0.0001715943,0.6830027,0.3476303
2569-08-21 12:24:51.764,0.0001715943,0.6830027,0.3476303
2569-08-21 12:24:51.764,0.0001715943,0.6830027,0.3476303
2569-08-21 12:24:51.768,0.0001715943,0.6830027,0.3476303
2569-08-21 12:24:51.768,0.0001715943,0.6830027,0.3476303
2569-08-21 12:24:51.771,0.0001715943,0.6830027,0.3476303
2569-08-21 12:24:51.771,0.0001715943,0.6830027,0.3476303
2569-08-21 12:24:51.772,0.0001715943,0.6830027,0.3476303
2569-08-21 12:24:51.774,0.0001715943,0.6830027,0.3476303
2569-08-21 12:24:51.774,0.0001715943,0.6830027,0.3476303
2569-08-21 12:24:51.776,0.0001715943,0.6830027,0.3476303
2569-08-21 12:24:51.776,0.0001715943,0.6830027,0.3476303
2569-08-21 12:24:51.789,0.0001715943,0.6830027,0.3476303
2569-08-21 12:24:51.789,0.0001715943,0.6830027,0.3476303
2569-08-21 12:24:51.795,0.0001715943,0.6830027,0.3476303
2569-08-21 12:24:51.795,0.0001715943,0.6830027,0.3476303
2569-08-21 12:24:51.795,0.0001715943,0.6830027,0.3476303
2569-08-21 12:24:51.799,0.0001715943,0.6830027,0.3476303
2569-08-21 12:24:51.799,0.0001715943,0.6830027,0.3476303
2569-08-21 12:24:51.809,0.0001715943,0.6830027,0.3476303
2569-08-21 12:24:51.809,0.0001715943,0.6830027,0.3476303
2569-08-21 12:24:51.813,0.0001715943,0.6830027,0.3476303
2569-08-21 12:24:51.813,0.0001715943,0.6830027,0.3476303
2569-08-21 12:24:51.816,0.0001715943,0.6830027,0.3476303
2569-08-21 12:24:51.816,0.0001715943,0.6830027,0.3476303
2569-08-21 12:24:51.816,0.0001715943,0.6830027,0.3476303
2569-08-21 12:24:51.820,0.0001715943,0.6830027,0.3476303
2569-08-21 12:24:51.820,0.0001715943,0.6830027,0.3476303
2569-08-21 12:24:51.833,0.0001715943,0.6830027,0.3476303
2569-08-21 12:24:51.833,0.0001715943,0.6830027,0.3476303
2569-08-21 12:24:51.836,0.0001715943,0.6830027,0.3476303
2569-08-21 12:24:51.837,0.0001715943,0.6830027,0.3476303
2569-08-21 12:24:51.837,0.0001715943,0.6830027,0.3476303
2569-08-21 12:24:51.840,0.0001715943,0.6830027,0.3476303
2569-08-21 12:24:51.840,0.0001715943,0.6830027,0.3476303
2569-08-21 12:24:51.844,0.0001715943,0.6830027,0.3476303
2569-08-21 12:24:51.844,0.0001715943,0.6830027,0.3476303
2569-08-21 12:24:51.854,0.0001715943,0.6830027,0.3476303
2569-08-21 12:24:51.854,0.0001715943,0.6830027,0.3476303
2569-08-21 12:24:51.857,0.0001715943,0.6830027,0.3476303
2569-08-21 12:24:51.858,0.0001715943,0.6830027,0.3476303
2569-08-21 12:24:51.858,0.0001715943,0.6830027,0.3476303
2569-08-21 12:24:51.861,0.0001715943,0.6830027,0.3476303
2569-08-21 12:24:51.861,0.0001715943,0.6830027,0.3476303
2569-08-21 12:24:51.863,0.0001715943,0.6830027,0.3476303
2569-08-21 12:24:51.863,0.0001715943,0.6830027,0.3476303
2569-08-21 12:24:51.879,0.0001715943,0.6830027,0.3476303
2569-08-21 12:24:51.879,0.0001715943,0.6830027,0.3476303
2569-08-21 12:24:51.882,0.0001715943,0.6830027,0.3476303
2569-08-21 12:24:51.882,0.0001715943,0.6830027,0.3476303
2569-08-21 12:24:51.882,0.0001715943,0.6830027,0.3476303
2569-08-21 12:24:51.885,0.0001715943,0.6830027,0.3476303
2569-08-21 12:24:51.885,0.0001715943,0.6830027,0.3476303
2569-08-21 12:24:51.888,0.0001715943,0.6830027,0.3476303
2569-08-21 12:24:51.888,0.0001715943,0.6830027,0.3476303
2569-08-21 12:24:51.899,0.0001715943,0.6830027,0.3476303
2569-08-21 12:24:51.899,0.0001715943,0.6830027,0.3476303
2569-08-21 12:24:51.903,0.0001715943,0.6830027,0.3476303
2569-08-21 12:24:51.903,0.0001715943,0.6830027,0.3476303
2569-08-21 12:24:51.903,0.0001715943,0.6830027,0.3476303
2569-08-21 12:24:51.906,0.0001715943,0.6830027,0.3476303
2569-08-21 12:24:51.906,0.0001715943,0.6830027,0.3476303
2569-08-21 12:24:51.909,0.0001715943,0.6830027,0.3476303
2569-08-21 12:24:51.909,0.0001715943,0.6830027,0.3476303
2569-08-21 12:24:51.923,0.0001715943,0.6830027,0.3476303
2569-08-21 12:24:51.923,0.0001715943,0.6830027,0.3476303
2569-08-21 12:24:51.927,0.0001715943,0.6830027,0.3476303
2569-08-21 12:24:51.927,0.0001715943,0.6830027,0.3476303
2569-08-21 12:24:51.927,0.0001715943,0.6830027,0.3476303
2569-08-21 12:24:51.931,0.0001715943,0.6830027,0.3476303
2569-08-21 12:24:51.931,0.0001715943,0.6830027,0.3476303
2569-08-21 12:24:51.933,0.0001715943,0.6830027,0.3476303
2569-08-21 12:24:51.944,0.0001715943,0.6830027,0.3476303
2569-08-21 12:24:51.944,0.0001715943,0.6830027,0.3476303
2569-08-21 12:24:51.948,0.0001715943,0.6830027,0.3476303
2569-08-21 12:24:51.948,0.0001715943,0.6830027,0.3476303
2569-08-21 12:24:51.951,0.0001715943,0.6830027,0.3476303
2569-08-21 12:24:51.951,0.0001715943,0.6830027,0.3476303
2569-08-21 12:24:51.953,0.0001715943,0.6830027,0.3476303
2569-08-21 12:24:51.954,0.0001715943,0.6830027,0.3476303
2569-08-21 12:24:51.954,0.0001715943,0.6830027,0.3476303
2569-08-21 12:24:51.964,0.0001715943,0.6830027,0.3476303
2569-08-21 12:24:51.964,0.0001715943,0.6830027,0.3476303
2569-08-21 12:24:51.968,0.0001715943,0.6830027,0.3476303
2569-08-21 12:24:51.968,0.0001715943,0.6830027,0.3476303
2569-08-21 12:24:51.971,0.0001715943,0.6830027,0.3476303
2569-08-21 12:24:51.971,0.0001715943,0.6830027,0.3476303
2569-08-21 12:24:51.974,0.0001715943,0.6830027,0.3476303
2569-08-21 12:24:51.974,0.0001715943,0.6830027,0.3476303
2569-08-21 12:24:51.974,0.0001715943,0.6830027,0.3476303
2569-08-21 12:24:51.989,0.0001715943,0.6830027,0.3476303
2569-08-21 12:24:51.989,0.0001715943,0.6830027,0.3476303
2569-08-21 12:24:51.993,0.0001715943,0.6830027,0.3476303
2569-08-21 12:24:51.993,0.0001715943,0.6830027,0.3476303
2569-08-21 12:24:51.996,0.0001715943,0.6830027,0.3476303
2569-08-21 12:24:51.996,0.0001715943,0.6830027,0.3476303
2569-08-21 12:24:51.996,0.0001715943,0.6830027,0.3476303
2569-08-21 12:24:52.010,0.0001715943,0.6830027,0.3476303
2569-08-21 12:24:52.010,0.0001715943,0.6830027,0.3476303
2569-08-21 12:24:52.013,0.0001715943,0.6830027,0.3476303
2569-08-21 12:24:52.013,0.0001715943,0.6830027,0.3476303
2569-08-21 12:24:52.013,0.0001715943,0.6830027,0.3476303
2569-08-21 12:24:52.017,0.0001715943,0.6830027,0.3476303
2569-08-21 12:24:52.017,0.0001715943,0.6830027,0.3476303
2569-08-21 12:24:52.021,0.0001715943,0.6830027,0.3476303
2569-08-21 12:24:52.021,0.0001715943,0.6830027,0.3476303
2569-08-21 12:24:52.034,0.0001715943,0.6830027,0.3476303
2569-08-21 12:24:52.034,0.0001715943,0.6830027,0.3476303
2569-08-21 12:24:52.039,0.0001715943,0.6830027,0.3476303
2569-08-21 12:24:52.039,0.0001715943,0.6830027,0.3476303
2569-08-21 12:24:52.039,0.0001715943,0.6830027,0.3476303
2569-08-21 12:24:52.043,0.0001715943,0.6830027,0.3476303
2569-08-21 12:24:52.043,0.0001715943,0.6830027,0.3476303
2569-08-21 12:24:52.054,0.0001715943,0.6830027,0.3476303
2569-08-21 12:24:52.054,0.0001715943,0.6830027,0.3476303
2569-08-21 12:24:52.059,0.0001715943,0.6830027,0.3476303
2569-08-21 12:24:52.059,0.0001715943,0.6830027,0.3476303
2569-08-21 12:24:52.059,0.0001715943,0.6830027,0.3476303
2569-08-21 12:24:52.062,0.0001715943,0.6830027,0.3476303
2569-08-21 12:24:52.062,0.0001715943,0.6830027,0.3476303
2569-08-21 12:24:52.066,0.0001715943,0.6830027,0.3476303
2569-08-21 12:24:52.066,0.0001715943,0.6830027,0.3476303
2569-08-21 12:24:52.079,0.0001715943,0.6830027,0.3476303
2569-08-21 12:24:52.079,0.0001715943,0.6830027,0.3476303
2569-08-21 12:24:52.082,0.0001715943,0.6830027,0.3476303
2569-08-21 12:24:52.082,0.0001715943,0.6830027,0.3476303
2569-08-21 12:24:52.082,0.0001715943,0.6830027,0.3476303
2569-08-21 12:24:52.086,0.0001715943,0.6830027,0.3476303
2569-08-21 12:24:52.086,0.0001715943,0.6830027,0.3476303
2569-08-21 12:24:52.088,0.0001715943,0.6830027,0.3476303
2569-08-21 12:24:52.088,0.0001715943,0.6830027,0.3476303
2569-08-21 12:24:52.090,0.0001715943,0.6830027,0.3476303
2569-08-21 12:24:52.090,0.0001715943,0.6830027,0.3476303
2569-08-21 12:24:52.092,0.0001715943,0.6830027,0.3476303
2569-08-21 12:24:52.100,0.0001715943,0.6830027,0.3476303
2569-08-21 12:24:52.100,0.0001715943,0.6830027,0.3476303
2569-08-21 12:24:52.102,0.0001715943,0.6830027,0.3476303
2569-08-21 12:24:52.102,0.0001715943,0.6830027,0.3476303
2569-08-21 12:24:52.106,0.0001715943,0.6830027,0.3476303
2569-08-21 12:24:52.106,0.0001715943,0.6830027,0.3476303
2569-08-21 12:24:52.109,0.0001715943,0.6830027,0.3476303
2569-08-21 12:24:52.109,0.0001715943,0.6830027,0.3476303
2569-08-21 12:24:52.124,0.0001715943,0.6830027,0.3476303
2569-08-21 12:24:52.124,0.0001715943,0.6830027,0.3476303
2569-08-21 12:24:52.127,0.0001715943,0.6830027,0.3476303
2569-08-21 12:24:52.127,0.0001715943,0.6830027,0.3476303
2569-08-21 12:24:52.128,0.0001715943,0.6830027,0.3476303
2569-08-21 12:24:52.131,0.0001715943,0.6830027,0.3476303
2569-08-21 12:24:52.131,0.0001715943,0.6830027,0.3476303
2569-08-21 12:24:52.134,0.0001715943,0.6830027,0.3476303
2569-08-21 12:24:52.144,0.0001715943,0.6830027,0.3476303
2569-08-21 12:24:52.144,0.0001715943,0.6830027,0.3476303
2569-08-21 12:24:52.149,0.0001715943,0.6830027,0.3476303
2569-08-21 12:24:52.149,0.0001715943,0.6830027,0.3476303
2569-08-21 12:24:52.151,0.0001715943,0.6830027,0.3476303
2569-08-21 12:24:52.151,0.0001715943,0.6830027,0.3476303
2569-08-21 12:24:52.153,0.0001715943,0.6830027,0.3476303
2569-08-21 12:24:52.154,0.0001715943,0.6830027,0.3476303
2569-08-21 12:24:52.154,0.0001715943,0.6830027,0.3476303
2569-08-21 12:24:52.165,0.0001715943,0.6830027,0.3476303
2569-08-21 12:24:52.165,0.0001715943,0.6830027,0.3476303
2569-08-21 12:24:52.169,0.0001715943,0.6830027,0.3476303
2569-08-21 12:24:52.169,0.0001715943,0.6830027,0.3476303
2569-08-21 12:24:52.173,0.0001715943,0.6830027,0.3476303
2569-08-21 12:24:52.173,0.0001715943,0.6830027,0.3476303
2569-08-21 12:24:52.176,0.0001715943,0.6830027,0.3476303
2569-08-21 12:24:52.176,0.0001715943,0.6830027,0.3476303
2569-08-21 12:24:52.176,0.0001715943,0.6830027,0.3476303
2569-08-21 12:24:52.190,0.0001715943,0.6830027,0.3476303
2569-08-21 12:24:52.190,0.0001715943,0.6830027,0.3476303
2569-08-21 12:24:52.193,0.0001715943,0.6830027,0.3476303
2569-08-21 12:24:52.193,0.0001715943,0.6830027,0.3476303
2569-08-21 12:24:52.193,0.0001715943,0.6830027,0.3476303
2569-08-21 12:24:52.196,0.0001715943,0.6830027,0.3476303
2569-08-21 12:24:52.196,0.0001715943,0.6830027,0.3476303
2569-08-21 12:24:52.199,0.0001715943,0.6830027,0.3476303
2569-08-21 12:24:52.199,0.0001715943,0.6830027,0.3476303
2569-08-21 12:24:52.211,0.0001715943,0.6830027,0.3476303
2569-08-21 12:24:52.211,0.0001715943,0.6830027,0.3476303
2569-08-21 12:24:52.213,0.0001715943,0.6830027,0.3476303
2569-08-21 12:24:52.213,0.0001715943,0.6830027,0.3476303
2569-08-21 12:24:52.213,0.0001715943,0.6830027,0.3476303
2569-08-21 12:24:52.217,0.0001715943,0.6830027,0.3476303
2569-08-21 12:24:52.217,0.0001715943,0.6830027,0.3476303
2569-08-21 12:24:52.221,0.0001715943,0.6830027,0.3476303
2569-08-21 12:24:52.221,0.0001715943,0.6830027,0.3476303
2569-08-21 12:24:52.234,0.0001715943,0.6830027,0.3476303
2569-08-21 12:24:52.235,0.0001715943,0.6830027,0.3476303
2569-08-21 12:24:52.238,0.0001715943,0.6830027,0.3476303
2569-08-21 12:24:52.239,0.0001715943,0.6830027,0.3476303
2569-08-21 12:24:52.239,0.0001715943,0.6830027,0.3476303
2569-08-21 12:24:52.241,0.0001715943,0.6830027,0.3476303
2569-08-21 12:24:52.241,0.0001715943,0.6830027,0.3476303
2569-08-21 12:24:52.244,0.0001715943,0.6830027,0.3476303
2569-08-21 12:24:52.244,0.0001715943,0.6830027,0.3476303
2569-08-21 12:24:52.247,0.0001715943,0.6830027,0.3476303
2569-08-21 12:24:52.247,0.0001715943,0.6830027,0.3476303
2569-08-21 12:24:52.255,0.0001715943,0.6830027,0.3476303
2569-08-21 12:24:52.255,0.0001715943,0.6830027,0.3476303
2569-08-21 12:24:52.259,0.0001715943,0.6830027,0.3476303
2569-08-21 12:24:52.259,0.0001715943,0.6830027,0.3476303
2569-08-21 12:24:52.259,0.0001715943,0.6830027,0.3476303
2569-08-21 12:24:52.261,0.0001715943,0.6830027,0.3476303
2569-08-21 12:24:52.261,0.0001715943,0.6830027,0.3476303
2569-08-21 12:24:52.264,0.0001715943,0.6830027,0.3476303
2569-08-21 12:24:52.264,0.0001715943,0.6830027,0.3476303
2569-08-21 12:24:52.280,0.0001715943,0.6830027,0.3476303
2569-08-21 12:24:52.280,0.0001715943,0.6830027,0.3476303
2569-08-21 12:24:52.284,0.0001715943,0.6830027,0.3476303
2569-08-21 12:24:52.284,0.0001715943,0.6830027,0.3476303
2569-08-21 12:24:52.285,0.0001715943,0.6830027,0.3476303
2569-08-21 12:24:52.287,0.0001715943,0.6830027,0.3476303
2569-08-21 12:24:52.287,0.0001715943,0.6830027,0.3476303
2569-08-21 12:24:52.290,0.0001715943,0.6830027,0.3476303
2569-08-21 12:24:52.290,0.0001715943,0.6830027,0.3476303
2569-08-21 12:24:52.300,0.0001715943,0.6830027,0.3476303
2569-08-21 12:24:52.300,0.0001715943,0.6830027,0.3476303
2569-08-21 12:24:52.304,0.0001715943,0.6830027,0.3476303
2569-08-21 12:24:52.304,0.0001715943,0.6830027,0.3476303
2569-08-21 12:24:52.304,0.0001715943,0.6830027,0.3476303
2569-08-21 12:24:52.307,0.0001715943,0.6830027,0.3476303
2569-08-21 12:24:52.307,0.0001715943,0.6830027,0.3476303
2569-08-21 12:24:52.310,0.0001715943,0.6830027,0.3476303
2569-08-21 12:24:52.310,0.0001715943,0.6830027,0.3476303
2569-08-21 12:24:52.313,0.0001715943,0.6830027,0.3476303
2569-08-21 12:24:52.313,0.0001715943,0.6830027,0.3476303
2569-08-21 12:24:52.315,0.0001715943,0.6830027,0.3476303
2569-08-21 12:24:52.325,0.0001715943,0.6830027,0.3476303
2569-08-21 12:24:52.325,0.0001715943,0.6830027,0.3476303
2569-08-21 12:24:52.330,0.0001715943,0.6830027,0.3476303
2569-08-21 12:24:52.330,0.0001715943,0.6830027,0.3476303
2569-08-21 12:24:52.333,0.0001715943,0.6830027,0.3476303
2569-08-21 12:24:52.333,0.0001715943,0.6830027,0.3476303
2569-08-21 12:24:52.336,0.0001715943,0.6830027,0.3476303
2569-08-21 12:24:52.337,0.0001715943,0.6830027,0.3476303
2569-08-21 12:24:52.337,0.0001715943,0.6830027,0.3476303
2569-08-21 12:24:52.346,0.0001715943,0.6830027,0.3476303
2569-08-21 12:24:52.346,0.0001715943,0.6830027,0.3476303
2569-08-21 12:24:52.349,0.0001715943,0.6830027,0.3476303
2569-08-21 12:24:52.349,0.0001715943,0.6830027,0.3476303
2569-08-21 12:24:52.353,0.0001715943,0.6830027,0.3476303
2569-08-21 12:24:52.353,0.0001715943,0.6830027,0.3476303
2569-08-21 12:24:52.356,0.0001715943,0.6830027,0.3476303
2569-08-21 12:24:52.356,0.0001715943,0.6830027,0.3476303
2569-08-21 12:24:52.356,0.0001715943,0.6830027,0.3476303
2569-08-21 12:24:52.370,0.0001715943,0.6830027,0.3476303
2569-08-21 12:24:52.370,0.0001715943,0.6830027,0.3476303
2569-08-21 12:24:52.374,0.0001715943,0.6830027,0.3476303
2569-08-21 12:24:52.374,0.0001715943,0.6830027,0.3476303
2569-08-21 12:24:52.374,0.0001715943,0.6830027,0.3476303
2569-08-21 12:24:52.378,0.0001715943,0.6830027,0.3476303
2569-08-21 12:24:52.378,0.0001715943,0.6830027,0.3476303
2569-08-21 12:24:52.390,0.0001715943,0.6830027,0.3476303
2569-08-21 12:24:52.391,0.0001715943,0.6830027,0.3476303
2569-08-21 12:24:52.394,0.0001715943,0.6830027,0.3476303
2569-08-21 12:24:52.394,0.0001715943,0.6830027,0.3476303
2569-08-21 12:24:52.394,0.0001715943,0.6830027,0.3476303
2569-08-21 12:24:52.398,0.0001715943,0.6830027,0.3476303
2569-08-21 12:24:52.398,0.0001715943,0.6830027,0.3476303
2569-08-21 12:24:52.399,0.0001715943,0.6830027,0.3476303
2569-08-21 12:24:52.399,0.0001715943,0.6830027,0.3476303
2569-08-21 12:24:52.411,0.0001715943,0.6830027,0.3476303
2569-08-21 12:24:52.411,0.0001715943,0.6830027,0.3476303
2569-08-21 12:24:52.414,0.0001715943,0.6830027,0.3476303
2569-08-21 12:24:52.416,0.0001715943,0.6830027,0.3476303
2569-08-21 12:24:52.416,0.0001715943,0.6830027,0.3476303
2569-08-21 12:24:52.419,0.0001715943,0.6830027,0.3476303
2569-08-21 12:24:52.419,0.0001715943,0.6830027,0.3476303
2569-08-21 12:24:52.421,0.0001715943,0.6830027,0.3476303
2569-08-21 12:24:52.421,0.0001715943,0.6830027,0.3476303
2569-08-21 12:24:52.435,0.0001715943,0.6830027,0.3476303
2569-08-21 12:24:52.435,0.0001715943,0.6830027,0.3476303
2569-08-21 12:24:52.440,0.0001715943,0.6830027,0.3476303
2569-08-21 12:24:52.440,0.0001715943,0.6830027,0.3476303
2569-08-21 12:24:52.440,0.0001715943,0.6830027,0.3476303
2569-08-21 12:24:52.447,0.0001715943,0.6830027,0.3476303
2569-08-21 12:24:52.447,0.0001715943,0.6830027,0.3476303
2569-08-21 12:24:52.456,0.0001715943,0.6830027,0.3476303
2569-08-21 12:24:52.456,0.0001715943,0.6830027,0.3476303
2569-08-21 12:24:52.459,0.0001715943,0.6830027,0.3476303
2569-08-21 12:24:52.459,0.0001715943,0.6830027,0.3476303
2569-08-21 12:24:52.459,0.0001715943,0.6830027,0.3476303
2569-08-21 12:24:52.461,0.0001715943,0.6830027,0.3476303
2569-08-21 12:24:52.461,0.0001715943,0.6830027,0.3476303
2569-08-21 12:24:52.464,0.0001715943,0.6830027,0.3476303
2569-08-21 12:24:52.464,0.0001715943,0.6830027,0.3476303
2569-08-21 12:24:52.466,0.0001715943,0.6830027,0.3476303
2569-08-21 12:24:52.466,0.0001715943,0.6830027,0.3476303
2569-08-21 12:24:52.481,0.0001715943,0.6830027,0.3476303
2569-08-21 12:24:52.481,0.0001715943,0.6830027,0.3476303
2569-08-21 12:24:52.483,0.0001715943,0.6830027,0.3476303
2569-08-21 12:24:52.484,0.0001715943,0.6830027,0.3476303
2569-08-21 12:24:52.484,0.0001715943,0.6830027,0.3476303
2569-08-21 12:24:52.486,0.0001715943,0.6830027,0.3476303
2569-08-21 12:24:52.486,0.0001715943,0.6830027,0.3476303
2569-08-21 12:24:52.489,0.0001715943,0.6830027,0.3476303
2569-08-21 12:24:52.489,0.0001715943,0.6830027,0.3476303
2569-08-21 12:24:52.491,0.0001715943,0.6830027,0.3476303
2569-08-21 12:24:52.491,0.0001715943,0.6830027,0.3476303
2569-08-21 12:24:52.492,0.0001715943,0.6830027,0.3476303
2569-08-21 12:24:52.501,0.0001715943,0.6830027,0.3476303
2569-08-21 12:24:52.501,0.0001715943,0.6830027,0.3476303
2569-08-21 12:24:52.503,0.0001715943,0.6830027,0.3476303
2569-08-21 12:24:52.503,0.0001715943,0.6830027,0.3476303
2569-08-21 12:24:52.506,0.0001715943,0.6830027,0.3476303
2569-08-21 12:24:52.506,0.0001715943,0.6830027,0.3476303
2569-08-21 12:24:52.508,0.0001715943,0.6830027,0.3476303
2569-08-21 12:24:52.508,0.0001715943,0.6830027,0.3476303
2569-08-21 12:24:52.511,0.0001715943,0.6830027,0.3476303
2569-08-21 12:24:52.511,0.0001715943,0.6830027,0.3476303
2569-08-21 12:24:52.512,0.0001715943,0.6830027,0.3476303
2569-08-21 12:24:52.512,0.0001715943,0.6830027,0.3476303
2569-08-21 12:24:52.515,0.0001715943,0.6830027,0.3476303
2569-08-21 12:24:52.525,0.0001715943,0.6830027,0.3476303
2569-08-21 12:24:52.525,0.0001715943,0.6830027,0.3476303
2569-08-21 12:24:52.529,0.0001715943,0.6830027,0.3476303
2569-08-21 12:24:52.529,0.0001715943,0.6830027,0.3476303
2569-08-21 12:24:52.532,0.0001715943,0.6830027,0.3476303
2569-08-21 12:24:52.532,0.0001715943,0.6830027,0.3476303
2569-08-21 12:24:52.535,0.0001715943,0.6830027,0.3476303
2569-08-21 12:24:52.535,0.0001715943,0.6830027,0.3476303
2569-08-21 12:24:52.535,0.0001715943,0.6830027,0.3476303
2569-08-21 12:24:52.537,0.0001715943,0.6830027,0.3476303
2569-08-21 12:24:52.537,0.0001715943,0.6830027,0.3476303
2569-08-21 12:24:52.546,0.0001715943,0.6830027,0.3476303
2569-08-21 12:24:52.546,0.0001715943,0.6830027,0.3476303
2569-08-21 12:24:52.549,0.0001715943,0.6830027,0.3476303
2569-08-21 12:24:52.549,0.0001715943,0.6830027,0.3476303
2569-08-21 12:24:52.551,0.0001715943,0.6830027,0.3476303
2569-08-21 12:24:52.551,0.0001715943,0.6830027,0.3476303
2569-08-21 12:24:52.552,0.0001715943,0.6830027,0.3476303
2569-08-21 12:24:52.554,0.0001715943,0.6830027,0.3476303
2569-08-21 12:24:52.554,0.0001715943,0.6830027,0.3476303
2569-08-21 12:24:52.556,0.0001715943,0.6830027,0.3476303
2569-08-21 12:24:52.556,0.0001715943,0.6830027,0.3476303
2569-08-21 12:24:52.558,0.0001715943,0.6830027,0.3476303
2569-08-21 12:24:52.558,0.0001715943,0.6830027,0.3476303
2569-08-21 12:24:52.570,0.0001715943,0.6830027,0.3476303
2569-08-21 12:24:52.570,0.0001715943,0.6830027,0.3476303
2569-08-21 12:24:52.574,0.0001715943,0.6830027,0.3476303
2569-08-21 12:24:52.574,0.0001715943,0.6830027,0.3476303
2569-08-21 12:24:52.574,0.0001715943,0.6830027,0.3476303
2569-08-21 12:24:52.576,0.0001715943,0.6830027,0.3476303
2569-08-21 12:24:52.576,0.0001715943,0.6830027,0.3476303
2569-08-21 12:24:52.579,0.0001715943,0.6830027,0.3476303
2569-08-21 12:24:52.579,0.0001715943,0.6830027,0.3476303
2569-08-21 12:24:52.581,0.0001715943,0.6830027,0.3476303
2569-08-21 12:24:52.581,0.0001715943,0.6830027,0.3476303
2569-08-21 12:24:52.591,0.0001715943,0.6830027,0.3476303
2569-08-21 12:24:52.591,0.0001715943,0.6830027,0.3476303
2569-08-21 12:24:52.594,0.0001715943,0.6830027,0.3476303
2569-08-21 12:24:52.594,0.0001715943,0.6830027,0.3476303
2569-08-21 12:24:52.594,0.0001715943,0.6830027,0.3476303
2569-08-21 12:24:52.596,0.0001715943,0.6830027,0.3476303
2569-08-21 12:24:52.596,0.0001715943,0.6830027,0.3476303
2569-08-21 12:24:52.599,0.0001715943,0.6830027,0.3476303
2569-08-21 12:24:52.599,0.0001715943,0.6830027,0.3476303
2569-08-21 12:24:52.601,0.0001715943,0.6830027,0.3476303
2569-08-21 12:24:52.601,0.0001715943,0.6830027,0.3476303
2569-08-21 12:24:52.612,0.0001715943,0.6830027,0.3476303
2569-08-21 12:24:52.612,0.0001715943,0.6830027,0.3476303
2569-08-21 12:24:52.613,0.0001715943,0.6830027,0.3476303
2569-08-21 12:24:52.615,0.0001715943,0.6830027,0.3476303
2569-08-21 12:24:52.615,0.0001715943,0.6830027,0.3476303
2569-08-21 12:24:52.617,0.0001715943,0.6830027,0.3476303
2569-08-21 12:24:52.617,0.0001715943,0.6830027,0.3476303
2569-08-21 12:24:52.620,0.0001715943,0.6830027,0.3476303
2569-08-21 12:24:52.620,0.0001715943,0.6830027,0.3476303
2569-08-21 12:24:52.623,0.0001715943,0.6830027,0.3476303
2569-08-21 12:24:52.623,0.0001715943,0.6830027,0.3476303
2569-08-21 12:24:52.635,0.0001715943,0.6830027,0.3476303
2569-08-21 12:24:52.636,0.0001715943,0.6830027,0.3476303
2569-08-21 12:24:52.636,0.0001715943,0.6830027,0.3476303
2569-08-21 12:24:52.641,0.0001715943,0.6830027,0.3476303
2569-08-21 12:24:52.641,0.0001715943,0.6830027,0.3476303
2569-08-21 12:24:52.643,0.0001715943,0.6830027,0.3476303
2569-08-21 12:24:52.643,0.0001715943,0.6830027,0.3476303
2569-08-21 12:24:52.646,0.0001715943,0.6830027,0.3476303
2569-08-21 12:24:52.646,0.0001715943,0.6830027,0.3476303
2569-08-21 12:24:52.657,0.0001715943,0.6830027,0.3476303
2569-08-21 12:24:52.657,0.0001715943,0.6830027,0.3476303
2569-08-21 12:24:52.659,0.0001715943,0.6830027,0.3476303
2569-08-21 12:24:52.660,0.0001715943,0.6830027,0.3476303
2569-08-21 12:24:52.660,0.0001715943,0.6830027,0.3476303
2569-08-21 12:24:52.662,0.0001715943,0.6830027,0.3476303
2569-08-21 12:24:52.663,0.0001715943,0.6830027,0.3476303
2569-08-21 12:24:52.665,0.0001715943,0.6830027,0.3476303
2569-08-21 12:24:52.665,0.0001715943,0.6830027,0.3476303
2569-08-21 12:24:52.667,0.0001715943,0.6830027,0.3476303
2569-08-21 12:24:52.667,0.0001715943,0.6830027,0.3476303
2569-08-21 12:24:52.681,0.0001715943,0.6830027,0.3476303
2569-08-21 12:24:52.681,0.0001715943,0.6830027,0.3476303
2569-08-21 12:24:52.683,0.0001715943,0.6830027,0.3476303
2569-08-21 12:24:52.685,0.0001715943,0.6830027,0.3476303
2569-08-21 12:24:52.685,0.0001715943,0.6830027,0.3476303
2569-08-21 12:24:52.687,0.0001715943,0.6830027,0.3476303
2569-08-21 12:24:52.687,0.0001715943,0.6830027,0.3476303
2569-08-21 12:24:52.690,0.0001715943,0.6830027,0.3476303
2569-08-21 12:24:52.690,0.0001715943,0.6830027,0.3476303
2569-08-21 12:24:52.692,0.0001715943,0.6830027,0.3476303
2569-08-21 12:24:52.692,0.0001715943,0.6830027,0.3476303
2569-08-21 12:24:52.694,0.0001715943,0.6830027,0.3476303
2569-08-21 12:24:52.701,0.0001715943,0.6830027,0.3476303
2569-08-21 12:24:52.701,0.0001715943,0.6830027,0.3476303
2569-08-21 12:24:52.714,0.0001715943,0.6830027,0.3476303
2569-08-21 12:24:52.714,0.0001715943,0.6830027,0.3476303
2569-08-21 12:24:52.714,0.0001715943,0.6830027,0.3476303
